chembl_id,smiles,inchikey,pIC50,active,scaffold
CHEMBL268868,O=C1NC(=O)c2cc(Nc3ccccc3)c(Nc3ccccc3)cc21,AAALVYBICLMAMA-UHFFFAOYSA-N,6.522878745280337,True,O=C1NC(=O)c2cc(Nc3ccccc3)c(Nc3ccccc3)cc21
CHEMBL2048906,CC(=O)NCCn1ccc2ncnc(Nc3ccc(Oc4cccc5sncc45)c(Cl)c3)c21,AAGKMGNYUYCEPD-UHFFFAOYSA-N,8.537602002101044,True,c1cc(Oc2ccc(Nc3ncnc4cc[nH]c34)cc2)c2cnsc2c1
CHEMBL1240554,CCOc1ccc(-c2nn(C3CCCC3)c3ncnc(N)c23)cc1OC,AAHKGRWRYBCWDL-UHFFFAOYSA-N,5.853871964321762,False,c1ccc(-c2nn(C3CCCC3)c3ncncc23)cc1
CHEMBL1079742,C#Cc1cccc(Nc2ncnc3cc(OCCOC)c(OCCOC)cc23)c1,AAKJLRGGTJKAMG-UHFFFAOYSA-N,6.107691353683562,False,c1ccc(Nc2ncnc3ccccc23)cc1
CHEMBL595757,COc1ccccc1C(Cc1coc2nc(N)nc(N)c12)C(C)C,AALMZTNNZVHOAS-UHFFFAOYSA-N,4.739928612014925,False,c1ccc(CCc2coc3ncncc23)cc1
CHEMBL3741026,C#Cc1cccc(Nc2ncnc3cc(OCCOC(=O)C(C)c4ccc(CC(C)C)cc4)c(OCCOC)cc23)c1,AALSIMHTWOFTTB-UHFFFAOYSA-N,8.045757490560675,True,O=C(Cc1ccccc1)OCCOc1ccc2c(Nc3ccccc3)ncnc2c1
CHEMBL3758758,COC(=O)c1ccc(OC)c(-c2cc3c(N[C@H](C)c4ccccc4)ncnc3s2)c1,AARBVSHAOOSSTN-CQSZACIVSA-N,8.154901959985743,True,c1ccc(CNc2ncnc3sc(-c4ccccc4)cc23)cc1
CHEMBL354033,Nc1ncnc2c1c(-c1ccc(O)cc1)cn2C1CCNC1,AATOPLAJLQECRD-UHFFFAOYSA-N,5.573488738635424,False,c1ccc(-c2cn(C3CCNC3)c3ncncc23)cc1
CHEMBL1947123,COc1cc2ncc(C(=O)O)c(Nc3ccc(F)c(Cl)c3)c2cc1OC,AAVGHUCVRHUVEM-UHFFFAOYSA-N,5.03226486821612,False,c1ccc(Nc2ccnc3ccccc23)cc1
CHEMBL1173813,Cc1ccc(C2CC(c3ccc(C)c(C)c3)=NN2C(N)=S)cc1,AAXJTXUUVCETME-UHFFFAOYSA-N,6.468521082957745,True,c1ccc(C2=NNC(c3ccccc3)C2)cc1
CHEMBL30973,CN(C)C/C=C/C(=O)Nc1ccc2ncc(C#N)c(Nc3cccc(Br)c3)c2c1,ABDIOQXDBJMGHB-QPJJXVBHSA-N,6.508638306165727,True,c1ccc(Nc2ccnc3ccccc23)cc1
CHEMBL120979,COc1cccc(Nc2[nH]nc3ncnc(Nc4cccc(Cl)c4)c23)c1,ABEGFBRZNZWQBS-UHFFFAOYSA-N,8.096910013008056,True,c1ccc(Nc2ncnc3n[nH]c(Nc4ccccc4)c23)cc1
CHEMBL4077228,CCC(=O)Nc1cccc(-c2c[nH]c3nccc(-c4[nH]c(CCCO)nc4-c4ccc(F)cc4)c23)c1,ABEGTFCLSXRJQE-UHFFFAOYSA-N,6.554395796726403,True,c1ccc(-c2nc[nH]c2-c2ccnc3[nH]cc(-c4ccccc4)c23)cc1
CHEMBL2031309,CCOc1cc2ncc(C#N)c(Nc3ccc(F)c(Cl)c3)c2cc1NC(=O)CCN1CCOCC1,ABNJTLJOBGFVGE-UHFFFAOYSA-N,8.694648630553376,True,O=C(CCN1CCOCC1)Nc1ccc2nccc(Nc3ccccc3)c2c1
CHEMBL603198,COc1ccccc1C(Cc1coc2nc(N)nc(N)c12)C1CC1,ABOUXXMKTJTICI-UHFFFAOYSA-N,4.247951552180561,False,c1ccc(C(Cc2coc3ncncc23)C2CC2)cc1
CHEMBL3612599,CCOC(=O)CCCn1c(=O)oc2cc3ncnc(Nc4cc(C)cc(C)c4)c3cc21,ABWOJCSTHNOIOW-UHFFFAOYSA-N,5.823908740944319,False,O=c1[nH]c2cc3c(Nc4ccccc4)ncnc3cc2o1
CHEMBL1822063,COc1ccc(C2=NN(c3nc(-c4ccc(Cl)cc4)cs3)C(c3ccc(C)cc3)C2)cc1,ABXZGIQHNLYSJX-UHFFFAOYSA-N,5.329754146925875,False,c1ccc(C2=NN(c3nc(-c4ccccc4)cs3)C(c3ccccc3)C2)cc1
CHEMBL496,Oc1c(Cl)cc(Cl)c(Cl)c1Cc1c(O)c(Cl)cc(Cl)c1Cl,ACGUYXCXAPNIKK-UHFFFAOYSA-N,6.125750177221597,False,c1ccc(Cc2ccccc2)cc1
CHEMBL3950966,CCOc1cc2ncnc(Nc3ccc4c(cnn4Cc4ccccc4)c3)c2cc1NC(=O)/C=C/CN(C(C)C)C(C)C,ACNYXAIBELJFSP-JLHYYAGUSA-N,7.823908740944319,True,c1ccc(Cn2ncc3cc(Nc4ncnc5ccccc45)ccc32)cc1
CHEMBL4278997,O=C(O)CCCC(=O)Nc1cc(Nc2ccccc2)ncn1,ACTXRPZBCPTJSQ-UHFFFAOYSA-N,6.978810700930062,True,c1ccc(Nc2ccncn2)cc1
CHEMBL2346678,Nc1cccc(-c2c(-c3ccccc3)oc3ncnc(N[C@H](CO)c4ccccc4)c23)c1,ACZLAVUSXSLQRQ-OAQYLSRUSA-N,6.692503962086787,True,c1ccc(CNc2ncnc3oc(-c4ccccc4)c(-c4ccccc4)c23)cc1
CHEMBL3740577,C=CC(=O)Nc1cccc(Nc2nc(N/N=C/c3ccc(F)cc3)ncc2Cl)c1,ACZNHAVSSIJYSL-BHGWPJFGSA-N,6.065501548756432,False,C(=N\Nc1nccc(Nc2ccccc2)n1)/c1ccccc1
CHEMBL3604939,CN(C)C/C=C/C(=O)Nc1cccc(Oc2nc(Nc3[nH]nc4ccccc34)cc(N3CCN(C)CC3)n2)c1,ADAREYJDNCHIMX-KPKJPENVSA-N,5.173925197299173,False,c1ccc(Oc2nc(Nc3[nH]nc4ccccc34)cc(N3CCNCC3)n2)cc1
CHEMBL3741762,CN(C)C/C=C/C(=O)Nc1cccc(Nc2nc(N/N=C/c3ccc(F)cc3)ncc2Cl)c1,ADCPOYAOTABVFQ-TVHRLVRESA-N,6.167491087293763,False,C(=N\Nc1nccc(Nc2ccccc2)n1)/c1ccccc1
CHEMBL3814021,O=C(NCCN1CCCCC1)Nc1ccc2ncnc(Nc3ccc(OCc4cccc(F)c4)c(Cl)c3)c2c1,ADFNBVCUNARPQJ-UHFFFAOYSA-N,5.692503962086787,False,O=C(NCCN1CCCCC1)Nc1ccc2ncnc(Nc3ccc(OCc4ccccc4)cc3)c2c1
CHEMBL590525,Cc1cccc(CN(Cc2ccc(O)cc2)C(=O)Nc2ccccc2)c1O,ADGFMMGNBWOIFL-UHFFFAOYSA-N,5.124360062995832,False,O=C(Nc1ccccc1)N(Cc1ccccc1)Cc1ccccc1
CHEMBL1243345,CCOc1cc2ncc(C#N)c(Nc3ccc(F)c(Cl)c3)c2cc1NC(=O)/C=C/CN(C)CCF,ADJACMYOQMAGTE-SNAWJCMRSA-N,9.096910013008056,True,c1ccc(Nc2ccnc3ccccc23)cc1
CHEMBL3671512,C=CC(=O)Nc1cc2c(Nc3ccc(Br)cc3F)ncnc2cc1OCCNC(=O)N=CC,ADJZTTBLODFIHR-UHFFFAOYSA-N,7.537602002101044,True,c1ccc(Nc2ncnc3ccccc23)cc1
CHEMBL2048794,O=C1NCc2cccc(Oc3ccc(Nc4ncnc5ccn(CCO)c45)cc3Cl)c21,ADKLWTJYNHIZGI-UHFFFAOYSA-N,7.67778070526608,True,O=C1NCc2cccc(Oc3ccc(Nc4ncnc5cc[nH]c45)cc3)c21
CHEMBL3133910,C=CC(=O)Nc1ccc2ncnc(Nc3ccc(S(N)(=O)=O)cc3)c2c1,ADLJQEKLAGCZSU-UHFFFAOYSA-N,4.116338564846382,False,c1ccc(Nc2ncnc3ccccc23)cc1
CHEMBL328216,Nc1cc2ncnc(Nc3cccc(Br)c3)c2cc1N,ADXSZLCTQCWMTE-UHFFFAOYSA-N,9.920818753952377,True,c1ccc(Nc2ncnc3ccccc23)cc1
CHEMBL3914227,CCOc1cc2ncnc(Nc3ccc4c(cnn4Cc4ccccc4)c3)c2cc1NC(=O)/C=C/CN1[C@H](C)CCC[C@@H]1C,AEBKFOMFJMJUFH-VPGRUKGMSA-N,7.102372908709558,True,O=C(/C=C/CN1CCCCC1)Nc1ccc2ncnc(Nc3ccc4c(cnn4Cc4ccccc4)c3)c2c1
CHEMBL3663923,C=CC(=O)Nc1cccc(Oc2nc(Nc3ccc(N4CCN(C)CC4)cc3)c(C(N)=O)nc2CC)c1C,AEBNZKWTLCUZBW-UHFFFAOYSA-N,8.920818753952375,True,c1ccc(Oc2cncc(Nc3ccc(N4CCNCC4)cc3)n2)cc1
CHEMBL1614712,Nc1ncnc2c1c(-c1cccc(OCc3ccccc3)c1)cn2[C@H]1C[C@@H](CN2CCC2)C1,AECDBHGVIIRMOI-GRGXKFILSA-N,5.2839966563652006,False,c1ccc(COc2cccc(-c3cn([C@H]4C[C@@H](CN5CCC5)C4)c4ncncc34)c2)cc1
CHEMBL47660,N#CC(=Cc1cc(O)ccc1O)C(N)=O,AEEPXYZNJPKDOX-UHFFFAOYSA-N,5.0,False,c1ccccc1
CHEMBL184682,COc1cc2ncnc(Nc3ccc(Cl)c(NC(=O)c4cccc(N(C)C)c4)c3)c2cc1OC,AEFNXPBFFTWXPE-UHFFFAOYSA-N,6.0,False,O=C(Nc1cccc(Nc2ncnc3ccccc23)c1)c1ccccc1
CHEMBL3604915,CCC(=O)Nc1cccc(-c2nc(Nc3cc[nH]n3)c3ccccc3n2)c1,AEFWYAYAEQSTQD-UHFFFAOYSA-N,5.431798275933005,False,c1ccc(-c2nc(Nc3cc[nH]n3)c3ccccc3n2)cc1
CHEMBL4066141,CCC(=O)N1CC[C@H](N2C(=O)N(c3cc(OC)ccc3Cl)Cc3cnc(Nc4ccc(N5CCN(C6COC6)CC5)c(C)c4)nc32)C1,AEGUMSWRCVNPKS-VWLOTQADSA-N,6.443697499232712,True,O=C1N(c2ccccc2)Cc2cnc(Nc3ccc(N4CCN(C5COC5)CC4)cc3)nc2N1[C@H]1CCNC1
CHEMBL3628800,Fc1ccc(Oc2ncnc3ccccc23)cc1Cl,AEMMKQSFEPMYMC-UHFFFAOYSA-N,6.229147988357855,False,c1ccc(Oc2ncnc3ccccc23)cc1
CHEMBL340484,CN1CCN(CCCNc2cc3ncnc(Nc4cccc(Br)c4)c3cn2)CC1,AEPFNBDPODWKEH-UHFFFAOYSA-N,8.309803919971486,True,c1ccc(Nc2ncnc3cc(NCCCN4CCNCC4)ncc23)cc1
CHEMBL214419,CS(=O)(=O)CCNCc1ccc(-c2ccc3ncnc(Nc4ccc(OCc5cccc(C(F)(F)F)c5)cc4)c3c2)o1,AERGSELXAOHCKG-UHFFFAOYSA-N,7.040958607678906,True,c1ccc(COc2ccc(Nc3ncnc4ccc(-c5ccco5)cc34)cc2)cc1
CHEMBL62176,Cn1c(S)c(C(=O)Nc2ccccc2)c2ccccc21,AETOGBQBDYPUPS-UHFFFAOYSA-N,6.0,False,O=C(Nc1ccccc1)c1c[nH]c2ccccc12
CHEMBL1929314,COc1cc(OC)cc(-c2nnc(SCc3ccccc3)o2)c1,AEWHWKPGZKWULH-UHFFFAOYSA-N,4.584025588623434,False,c1ccc(CSc2nnc(-c3ccccc3)o2)cc1
CHEMBL4101774,O=S(=O)(Nc1nccs1)c1ccc(NC(=S)Nc2ccc3ncnc(Nc4cccc(Br)c4)c3c2)cc1,AEZNBDUDPANFNW-UHFFFAOYSA-N,7.657577319177793,True,O=S(=O)(Nc1nccs1)c1ccc(NC(=S)Nc2ccc3ncnc(Nc4ccccc4)c3c2)cc1
CHEMBL324030,COc1cc(C=C(C#N)C(N)=O)cc(CSC2=NCCS2)c1O,AEZUIGRHDSRYGK-UHFFFAOYSA-N,4.787812395596042,False,c1ccc(CSC2=NCCS2)cc1
CHEMBL4063067,CCC(=O)N1CC[C@H](N2C(=O)N(c3cccc(OC)c3Cl)Cc3cnc(Nc4ccc(N5CCN(C)CC5)c(C)c4)nc32)C1,AFGNZVNCHBBTQP-DEOSSOPVSA-N,6.384049948343598,True,O=C1N(c2ccccc2)Cc2cnc(Nc3ccc(N4CCNCC4)cc3)nc2N1[C@H]1CCNC1
CHEMBL1828864,Cc1ncc([N+](=O)[O-])n1CC(=O)NS(=O)(=O)c1ccc(Br)cc1,AFIJGEFBZOCXKC-UHFFFAOYSA-N,5.66354026615147,False,O=C(Cn1ccnc1)NS(=O)(=O)c1ccccc1
CHEMBL1173718,Cc1ncc([N+](=O)[O-])n1CCOC(=O)/C=C/c1ccc(-c2ccccc2)cc1,AFISYERGFLOUQT-FMIVXFBMSA-N,6.207608310501746,False,O=C(/C=C/c1ccc(-c2ccccc2)cc1)OCCn1ccnc1
CHEMBL4074726,c1ccc(-c2nnc(Cc3nc4ccccc4[nH]3)o2)nc1,AFPNZCBPMMKULG-UHFFFAOYSA-N,4.133712660915805,False,c1ccc(-c2nnc(Cc3nc4ccccc4[nH]3)o2)nc1
CHEMBL3088219,Cc1ncc([N+](=O)[O-])n1C/C(=N/NC(=O)c1ccc(N)cc1)c1ccc(Br)cc1,AFUSGRPTOLBVBL-QJOMJCCJSA-N,6.366531544420413,True,O=C(N/N=C(/Cn1ccnc1)c1ccccc1)c1ccccc1
CHEMBL169757,Nc1ncnc2c1c(-c1ccccc1)cn2-c1ccccc1,AFVGAHBUCVDPPI-UHFFFAOYSA-N,6.301029995663981,True,c1ccc(-c2cn(-c3ccccc3)c3ncncc23)cc1
CHEMBL1641991,CCC(=O)Nc1ccc2c(C#N)cnc(Nc3cccc(Br)c3)c2c1,AFVIMMLJKNYLCQ-UHFFFAOYSA-N,4.681936665037238,False,c1ccc(Nc2nccc3ccccc23)cc1
CHEMBL76602,N#CC(=Cc1ccc(O)cc1)C(=O)O,AFVLVVWMAFSXCK-UHFFFAOYSA-N,3.782516055786093,False,c1ccccc1
CHEMBL249511,Fc1ccc(Nc2ncnc3ccc(C#Cc4ccccc4)cc23)cc1Cl,AFYKJRQINKZASH-UHFFFAOYSA-N,6.480172006224281,True,C(#Cc1ccc2ncnc(Nc3ccccc3)c2c1)c1ccccc1
CHEMBL4210744,COc1cc(N2CCN(C)CC2)ccc1Nc1ncc(Cl)c(Oc2cccc(N)c2)n1,AFYVDDVXNBWDRP-UHFFFAOYSA-N,5.187755303199631,False,c1ccc(Oc2ccnc(Nc3ccc(N4CCNCC4)cc3)n2)cc1
CHEMBL1241774,CC(C)n1nc(-c2ccc3nccnc3c2)c2c(N)ncnc21,AGEIBLLCZVGHLI-UHFFFAOYSA-N,4.7447274948966935,False,c1cnc2cc(-c3n[nH]c4ncncc34)ccc2n1
CHEMBL3092312,COC(CCNC(=O)Nc1cc2c(Nc3ccc(F)c(Cl)c3)ncnc2cc1O[C@H]1CCOC1)OC,AGEKYFHTUYMNNG-HNNXBMFYSA-N,6.26440110030182,False,c1ccc(Nc2ncnc3cc(O[C@H]4CCOC4)ccc23)cc1
CHEMBL3759929,COc1ccc(CO)cc1-c1cc2c(N[C@H](C)c3ccccc3)ncnc2s1,AGJONGDBGKWFFN-CQSZACIVSA-N,8.301029995663981,True,c1ccc(CNc2ncnc3sc(-c4ccccc4)cc23)cc1
CHEMBL2031302,C=CC(=O)Nc1cc2c(Nc3ccc(F)c(Cl)c3)ncnc2cc1OCC,AGLFWLWKHCPRON-UHFFFAOYSA-N,9.744727494896694,True,c1ccc(Nc2ncnc3ccccc23)cc1
CHEMBL2316153,COc1cc(/C=C2\CCCC(=Cc3ccc(O)cc3)C2=O)cc(OC)c1,AGMCEFOYMFDQNT-RAKQUHMUSA-N,5.337242168318426,False,O=C1C(=Cc2ccccc2)CCC/C1=C\c1ccccc1
CHEMBL1094808,Nc1nc(Nc2ccc(C(F)(F)F)c(F)c2)c2cc(Cc3ccc(Cl)cc3Cl)[nH]c2n1,AGRZDXRWPOUZPR-UHFFFAOYSA-N,4.037630664329979,False,c1ccc(Cc2cc3c(Nc4ccccc4)ncnc3[nH]2)cc1
CHEMBL94123,O=C(/C=C/N1CCOCC1)Nc1ccc2ncnc(Nc3cccc(Br)c3)c2c1,AGTPOONMTANNPL-VOTSOKGWSA-N,6.667561540084394,True,O=C(/C=C/N1CCOCC1)Nc1ccc2ncnc(Nc3ccccc3)c2c1
CHEMBL2347968,OC[C@@H](Nc1ncnc2oc(-c3ccccc3)c(Cl)c12)c1ccccc1,AGULTCXGHPKMCC-OAHLLOKOSA-N,6.229884705212898,False,c1ccc(CNc2ncnc3oc(-c4ccccc4)cc23)cc1
CHEMBL4074615,CCC(=O)N1CC[C@H](N2C(=O)N(c3cc(OC)ccc3F)Cc3cnc(Nc4ccc(N5CCN(C)CC5)cc4C)nc32)C1,AGVVGJSHYUQFTD-DEOSSOPVSA-N,5.6020599913279625,False,O=C1N(c2ccccc2)Cc2cnc(Nc3ccc(N4CCNCC4)cc3)nc2N1[C@H]1CCNC1
CHEMBL3970063,Nc1nc(Nc2cccc(Cl)c2)c2c(n1)-c1ccccc1C2,AGYWWJAKSWKVBH-UHFFFAOYSA-N,4.345823458122039,False,c1ccc(Nc2ncnc3c2Cc2ccccc2-3)cc1
CHEMBL3671564,C=CC(=O)Nc1cc2c(Nc3ccc(Br)cc3F)ncnc2cc1OCCNC(=O)N1CCNCC1,AHAJHWAHRBXVFH-UHFFFAOYSA-N,6.156144577376839,False,O=C(NCCOc1ccc2c(Nc3ccccc3)ncnc2c1)N1CCNCC1
CHEMBL292323,COc1cccc2c(C(=O)Nc3ccccc3)c(SSc3c(C(=O)Nc4ccccc4)c4cccc(OC)c4n3C)n(C)c12,AHAJMDDSMVHMGD-UHFFFAOYSA-N,5.187086643357144,False,O=C(Nc1ccccc1)c1c(SSc2[nH]c3ccccc3c2C(=O)Nc2ccccc2)[nH]c2ccccc12
CHEMBL251125,CCOc1cc2ncnc(C#Cc3c[nH]nc3-c3ccc(F)cc3)c2cc1OCC,AHECKEJZVOJBKG-UHFFFAOYSA-N,8.744727494896694,True,C(#Cc1ncnc2ccccc12)c1c[nH]nc1-c1ccccc1
CHEMBL441083,Cc1cccc(Nc2ncnc3ccccc23)c1,AHFDWKXLJCGQHE-UHFFFAOYSA-N,6.040958607678906,False,c1ccc(Nc2ncnc3ccccc23)cc1
CHEMBL4080424,C=CC(=O)Nc1cc(Nc2[nH]nc3cc(-c4cccnc4)ccc23)c(OC)cc1N(C)CCN(C)C,AHGDPOCVDLPDGR-UHFFFAOYSA-N,7.823908740944319,True,c1ccc(Nc2[nH]nc3cc(-c4cccnc4)ccc23)cc1
CHEMBL3893128,COc1cc2c(Nc3ccc(Cl)c(Cl)c3)ncnc2cc1OCc1c(-c2c(Cl)cccc2Cl)noc1C,AHIOWTSQFILAEW-UHFFFAOYSA-N,7.301029995663981,True,c1ccc(Nc2ncnc3cc(OCc4conc4-c4ccccc4)ccc23)cc1
CHEMBL4076854,C=CC(=O)Nc1ccc(OC)c(Nc2cc(-c3c[nH]c(SC)n3)ccn2)c1,AHLKYGXOMWXBQT-UHFFFAOYSA-N,8.2518119729938,True,c1ccc(Nc2cc(-c3c[nH]cn3)ccn2)cc1
CHEMBL307026,Cc1cccc(Nc2ncnc3[nH]c(C)c(C)c23)c1,AHLNGYPZYMUEFB-UHFFFAOYSA-N,6.2441251443275085,False,c1ccc(Nc2ncnc3[nH]ccc23)cc1
CHEMBL3699592,C=CC(=O)Nc1cccc(Nc2nc(Nc3ccc(N4CCOCC4)cc3OC(F)F)ncc2C(F)(F)F)c1,AHOJFMYEJUDGPC-UHFFFAOYSA-N,7.698970004336019,True,c1ccc(Nc2ccnc(Nc3ccc(N4CCOCC4)cc3)n2)cc1
CHEMBL3925158,CCC(=O)Nc1cc2c(Nc3ccc(OCc4ccccn4)cc3)ncnc2cc1OC,AHONPWLSTJWLMC-UHFFFAOYSA-N,6.935542010773082,True,c1ccc(COc2ccc(Nc3ncnc4ccccc34)cc2)nc1
CHEMBL276154,COc1cc2ncnc(Nc3ccc(F)c(Cl)c3)c2cc1OC1CCN(C)CC1,AHPPMJNZFROCCT-UHFFFAOYSA-N,8.0,True,c1ccc(Nc2ncnc3ccc(OC4CCNCC4)cc23)cc1
CHEMBL27685,C=CC(=O)Nc1cc2c(Nc3ccc(F)c(Br)c3)ncnc2cc1OCCCN1CCOCC1,AHRFAYIIMKQRQN-UHFFFAOYSA-N,8.744727494896694,True,c1ccc(Nc2ncnc3cc(OCCCN4CCOCC4)ccc23)cc1
CHEMBL3975598,COC(=O)CNC(=O)c1ccc(Nc2ncnc3cc(OCCCN4CCN(C)CC4)c(OC)cc23)cc1,AHWBQKARTYIOQF-UHFFFAOYSA-N,6.213958789757446,False,c1ccc(Nc2ncnc3cc(OCCCN4CCNCC4)ccc23)cc1
CHEMBL542733,COc1ccc(Nc2ncnc3cc(OC)c(OC)cc23)cc1,AHZHKZBDSLBFFP-UHFFFAOYSA-N,6.6020599913279625,True,c1ccc(Nc2ncnc3ccccc23)cc1
CHEMBL3545311,COc1cc(N2CCC(N3CCN(C)CC3)CC2)ccc1Nc1ncc(Cl)c(Nc2ccccc2P(C)(C)=O)n1,AILRADAXUVEEIR-UHFFFAOYSA-N,7.416801226031377,True,c1ccc(Nc2ccnc(Nc3ccc(N4CCC(N5CCNCC5)CC4)cc3)n2)cc1
CHEMBL4215076,CN(C)C1CCN(c2ccc(Nc3cc4c(N5CCOCC5)nc(Nc5ccc(F)cc5)nc4cn3)nc2)CC1,AITYTJFCJFZHNA-UHFFFAOYSA-N,8.602059991327963,True,c1ccc(Nc2nc(N3CCOCC3)c3cc(Nc4ccc(N5CCCCC5)cn4)ncc3n2)cc1
CHEMBL3805584,C#Cc1cccc(Nc2ncnc3cc(OC(C)COC)c4c(c23)OCCO4)c1,AIVRNQLIHRYIBB-UHFFFAOYSA-N,6.324588306285136,True,c1ccc(Nc2ncnc3ccc4c(c23)OCCO4)cc1
CHEMBL2029440,C=CC(=O)Nc1cccc(N2C(=O)N(c3ccc(Oc4ccccc4)cc3)Cc3cnc(Nc4ccc(N5CCN(C)CC5)cc4OC)nc32)c1,AIYPEEWHMFSHOC-UHFFFAOYSA-N,8.818156412055227,True,O=C1N(c2ccc(Oc3ccccc3)cc2)Cc2cnc(Nc3ccc(N4CCNCC4)cc3)nc2N1c1ccccc1
CHEMBL4205869,COc1cc(N2CCN(C)CC2)ccc1Nc1ncc(Cl)c(Oc2cccc([N+](=O)[O-])c2)n1,AIZZLOYYBMQNTD-UHFFFAOYSA-N,5.052076380168273,False,c1ccc(Oc2ccnc(Nc3ccc(N4CCNCC4)cc3)n2)cc1
CHEMBL3233772,CN(C)CCCNC/C=C/C(=O)Nc1cc2c(Nc3ccc(F)c(Cl)c3)ncnc2s1,AJCPVYIKALUFSW-HWKANZROSA-N,5.922268820347608,False,c1ccc(Nc2ncnc3sccc23)cc1
CHEMBL3893810,CC(C)S(=O)(=O)c1ccccc1Nc1nc(N/N=C/c2ccc(C(F)(F)F)cc2)ncc1Cl,AJHJEQWEJUXGIF-LUOAPIJWSA-N,6.226945306635738,False,C(=N\Nc1nccc(Nc2ccccc2)n1)/c1ccccc1
CHEMBL4168235,COc1cc2c(Nc3ccc(C#N)cc3)ncnc2cc1OCCCN1CCC(c2ccccc2)CC1,AJLOXRITXPRKIC-UHFFFAOYSA-N,8.441291429466835,True,c1ccc(Nc2ncnc3cc(OCCCN4CCC(c5ccccc5)CC4)ccc23)cc1
CHEMBL2333164,O=C1NCCc2ccc(O)c(c2)Oc2c(Br)cc(cc2Br)CCNC(=O)C(=NO)Cc2cc(Br)c(O)c(c2)Oc2c(Br)cc(cc2Br)CC1=NO,AJMQODPAUXMBSS-UHFFFAOYSA-N,5.537602002101044,False,N=C1Cc2ccc(cc2)Oc2cccc(c2)CC(=N)C(=O)NCCc2ccc(cc2)Oc2cccc(c2)CCNC1=O
CHEMBL4069229,C=CC(=O)Nc1cccc(-c2c[nH]c3nccc(-c4[nH]c(CCCO)nc4C(F)(F)F)c23)c1,AJNQFQXKWHQTNH-UHFFFAOYSA-N,6.527243550682788,True,c1ccc(-c2c[nH]c3nccc(-c4cnc[nH]4)c23)cc1
CHEMBL4065300,Fc1cc(F)cc(NC(=S)Nc2ccc3ncnc(Nc4cccc(Cl)c4)c3c2)c1,AJSVZSXZWIFNMH-UHFFFAOYSA-N,7.221125527997261,True,S=C(Nc1ccccc1)Nc1ccc2ncnc(Nc3ccccc3)c2c1
CHEMBL4077349,O=C(Nn1c(-c2ccccc2)nc2ccccc2c1=O)c1ccc(Br)cc1,AJXVFQLQMBHGDA-UHFFFAOYSA-N,6.107905397309519,False,O=C(Nn1c(-c2ccccc2)nc2ccccc2c1=O)c1ccccc1
CHEMBL2337369,CC(C)(C)C(=O)Nc1nc(Nc2ccc(Cl)cc2)c2c(n1)[nH]c1cccc(Cl)c12,AKMYYMMBISZQDW-UHFFFAOYSA-N,4.231361898752386,False,c1ccc(Nc2ncnc3[nH]c4ccccc4c23)cc1
CHEMBL309334,N#CC(=Cc1ccc(O)c(O)c1)C(=N)C(C#N)C#N,AKTXASBDBOSAKZ-UHFFFAOYSA-N,5.6020599913279625,False,c1ccccc1
CHEMBL119156,COc1cc(C=C(C#N)C(N)=O)cc(CSc2ccccn2)c1O,ALDCNHLMTCRENB-UHFFFAOYSA-N,4.6020599913279625,False,c1ccc(CSc2ccccn2)cc1
CHEMBL2425084,COc1cc2ncnc(Nc3ccc(F)c(Cl)c3)c2cc1OCCCN1CC(O)C1,ALHCPRCDPYVWCG-UHFFFAOYSA-N,7.602059991327962,True,c1ccc(Nc2ncnc3ccc(OCCCN4CCC4)cc23)cc1
CHEMBL3233795,O=C(/C=C/CN1CCC2(CC1)OCCO2)Nc1cc2c(Nc3ccc(F)c(Cl)c3)ncnc2s1,ALIUINIUQNOYBC-OWOJBTEDSA-N,8.698970004336019,True,O=C(/C=C/CN1CCC2(CC1)OCCO2)Nc1cc2c(Nc3ccccc3)ncnc2s1
CHEMBL4078973,CCC(=O)N1CC[C@H](N2C(=O)N(c3cc(OC)ccc3F)Cc3cnc(Nc4ccc(N5CC6(CCN(C)CC6)C5)c(C)c4)nc32)C1,ALJUOQUASATKRZ-SANMLTNESA-N,6.661543506395395,True,O=C1N(c2ccccc2)Cc2cnc(Nc3ccc(N4CC5(CCNCC5)C4)cc3)nc2N1[C@H]1CCNC1
CHEMBL2032376,C=CC(=O)Nc1cccc(N2C(=O)N(C)Cc3cnc(Nc4ccc(N5CCN(C)CC5)cc4OC)nc32)c1,ALLFOBCVMVMHJI-UHFFFAOYSA-N,8.935542010773082,True,O=C1NCc2cnc(Nc3ccc(N4CCNCC4)cc3)nc2N1c1ccccc1
CHEMBL55204,N#CC(=Cc1ccc(O)c(O)c1)C(=O)c1ccc(F)cc1,ALUHXQXQTNRXQL-UHFFFAOYSA-N,6.251811972993799,False,O=C(C=Cc1ccccc1)c1ccccc1
CHEMBL3622658,O=C(/C=C/CN1CC[S+]([O-])CC1)Nc1cc2c(Nc3ccc(F)c(Cl)c3)ncnc2cc1O[C@H]1CCOC1,ALYYJSYVJNWOTD-KROLTMCQSA-N,6.960982678002588,True,O=C(/C=C/CN1CC[SH+]CC1)Nc1cc2c(Nc3ccccc3)ncnc2cc1O[C@H]1CCOC1
CHEMBL3775112,O=C1COc2cc3ncnc(Nc4cccc(Br)c4)c3cc2N1CCCN1CCCCC1,AMAVIRIRUUGUKX-UHFFFAOYSA-N,7.00436480540245,True,O=C1COc2cc3ncnc(Nc4ccccc4)c3cc2N1CCCN1CCCCC1
CHEMBL1929306,CCOc1ccccc1-c1nnc(SCc2ccccc2)o1,AMBTUIJOXREWFV-UHFFFAOYSA-N,4.415329615535652,False,c1ccc(CSc2nnc(-c3ccccc3)o2)cc1
CHEMBL1242472,CCOc1ccc(-c2nn(C(C)C)c3ncnc(N)c23)cc1OC,AMERZUAKIAGPBA-UHFFFAOYSA-N,5.22548303427145,False,c1ccc(-c2n[nH]c3ncncc23)cc1
CHEMBL2029435,C=CC(=O)Nc1cccc(N2C(=O)N(C3CC3)Cc3cnc(Nc4ccc(N5CCN(C)CC5)cc4OC)nc32)c1,AMFPVVQTYDTMMN-UHFFFAOYSA-N,9.236572006437065,True,O=C1N(c2ccccc2)c2nc(Nc3ccc(N4CCNCC4)cc3)ncc2CN1C1CC1
CHEMBL3747152,CC(=O)N1N=C(c2ccc(F)cc2)CC1c1ccc(C(=O)OC(C)Cn2c([N+](=O)[O-])cnc2C)cc1,AMGFBSMVLAHKRN-UHFFFAOYSA-N,5.181774106386044,False,O=C(OCCn1ccnc1)c1ccc(C2CC(c3ccccc3)=NN2)cc1
CHEMBL470010,COCCN(CCOC)S(=O)(=O)c1ccc(Nc2nc3ncnc(Nc4ccc(F)c(Cl)c4)c3s2)cc1,AMIDDZHJRZVVOK-UHFFFAOYSA-N,7.602059991327962,True,c1ccc(Nc2nc3ncnc(Nc4ccccc4)c3s2)cc1
CHEMBL26001,O=P(O)(O)C(O)c1ccc2ccccc2c1,AMJJLDJPDLKNJA-UHFFFAOYSA-N,3.6020599913279625,False,c1ccc2ccccc2c1
CHEMBL3911796,ON=C(O)CCCCCCn1cc(-c2ccc3ncnc(Nc4ccc(OCc5cccc(F)c5)c(Cl)c4)c3c2)nn1,AMKFBXVTNZFKFF-UHFFFAOYSA-N,8.3767507096021,True,c1ccc(COc2ccc(Nc3ncnc4ccc(-c5c[nH]nn5)cc34)cc2)cc1
CHEMBL50647,Cn1c(=O)c(-c2c(Cl)cccc2Cl)cc2cnc(Nc3ccc(CC(=O)O)cc3)nc21,AMKNQROTNAOJQE-UHFFFAOYSA-N,6.657577319177793,True,O=c1[nH]c2nc(Nc3ccccc3)ncc2cc1-c1ccccc1
CHEMBL1929307,COc1ccccc1-c1nnc(SCc2ccccc2)o1,AMNMNCDIOSLFSA-UHFFFAOYSA-N,4.909389292171594,False,c1ccc(CSc2nnc(-c3ccccc3)o2)cc1
CHEMBL590714,O=C(Nc1ccccc1)N(Cc1ccc(O)cc1)Cc1cccc(Br)c1O,AMPJVHBLKDNTBD-UHFFFAOYSA-N,5.97061622231479,False,O=C(Nc1ccccc1)N(Cc1ccccc1)Cc1ccccc1
CHEMBL3092313,CN(C)CCCNC(=O)Nc1cc2c(Nc3ccc(F)c(Cl)c3)ncnc2cc1O[C@H]1CCOC1,AMQVRRBXYZICIR-INIZCTEOSA-N,7.619788758288394,True,c1ccc(Nc2ncnc3cc(O[C@H]4CCOC4)ccc23)cc1
CHEMBL3325475,COC(=O)C1C(=N)N(c2cccnc2)C2=C(C(=O)CCC2)C1c1cc2cc(OC)ccc2n2nnnc12,AMXPSQSMCZVIHN-UHFFFAOYSA-N,5.886056647693163,False,N=C1CC(c2cc3ccccc3n3nnnc23)C2=C(CCCC2=O)N1c1cccnc1
CHEMBL4084726,CCC(=O)N1CC[C@H](N2C(=O)N(c3cc(OC)ccc3Cl)Cc3cnc(Nc4ccc(N5CCN(C)CC5)c(C)c4)nc32)C1,ANAALSGXUQLWEW-DEOSSOPVSA-N,6.428291168191312,True,O=C1N(c2ccccc2)Cc2cnc(Nc3ccc(N4CCNCC4)cc3)nc2N1[C@H]1CCNC1
CHEMBL338215,Cc1cccc(Nc2ncnc3cc(NCCCCN(C)C)ncc23)c1,ANAQVLGHFOBDLP-UHFFFAOYSA-N,8.267606240177031,True,c1ccc(Nc2ncnc3ccncc23)cc1
CHEMBL489349,N#CC(C#N)=C(C#N)c1ccc(C=O)cc1,ANCUEEOEKXHAFS-UHFFFAOYSA-N,3.221848749616356,False,c1ccccc1
CHEMBL4105392,CCC(=O)N1CC[C@H](N2C(=O)N(c3ccc(Cl)cc3)Cc3cnc(Nc4ccc(N5CCN(C)CC5)c(C)c4)nc32)C1,ANDZLYGRJHEVKY-SANMLTNESA-N,6.416801226031377,True,O=C1N(c2ccccc2)Cc2cnc(Nc3ccc(N4CCNCC4)cc3)nc2N1[C@H]1CCNC1
CHEMBL3671539,C=CC(=O)Nc1cc2c(Nc3ccc(Br)cc3F)ncnc2cc1OCCNC(=O)CCO,ANFPFYSQIJYLHA-UHFFFAOYSA-N,7.050609993355087,True,c1ccc(Nc2ncnc3ccccc23)cc1
CHEMBL503418,CN1CCN(Cc2ccc(Nc3nc4ncnc(Nc5ccc(OCc6cccc(F)c6)c(Cl)c5)c4s3)cc2)CC1,ANGBZYNNANAOBU-UHFFFAOYSA-N,8.045757490560675,True,c1ccc(COc2ccc(Nc3ncnc4nc(Nc5ccc(CN6CCNCC6)cc5)sc34)cc2)cc1
CHEMBL1077095,CC1=NC(NN)=NC(c2ccc(O)cc2O)C1C(=O)Nc1cccc([N+](=O)[O-])c1,ANGLIRBRVUCNTD-UHFFFAOYSA-N,4.319664486585436,False,O=C(Nc1ccccc1)C1C=NC=NC1c1ccccc1
CHEMBL3087204,C=CC(=O)N1CC[C@@H](N2C(=O)N(Cc3ccccc3)Cc3cnc(Nc4ccc(N5CCN(C)CC5)cc4OC)nc32)C1,ANOJHRBABLZKIY-AREMUKBSSA-N,6.970210529168145,True,O=C1N(Cc2ccccc2)Cc2cnc(Nc3ccc(N4CCNCC4)cc3)nc2N1[C@@H]1CCNC1
CHEMBL3087205,C=CC(=O)N1CC[C@H](N2C(=O)N(Cc3ccccc3)Cc3cnc(Nc4ccc(N5CCN(C)CC5)cc4OC)nc32)C1,ANOJHRBABLZKIY-SANMLTNESA-N,8.05551732784983,True,O=C1N(Cc2ccccc2)Cc2cnc(Nc3ccc(N4CCNCC4)cc3)nc2N1[C@H]1CCNC1
CHEMBL3747277,CC(=O)N1N=C(c2ccc(Cl)cc2)CC1c1ccc(C(=O)OCCn2c([N+](=O)[O-])cnc2C)cc1,ANSWUIBOAMGTKA-UHFFFAOYSA-N,5.132532512140949,False,O=C(OCCn1ccnc1)c1ccc(C2CC(c3ccccc3)=NN2)cc1
CHEMBL219557,COc1cc(Nc2c(C#N)cnc3cc(-c4coc(CN5CCN(C)CC5)c4)c(OC)cc23)c(Cl)cc1Cl,ANUHLKPVOXDYSK-UHFFFAOYSA-N,6.638272163982407,True,c1ccc(Nc2ccnc3cc(-c4coc(CN5CCNCC5)c4)ccc23)cc1
CHEMBL2381506,C=CC(=O)Nc1cccc(Oc2nc(Nc3ccc(N4CCN(CC(=O)OCCOc5no[n+]([O-])c5S(=O)(=O)c5ccccc5)CC4)cc3OC)ncc2Cl)c1,ANVSBKWSKKMDIN-UHFFFAOYSA-N,7.229147988357855,True,O=C(CN1CCN(c2ccc(Nc3nccc(Oc4ccccc4)n3)cc2)CC1)OCCOc1no[nH+]c1S(=O)(=O)c1ccccc1
CHEMBL125568,OCC(CO)Nc1cc2ncnc(Nc3cccc(Br)c3)c2cn1,ANVYMDPUMZNGLO-UHFFFAOYSA-N,7.853871964321762,True,c1ccc(Nc2ncnc3ccncc23)cc1
CHEMBL4287401,C=C=CC(=O)Nc1cc(Nc2nccc(-c3cn(C)c4ccccc34)n2)c(OC)cc1OCCN1CCOCC1,ANZRYSAJGDMCLV-UHFFFAOYSA-N,9.154901959985745,True,c1ccc2c(-c3ccnc(Nc4ccc(OCCN5CCOCC5)cc4)n3)c[nH]c2c1
CHEMBL123046,Oc1ccc(NCc2cc(O)ccc2O)cc1,AODCQEOEMRWMAS-UHFFFAOYSA-N,4.377785977033705,False,c1ccc(CNc2ccccc2)cc1
CHEMBL4087570,C=CC(=O)Nc1cccc(Nc2nc(Nc3ccc(C=Cc4cc(C)cc(C)c4)cc3)ncc2F)c1,AOHNEQIPDHMQHB-UHFFFAOYSA-N,7.958607314841775,True,C(=Cc1ccc(Nc2nccc(Nc3ccccc3)n2)cc1)c1ccccc1
CHEMBL4074601,CC(=O)N1CC[C@H](N2C(=O)N(c3ccccc3Cl)Cc3cnc(Nc4ccc(N5CCN(C)CC5)c(C)c4)nc32)C1,AOJIGFAFVGOLES-DEOSSOPVSA-N,7.91721462968355,True,O=C1N(c2ccccc2)Cc2cnc(Nc3ccc(N4CCNCC4)cc3)nc2N1[C@H]1CCNC1
CHEMBL565714,CC=C1C(=NC(=O)OCCN2CCNCC2)NC2N=CN=C(Nc3ccc4c(cnn4Cc4ccccc4)c3)C12,AOOHJOBLVAUWRA-UHFFFAOYSA-N,7.67778070526608,True,C=C1C(=NC(=O)OCCN2CCNCC2)NC2N=CN=C(Nc3ccc4c(cnn4Cc4ccccc4)c3)C12
CHEMBL128468,O=C(O)CCCNc1cc2ncnc(Nc3cccc(Br)c3)c2cn1,AORLUMDMFWSHLT-UHFFFAOYSA-N,9.55284196865778,True,c1ccc(Nc2ncnc3ccncc23)cc1
CHEMBL4084996,Clc1ccc(-c2nnc(Cc3nc4cc(Cl)ccc4[nH]3)o2)cc1,AORSHELSJMHDBV-UHFFFAOYSA-N,6.008773924307505,False,c1ccc(-c2nnc(Cc3nc4ccccc4[nH]3)o2)cc1
CHEMBL475351,COc1nc(Nc2ccc(-c3nc4ccccc4s3)c(OC)c2)c2cc[nH]c2n1,AOUMXCXOJGAKLX-UHFFFAOYSA-N,5.292429823902063,False,c1ccc2sc(-c3ccc(Nc4ncnc5[nH]ccc45)cc3)nc2c1
CHEMBL591288,Oc1ccc(CN(Cc2cc(Cl)cc(Cl)c2O)C(=S)Nc2ccccc2)cc1,APBCLSCKMPCKMF-UHFFFAOYSA-N,6.251811972993799,False,S=C(Nc1ccccc1)N(Cc1ccccc1)Cc1ccccc1
CHEMBL246073,Fc1cccc(Cn2ncc3cc(Nc4ncnn5ccc(COC[C@H]6CCCNC6)c45)ccc32)c1,APCFVCIEZAMJBU-FQEVSTJZSA-N,6.721246399047171,True,c1ccc(Cn2ncc3cc(Nc4ncnn5ccc(COC[C@H]6CCCNC6)c45)ccc32)cc1
CHEMBL3818015,COc1cc2ncnc(Nc3cccc(Br)c3)c2cc1NC(=O)C1COC(=O)N1,APEBZRPPOOOJJN-UHFFFAOYSA-N,9.327902142064282,True,O=C1NC(C(=O)Nc2ccc3ncnc(Nc4ccccc4)c3c2)CO1
CHEMBL402294,CCON=Cc1c(N)ncnc1Nc1ccc2c(cnn2Cc2cccc(F)c2)c1,APHSPKWGAGCFBE-UHFFFAOYSA-N,8.301029995663981,True,c1ccc(Cn2ncc3cc(Nc4ccncn4)ccc32)cc1
CHEMBL1821887,COc1ccc(C2CC(c3ccc(Br)cc3)=NN2c2nc(-c3ccc(Cl)cc3)cs2)cc1,APOTYTDQPVERBH-UHFFFAOYSA-N,4.702677285794698,False,c1ccc(C2=NN(c3nc(-c4ccccc4)cs3)C(c3ccccc3)C2)cc1
CHEMBL296377,Clc1cc2c(Nc3cccc(Br)c3)ncnc2cn1,APXDAYLGZSXVDB-UHFFFAOYSA-N,7.397940008672037,True,c1ccc(Nc2ncnc3cnccc23)cc1
CHEMBL166255,CN(CCO)CCNc1cc2c(Nc3cccc(Br)c3)ncnc2cn1,APZJVORBGFQNIQ-UHFFFAOYSA-N,8.769551078621726,True,c1ccc(Nc2ncnc3cnccc23)cc1
CHEMBL4085868,C=CC(=O)Nc1cc(Nc2cc(-c3cccc(NC(=O)c4ccc(N(C)C)cc4)c3C)cn(C)c2=O)ccc1C(=O)N1CCOCC1,AQBOZCORBWWYIG-UHFFFAOYSA-N,5.23047497982895,False,O=C(Nc1cccc(-c2c[nH]c(=O)c(Nc3ccc(C(=O)N4CCOCC4)cc3)c2)c1)c1ccccc1
CHEMBL3941823,CCOc1cc2ncnc(Nc3ccc4c(cnn4Cc4ccccc4)c3)c2cc1NC(=O)/C=C/CN1C[C@@H](C)N[C@@H](C)C1,AQEJOYTVPDGMEW-RRSRKQOQSA-N,7.769551078621726,True,O=C(/C=C/CN1CCNCC1)Nc1ccc2ncnc(Nc3ccc4c(cnn4Cc4ccccc4)c3)c2c1
CHEMBL589801,Cc1cccc(CN(Cc2ccc(F)cc2)C(=S)Nc2ccccc2)c1O,AQOVRLPHUSWQJQ-UHFFFAOYSA-N,5.068542129310995,False,S=C(Nc1ccccc1)N(Cc1ccccc1)Cc1ccccc1
CHEMBL4091569,OCCSc1nc(-c2ccc(F)cc2)c(-c2ccnc(Nc3ccccc3)c2)[nH]1,AQPNNVXYZUBJMK-UHFFFAOYSA-N,7.080921907623926,True,c1ccc(Nc2cc(-c3[nH]cnc3-c3ccccc3)ccn2)cc1
CHEMBL605957,COc1cc(C2=C(c3c[nH]c4ccc(Br)cc34)C(=O)NC2=O)cc(OC)c1OC,AQXIMVWUURMKKC-UHFFFAOYSA-N,5.236796699629228,False,O=C1NC(=O)C(c2c[nH]c3ccccc23)=C1c1ccccc1
CHEMBL3360603,COc1cc2c(Nc3ccc(F)c(Cl)c3)ncnc2cc1OCCCCn1ccnc1[N+](=O)[O-],AQXXXWZJCCNLLD-UHFFFAOYSA-N,9.508638306165729,True,c1ccc(Nc2ncnc3cc(OCCCCn4ccnc4)ccc23)cc1
CHEMBL3676344,C=CC(=O)Nc1cc2c(Nc3ccc(Br)c(F)c3F)ncnc2cc1OCCNC(=O)CN(C)C,ARBSTGKTOSHPOE-UHFFFAOYSA-N,7.744727494896693,True,c1ccc(Nc2ncnc3ccccc23)cc1
CHEMBL115745,COc1cc2ncnc(NCc3ccccc3)c2cc1O,ARGNVJPDKVQMDV-UHFFFAOYSA-N,7.251811972993799,True,c1ccc(CNc2ncnc3ccccc23)cc1
CHEMBL1945648,Cc1ccc(C(=O)NS(=O)(=O)c2ccc(Br)cc2)c(Cl)n1,ARHVERBRASNVPZ-UHFFFAOYSA-N,5.578396073130168,False,O=C(NS(=O)(=O)c1ccccc1)c1cccnc1
CHEMBL432941,COc1cccc(-c2ccc3c(C=c4[nH]c5c(c4=CCC(=O)O)CCCC5)c(O)[nH]c3c2)c1,ARKUMVMSBPVDTJ-UHFFFAOYSA-N,5.051587034221399,False,C=c1c2c([nH]c1=Cc1c[nH]c3cc(-c4ccccc4)ccc13)CCCC2
CHEMBL3903641,C=CC(=O)Nc1cccc(Nc2nc(Nc3ccccc3OC)ncc2C(F)(F)F)c1,ARSGAAANDMOADX-UHFFFAOYSA-N,6.698970004336019,True,c1ccc(Nc2ccnc(Nc3ccccc3)n2)cc1
CHEMBL2426279,C=CC(=O)Nc1cc(Nc2nccc(-c3c[nH]c4ccccc34)n2)c(OC)cc1N1CCN(C)CC1,ARSLABFLEJRETK-UHFFFAOYSA-N,5.886056647693163,False,c1ccc2c(-c3ccnc(Nc4ccc(N5CCNCC5)cc4)n3)c[nH]c2c1
CHEMBL2325099,COc1ccc(C2=NN(c3ccccc3)C(c3ccc4ccccc4c3)C2)cc1,ARTXCXRRTXRAOJ-UHFFFAOYSA-N,6.920818753952375,True,c1ccc(C2=NN(c3ccccc3)C(c3ccc4ccccc4c3)C2)cc1
CHEMBL3954684,C=CC(=O)Nc1cccc(Nc2nc(Nc3ccc(OC)cc3OC)ncc2C(F)(F)F)c1,ARWJHMPQGVRJGR-UHFFFAOYSA-N,7.698970004336019,True,c1ccc(Nc2ccnc(Nc3ccccc3)n2)cc1
CHEMBL3739527,C#Cc1cccc(Nc2ncnc3cc(OCCOC(=O)C=C4C(C)=C(Cc5ccc([S+](C)[O-])cc5)c5ccc(F)cc54)c(OCCOC(=O)C=C4C(C)=C(Cc5ccc([S+](C)[O-])cc5)c5ccc(F)cc54)cc23)c1,ARXCHXXAOGDWND-UHFFFAOYSA-N,7.568636235841012,True,O=C(C=C1C=C(Cc2ccccc2)c2ccccc21)OCCOc1cc2ncnc(Nc3ccccc3)c2cc1OCCOC(=O)C=C1C=C(Cc2ccccc2)c2ccccc21
CHEMBL3604911,C=CC(=O)Nc1ccccc1-c1nc(Nc2cc[nH]n2)c2ccccc2n1,ARXFXYZAYWAJKH-UHFFFAOYSA-N,5.958607314841775,False,c1ccc(-c2nc(Nc3cc[nH]n3)c3ccccc3n2)cc1
CHEMBL348554,CN(C)CCNC(=O)c1c(SSc2c(C(=O)NCCN(C)C)c3ccccc3n2C)n(C)c2ccccc12,ASAVPQOOHXZTPY-UHFFFAOYSA-N,4.756961951313706,False,c1ccc2[nH]c(SSc3cc4ccccc4[nH]3)cc2c1
CHEMBL2347963,CN(C)CCC(=O)Nc1cccc(-c2c(-c3ccccc3)oc3ncnc(N[C@H](CO)c4ccccc4)c23)c1,ASCVQXWPIHGQIB-RUZDIDTESA-N,8.096910013008056,True,c1ccc(CNc2ncnc3oc(-c4ccccc4)c(-c4ccccc4)c23)cc1
CHEMBL123189,COc1cccc(CNc2[nH]nc3ncnc(Nc4cccc(Cl)c4)c23)c1,ASEKFENKLHTYMI-UHFFFAOYSA-N,8.096910013008056,True,c1ccc(CNc2[nH]nc3ncnc(Nc4ccccc4)c23)cc1
CHEMBL3353401,C=CC(=O)Nc1cc(Nc2ncc(Cl)c(-c3cnn4ccccc34)n2)c(OC)cc1N1CCN(C(=O)N2CCNCC2)CC1,ASGIZNPFTVRSID-UHFFFAOYSA-N,3.8696662315049934,False,O=C(N1CCNCC1)N1CCN(c2ccc(Nc3nccc(-c4cnn5ccccc45)n3)cc2)CC1
CHEMBL250315,COc1cc2ncnc(C#Cc3ccccc3)c2cc1OC,ASHKAXPHUUQQTC-UHFFFAOYSA-N,5.251811972993799,False,C(#Cc1ncnc2ccccc12)c1ccccc1
CHEMBL138125,Brc1cccc(Nc2ncnc3ccc(N=NNCc4ccccn4)cc23)c1,ASHLBSIWNNFRBC-UHFFFAOYSA-N,6.623423042943488,True,c1ccc(Nc2ncnc3ccc(N=NNCc4ccccn4)cc23)cc1
CHEMBL306732,CN(C)c1ccc(Nc2ncnc3cc(-c4ccccc4)sc23)cc1,ASLAQNLSYGJKNM-UHFFFAOYSA-N,7.026872146400302,True,c1ccc(Nc2ncnc3cc(-c4ccccc4)sc23)cc1
CHEMBL242349,COCCOc1cc2ncnc(NC3=CC(=O)C(OCc4cccc(OC)c4)=CC3=O)c2cc1OC,ASOPRZPYNIPJKT-UHFFFAOYSA-N,5.112945621949043,False,O=C1C=C(OCc2ccccc2)C(=O)C=C1Nc1ncnc2ccccc12
CHEMBL472545,Nc1ncnc(Nc2ccc(OCc3ccccc3)c(Cl)c2)c1-c1nnc(CCN2CCOCC2)o1,ASRPLHQXFWEEDQ-UHFFFAOYSA-N,7.522878745280337,True,c1ccc(COc2ccc(Nc3ncncc3-c3nnc(CCN4CCOCC4)o3)cc2)cc1
CHEMBL3962365,CCOc1cc2ncnc(Nc3ccc(OCc4cccc(F)c4)c(Cl)c3)c2cc1NC(=O)/C=C/CN1CCCC1,ASXBFKMZPZRWDW-RMKNXTFCSA-N,7.221848749616356,True,O=C(/C=C/CN1CCCC1)Nc1ccc2ncnc(Nc3ccc(OCc4ccccc4)cc3)c2c1
CHEMBL1095445,Nc1nc(Nc2cccc(C(F)(F)F)c2)c2cc(Cc3ccc(Cl)cc3Cl)[nH]c2n1,ATDJLDZCOSGBPH-UHFFFAOYSA-N,4.565431095965801,False,c1ccc(Cc2cc3c(Nc4ccccc4)ncnc3[nH]2)cc1
CHEMBL244948,O=c1ccc2ccc(O)c(O)c2o1,ATEFPOUAMCWAQS-UHFFFAOYSA-N,5.115204636051019,False,O=c1ccc2ccccc2o1
CHEMBL3764589,COCCOc1cc2ncnc(Nc3ccc(NC(=O)C45CC6CC(CC(C6)C4)C5)c(C)c3)c2cc1OCCOC,ATEOIYJMIPIXFL-UHFFFAOYSA-N,7.178486471595226,True,O=C(Nc1ccc(Nc2ncnc3ccccc23)cc1)C12CC3CC(CC(C3)C1)C2
CHEMBL473437,CN(C)Cc1ccc(-c2cc3ncnc(Nc4ccc(OCc5cccc(F)c5)c(Cl)c4)c3s2)[nH]1,ATEQNOXHLBHSBB-UHFFFAOYSA-N,8.397940008672037,True,c1ccc(COc2ccc(Nc3ncnc4cc(-c5ccc[nH]5)sc34)cc2)cc1
CHEMBL2031306,C=CC(=O)Nc1cc2c(Nc3ccc(F)c(Cl)c3)c(C#N)cnc2cc1OCC,ATIKKYRDCUPFAU-UHFFFAOYSA-N,8.835647144215564,True,c1ccc(Nc2ccnc3ccccc23)cc1
CHEMBL519147,Nc1nc(Nc2ccc(Cl)cc2)c2cc(CCc3ccccc3)[nH]c2n1,ATKPRIDFHGQMAQ-UHFFFAOYSA-N,5.497572880015568,False,c1ccc(CCc2cc3c(Nc4ccccc4)ncnc3[nH]2)cc1
CHEMBL2283256,O=C(/C=C/c1ccccc1)Nc1cc(Cl)cc(Cl)c1,ATMDLMMFXOYJEA-VOTSOKGWSA-N,4.856048883576037,False,O=C(/C=C/c1ccccc1)Nc1ccccc1
CHEMBL188522,Cc1ccc(Nc2ncnn3ccc(C)c23)cc1O,ATRMGRIXDIZXRO-UHFFFAOYSA-N,6.468521082957745,True,c1ccc(Nc2ncnn3cccc23)cc1
CHEMBL170438,Nc1ncnc2c1c(-c1ccccc1)cn2C(CO)Cc1ccc(O)cc1,ATRMIGVAAPIRJO-UHFFFAOYSA-N,4.87942606879415,False,c1ccc(CCn2cc(-c3ccccc3)c3cncnc32)cc1
CHEMBL3897363,CN1CCN(c2ccc(Nc3ncnc4cc5oc(=O)n(CCOC(=O)CBr)c5cc34)cc2Cl)CC1,ATRQYYQRKRQPJP-UHFFFAOYSA-N,8.096910013008056,True,O=c1[nH]c2cc3c(Nc4ccc(N5CCNCC5)cc4)ncnc3cc2o1
CHEMBL435831,O=C(Cc1c(SSc2[nH]c3ccccc3c2CC(=O)NCc2ccccc2)[nH]c2ccccc12)NCc1ccccc1,ATSKCEZXZQLMAV-UHFFFAOYSA-N,4.42021640338319,False,O=C(Cc1c(SSc2[nH]c3ccccc3c2CC(=O)NCc2ccccc2)[nH]c2ccccc12)NCc1ccccc1
CHEMBL3622639,COCCOc1cc2ncnc(Nc3ccc(F)c(Cl)c3)c2cc1NC(=O)/C=C/CN(C)C,ATTGQOMUGKVOSB-SNAWJCMRSA-N,8.920818753952375,True,c1ccc(Nc2ncnc3ccccc23)cc1
CHEMBL592247,Cc1cc(C)c(O)c(CN(Cc2ccc(O)cc2)C(=S)Nc2ccccc2)c1,ATUGWBRHDFGSKE-UHFFFAOYSA-N,5.234331445240986,False,S=C(Nc1ccccc1)N(Cc1ccccc1)Cc1ccccc1
CHEMBL3913728,CC(C)S(=O)(=O)c1ccccc1Nc1nc(N/N=C/c2ccc(OC(F)(F)F)cc2)ncc1Cl,ATUIHXRIJCYLPA-LUOAPIJWSA-N,6.046723663332696,False,C(=N\Nc1nccc(Nc2ccccc2)n1)/c1ccccc1
CHEMBL3948084,CCC(=O)Nc1cc2c(Nc3ccc4c(cnn4Cc4ccccc4)c3)ncnc2cc1OC,ATULKYAWEUGYSF-UHFFFAOYSA-N,7.769551078621726,True,c1ccc(Cn2ncc3cc(Nc4ncnc5ccccc45)ccc32)cc1
CHEMBL3908272,O=S(=O)(Nc1ncccn1)c1ccc(Nc2nncc3ccccc23)cc1,AUAMVGQDEAESMO-UHFFFAOYSA-N,7.0655015487564325,True,O=S(=O)(Nc1ncccn1)c1ccc(Nc2nncc3ccccc23)cc1
CHEMBL296168,C=CC(=O)Nc1ccc2ncnc(Nc3cccc(Br)c3)c2n1,AUDDREUYBAHNSP-UHFFFAOYSA-N,8.958607314841775,True,c1ccc(Nc2ncnc3cccnc23)cc1
CHEMBL3946396,COc1cccc(-c2cc3c(N[C@H](C)c4ccccc4)ncnc3o2)c1,AUFGYBGCZSKDIE-CQSZACIVSA-N,8.154901959985743,True,c1ccc(CNc2ncnc3oc(-c4ccccc4)cc23)cc1
CHEMBL4288262,Clc1ccc(Nc2cc(Nc3cccc(Cl)n3)ncn2)cc1,AUFNWHLGERWYHJ-UHFFFAOYSA-N,6.489454989793388,True,c1ccc(Nc2cc(Nc3ccccn3)ncn2)cc1
CHEMBL3752825,Cn1cnc(-c2ccc(OC(F)(F)F)c(NC(=O)Nc3ccncc3)c2)c1,AUHSSWFYYYDTKY-UHFFFAOYSA-N,7.023100049017062,True,O=C(Nc1ccncc1)Nc1cccc(-c2c[nH]cn2)c1
CHEMBL1241490,CC(C)n1nc(-c2ccc3occc3c2)c2c(N)ncnc21,AULCRCVNIWNUTH-UHFFFAOYSA-N,6.015922966097169,False,c1ncc2c(-c3ccc4occc4c3)n[nH]c2n1
CHEMBL3981551,CN(C)C/C=C/C(=O)Nc1cc2c(Nc3ccc(OCc4cccc(F)c4)c(Cl)c3)ncnc2cn1,AUMBQDJVOLYTCC-QPJJXVBHSA-N,7.602059991327962,True,c1ccc(COc2ccc(Nc3ncnc4cnccc34)cc2)cc1
CHEMBL4079393,C=CC(=O)Nc1cccc(Nc2cc(-c3[nH]c(SCCNC(=O)CC)nc3-c3ccccc3)ccn2)c1,AUPQYGXJGKNTSL-UHFFFAOYSA-N,8.602059991327963,True,c1ccc(Nc2cc(-c3[nH]cnc3-c3ccccc3)ccn2)cc1
CHEMBL59812,CC(=O)Oc1cccc2c1c(C(=O)Nc1ccccc1)c(SSc1c(C(=O)Nc3ccccc3)c3c(OC(C)=O)cccc3n1C)n2C,AURYYBJWNGTKQC-UHFFFAOYSA-N,4.698970004336019,False,O=C(Nc1ccccc1)c1c(SSc2[nH]c3ccccc3c2C(=O)Nc2ccccc2)[nH]c2ccccc12
CHEMBL1172602,COc1cc(OC)cc(C2CC(c3ccc(Cl)c(Cl)c3)=NN2C(C)=O)c1,AUUDLJVRYOAHGV-UHFFFAOYSA-N,4.593971055036385,False,c1ccc(C2=NNC(c3ccccc3)C2)cc1
CHEMBL126192,CCOc1cc2ncnc(Nc3cccc(-c4nccs4)c3)c2cc1OCC,AVBDTONYELTCBP-UHFFFAOYSA-N,8.698970004336019,True,c1cc(Nc2ncnc3ccccc23)cc(-c2nccs2)c1
CHEMBL1821889,O=[N+]([O-])c1ccc(C2CC(c3ccc(Br)cc3)=NN2c2nc(-c3ccc(Cl)cc3)cs2)cc1,AVFKEKFMIQJECL-UHFFFAOYSA-N,4.613144470815276,False,c1ccc(C2=NN(c3nc(-c4ccccc4)cs3)C(c3ccccc3)C2)cc1
CHEMBL40734,Brc1cccc(Nc2[nH]cnc3cc4nccc4cc23)c1,AVGPASNWMHVILZ-UHFFFAOYSA-N,9.356547323513812,True,c1ccc(Nc2[nH]cnc3cc4nccc4cc23)cc1
CHEMBL2048912,CC(C)(N)C(=O)NCCn1ccc2ncnc(Nc3ccc(Oc4cccc5sncc45)c(Cl)c3)c21,AVHNHPHSQMBYAJ-UHFFFAOYSA-N,8.585026652029182,True,c1cc(Oc2ccc(Nc3ncnc4cc[nH]c34)cc2)c2cnsc2c1
CHEMBL2070190,O=C(Nc1ccc2ncnc(Nc3cccc(Br)c3)c2c1)c1cccc2c1OCCO2,AVICQXMQJJNWFE-UHFFFAOYSA-N,5.787812395596042,False,O=C(Nc1ccc2ncnc(Nc3ccccc3)c2c1)c1cccc2c1OCCO2
CHEMBL3671545,C=CC(=O)Nc1cc2c(Nc3ccc(Br)cc3F)ncnc2cc1OCCNC(=O)CC(C)N(C)C,AVINRNFZBJEYNB-UHFFFAOYSA-N,6.488116639021126,True,c1ccc(Nc2ncnc3ccccc23)cc1
CHEMBL2448064,COc1cc2c(Nc3ccc(Cl)cc3F)ncnc2cc1OCC1CCNCC1,AVQNSHZBOYOSQZ-UHFFFAOYSA-N,6.522878745280337,True,c1ccc(Nc2ncnc3cc(OCC4CCNCC4)ccc23)cc1
CHEMBL3948546,CC(C)c1ccccc1Nc1nc(N)nc2c1Cc1ccccc1-2,AVSIKJCSTGRHSG-UHFFFAOYSA-N,4.638272163982407,False,c1ccc(Nc2ncnc3c2Cc2ccccc2-3)cc1
CHEMBL65848,C=c1cc(C(=O)N2CCOCC2)[nH]c1=Cc1c(O)[nH]c2ncnc(Nc3ccc4c(c3)CCC4)c12,AVUUJTAUHLSENL-UHFFFAOYSA-N,5.85078088734462,False,C=c1cc(C(=O)N2CCOCC2)[nH]c1=Cc1c[nH]c2ncnc(Nc3ccc4c(c3)CCC4)c12
CHEMBL3671518,C=CC(=O)Nc1cc2c(Nc3ccc(Br)cc3F)ncnc2cc1OCCNC(=O)CO,AVWUQSBIDMSXKK-UHFFFAOYSA-N,7.494850021680094,True,c1ccc(Nc2ncnc3ccccc23)cc1
CHEMBL1828867,O=C(Cc1ccc(F)cc1)NS(=O)(=O)c1ccc(F)cc1,AVZLAUUPFXMAEI-UHFFFAOYSA-N,5.286509456906058,False,O=C(Cc1ccccc1)NS(=O)(=O)c1ccccc1
CHEMBL3360613,COc1cc2c(Nc3ccc(OCc4cccc(F)c4)c(Cl)c3)ncnc2cc1OCCCCn1ccnc1[N+](=O)[O-],AWAYHSFABHTNBH-UHFFFAOYSA-N,7.924453038607469,True,c1ccc(COc2ccc(Nc3ncnc4cc(OCCCCn5ccnc5)ccc34)cc2)cc1
CHEMBL343352,Nc1ccc2ncnc(Nc3cccc(Cl)c3)c2c1,AWAYNEMCHILZCF-UHFFFAOYSA-N,6.698970004336019,True,c1ccc(Nc2ncnc3ccccc23)cc1
CHEMBL234772,O=C(O)C1CCN(Cc2ccn3ncnc(Nc4ccc5c(cnn5Cc5cccc(F)c5)c4)c23)CC1,AWFCPTZKALKFEK-UHFFFAOYSA-N,6.657577319177793,True,c1ccc(Cn2ncc3cc(Nc4ncnn5ccc(CN6CCCCC6)c45)ccc32)cc1
CHEMBL468975,C=C(CN(C)C)C(=O)c1ccccc1,AWGQYDRZMTZRRG-UHFFFAOYSA-N,5.251811972993799,False,c1ccccc1
CHEMBL4225781,C=CC(=O)Nc1cccc(NC(=O)Nc2ccnc(Nc3ccc(N4CCC(N5CCOCC5)CC4)cc3OC)n2)c1,AWGYTZLSGFMHPT-UHFFFAOYSA-N,7.0655015487564325,True,O=C(Nc1ccccc1)Nc1ccnc(Nc2ccc(N3CCC(N4CCOCC4)CC3)cc2)n1
CHEMBL3742146,C/C(=N\Nc1ncc(Cl)c(Nc2cccc(NC(=O)/C=C/CN(C)C)c2)n1)c1cccnc1,AWHHCFVTKDJWJG-APXRIWSKSA-N,5.364516253185088,False,C(=NNc1nccc(Nc2ccccc2)n1)c1cccnc1
CHEMBL3233779,COC(CN(C)C/C=C/C(=O)Nc1cc2c(Nc3ccc(F)c(Cl)c3)ncnc2s1)OC,AWJCXOMSYYEJSW-SNAWJCMRSA-N,8.698970004336019,True,c1ccc(Nc2ncnc3sccc23)cc1
CHEMBL3986363,C=CC(=O)Nc1cccc(Nc2nc(Nc3ccc(OC)c(OC)c3OC)ncc2Cl)c1,AWLYEWOENDLBPJ-UHFFFAOYSA-N,7.187086643357144,True,c1ccc(Nc2ccnc(Nc3ccccc3)n2)cc1
CHEMBL78005,N#CC(C#N)=Cc1ccc2c(c1)OCO2,AWMFEYQOEQDZKO-UHFFFAOYSA-N,3.4559319556497243,False,c1ccc2c(c1)OCO2
CHEMBL31815,C=CC(=O)Nc1ccc2ncnc(Nc3cccc(C)c3)c2c1,AWQLTDUXGVCRBV-UHFFFAOYSA-N,9.3767507096021,True,c1ccc(Nc2ncnc3ccccc23)cc1
CHEMBL437879,COc1cc2ncnc(Nc3cc(Cl)c(Cl)cc3F)c2cc1OC,AWSNTTSKWKZQQT-UHFFFAOYSA-N,9.681936665037238,True,c1ccc(Nc2ncnc3ccccc23)cc1
CHEMBL2029695,Cn1c(NCc2cccc(C(F)(F)F)c2)cc(=O)n(C)c1=O,AWSSEZZFRHDSBL-UHFFFAOYSA-N,4.0762380391713,False,O=c1cc(NCc2ccccc2)[nH]c(=O)[nH]1
CHEMBL1828862,Cc1ncc([N+](=O)[O-])n1CC(=O)NS(=O)(=O)c1ccc(F)cc1,AWTAJVRCTGKUAG-UHFFFAOYSA-N,6.4089353929735005,True,O=C(Cn1ccnc1)NS(=O)(=O)c1ccccc1
CHEMBL2337364,Nc1nc(Nc2ccc(Cl)cc2F)c2c(n1)[nH]c1cccc(Cl)c12,AWTDSPKSEWBWCH-UHFFFAOYSA-N,4.410050398674292,False,c1ccc(Nc2ncnc3[nH]c4ccccc4c23)cc1
CHEMBL4078431,COc1cc2ncnc(Nc3cccc(Br)c3)c2cc1OCCCOP(N)(=O)N(CCCl)CCCl,AWXKATNXTVAFSM-UHFFFAOYSA-N,9.522878745280336,True,c1ccc(Nc2ncnc3ccccc23)cc1
CHEMBL343722,C=C=CC(=O)Nc1ccc2ncnc(Nc3cccc(Br)c3)c2c1,AWZOTLBLGSFFML-UHFFFAOYSA-N,6.920818753952375,True,c1ccc(Nc2ncnc3ccccc23)cc1
CHEMBL3759155,COc1cc2c(Nc3ccc(NC(=O)c4ccccc4)cc3)ncnc2cc1OCCN1CCCCC1,AWZYTDJQXDRQJA-UHFFFAOYSA-N,5.336299074610352,False,O=C(Nc1ccc(Nc2ncnc3cc(OCCN4CCCCC4)ccc23)cc1)c1ccccc1
CHEMBL2325106,COc1ccc(C2=NN(C(N)=S)C(c3cccc4ccccc34)C2)cc1,AXCWTPZBNBDGJR-UHFFFAOYSA-N,6.795880017344075,True,c1ccc(C2=NNC(c3cccc4ccccc34)C2)cc1
CHEMBL56964,COc1cc2c(cc1O)=NC(=O)C=2C(C#N)C#N,AXQFCCJBSIHZMB-UHFFFAOYSA-N,4.221848749616356,False,O=C1C=c2ccccc2=N1
CHEMBL1242661,CCOc1ccc2cc(-c3nn(C)c4ncnc(N)c34)ccc2c1,AXQKJTHCYRYSLF-UHFFFAOYSA-N,4.6777807052660805,False,c1ccc2cc(-c3n[nH]c4ncncc34)ccc2c1
CHEMBL4102455,S=C(Nc1ccc2ncnc(Nc3cccc(Br)c3)c2c1)Nc1ccccc1Cl,AXSSUOTWSHLSPJ-UHFFFAOYSA-N,7.801342913045577,True,S=C(Nc1ccccc1)Nc1ccc2ncnc(Nc3ccccc3)c2c1
CHEMBL4061382,NP(=O)(OCCCC(=O)Oc1ccc2ncnc(Nc3ccc(OCc4cccc(F)c4)c(Cl)c3)c2c1)N(CCCl)CCCl,AXVWVFHQMYQWLK-UHFFFAOYSA-N,7.585026652029182,True,c1ccc(COc2ccc(Nc3ncnc4ccccc34)cc2)cc1
CHEMBL3355890,COc1cc2ncnc(Nc3cccc(Br)c3)c2cc1OCCCn1c([N+](=O)[O-])cnc1C,AXWLOISBYKANBI-UHFFFAOYSA-N,8.928117992693874,True,c1ccc(Nc2ncnc3ccc(OCCCn4ccnc4)cc23)cc1
CHEMBL3671552,C=CC(=O)Nc1cc2c(Nc3ccc(Br)cc3F)ncnc2cc1OC[C@@H](C)NC(C)=O,AXWQPHKBZRUJSS-GFCCVEGCSA-N,7.537602002101044,True,c1ccc(Nc2ncnc3ccccc23)cc1
CHEMBL3671553,C=CC(=O)Nc1cc2c(Nc3ccc(Br)cc3F)ncnc2cc1OC[C@H](C)NC(C)=O,AXWQPHKBZRUJSS-LBPRGKRZSA-N,7.008773924307505,True,c1ccc(Nc2ncnc3ccccc23)cc1
CHEMBL3671551,C=CC(=O)Nc1cc2c(Nc3ccc(Br)cc3F)ncnc2cc1OCC(C)NC(C)=O,AXWQPHKBZRUJSS-UHFFFAOYSA-N,6.8124792791635365,True,c1ccc(Nc2ncnc3ccccc23)cc1
CHEMBL311564,COc1ccc(C(=O)C(C#N)C#N)cc1,AXWXLPRMWKUFAW-UHFFFAOYSA-N,3.346787486224656,False,c1ccccc1
CHEMBL246493,Fc1cccc(COc2ccc(Nc3ncnn4ccc(COC[C@@H]5CNCCO5)c34)cc2Cl)c1,AXXNPLIUJGQSAQ-NRFANRHFSA-N,6.2441251443275085,False,c1ccc(COc2ccc(Nc3ncnn4ccc(COC[C@@H]5CNCCO5)c34)cc2)cc1
CHEMBL3671523,C=CC(=O)Nc1cc2c(Nc3ccc(Br)cc3F)ncnc2cc1OCCNC(=O)/C=C/C,AYCVHMDIHRQBDR-HWKANZROSA-N,7.721246399047171,True,c1ccc(Nc2ncnc3ccccc23)cc1
CHEMBL293482,N#CC(C#N)=Cc1ncc[nH]1,AYENSJBDZMHPTB-UHFFFAOYSA-N,3.274088367704952,False,c1c[nH]cn1
CHEMBL4288482,C=CC(=O)Nc1cccc(Nc2nc(Nc3ccc(CC(=O)N4CCOCC4)cc3)ncc2Cl)c1,AYHDZDGASCFOBP-UHFFFAOYSA-N,7.015022873584506,True,O=C(Cc1ccc(Nc2nccc(Nc3ccccc3)n2)cc1)N1CCOCC1
CHEMBL1641997,N#Cc1cnc(Nc2cccc(Br)c2)c2cc(NC(=O)c3ccoc3)ccc12,AYKBCVLWKNGVRR-UHFFFAOYSA-N,4.3448615651886175,False,O=C(Nc1ccc2ccnc(Nc3ccccc3)c2c1)c1ccoc1
CHEMBL2018777,CCCCOc1cc2c(Nc3ccc(NC(=O)OCC)c(Cl)c3)ncnc2cc1OCCN(CC)CC,AYKHNPBZSPHOJF-UHFFFAOYSA-N,5.023676415120528,False,c1ccc(Nc2ncnc3ccccc23)cc1
CHEMBL4082840,O=C(Nc1ccc2ncnc(Nc3cccc(Cl)c3)c2c1)C1CCC2(CC1)OCC1(OO2)C2CC3CC(C2)CC1C3,AYLLCQPKGAMNHX-UHFFFAOYSA-N,7.023558310621155,True,O=C(Nc1ccc2ncnc(Nc3ccccc3)c2c1)C1CCC2(CC1)OCC1(OO2)C2CC3CC(C2)CC1C3
CHEMBL56502,COc1cc2ncnc(Nc3ccc(F)c(Cl)c3)c2cc1OCC(O)CN,AYMHYBUGFXYGNZ-UHFFFAOYSA-N,8.221848749616356,True,c1ccc(Nc2ncnc3ccccc23)cc1
CHEMBL128000,O=C(C=Cc1ccc(O)c(O)c1)c1ccc(O)cc1O,AYMYWHCQALZEGT-UHFFFAOYSA-N,4.795880017344075,False,O=C(C=Cc1ccccc1)c1ccccc1
CHEMBL376967,COc1cc2ncnc(Nc3cccc(Cl)c3F)c2cc1CN(CCN(C)C)C(C)C(N)=O,AYNCWLOKRFSIND-UHFFFAOYSA-N,6.920818753952375,True,c1ccc(Nc2ncnc3ccccc23)cc1
CHEMBL3622642,CN(C)C/C=C/C(=O)Nc1cc2c(Nc3ccc(OCc4cccc(F)c4)cc3)ncnc2cc1O[C@H]1CCOC1,AYNJDFMFFIERLA-OGPASDKVSA-N,6.873219422987991,True,c1ccc(COc2ccc(Nc3ncnc4cc(O[C@H]5CCOC5)ccc34)cc2)cc1
CHEMBL3676369,C=CC(=O)Nc1cc2c(Nc3ccc(Br)c(Cl)c3F)ncnc2cc1OCCNC(=O)CO,AYRINFKNJPHSKZ-UHFFFAOYSA-N,7.795880017344075,True,c1ccc(Nc2ncnc3ccccc23)cc1
CHEMBL3416630,OC[C@@H](Nc1ncnc2sc(-c3ccc(CN4CCNCC4)cc3)cc12)c1ccccc1,AYSUBAPTVMHHDG-JOCHJYFZSA-N,6.221848749616356,False,c1ccc(CNc2ncnc3sc(-c4ccc(CN5CCNCC5)cc4)cc23)cc1
CHEMBL246491,COC(=O)COCc1ccn2ncnc(Nc3ccc4c(cnn4Cc4cccc(F)c4)c3)c12,AYUJWVQYAUDNQZ-UHFFFAOYSA-N,6.337242168318426,True,c1ccc(Cn2ncc3cc(Nc4ncnn5cccc45)ccc32)cc1
CHEMBL265367,Cn1ccnc1S(=O)(=O)CCNCc1ccc(-c2ccc3ncnc(Nc4ccc(OCc5cccc(F)c5)c(C(F)(F)F)c4)c3c2)o1,AZDCMGDGNHSVCZ-UHFFFAOYSA-N,7.769551078621726,True,O=S(=O)(CCNCc1ccc(-c2ccc3ncnc(Nc4ccc(OCc5ccccc5)cc4)c3c2)o1)c1ncc[nH]1
CHEMBL2179128,Fc1ccc(-c2[nH]c(-c3ccccc3)nc2-c2ccnc3[nH]c(-c4ccccc4)cc23)cc1,AZFUYVNWRUXRLD-UHFFFAOYSA-N,6.991399828238082,True,c1ccc(-c2cc3c(-c4nc(-c5ccccc5)[nH]c4-c4ccccc4)ccnc3[nH]2)cc1
CHEMBL3787386,C#CCOc1cc2ncnc(Nc3ccc(F)c(Cl)c3)c2cc1NC(=O)C=C,AZLXGJFHSLQCPV-UHFFFAOYSA-N,8.154901959985743,True,c1ccc(Nc2ncnc3ccccc23)cc1
CHEMBL1958024,COc1ccc(C2CC(c3ccccc3)=NN2c2nc(O)cs2)cc1,AZMWIUYEZBYQSF-UHFFFAOYSA-N,5.369572124974976,False,c1ccc(C2=NN(c3nccs3)C(c3ccccc3)C2)cc1
CHEMBL3639703,C=CC(=O)Nc1cc2c(Nc3ccc(Br)cc3F)ncnc2cc1OCCCNC(=O)CS(C)(=O)=O,AZWGHQIJMYOUGY-UHFFFAOYSA-N,7.167491087293763,True,c1ccc(Nc2ncnc3ccccc23)cc1
CHEMBL1929303,Fc1ccccc1-c1nnc(SCc2ccccc2)o1,AZWQLJSYYIGLNC-UHFFFAOYSA-N,5.291579099865287,False,c1ccc(CSc2nnc(-c3ccccc3)o2)cc1
CHEMBL1944923,CC(=O)Nc1ccc(S(=O)(=O)Nc2nc3ccccc3nc2Nc2ccc(C(=O)O)cc2)cc1,AZYFTAYNMPTQPL-UHFFFAOYSA-N,4.446116973356125,False,O=S(=O)(Nc1nc2ccccc2nc1Nc1ccccc1)c1ccccc1
CHEMBL3814878,C=CC(=O)NCCCn1c(-c2nc(-c3cnn(C4CCN(C)CC4)c3)cnc2N)nc2ccccc21,AZZKJMUTEWPEPO-UHFFFAOYSA-N,6.698970004336019,True,c1ccc2[nH]c(-c3cncc(-c4cnn(C5CCNCC5)c4)n3)nc2c1
CHEMBL1828868,O=C(Cc1ccc(F)cc1)NS(=O)(=O)c1ccc(Cl)cc1,BAGAPPYMHWWPRR-UHFFFAOYSA-N,5.226945306635738,False,O=C(Cc1ccccc1)NS(=O)(=O)c1ccccc1
CHEMBL1173262,Cc1ccc(C2CC(c3ccc(Br)c(Br)c3)=NN2C(N)=S)cc1,BAGBEDITHGNDKC-UHFFFAOYSA-N,5.007446482167865,False,c1ccc(C2=NNC(c3ccccc3)C2)cc1
CHEMBL19978,O=C(Nc1ccccc1)NN1C(=O)c2c(c3c4cccc(O)c4n(C4OC(CO)C(O)C(O)C4O)c3c3[nH]c4c(O)cccc4c23)C1=O,BAGFJAHULYYFOE-UHFFFAOYSA-N,4.022276394711152,False,O=C(Nc1ccccc1)NN1C(=O)c2c(c3c4ccccc4n(C4CCCCO4)c3c3[nH]c4ccccc4c23)C1=O
CHEMBL4173696,CC=Cc1ccc(Nc2ncnc3cc(OCCCN4CCOCC4)c(OCCCN4CCOCC4)cc23)cc1,BAILKEZVTQZRCF-UHFFFAOYSA-N,7.684029654543082,True,c1ccc(Nc2ncnc3cc(OCCCN4CCOCC4)c(OCCCN4CCOCC4)cc23)cc1
CHEMBL3965391,C=CC(=O)N1CC[C@H](Oc2cc3c(Nc4ccc(F)c(Cl)c4F)ncnc3cc2OC)C1,BAJQSTXNGISSEP-LBPRGKRZSA-N,8.522878745280337,True,c1ccc(Nc2ncnc3ccc(O[C@H]4CCNC4)cc23)cc1
CHEMBL1958039,Oc1csc(N2N=C(c3ccc(Br)cc3)CC2c2ccc(Cl)cc2)n1,BAJUJZGJIACELS-UHFFFAOYSA-N,5.3851027839668655,False,c1ccc(C2=NN(c3nccs3)C(c3ccccc3)C2)cc1
CHEMBL120185,CN1CCN(c2ccc3c(n2)nc(-c2ccc(F)cc2)n3-c2ccnc(NC3CCCC3)n2)CC1,BARFMAOTOPEJFY-UHFFFAOYSA-N,5.060480747381382,False,c1ccc(-c2nc3nc(N4CCNCC4)ccc3n2-c2ccnc(NC3CCCC3)n2)cc1
CHEMBL3786647,C=CC(=O)N1C[C@H](CO)[C@@H](COc2nc(Nc3cnn(C)c3)nc3[nH]cc(Cl)c23)C1,BATDFQPFLIRBDO-VXGBXAGGSA-N,6.1487416512809245,False,c1cc2c(OC[C@@H]3CCNC3)nc(Nc3cn[nH]c3)nc2[nH]1
CHEMBL4278226,C=CC(=O)Nc1ccccc1Nc1nc(Nc2ccc(NC(=O)CN3CCOCC3)cc2)ncc1Cl,BAVPLHGWFQZVQT-UHFFFAOYSA-N,7.66354026615147,True,O=C(CN1CCOCC1)Nc1ccc(Nc2nccc(Nc3ccccc3)n2)cc1
CHEMBL4102886,C#Cc1cccc(Nc2ncnc3cc(OCCCN4C[C@H](O)[C@@H](O)[C@H](O)[C@H]4CO)c(OC)cc23)c1,BBEATYMSUGWQOM-RRJCBXKSSA-N,8.312471038785366,True,c1ccc(Nc2ncnc3cc(OCCCN4CCCCC4)ccc23)cc1
CHEMBL140561,CN(C)CCCOC(=O)/C=C/C(=O)Nc1ccc2ncnc(Nc3cccc(Br)c3)c2c1,BBIKEXVBWCYZFP-MDZDMXLPSA-N,6.96657624451305,True,c1ccc(Nc2ncnc3ccccc23)cc1
CHEMBL3085376,CCN(CC)[C@@](C)(C#Cc1ncnc2cc(OC)c(OC)cc12)Cc1ccccc1,BBMKJPDKBXILOP-VWLOTQADSA-N,8.522878745280337,True,C(#Cc1ncnc2ccccc12)CCc1ccccc1
CHEMBL306988,CC(=C(C#N)C#N)c1ccc(NC(=O)CCC(=O)O)cc1,BBOFGLXVAJLJON-UHFFFAOYSA-N,3.3010299956639813,False,c1ccccc1
CHEMBL4204596,COc1cc(N2CCN(C)CC2)ccc1Nc1ncc(Cl)c(Oc2ccccc2N=C=S)n1,BBQBCOLDUARXMG-UHFFFAOYSA-N,5.739928612014925,False,c1ccc(Oc2ccnc(Nc3ccc(N4CCNCC4)cc3)n2)cc1
CHEMBL39320,Cn1ncc2cc3c(Nc4cccc(Br)c4)ncnc3cc21,BBWYQCNFQUTQED-UHFFFAOYSA-N,9.431798275933003,True,c1ccc(Nc2ncnc3cc4[nH]ncc4cc23)cc1
CHEMBL185637,Fc1ccc(Nc2ncnn3cccc23)cc1Cl,BCBRJDZMKPNHMU-UHFFFAOYSA-N,6.958607314841775,True,c1ccc(Nc2ncnn3cccc23)cc1
CHEMBL1201179,CS(=O)(=O)CCNCc1ccc(-c2ccc3ncnc(Nc4ccc(OCc5cccc(F)c5)c(Cl)c4)c3c2)o1,BCFGMOOMADDAQU-UHFFFAOYSA-N,8.15051499783199,True,c1ccc(COc2ccc(Nc3ncnc4ccc(-c5ccco5)cc34)cc2)cc1
CHEMBL4103912,C=CC(=O)Nc1cc(Nc2nccc(-c3cn(C)c4ccc(F)cc34)n2)c(OC)cc1N(C)CCN(C)C,BCKIIDKDXZHTEW-UHFFFAOYSA-N,8.309803919971486,True,c1ccc(Nc2nccc(-c3c[nH]c4ccccc34)n2)cc1
CHEMBL3699618,C=CC(=O)Nc1cccc(Nc2nc(Nc3ccc(N4CCN(C(=O)CC(C)(C)C)CC4)cc3OC)ncc2C(F)(F)F)c1,BCSFIPUWAMSZBP-UHFFFAOYSA-N,7.187086643357144,True,c1ccc(Nc2ccnc(Nc3ccc(N4CCNCC4)cc3)n2)cc1
CHEMBL2337367,CC(C)(C)C(=O)Nc1nc(Nc2ccccc2)c2c(n1)[nH]c1cccc(Cl)c12,BCUHRSRTCIJILL-UHFFFAOYSA-N,3.940436582098732,False,c1ccc(Nc2ncnc3[nH]c4ccccc4c23)cc1
CHEMBL1947127,COc1cc2ncc(C(=O)NC3CC(C)(C)N([O])C(C)(C)C3)c(Nc3cccc(Br)c3)c2cc1OC,BCURFDAGXNHOAX-UHFFFAOYSA-N,6.465973893943865,True,O=C(NC1CCNCC1)c1cnc2ccccc2c1Nc1ccccc1
CHEMBL4084214,CCC(=O)N1CCC[C@@H](n2nc(-c3cccc(F)c3)c3c(N)ncnc32)C1,BCVDNVLVZIDDSO-CQSZACIVSA-N,5.468521082957745,False,c1ccc(-c2nn([C@@H]3CCCNC3)c3ncncc23)cc1
CHEMBL4214588,COC(=O)c1ccc(O)c(-c2nc(NCc3cccnc3)c3ccccc3n2)c1,BCYOPZGXQUMCPD-UHFFFAOYSA-N,7.337242168318426,True,c1ccc(-c2nc(NCc3cccnc3)c3ccccc3n2)cc1
CHEMBL212965,[O-][S+]1CCN(Cc2ccc(-c3ccc4ncnc(Nc5ccc(OCc6ccccc6)c(Cl)c5)c4c3)o2)CC1,BDCAOKLPNVNFEL-UHFFFAOYSA-N,7.920818753952375,True,c1ccc(COc2ccc(Nc3ncnc4ccc(-c5ccc(CN6CC[SH+]CC6)o5)cc34)cc2)cc1
CHEMBL3671495,C=CC(=O)Nc1cc2c(Nc3ccc(Br)cc3F)ncnc2cc1OCCNC(=O)C(F)F,BDGBUNQPUJHMAM-UHFFFAOYSA-N,8.301029995663981,True,c1ccc(Nc2ncnc3ccccc23)cc1
CHEMBL2442333,COc1cc(O)c2c(c1)CCN(c1cccc(C(=O)N3CCCCC3)c1)C2=O,BDJUXSUNWGHGSD-UHFFFAOYSA-N,5.928117992693874,False,O=C(c1cccc(N2CCc3ccccc3C2=O)c1)N1CCCCC1
CHEMBL520515,Nc1ncnc2c1ncn2CC(=O)c1ccccc1,BDKWLPNYCJDNMC-UHFFFAOYSA-N,4.1249387366083,False,O=C(Cn1cnc2cncnc21)c1ccccc1
CHEMBL2348418,CS(=O)(=O)CCNC(=O)C1=Cc2c(ncnc2Nc2ccc(Oc3cccc4sccc34)c(Cl)c2)NCC1,BDLBQHQWRICEGB-UHFFFAOYSA-N,7.327902142064282,True,C1=Cc2c(ncnc2Nc2ccc(Oc3cccc4sccc34)cc2)NCC1
CHEMBL387265,COc1cc2ncnc(Nc3cccc(Cl)c3F)c2cc1OC1CCN(S(C)(=O)=O)CC1,BDLUIKGKNQFJIO-UHFFFAOYSA-N,8.698970004336019,True,c1ccc(Nc2ncnc3ccc(OC4CCNCC4)cc23)cc1
CHEMBL153170,Brc1cccc(Nc2[nH]cnc3ccc4ncnc4c23)c1,BDMNYUGZHHGKFM-UHFFFAOYSA-N,7.537602002101044,True,c1ccc(Nc2[nH]cnc3ccc4ncnc4c23)cc1
CHEMBL442754,COCCN(C)C/C=C/C(=O)Nc1ccc2ncnc(Nc3cccc(Br)c3)c2c1,BDNLTOXSGSRVFC-QPJJXVBHSA-N,7.207608310501746,True,c1ccc(Nc2ncnc3ccccc23)cc1
CHEMBL4216025,COc1cc(N2CCN(C)CC2)ccc1Nc1ncc(Cl)c(Oc2ccc(N=[N+]=[N-])cc2)n1,BDRGASDZHYYQHQ-UHFFFAOYSA-N,5.010550182333308,False,c1ccc(Oc2ccnc(Nc3ccc(N4CCNCC4)cc3)n2)cc1
CHEMBL310400,N#CC(C#N)=Cc1cccc(O)c1,BEIBHVQFFGGDLC-UHFFFAOYSA-N,3.425968732272281,False,c1ccccc1
CHEMBL272935,CN1CCN(CCCOc2[nH]nc3ncnc(Nc4ccc(OCc5ccccn5)c(Cl)c4)c23)CC1,BERLNDGSHCXVKP-UHFFFAOYSA-N,7.853871964321762,True,c1ccc(COc2ccc(Nc3ncnc4n[nH]c(OCCCN5CCNCC5)c34)cc2)nc1
CHEMBL4128726,C=CC(=O)Nc1cccc(-n2c(=O)n(C)c(=O)c3cnc(Nc4ccccc4)nc32)c1,BERVEUDGOSUAAE-UHFFFAOYSA-N,7.167491087293763,True,O=c1[nH]c(=O)n(-c2ccccc2)c2nc(Nc3ccccc3)ncc12
CHEMBL3787112,Nc1ncnc2c1c(-c1cccc(O)c1)cn2[C@H]1C[C@@H](CN2CCC2)C1,BETBNWGUKZUUAX-OTVXOJSOSA-N,5.638272163982407,False,c1ccc(-c2cn([C@H]3C[C@@H](CN4CCC4)C3)c3ncncc23)cc1
CHEMBL1934621,Cc1ncnc(Nc2ccc(OCc3cccc(F)c3)c(Cl)c2)c1C#Cc1ccccc1,BEVIHKFPMPLVPH-UHFFFAOYSA-N,6.187086643357144,False,C(#Cc1cncnc1Nc1ccc(OCc2ccccc2)cc1)c1ccccc1
CHEMBL4226436,C=CC(=O)Nc1cccc(NC(=O)Nc2ccnc(Nc3ccc(C4CCN(C)CC4)cc3OC)n2)c1,BEVNNPWOPWBYBX-UHFFFAOYSA-N,6.563837352959244,True,O=C(Nc1ccccc1)Nc1ccnc(Nc2ccc(C3CCNCC3)cc2)n1
CHEMBL121796,Clc1cccc(Nc2ncnc3[nH]nc(NCc4ccccc4)c23)c1,BEXPELAOVIOQHQ-UHFFFAOYSA-N,8.154901959985743,True,c1ccc(CNc2n[nH]c3ncnc(Nc4ccccc4)c23)cc1
CHEMBL392664,Fc1cccc(Cn2ncc3cc(Nc4ncnn5ccc(CNC6CCNCC6)c45)ccc32)c1,BFBSQOKQECCEPF-UHFFFAOYSA-N,6.958607314841775,True,c1ccc(Cn2ncc3cc(Nc4ncnn5ccc(CNC6CCNCC6)c45)ccc32)cc1
CHEMBL588119,CCCCCCCCN[C@H](C)[C@@H](O)c1ccc(SC(C)C)cc1,BFCDFTHTSVTWOG-YLJYHZDGSA-N,6.099960764512675,False,c1ccccc1
CHEMBL3219134,C=CC(=O)Nc1cccc(N2C(=O)C(Cc3ccc(OC)cc3)N(C)C(=O)c3cnc(Nc4ccc(N5CCN(C)CC5)cc4OC)nc32)c1,BFCDQACTJVOXQQ-UHFFFAOYSA-N,7.469160221383479,True,O=C1NC(Cc2ccccc2)C(=O)N(c2ccccc2)c2nc(Nc3ccc(N4CCNCC4)cc3)ncc21
CHEMBL4278815,C=C=CC(=O)Nc1cc(Nc2nccc(-c3cnn4ccccc34)n2)c(OC)cc1N(C)CCN(C)C,BFKWRQVPEGSWFS-UHFFFAOYSA-N,7.649751981665837,True,c1ccc(Nc2nccc(-c3cnn4ccccc34)n2)cc1
CHEMBL1173193,COc1ccc(C2CC(c3ccc(Br)c(Br)c3)=NN2C(N)=S)cc1,BFMZMSOVKUBSHF-UHFFFAOYSA-N,5.092051478387727,False,c1ccc(C2=NNC(c3ccccc3)C2)cc1
CHEMBL2385967,CN1CCN(Cc2ccc(C(=O)Nc3ccc(-c4cncc(C#N)c4Nc4ccc(OCc5ccccn5)c(Cl)c4)cc3)cc2)CC1,BFPSUMVLICHEMB-UHFFFAOYSA-N,5.638272163982407,False,O=C(Nc1ccc(-c2cnccc2Nc2ccc(OCc3ccccn3)cc2)cc1)c1ccc(CN2CCNCC2)cc1
CHEMBL3818289,O=C1NC(C(=O)Nc2cc3c(Nc4ccc(F)c(Cl)c4)ncnc3cc2OCCCN2CCOCC2)CO1,BFRZHSWXTMOYRY-UHFFFAOYSA-N,8.342944147142896,True,O=C1NC(C(=O)Nc2cc3c(Nc4ccccc4)ncnc3cc2OCCCN2CCOCC2)CO1
CHEMBL414220,C=CCN(C)CC#CC(=O)Nc1ccc2ncnc(Nc3cccc(Br)c3)c2c1,BFXGHOJOXUBCTO-UHFFFAOYSA-N,7.1487416512809245,True,c1ccc(Nc2ncnc3ccccc23)cc1
CHEMBL4067014,C=CC(=O)Nc1cc(Nc2nccc(-n3cc(C)c4ccccc43)n2)c(OC)cc1N(C)CCN(C)C,BFXOPDPBDZUCFW-UHFFFAOYSA-N,6.541513236201793,True,c1ccc(Nc2nccc(-n3ccc4ccccc43)n2)cc1
CHEMBL1821890,COc1ccc(C2=NN(c3nc(-c4ccccc4)cs3)C(c3ccc(F)cc3)C2)cc1,BGEQFDLBLSWCBY-UHFFFAOYSA-N,5.243363891754152,False,c1ccc(C2=NN(c3nc(-c4ccccc4)cs3)C(c3ccccc3)C2)cc1
CHEMBL127041,OCCNc1cc2ncnc(Nc3cccc(Br)c3)c2cn1,BGHDMTQKOHCXGS-UHFFFAOYSA-N,9.619788758288394,True,c1ccc(Nc2ncnc3ccncc23)cc1
CHEMBL455433,O=C(O[C@H]1CN[C@H](C#Cc2cc3ncnc(NCc4cccc(Oc5ccccc5)c4)c3s2)C1)N1CCOCC1,BGHXZIFCCVTXMJ-RCZVLFRGSA-N,6.7447274948966935,True,O=C(O[C@H]1CN[C@H](C#Cc2cc3ncnc(NCc4cccc(Oc5ccccc5)c4)c3s2)C1)N1CCOCC1
CHEMBL4204139,CN(CCCO)c1nc(Nc2ccc(F)cc2)nc2cnc(Nc3ccc(N4CCC(N(C)C)CC4)cn3)cc12,BGONFSAQFIVIRD-UHFFFAOYSA-N,7.284832642151542,True,c1ccc(Nc2ncc3cc(Nc4ccc(N5CCCCC5)cn4)ncc3n2)cc1
CHEMBL3344216,CN(C)[C@H](CS(C)(=O)=O)c1ccc(-c2ccc3ncnc(Nc4ccc(OCc5cccc(F)c5)c(Cl)c4)c3c2)o1,BGPAHUNSGVWHIG-AREMUKBSSA-N,8.387216143280265,True,c1ccc(COc2ccc(Nc3ncnc4ccc(-c5ccco5)cc34)cc2)cc1
CHEMBL3344221,CN(C)[C@@H](CS(C)(=O)=O)c1ccc(-c2ccc3ncnc(Nc4ccc(OCc5cccc(F)c5)c(Cl)c4)c3c2)o1,BGPAHUNSGVWHIG-SANMLTNESA-N,7.517126416391246,True,c1ccc(COc2ccc(Nc3ncnc4ccc(-c5ccco5)cc34)cc2)cc1
CHEMBL3344208,CN(C)C(CS(C)(=O)=O)c1ccc(-c2ccc3ncnc(Nc4ccc(OCc5cccc(F)c5)c(Cl)c4)c3c2)o1,BGPAHUNSGVWHIG-UHFFFAOYSA-N,8.167491087293763,True,c1ccc(COc2ccc(Nc3ncnc4ccc(-c5ccco5)cc34)cc2)cc1
CHEMBL162622,Brc1cccc(Nc2ncnc3cnc(NCCN4CCOCC4)cc23)c1,BGPOQKXCTILWFE-UHFFFAOYSA-N,9.187086643357144,True,c1ccc(Nc2ncnc3cnc(NCCN4CCOCC4)cc23)cc1
CHEMBL1947126,COc1cc2ncc(C(=O)NC3CC(C)(C)N([O])C(C)(C)C3)c(Nc3cccc(Cl)c3)c2cc1OC,BGPSYCLMKCEUGQ-UHFFFAOYSA-N,6.20551195334083,False,O=C(NC1CCNCC1)c1cnc2ccccc2c1Nc1ccccc1
CHEMBL1254286,CN(c1cccc(Br)c1)c1nc(N)nc2c1cc(Cc1ccccc1)n2C,BGSYWASSDBCFAF-UHFFFAOYSA-N,3.595850750790305,False,c1ccc(Cc2cc3c(Nc4ccccc4)ncnc3[nH]2)cc1
CHEMBL3360619,COc1cc2c(Nc3cccc(Br)c3)ncnc2cc1OCCCCCn1ccnc1[N+](=O)[O-],BHCMEUKLYVNHBF-UHFFFAOYSA-N,9.481486060122112,True,c1ccc(Nc2ncnc3cc(OCCCCCn4ccnc4)ccc23)cc1
CHEMBL3919271,C=CC(=O)Nc1cccc(Nc2nc(Nc3cccc(OC)c3OC)ncc2Cl)c1,BHJUAKDTALSDNG-UHFFFAOYSA-N,6.187086643357144,False,c1ccc(Nc2ccnc(Nc3ccccc3)n2)cc1
CHEMBL592713,C#CCCCOc1cc2c(Nc3cccc(Cl)c3)ncnc2cc1OC,BHLKTDQPSGRIAY-UHFFFAOYSA-N,7.752026733638194,True,c1ccc(Nc2ncnc3ccccc23)cc1
CHEMBL80302,Cc1cc2cc(Nc3ncnc4cc(-c5ccccc5)sc34)ccc2[nH]1,BHQDAUJABYYOCH-UHFFFAOYSA-N,7.0,True,c1ccc(-c2cc3ncnc(Nc4ccc5[nH]ccc5c4)c3s2)cc1
CHEMBL418906,CC(C)(C)OC(=O)NCCNC(=O)c1ccc(S(=O)(=O)Oc2ccc(/C=C/[N+](=O)[O-])cc2)cc1,BHQGHWWROTWESK-NTCAYCPXSA-N,5.853871964321762,False,O=S(=O)(Oc1ccccc1)c1ccccc1
CHEMBL363607,Cc1ccc(F)c(C(=O)n2nc(Nc3ccc(S(N)(=O)=O)cc3)nc2C)c1F,BHQZGGSZRHDQFZ-UHFFFAOYSA-N,4.339134521996131,False,O=C(c1ccccc1)n1cnc(Nc2ccccc2)n1
CHEMBL1956891,Nc1nc(Nc2cccc(Br)c2)c2ccn(Cc3ccc(Cl)cc3)c2n1,BHRRBEIGFFNGJI-UHFFFAOYSA-N,4.000434511774018,False,c1ccc(Cn2ccc3c(Nc4ccccc4)ncnc32)cc1
CHEMBL154911,O=C(CCc1c(S)[nH]c2ccccc12)NCc1ccccc1,BHVLMTCXNZDDMY-UHFFFAOYSA-N,4.0,False,O=C(CCc1c[nH]c2ccccc12)NCc1ccccc1
CHEMBL3764603,COCCOc1cc2ncnc(Nc3cccc(NC(=O)C45CC6CC(CC(C6)C4)C5)c3)c2cc1OCCOC,BHVRWHBURXJQCE-UHFFFAOYSA-N,7.838631997765026,True,O=C(Nc1cccc(Nc2ncnc3ccccc23)c1)C12CC3CC(CC(C3)C1)C2
CHEMBL212954,[O-][S+]1CCN(Cc2ccc(-c3ccc4ncnc(Nc5ccc(OCc6cccc(F)c6)c(Cl)c5)c4c3)o2)CC1,BHZWACACNOOTKB-UHFFFAOYSA-N,7.552841968657781,True,c1ccc(COc2ccc(Nc3ncnc4ccc(-c5ccc(CN6CC[SH+]CC6)o5)cc34)cc2)cc1
CHEMBL385479,COc1cc2ncnc(Nc3cccc(Cl)c3F)c2cc1OCCCN1CCOCC1,BIFFYWVZRGCPLC-UHFFFAOYSA-N,7.744727494896693,True,c1ccc(Nc2ncnc3ccc(OCCCN4CCOCC4)cc23)cc1
CHEMBL3942228,CCOc1cc2ncnc(Nc3ccc4c(cnn4Cc4ccccc4)c3)c2cc1NC(=O)/C=C/CN1CCCCC1,BIHYRPIDCXHQKD-FMIVXFBMSA-N,8.096910013008056,True,O=C(/C=C/CN1CCCCC1)Nc1ccc2ncnc(Nc3ccc4c(cnn4Cc4ccccc4)c3)c2c1
CHEMBL418203,CN1CCC(c2c(O)cc(O)c3c(=O)cc(-c4ccccc4Cl)oc23)[C@@H](O)C1,BIIVYFLTOXDAOV-TYJDENFWSA-N,5.337242168318426,False,O=c1cc(-c2ccccc2)oc2c(C3CCNCC3)cccc12
CHEMBL428690,CN1CC[C@H](c2c(O)cc(O)c3c(=O)cc(-c4ccccc4Cl)oc23)[C@H](O)C1,BIIVYFLTOXDAOV-YVEFUNNKSA-N,5.119186407719209,False,O=c1cc(-c2ccccc2)oc2c(C3CCNCC3)cccc12
CHEMBL380078,CNC(=O)NCc1cccc(C#Cc2cncnc2Nc2ccc(OCc3cccc(F)c3)c(Cl)c2)n1,BIMWWEYHEVYXDA-UHFFFAOYSA-N,7.638272163982407,True,C(#Cc1cncnc1Nc1ccc(OCc2ccccc2)cc1)c1ccccn1
CHEMBL1828872,O=C(Cc1ccc(Cl)cc1)NS(=O)(=O)c1ccc(F)cc1,BIOWMBMJKQEQBG-UHFFFAOYSA-N,5.018181392829336,False,O=C(Cc1ccccc1)NS(=O)(=O)c1ccccc1
CHEMBL3775285,O=C1COc2cc3ncnc(Nc4cccc(F)c4)c3cc2N1CCCN1CCOCC1,BIQNFLRURAXZDG-UHFFFAOYSA-N,6.6106566887479215,True,O=C1COc2cc3ncnc(Nc4ccccc4)c3cc2N1CCCN1CCOCC1
CHEMBL597708,CCCCCCCCCNC(=O)COc1cc(O)c2c(=O)cc(-c3ccccc3)oc2c1,BISFZYVCWGSOEQ-UHFFFAOYSA-N,5.446116973356125,False,O=c1cc(-c2ccccc2)oc2ccccc12
CHEMBL2437465,C=CC(=O)Nc1cccc(-n2c(=O)cnc3cnc(Nc4ccc(N(CC)CC)cc4)nc32)c1,BIUVCZQWTOSTRS-UHFFFAOYSA-N,8.326058001365912,True,O=c1cnc2cnc(Nc3ccccc3)nc2n1-c1ccccc1
CHEMBL125086,CCOc1cc2ncnc(Nc3cccc(-c4ccco4)c3)c2cc1OCC,BIWPVOALWJBGSX-UHFFFAOYSA-N,8.522878745280337,True,c1cc(Nc2ncnc3ccccc23)cc(-c2ccco2)c1
CHEMBL118904,O=[N+]([O-])c1cccc(-c2[nH]nc3ncnc(Nc4cccc(Cl)c4)c23)c1,BJCWVHPCCLIDDY-UHFFFAOYSA-N,6.568636235841012,True,c1ccc(Nc2ncnc3n[nH]c(-c4ccccc4)c23)cc1
CHEMBL134312,CN(C)N=Nc1ccc2ncnc(Nc3cccc(Br)c3)c2c1,BJHHCOYBAMQCLB-UHFFFAOYSA-N,7.958607314841775,True,c1ccc(Nc2ncnc3ccccc23)cc1
CHEMBL3924500,S=C(NNc1nncc2ccccc12)Nc1ccccc1,BJKBZKFIXRDJFX-UHFFFAOYSA-N,7.187086643357144,True,S=C(NNc1nncc2ccccc12)Nc1ccccc1
CHEMBL1242288,COc1ccc(-c2nn([C@@H]3CCNC3)c3ncnc(N)c23)cc1O,BJNPYRHGWJVECX-SNVBAGLBSA-N,4.8996294548824375,False,c1ccc(-c2nn([C@@H]3CCNC3)c3ncncc23)cc1
CHEMBL3586174,O=C1N=C(N2CCCC2C(=O)Nc2ccc3ncnc(Nc4cccc(Cl)c4)c3c2)S/C1=C/c1cccs1,BJOSXRHCJGGFNY-OEAKJJBVSA-N,5.091514981121351,False,O=C1N=C(N2CCCC2C(=O)Nc2ccc3ncnc(Nc4ccccc4)c3c2)S/C1=C/c1cccs1
CHEMBL3758749,COc1cc2c(Nc3ccc(NC(=O)c4cccc(Cl)c4)cc3)ncnc2cc1OCCCN1CCN(C)CC1,BJPTWWXRRXRJMX-UHFFFAOYSA-N,6.823908740944319,True,O=C(Nc1ccc(Nc2ncnc3cc(OCCCN4CCNCC4)ccc23)cc1)c1ccccc1
CHEMBL3734933,CO[C@H]1CCN(c2nccc(Nc3cc4c(cn3)nc(CO)n4C(C)C)n2)C[C@H]1F,BJQBLOLTVCVLLZ-CJNGLKHVSA-N,6.537602002101044,True,c1cc(Nc2cc3[nH]cnc3cn2)nc(N2CCCCC2)n1
CHEMBL2178351,CC(C)n1c(Nc2ccccc2)nc2cnc(Nc3ccc(N4CCN(C)CC4)cc3)nc21,BJQHKZQCLPRNHN-UHFFFAOYSA-N,8.301029995663981,True,c1ccc(Nc2nc3cnc(Nc4ccc(N5CCNCC5)cc4)nc3[nH]2)cc1
CHEMBL3671500,C=CC(=O)Nc1cc2c(Nc3ccc(Br)cc3F)ncnc2cc1OCCNCC(C)=O,BJQOPTDJQILKBE-UHFFFAOYSA-N,8.522878745280337,True,c1ccc(Nc2ncnc3ccccc23)cc1
CHEMBL3985134,C=CC(=O)Nc1cccc(Oc2nc(Nc3ccc(OC)c(OC)c3OC)ncc2C(F)(F)F)c1,BJXUJZVUNLHQJX-UHFFFAOYSA-N,7.187086643357144,True,c1ccc(Nc2nccc(Oc3ccccc3)n2)cc1
CHEMBL162508,Cc1cccc(Nc2ncnc3cnc(NCCCN4CCOCC4)cc23)c1,BJYJRYMXVLVRPI-UHFFFAOYSA-N,8.744727494896694,True,c1ccc(Nc2ncnc3cnc(NCCCN4CCOCC4)cc23)cc1
CHEMBL3237936,COc1cc(N2CCN(C)CC2)ccc1Nc1ncc(Cl)c(Oc2cccc(NC(=O)CCN3CCN(CCO)CC3)c2)n1,BKFLJXMODULWTK-UHFFFAOYSA-N,5.6219656775426685,False,O=C(CCN1CCNCC1)Nc1cccc(Oc2ccnc(Nc3ccc(N4CCNCC4)cc3)n2)c1
CHEMBL3699588,C=CC(=O)Nc1cccc(Oc2nc(Nc3ccc(N4CCN(C(C)=O)CC4)cc3OC)ncc2C(F)(F)F)c1,BKGAQRNSVMXWHB-UHFFFAOYSA-N,8.259637310505756,True,c1ccc(Oc2ccnc(Nc3ccc(N4CCNCC4)cc3)n2)cc1
CHEMBL1243284,CNC/C=C/C(=O)Nc1cc2c(Nc3ccc(F)c(Cl)c3)c(C#N)cnc2cc1OCCF,BKVGIHTVFOZUEA-NSCUHMNNSA-N,8.090443970758825,True,c1ccc(Nc2ccnc3ccccc23)cc1
CHEMBL153843,O=C(Nc1cccc(C(F)(F)F)c1)c1ccccc1NCc1ccncc1,BLAFVGLBBOPRLP-UHFFFAOYSA-N,4.982966660701219,False,O=C(Nc1ccccc1)c1ccccc1NCc1ccncc1
CHEMBL92731,CCCN(C/C=C/C(=O)Nc1ccc2ncnc(Nc3cccc(Br)c3)c2c1)CCC,BLCWDFQAJUMTGJ-RMKNXTFCSA-N,7.045757490560675,True,c1ccc(Nc2ncnc3ccccc23)cc1
CHEMBL4129138,CN1CCN(c2ccc(Nc3cc4c(N[C@@H]5CCCN(C)C5)nc(Nc5ccccc5)nc4cn3)nc2)CC1,BLEXFAVHCWOELK-JOCHJYFZSA-N,8.346787486224656,True,c1ccc(Nc2nc(N[C@@H]3CCCNC3)c3cc(Nc4ccc(N5CCNCC5)cn4)ncc3n2)cc1
CHEMBL4126810,CN1CCN(c2ccc(Nc3cc4c(N[C@H]5CCCN(C)C5)nc(Nc5ccccc5)nc4cn3)nc2)CC1,BLEXFAVHCWOELK-QFIPXVFZSA-N,8.769551078621726,True,c1ccc(Nc2nc(N[C@H]3CCCNC3)c3cc(Nc4ccc(N5CCNCC5)cn4)ncc3n2)cc1
CHEMBL57758,COc1cc2ncnc(Nc3ccc(F)c(Cl)c3)c2cc1OCCN1CCCC1,BLFAAYGECSULMU-UHFFFAOYSA-N,7.060480747381382,True,c1ccc(Nc2ncnc3ccc(OCCN4CCCC4)cc23)cc1
CHEMBL431001,Cc1[nH]c2ncnc(Nc3cccc(C(=O)O)c3)c2c1C,BLFMAJXPFSGCTK-UHFFFAOYSA-N,4.787812395596042,False,c1ccc(Nc2ncnc3[nH]ccc23)cc1
CHEMBL589831,O=C(Nc1ccc(Br)cc1)c1ccc(N(CCCl)CCCl)cc1,BLKHBMPRDHTKGF-UHFFFAOYSA-N,6.026872146400301,False,O=C(Nc1ccccc1)c1ccccc1
CHEMBL4070404,CCC(=O)N1CC[C@H](N2C(=O)N(c3cccc(F)c3)Cc3cnc(Nc4ccc(N5CCN(C)CC5)c(C)c4)nc32)C1,BLKLWUAZLLDUJP-SANMLTNESA-N,7.446116973356125,True,O=C1N(c2ccccc2)Cc2cnc(Nc3ccc(N4CCNCC4)cc3)nc2N1[C@H]1CCNC1
CHEMBL1934631,Cc1ncnc(Nc2ccc(OCc3cccc(F)c3)c(Cl)c2)c1C=Cc1ccc(CNCCS(C)(=O)=O)cc1,BLLJPLGCOYWICB-UHFFFAOYSA-N,7.026872146400302,True,C(=Cc1cncnc1Nc1ccc(OCc2ccccc2)cc1)c1ccccc1
CHEMBL186802,COc1cc2ncnc(Nc3cccc(NC(=O)c4ccccc4)c3)c2cc1OC,BLQGAUTUIVRLHZ-UHFFFAOYSA-N,5.251811972993799,False,O=C(Nc1cccc(Nc2ncnc3ccccc23)c1)c1ccccc1
CHEMBL427671,Cc1ccn2ncnc(Nc3ccc4c(cnn4Cc4cccc(F)c4)c3)c12,BLRPVPKLIFBVIC-UHFFFAOYSA-N,7.091514981121351,True,c1ccc(Cn2ncc3cc(Nc4ncnn5cccc45)ccc32)cc1
CHEMBL1958021,Oc1csc(N2N=C(c3ccccc3)CC2c2ccc(Cl)cc2)n1,BLSMXBYXZBWETN-UHFFFAOYSA-N,5.45717457304082,False,c1ccc(C2=NN(c3nccs3)C(c3ccccc3)C2)cc1
CHEMBL293986,Cn1c(SSc2c(C(=O)Nc3ccccc3)c3c(Cl)cccc3n2C)c(C(=O)Nc2ccccc2)c2c(Cl)cccc21,BLTLMFALRUNXKG-UHFFFAOYSA-N,4.0,False,O=C(Nc1ccccc1)c1c(SSc2[nH]c3ccccc3c2C(=O)Nc2ccccc2)[nH]c2ccccc12
CHEMBL599524,CCCCCCCOC(=O)COc1cc(O)c2c(=O)cc(-c3ccccc3)oc2c1,BLURSICPPVURTR-UHFFFAOYSA-N,5.140861702705469,False,O=c1cc(-c2ccccc2)oc2ccccc12
CHEMBL3663928,C=CC(=O)Nc1cccc(Oc2nc(Nc3ccc(N4CCN(CC)CC4)cc3)c(C(N)=O)nc2CC)c1,BLVSTWDZDHSEQQ-UHFFFAOYSA-N,8.853871964321762,True,c1ccc(Oc2cncc(Nc3ccc(N4CCNCC4)cc3)n2)cc1
CHEMBL2437479,C=CC(=O)Nc1cccc(-n2c(=O)cnc3cnc(Nc4ccc(OC)cc4)nc32)c1,BLWDOLCMBQDSMT-UHFFFAOYSA-N,8.2518119729938,True,O=c1cnc2cnc(Nc3ccccc3)nc2n1-c1ccccc1
CHEMBL169390,Nc1ncnc2c1c(-c1cccc(O)c1)cn2C1CCCC1,BLYRPGBSIKAIAU-UHFFFAOYSA-N,7.096910013008056,True,c1ccc(-c2cn(C3CCCC3)c3ncncc23)cc1
CHEMBL3786962,C=CC(=O)Nc1cccc(Oc2nc(Nc3cnn(C)c3)nc3[nH]ccc23)c1,BMBAFWOVSWBDSJ-UHFFFAOYSA-N,7.886056647693163,True,c1ccc(Oc2nc(Nc3cn[nH]c3)nc3[nH]ccc23)cc1
CHEMBL1744349,COc1cc2c(Nc3ccc(Cl)cc3F)ncnc2cc1OC/C=C/CN1CCCC1,BMEKKWWFQMYXPU-SNAWJCMRSA-N,7.045757490560675,True,C(=C\CN1CCCC1)/COc1ccc2c(Nc3ccccc3)ncnc2c1
CHEMBL338448,CO[C@H]1[C@@H](N(C)C(=O)c2ccccc2)C[C@@H]2O[C@@]1(C)n1c3ccccc3c3c4c(c5c6ccccc6n2c5c31)C(=O)NC4,BMGQWWVMWDBQGC-PZFYLCKJSA-N,5.721246399047171,False,O=C(N[C@@H]1CC2O[C@@H](C1)n1c3ccccc3c3c4c(c5c6ccccc6n2c5c31)CNC4=O)c1ccccc1
CHEMBL3699590,C=CC(=O)Nc1cccc(Nc2nc(Nc3ccc(N4CCN(C(=O)CO)CC4)cc3OC)ncc2Cl)c1,BMMHTJXCXNYDDS-UHFFFAOYSA-N,7.698970004336019,True,c1ccc(Nc2ccnc(Nc3ccc(N4CCNCC4)cc3)n2)cc1
CHEMBL3674151,CC(C)n1c(Nc2ccc(F)c(Cl)c2)nc2cnc(Nc3ccc(C(=O)NN4CCN(C)CC4)cc3F)nc21,BMNRVDRIGUMQRP-UHFFFAOYSA-N,8.397940008672037,True,O=C(NN1CCNCC1)c1ccc(Nc2ncc3nc(Nc4ccccc4)[nH]c3n2)cc1
CHEMBL2347964,CC(=O)Nc1ccc(-c2c(-c3ccccc3)oc3ncnc(N[C@H](CO)c4ccccc4)c23)cc1,BMSYYYVQJGFDHW-HSZRJFAPSA-N,6.747146969020107,True,c1ccc(CNc2ncnc3oc(-c4ccccc4)c(-c4ccccc4)c23)cc1
CHEMBL2029693,Cc1cccc(N2NC(=O)/C(=C/c3ccc(-c4ccccc4F)o3)C2=O)c1,BMWSFCOIWKFNTM-ATVHPVEESA-N,4.636388020107856,False,O=C1NN(c2ccccc2)C(=O)/C1=C\c1ccc(-c2ccccc2)o1
CHEMBL2437468,C=CC(=O)Nc1ccc(-n2c(=O)cnc3cnc(Nc4ccc(N5CCN(C)CC5)cc4OC)nc32)cc1,BMYBPXJXNNXUJF-UHFFFAOYSA-N,6.565431095965801,True,O=c1cnc2cnc(Nc3ccc(N4CCNCC4)cc3)nc2n1-c1ccccc1
CHEMBL3219131,C=CC(=O)Nc1cccc(N2C(=O)C(c3ccccc3)N(C)C(=O)c3cnc(Nc4ccc(N5CCN(C)CC5)cc4OC)nc32)c1,BMYOQJPJJPXZBN-UHFFFAOYSA-N,7.112438959069991,True,O=C1NC(c2ccccc2)C(=O)N(c2ccccc2)c2nc(Nc3ccc(N4CCNCC4)cc3)ncc21
CHEMBL3946259,Cc1ccc2c(c1)nc(NC(=O)c1cccc(C(F)(F)F)c1)n2[C@H]1CC[C@H](O)CC1,BMZOMVWNQVOUHM-QAQDUYKDSA-N,6.853871964321762,True,O=C(Nc1nc2ccccc2n1C1CCCCC1)c1ccccc1
CHEMBL4228473,C=CC(=O)Nc1cccc(NC(=O)Nc2ccnc(Nc3ccc(N4CCN(C)CC4)cc3OC)n2)c1,BMZQKFIGQSREGD-UHFFFAOYSA-N,7.769551078621726,True,O=C(Nc1ccccc1)Nc1ccnc(Nc2ccc(N3CCNCC3)cc2)n1
CHEMBL184750,Cc1cc2c(Nc3ccc(C)c(O)c3)ncnn2c1,BNJHLXRPLVJJDL-UHFFFAOYSA-N,6.187086643357144,False,c1ccc(Nc2ncnn3cccc23)cc1
CHEMBL3671509,C=CC(=O)Nc1cc2c(Nc3ccc(Br)cc3F)ncnc2cc1OCCNC(=S)NCC,BNKGZNXIORHJHK-UHFFFAOYSA-N,7.040958607678906,True,c1ccc(Nc2ncnc3ccccc23)cc1
CHEMBL52015,CN(C)c1ccc2ncnc(Nc3cccc(Br)c3)c2c1,BNMOXMJDRLQWOW-UHFFFAOYSA-N,7.075720713938118,True,c1ccc(Nc2ncnc3ccccc23)cc1
CHEMBL1958022,Oc1csc(N2N=C(c3ccccc3)CC2c2ccc(Br)cc2)n1,BNORPTGPKVWAPY-UHFFFAOYSA-N,5.8696662315049934,False,c1ccc(C2=NN(c3nccs3)C(c3ccccc3)C2)cc1
CHEMBL3426225,CCn1nc(C#Cc2cc(C(=O)Nc3ccc(CN4CCN(C)CC4)c(C(F)(F)F)c3)ccc2C)c2c(N)ncnc21,BNRXMSGHPVYSDK-UHFFFAOYSA-N,5.453704164878557,False,O=C(Nc1ccc(CN2CCNCC2)cc1)c1cccc(C#Cc2n[nH]c3ncncc23)c1
CHEMBL3741304,C#Cc1cccc(Nc2ncnc3cc(OCCOC(=O)c4ccc(C(=O)Nc5ccc6c(c5)C(C)(C)CCC6(C)C)cc4)c(OCCOC)cc23)c1,BOCGDIORWNNYOP-UHFFFAOYSA-N,7.494850021680094,True,O=C(Nc1ccc2c(c1)CCCC2)c1ccc(C(=O)OCCOc2ccc3c(Nc4ccccc4)ncnc3c2)cc1
CHEMBL3736121,CO[C@H]1CCN(c2nccc(Nc3cc4c(cn3)nc([C@@H](C)O)n4[C@H](C)C(F)(F)F)n2)C[C@H]1F,BOPSHQJEVUOWPS-JXFSHQFZSA-N,4.6777807052660805,False,c1cc(Nc2cc3[nH]cnc3cn2)nc(N2CCCCC2)n1
CHEMBL461795,COc1cc2ncnc(Nc3ccc(F)c(Cl)c3)c2cc1CN1CCC(C(N)=O)C1,BORKFJDWZHJYIA-UHFFFAOYSA-N,8.221848749616356,True,c1ccc(Nc2ncnc3ccc(CN4CCCC4)cc23)cc1
CHEMBL190651,COCC(=O)Nc1ccc2ncnc(Nc3cc(Cl)c(Cl)cc3F)c2c1,BOTQXVZWXJGWAV-UHFFFAOYSA-N,6.598599459218455,True,c1ccc(Nc2ncnc3ccccc23)cc1
CHEMBL3347487,CC1(C)[C@H]2CC3OB(COc4ccc5ncnc(Nc6cccc(Cl)c6)c5c4)O[C@@]3(C)[C@@H]1C2,BOUNJMRFWGSGKI-IRHHMBFTSA-N,6.698970004336019,True,c1ccc(Nc2ncnc3ccc(OCB4OC5C[C@H]6C[C@H](C6)C5O4)cc23)cc1
CHEMBL233324,O=C1CCN(Cc2ccn3ncnc(Nc4ccc5c(cnn5Cc5cccc(F)c5)c4)c23)CCN1,BOURCKXZYDOVSP-UHFFFAOYSA-N,6.619788758288394,True,O=C1CCN(Cc2ccn3ncnc(Nc4ccc5c(cnn5Cc5ccccc5)c4)c23)CCN1
CHEMBL542887,C=C(CN(C)C)C(=O)c1ccc(OCc2ccccc2)c(O)c1,BOXXZXNYZHHZNA-UHFFFAOYSA-N,6.173925197299173,False,c1ccc(COc2ccccc2)cc1
CHEMBL2437478,C=CC(=O)Nc1ccc(-n2c(=O)cnc3cnc(Nc4ccc(OC)cc4)nc32)cc1,BPENWXBDNSHEHD-UHFFFAOYSA-N,5.318577844278991,False,O=c1cnc2cnc(Nc3ccccc3)nc2n1-c1ccccc1
CHEMBL3237941,Cc1nn(-c2ccccc2)c(Cl)c1C1C(C#N)C(=N)N(c2cccnc2)C2=CC(C)(C)CC(=O)C21,BPGHWPSDFHJVNI-UHFFFAOYSA-N,4.493089274448482,False,N=C1CC(c2cnn(-c3ccccc3)c2)C2C(=O)CCC=C2N1c1cccnc1
CHEMBL3734934,CC(C)n1c(CO)nc2cnc(Nc3ccnc(N4CC[C@H](O)[C@H](F)C4)n3)cc21,BPMVYYLSRDJWNL-DOMZBBRYSA-N,5.596879478824182,False,c1cc(Nc2cc3[nH]cnc3cn2)nc(N2CCCCC2)n1
CHEMBL4207984,N#Cc1ccc(O)c(-c2nc(NCc3cccnc3)c3ccccc3n2)c1,BPTUCHARDQHTEK-UHFFFAOYSA-N,7.638272163982407,True,c1ccc(-c2nc(NCc3cccnc3)c3ccccc3n2)cc1
CHEMBL3612587,CCOC(=O)CCCn1c(=O)oc2cc3ncnc(Nc4cc(C(=O)OCC)ccc4O)c3cc21,BPWNTZMCCCSEQN-UHFFFAOYSA-N,8.136677139879545,True,O=c1[nH]c2cc3c(Nc4ccccc4)ncnc3cc2o1
CHEMBL4212450,COc1cc(N2CCN(C)CC2)ccc1Nc1ncc(Cl)c(Oc2ccccc2NC(=O)CO)n1,BQBNPQXFWWIVER-UHFFFAOYSA-N,6.698970004336019,True,c1ccc(Oc2ccnc(Nc3ccc(N4CCNCC4)cc3)n2)cc1
CHEMBL1914664,Oc1ccc(-c2cc3c(NCc4cccc(F)c4)ncnc3[nH]2)cc1,BQECKBKOOADETI-UHFFFAOYSA-N,7.2839966563652,True,c1ccc(CNc2ncnc3[nH]c(-c4ccccc4)cc23)cc1
CHEMBL90595,O=C(C#CCN1CCCCC1)Nc1ccc2ncnc(Nc3cccc(Br)c3)c2c1,BQMMBUOYOGSCCG-UHFFFAOYSA-N,7.244125144327507,True,O=C(C#CCN1CCCCC1)Nc1ccc2ncnc(Nc3ccccc3)c2c1
CHEMBL308134,N#CC(C#N)=Cc1ccc(O)c([N+](=O)[O-])c1,BQOURLGXLYRASY-UHFFFAOYSA-N,3.903089986991944,False,c1ccccc1
CHEMBL1958216,Cc1ccc(C2=NN(c3nc(O)cs3)C(c3ccc(C)cc3)C2)cc1,BQRGQEHXXXZSHK-UHFFFAOYSA-N,5.935542010773082,False,c1ccc(C2=NN(c3nccs3)C(c3ccccc3)C2)cc1
CHEMBL544865,COc1cc2sc3c(Nc4cccc(Br)c4)ncnc3c2cc1OC,BQRQLVIVDZZXTA-UHFFFAOYSA-N,6.35261702988538,True,c1ccc(Nc2ncnc3c2sc2ccccc23)cc1
CHEMBL57990,COc1cc2ncnc(Nc3ccc(F)c(Cl)c3)c2cc1OCCCN(C)C,BQTOLZHBHCEHJX-UHFFFAOYSA-N,7.309803919971486,True,c1ccc(Nc2ncnc3ccccc23)cc1
CHEMBL250524,COc1cc2ncnc(C#CC(C)(C)N(C)c3ccccc3)c2cc1OC,BQXIAZSINPRHQQ-UHFFFAOYSA-N,7.096910013008056,True,C(#Cc1ncnc2ccccc12)CNc1ccccc1
CHEMBL133024,CN=NNc1ccc2ncnc(Nc3cccc(Cl)c3)c2c1,BQYLYGKCCJLIKQ-UHFFFAOYSA-N,7.0,True,c1ccc(Nc2ncnc3ccccc23)cc1
CHEMBL251497,CC(C)(O)C#Cc1ccc2ncnc(Nc3ccc(F)c(Cl)c3)c2c1,BRCXEKGENXSPDA-UHFFFAOYSA-N,6.819587367161676,True,c1ccc(Nc2ncnc3ccccc23)cc1
CHEMBL98798,COc1cc2ncnc(Oc3cccc(Br)c3)c2cc1OC,BRHOGFZRGDIAMT-UHFFFAOYSA-N,5.119186407719209,False,c1ccc(Oc2ncnc3ccccc23)cc1
CHEMBL2425087,COc1cc2ncnc(Nc3ccc(F)c(Cl)c3)c2cc1OCCN1CC2(COC2)C1,BRHYQUCKSLQDHX-UHFFFAOYSA-N,7.795880017344075,True,c1ccc(Nc2ncnc3ccc(OCCN4CC5(COC5)C4)cc23)cc1
CHEMBL4159404,C=CC(=O)Nc1cc(Nc2nccc(Nc3ccccc3-c3ccn(C)n3)n2)c(OC)cc1N1CCC(N(C)C)CC1,BRIZTGRFTOEGGN-UHFFFAOYSA-N,7.414539270491499,True,c1ccc(-c2cc[nH]n2)c(Nc2ccnc(Nc3ccc(N4CCCCC4)cc3)n2)c1
CHEMBL3734877,COC1CCN(c2nccc(Nc3cc4c(cn3)nc(CO)n4C(C)C)n2)CC1,BROYMMFRLLTITA-UHFFFAOYSA-N,5.627087997029893,False,c1cc(Nc2cc3[nH]cnc3cn2)nc(N2CCCCC2)n1
CHEMBL3977192,NC(=S)NNc1nncc2ccccc12,BRPCQCNGNFEDIO-UHFFFAOYSA-N,7.113509274827518,True,c1ccc2cnncc2c1
CHEMBL170724,COc1ccc(-c2cn(C3CCCC3)c3ncnc(N)c23)cc1,BRUSFAZPHIPJRR-UHFFFAOYSA-N,6.2441251443275085,False,c1ccc(-c2cn(C3CCCC3)c3ncncc23)cc1
CHEMBL1914672,C[C@@H](Nc1ncnc2[nH]c(-c3ccc(F)cc3)cc12)c1ccc(F)cc1,BRUXXKMYGZJMRS-GFCCVEGCSA-N,7.568636235841012,True,c1ccc(CNc2ncnc3[nH]c(-c4ccccc4)cc23)cc1
CHEMBL2048795,OCCn1ccc2ncnc(Nc3ccc(Oc4cccc5cc(O)[nH]c45)c(Cl)c3)c21,BRVZEAPSOITWNA-UHFFFAOYSA-N,8.55284196865778,True,c1cc(Oc2ccc(Nc3ncnc4cc[nH]c34)cc2)c2[nH]ccc2c1
CHEMBL3895411,C=C(CN1CCOCC1)C(=O)N1CC(Oc2cc3c(Nc4ccc(F)c(Cl)c4F)ncnc3cc2OC)C1,BRXFVLUCRCNQBA-UHFFFAOYSA-N,8.397940008672037,True,C=C(CN1CCOCC1)C(=O)N1CC(Oc2ccc3ncnc(Nc4ccccc4)c3c2)C1
CHEMBL3751967,COc1ccc(-c2cc(NC(=O)Nc3nccs3)cc(C(F)(F)F)c2)cn1,BSBPOUGKMKGQTO-UHFFFAOYSA-N,6.321791291345775,True,O=C(Nc1cccc(-c2cccnc2)c1)Nc1nccs1
CHEMBL3608433,C=CC(=O)N[C@@H]1CN(c2nc(Nc3cn(C4CCN(C)C4)nc3OC)c3ncn(C(C)C)c3n2)C[C@H]1F,BSFRRHNDBNCWNZ-YJEKIOLLSA-N,8.221848749616356,True,c1nc2c(Nc3cnn(C4CCNC4)c3)nc(N3CCCC3)nc2[nH]1
CHEMBL299707,COc1ccccc1C(=O)Nc1cccc(Nc2nccc(-c3cccnc3)n2)c1,BSFVNTMWZAAILN-UHFFFAOYSA-N,4.0,False,O=C(Nc1cccc(Nc2nccc(-c3cccnc3)n2)c1)c1ccccc1
CHEMBL165864,OCCNc1cc2c(Nc3cccc(Br)c3)ncnc2cn1,BSMQFXOOMVGQQY-UHFFFAOYSA-N,9.721246399047171,True,c1ccc(Nc2ncnc3cnccc23)cc1
CHEMBL21108,O=C1NC(=O)c2c1c1c3cccc(O)c3[nH]c1c1c2c2cccc(O)c2n1C1OC(CO)C(O)C(O)C1O,BSQFHYQBCYIAKE-UHFFFAOYSA-N,4.045757490560675,False,O=C1NC(=O)c2c1c1c3ccccc3[nH]c1c1c2c2ccccc2n1C1CCCCO1
CHEMBL3759280,COc1cc(C=O)ccc1-c1cc2c(Nc3ccc(F)c(Cl)c3)ncnc2s1,BSQVJNCDUAEBNR-UHFFFAOYSA-N,8.301029995663981,True,c1ccc(Nc2ncnc3sc(-c4ccccc4)cc23)cc1
CHEMBL1173397,COc1ccc(C2CC(c3ccc(C)c(C)c3)=NN2C(C)=O)cc1,BSVIZWSWNYCASX-UHFFFAOYSA-N,4.8170150329964185,False,c1ccc(C2=NNC(c3ccccc3)C2)cc1
CHEMBL4227091,C=CC(=O)Nc1cc(Nc2ncc3ncn(-c4ccc(I)cc4)c3n2)c(OC)cc1N(C)CCN(C)C,BSYAGXNEKVDKDC-UHFFFAOYSA-N,8.455931955649724,True,c1ccc(Nc2ncc3ncn(-c4ccccc4)c3n2)cc1
CHEMBL118321,COc1cc(C=C(C#N)C#N)cc(CSc2ccccc2C(=O)O)c1O,BSYPGOABDXSGOL-UHFFFAOYSA-N,4.443697499232713,False,c1ccc(CSc2ccccc2)cc1
CHEMBL1821891,COc1ccc(C2=NN(c3nc(-c4ccccc4)cs3)C(c3ccc(Cl)cc3)C2)cc1,BSZCGYIMLQWMNM-UHFFFAOYSA-N,5.306273051076353,False,c1ccc(C2=NN(c3nc(-c4ccccc4)cs3)C(c3ccccc3)C2)cc1
CHEMBL3975699,C[C@@H](Nc1ncnc2oc(-c3ccc(C#N)cc3)cc12)c1ccccc1,BSZRKJMBYMVWOM-CQSZACIVSA-N,7.356547323513812,True,c1ccc(CNc2ncnc3oc(-c4ccccc4)cc23)cc1
CHEMBL4280993,C=C=CC(=O)Nc1cc(Nc2nccc(-c3cn(C)c4ccccc34)n2)c(C)cc1N(C)CCN(C)C,BTEUMWKVAJYDHT-UHFFFAOYSA-N,7.52432881167557,True,c1ccc(Nc2nccc(-c3c[nH]c4ccccc34)n2)cc1
CHEMBL1242026,Cc1ccc(-c2nn(C(C)C)c3ncnc(N)c23)cc1O,BTIKYUUNPGWLNG-UHFFFAOYSA-N,6.178486471595226,False,c1ccc(-c2n[nH]c3ncncc23)cc1
CHEMBL206197,Nc1ccc2c(c1)CNc1c(Nc3ccc(F)c(Cl)c3)ncnc1O2,BTNALJYZXFMSPP-UHFFFAOYSA-N,5.431798275933005,False,c1ccc(Nc2ncnc3c2NCc2ccccc2O3)cc1
CHEMBL3957025,COc1cc2c(Nc3ccc(NC(=O)Nc4ccc(Cl)cc4)c(Cl)c3)ncnc2cc1OCCCN1CCOCC1,BTNOFGNEUZFLRE-UHFFFAOYSA-N,7.769551078621726,True,O=C(Nc1ccccc1)Nc1ccc(Nc2ncnc3cc(OCCCN4CCOCC4)ccc23)cc1
CHEMBL117554,Clc1ccc(CNc2ncnc3ccccc23)cc1,BTRLSAYDVSPYCS-UHFFFAOYSA-N,5.154901959985743,False,c1ccc(CNc2ncnc3ccccc23)cc1
CHEMBL3325470,Cc1ccc2c(c1)cc(C1C(C#N)C(=N)N(c3cccnc3)C3=CCCC(=O)C31)c1nnnn12,BTUCVCSRNYTOHM-UHFFFAOYSA-N,4.982966660701219,False,N=C1CC(c2cc3ccccc3n3nnnc23)C2C(=O)CCC=C2N1c1cccnc1
CHEMBL3290142,C=CC(=O)Nc1cccc(Nc2ncc(NC(=O)c3cc(NC(=O)c4cccc(C(F)(F)F)c4)ccc3C)cn2)c1,BTWVWABAWDKQNJ-UHFFFAOYSA-N,7.958607314841775,True,O=C(Nc1cccc(C(=O)Nc2cnc(Nc3ccccc3)nc2)c1)c1ccccc1
CHEMBL3671491,C=CC(=O)Nc1cc2c(Nc3ccc(Br)cc3F)ncnc2cc1OCCNC(C)=O,BTYFROXGYQVTDB-UHFFFAOYSA-N,8.698970004336019,True,c1ccc(Nc2ncnc3ccccc23)cc1
CHEMBL91867,CC#CC(=O)Nc1ccc2ncnc(Nc3cccc(Br)c3)c2c1,BTYYWOYVBXILOJ-UHFFFAOYSA-N,8.096910013008056,True,c1ccc(Nc2ncnc3ccccc23)cc1
CHEMBL485745,Fc1ccc(-c2nn3ccccc3c2-c2ccncc2)cc1,BUAIGJRXIAKFCN-UHFFFAOYSA-N,5.200659450546418,False,c1ccc(-c2nn3ccccc3c2-c2ccncc2)cc1
CHEMBL2385980,CCOc1cc([N+](=O)[O-])c(C(=O)Nc2ccc(OCc3cccc(F)c3)c(Cl)c2)cc1NC(=O)c1ccc(CN2CCN(C)CC2)cc1,BUCSTRYRMLJUGI-UHFFFAOYSA-N,5.259637310505756,False,O=C(Nc1cccc(C(=O)Nc2ccc(OCc3ccccc3)cc2)c1)c1ccc(CN2CCNCC2)cc1
CHEMBL3983460,COc1cc2c(Nc3ccc(NC(=O)Nc4ccccc4)cc3)ncnc2cc1OCc1ccccc1,BUGHTZSHXDNUKL-UHFFFAOYSA-N,5.532687937019448,False,O=C(Nc1ccccc1)Nc1ccc(Nc2ncnc3cc(OCc4ccccc4)ccc23)cc1
CHEMBL121954,Oc1cccc(Nc2[nH]nc3ncnc(Nc4cccc(Cl)c4)c23)c1,BUGPWXMPCMTLIX-UHFFFAOYSA-N,9.0,True,c1ccc(Nc2ncnc3n[nH]c(Nc4ccccc4)c23)cc1
CHEMBL1173713,COc1ccc(/C=C/C(=O)OCCn2c([N+](=O)[O-])cnc2C)cc1,BUHRXTFCHFVRAR-VMPITWQZSA-N,4.964570261815452,False,O=C(/C=C/c1ccccc1)OCCn1ccnc1
CHEMBL4083486,C=CC(=O)Nc1cc(-n2c(=O)cc(C)c3cnc(Nc4ccc(N5CCN(C)CC5)cc4OC)nc32)ccc1C,BUJZAIWJPGSGCP-UHFFFAOYSA-N,8.638272163982407,True,O=c1ccc2cnc(Nc3ccc(N4CCNCC4)cc3)nc2n1-c1ccccc1
CHEMBL3797963,C=CC(=O)Nc1cccc(Oc2nc(Nc3ccc(N4CCN(S(C)(=O)=O)CC4)cc3OC)ncc2SC)c1,BULITYBNVIHSDM-UHFFFAOYSA-N,6.136379779729685,False,c1ccc(Oc2ccnc(Nc3ccc(N4CCNCC4)cc3)n2)cc1
CHEMBL194337,CN1CCC(Oc2cccc3ncnc(Nc4ccc(OCc5ccccn5)cc4)c23)CC1,BUMADWVVVPZKNG-UHFFFAOYSA-N,5.6777807052660805,False,c1ccc(COc2ccc(Nc3ncnc4cccc(OC5CCNCC5)c34)cc2)nc1
CHEMBL14932,Oc1ccc2ncnc(Nc3ccc(OCc4ccccc4)cc3)c2c1,BURBAFXROHRDAV-UHFFFAOYSA-N,7.008773924307505,True,c1ccc(COc2ccc(Nc3ncnc4ccccc34)cc2)cc1
CHEMBL4210237,C=CC(=O)Nc1ccccc1Oc1nc(Nc2ccc(N3CCN(C)CC3)cc2OC)ncc1Cl,BUSXEFVPHHJABW-UHFFFAOYSA-N,5.074687908500351,False,c1ccc(Oc2ccnc(Nc3ccc(N4CCNCC4)cc3)n2)cc1
CHEMBL3929584,C=Cc1ccc(-c2cc3c(N[C@H](C)c4ccccc4)ncnc3o2)cc1,BUUHXXGQXFYORG-OAHLLOKOSA-N,7.537602002101044,True,c1ccc(CNc2ncnc3oc(-c4ccccc4)cc23)cc1
CHEMBL1821871,Cc1ccc(C2=NN(c3nc(-c4ccc(Cl)cc4)cs3)C(c3ccc(Br)cc3)C2)cc1C,BUUKIEKQOHCZPU-UHFFFAOYSA-N,6.431798275933005,True,c1ccc(C2=NN(c3nc(-c4ccccc4)cs3)C(c3ccccc3)C2)cc1
CHEMBL4060103,C=CC(=O)Nc1cc(Nc2[nH]nc3cc(-c4ccc(F)cc4)ccc23)c(OC)cc1N(C)CCN(C)C,BUVGSBCMNREXAL-UHFFFAOYSA-N,8.0,True,c1ccc(Nc2[nH]nc3cc(-c4ccccc4)ccc23)cc1
CHEMBL63786,Brc1cccc(Nc2ncnc3cc4ccccc4cc23)c1,BUVKJPOCMOXSSQ-UHFFFAOYSA-N,11.522878745280336,True,c1ccc(Nc2ncnc3cc4ccccc4cc23)cc1
CHEMBL433205,Nc1ccc2c(Nc3cccc(C(F)(F)F)c3)ncnc2c1,BUWHCUHUJIETCP-UHFFFAOYSA-N,8.481486060122112,True,c1ccc(Nc2ncnc3ccccc23)cc1
CHEMBL14627,O=C(NCCCCOc1ccc2ncnc(Nc3ccc(OCc4ccccc4)cc3)c2c1)C(F)(F)F,BVASVOATLGXWDS-UHFFFAOYSA-N,7.130768280269024,True,c1ccc(COc2ccc(Nc3ncnc4ccccc34)cc2)cc1
CHEMBL497459,CN(C)N=Cc1c(N)ncnc1Nc1ccc2c(cnn2Cc2cccc(F)c2)c1,BVBMTEPFJRTLEL-UHFFFAOYSA-N,8.096910013008056,True,c1ccc(Cn2ncc3cc(Nc4ccncn4)ccc32)cc1
CHEMBL3671571,C=CC(=O)Nc1cc2c(Nc3ccc(Br)cc3F)ncnc2cc1OCCNC(=O)CN1CCN(C)CC1,BVCQMVAUBMWNAI-UHFFFAOYSA-N,7.920818753952375,True,O=C(CN1CCNCC1)NCCOc1ccc2c(Nc3ccccc3)ncnc2c1
CHEMBL2381511,C=CC(=O)Nc1cccc(Oc2nc(Nc3ccc(N4CCN(CC(=O)OCCCCCCOc5no[n+]([O-])c5S(=O)(=O)c5ccccc5)CC4)cc3OC)ncc2Cl)c1,BVFJPTPBIZMCEM-UHFFFAOYSA-N,6.534617148551582,True,O=C(CN1CCN(c2ccc(Nc3nccc(Oc4ccccc4)n3)cc2)CC1)OCCCCCCOc1no[nH+]c1S(=O)(=O)c1ccccc1
CHEMBL1271561,C[C@@H](Nc1ncnc2sc3c(c12)CCN(C(=O)/C=C/CN(C)C)C3)c1ccccc1,BVGZQNBERZRYJK-OJXHRBAXSA-N,7.920818753952375,True,c1ccc(CNc2ncnc3sc4c(c23)CCNC4)cc1
CHEMBL265629,O=C1CN(Cc2ccn3ncnc(Nc4ccc5c(cnn5Cc5cccc(F)c5)c4)c23)CCN1,BVMZNZPGSFCWPC-UHFFFAOYSA-N,6.455931955649724,True,O=C1CN(Cc2ccn3ncnc(Nc4ccc5c(cnn5Cc5ccccc5)c4)c23)CCN1
CHEMBL4206501,C=CC(=O)Nc1cc(Nc2ccnc(-c3cn(C)c4ccccc34)n2)c(OC)cc1N(C)CCN(C)C,BVNDWJSTWPXVCD-UHFFFAOYSA-N,7.823908740944319,True,c1ccc(Nc2ccnc(-c3c[nH]c4ccccc34)n2)cc1
CHEMBL3753811,O=C(Nc1nccs1)Nc1cc(-c2cccnc2)ccc1OC(F)(F)F,BVNWKOFRSDYKKW-UHFFFAOYSA-N,6.916891720805265,True,O=C(Nc1cccc(-c2cccnc2)c1)Nc1nccs1
CHEMBL542729,COc1ccc2ncnc(Nc3cc(OC)c(OC)c(OC)c3)c2c1,BVVPEBFYUMLMNE-UHFFFAOYSA-N,7.0,True,c1ccc(Nc2ncnc3ccccc23)cc1
CHEMBL498134,CN1CCN(N=Cc2c(N)ncnc2Nc2ccc3c(cnn3Cc3cccc(F)c3)c2)CC1,BVWQZMQCRDRIMH-UHFFFAOYSA-N,7.795880017344075,True,C(=NN1CCNCC1)c1cncnc1Nc1ccc2c(cnn2Cc2ccccc2)c1
CHEMBL257861,OCCOc1[nH]nc2ncnc(Nc3ccc(OCc4ccccn4)c(Cl)c3)c12,BVXBBIZFISJCMB-UHFFFAOYSA-N,7.795880017344075,True,c1ccc(COc2ccc(Nc3ncnc4n[nH]cc34)cc2)nc1
CHEMBL157304,N#CCCc1c(SSc2[nH]c3ccccc3c2CCC#N)[nH]c2ccccc12,BWFSEWLGHWAHGL-UHFFFAOYSA-N,4.327902142064283,False,c1ccc2[nH]c(SSc3cc4ccccc4[nH]3)cc2c1
CHEMBL250923,COc1cc2ncnc(/C=C/CCc3ccccc3)c2cc1OC,BWFVYDYOOOEGGA-YRNVUSSQSA-N,8.397940008672037,True,C(=C\c1ncnc2ccccc12)/CCc1ccccc1
CHEMBL2070195,O=C(Nc1ccc2ncnc(Nc3cccc(Br)c3)c2c1)C1COc2ccccc2O1,BWFZGIBIURUSPH-UHFFFAOYSA-N,5.434152181326482,False,O=C(Nc1ccc2ncnc(Nc3ccccc3)c2c1)C1COc2ccccc2O1
CHEMBL58,O=C1C=CC(=O)c2c1c(O)c1c(NCCNCCO)ccc(NCCNCCO)c1c2O,BWGNRRGTNFKGQK-UHFFFAOYSA-N,5.268741714394869,False,O=C1C=CC(=O)c2cc3ccccc3cc21
CHEMBL3774926,C#Cc1cccc(Nc2ncnc3cc4c(cc23)N(CCCN2CCOCC2)C(=O)CO4)c1,BWQQOASTOBPYOA-UHFFFAOYSA-N,6.055517327849831,False,O=C1COc2cc3ncnc(Nc4ccccc4)c3cc2N1CCCN1CCOCC1
CHEMBL4241867,O=C(N/N=C1\CC2(CCCC2)Oc2ccccc21)Nc1ccc(Cl)cc1,BWTAXIQGZRMUBO-HAVVHWLPSA-N,5.721246399047171,False,O=C(N/N=C1\CC2(CCCC2)Oc2ccccc21)Nc1ccccc1
CHEMBL4229213,O=C(N/N=C/c1cccs1)N1CCc2ncnc(Nc3ccc(F)c(Cl)c3)c2C1,BWVQWSSXRDXADR-PGGKNCGUSA-N,7.204119982655925,True,O=C(N/N=C/c1cccs1)N1CCc2ncnc(Nc3ccccc3)c2C1
CHEMBL4210100,COc1cc2c(cc1OC)Nc1ncnc(Oc3ccc(NC(=O)C4(C(=O)Nc5ccc(F)cc5)CC4)cc3F)c1NC2,BWXISLRRARTIGU-UHFFFAOYSA-N,6.572513890904215,True,O=C(Nc1ccccc1)C1(C(=O)Nc2ccc(Oc3ncnc4c3NCc3ccccc3N4)cc2)CC1
CHEMBL51265,Brc1cccc(Nc2ncnc3cnccc23)c1,BWXVBEQVOBGQHC-UHFFFAOYSA-N,7.292429823902063,True,c1ccc(Nc2ncnc3cnccc23)cc1
CHEMBL48614,CN1CCC(c2c(O)cc(O)c3c2O/C(=C\c2ccccc2Cl)C3=O)CC1,BXCQAEHFWJFGAT-YVLHZVERSA-N,5.774690718274137,False,O=C1/C(=C/c2ccccc2)Oc2c1cccc2C1CCNCC1
CHEMBL432738,CCNC(=O)Nc1nc2nc(N)ncc2cc1-c1c(Cl)cccc1Cl,BXEDCNVFSZUBPI-UHFFFAOYSA-N,5.866461091629782,False,c1ccc(-c2cnc3ncncc3c2)cc1
CHEMBL205783,COc1cc(OC2CCOCC2)c2c(Nc3ccc(F)c(Cl)c3)ncnc2c1,BXHASRYUULFTCY-UHFFFAOYSA-N,5.858863909879261,False,c1ccc(Nc2ncnc3cccc(OC4CCOCC4)c23)cc1
CHEMBL332906,Nc1ccc(-c2[nH]nc3ncnc(Nc4cccc(Cl)c4)c23)cc1,BXQSENVZNNEEBV-UHFFFAOYSA-N,8.698970004336019,True,c1ccc(Nc2ncnc3n[nH]c(-c4ccccc4)c23)cc1
CHEMBL136674,COCCN=NNc1ccc2ncnc(Nc3cccc(Br)c3)c2c1,BXSIIPHCRZNAEI-UHFFFAOYSA-N,7.1487416512809245,True,c1ccc(Nc2ncnc3ccccc23)cc1
CHEMBL1821879,Cc1ccc(C2CC(c3ccc(Br)cc3)=NN2c2nc(-c3ccccc3)cs2)cc1,BXTBYPDPYTUYEU-UHFFFAOYSA-N,4.706858516549069,False,c1ccc(C2=NN(c3nc(-c4ccccc4)cs3)C(c3ccccc3)C2)cc1
CHEMBL3904205,CCC(=O)Nc1cc2c(Nc3ccc4c(c3)CCN4Cc3ccccc3)ncnc2cc1OC,BXWNXYKEYCNVLR-UHFFFAOYSA-N,6.756961951313706,True,c1ccc(CN2CCc3cc(Nc4ncnc5ccccc45)ccc32)cc1
CHEMBL3647418,CCOc1cc2ncc(C#N)c(Nc3ccc(OCc4ccccn4)c(Cl)c3)c2cc1NC(=O)/C=C/[C@@H]1CCCN1,BXYUWIKGVQXGEA-ZUURVNMSSA-N,8.221848749616356,True,O=C(/C=C/[C@@H]1CCCN1)Nc1ccc2nccc(Nc3ccc(OCc4ccccn4)cc3)c2c1
CHEMBL91,Clc1ccc(COC(Cn2ccnc2)c2ccc(Cl)cc2Cl)c(Cl)c1,BYBLEWFAAKGYCD-UHFFFAOYSA-N,4.533785052670012,False,c1ccc(COC(Cn2ccnc2)c2ccccc2)cc1
CHEMBL424252,CCN(CC)C/C=C/C(=O)Nc1cc2c(Nc3ccc(F)c(Cl)c3)c(C#N)cnc2cc1OC,BYEZGHDYNSABOZ-VOTSOKGWSA-N,5.718966632752272,False,c1ccc(Nc2ccnc3ccccc23)cc1
CHEMBL1828878,O=C(Cc1ccc(Br)cc1)NS(=O)(=O)c1ccc(Cl)cc1,BYFAOQDSQYRKMW-UHFFFAOYSA-N,4.79805693659835,False,O=C(Cc1ccccc1)NS(=O)(=O)c1ccccc1
CHEMBL363815,C=CC(=O)Nc1ccc2ncnc(Nc3cc(Cl)c(Cl)cc3F)c2c1,BYJCHKAVUQQEQZ-UHFFFAOYSA-N,10.431798275933003,True,c1ccc(Nc2ncnc3ccccc23)cc1
CHEMBL598305,CCCCCCCCCCCCOC(=O)COc1cc(O)c2c(=O)cc(-c3ccccc3)oc2c1,BYKPOTXMKFGXPG-UHFFFAOYSA-N,5.764471553092451,False,O=c1cc(-c2ccccc2)oc2ccccc12
CHEMBL154969,CONC(=O)CCc1c(SSc2[nH]c3ccccc3c2CCC(=O)NOC)[nH]c2ccccc12,BYVXOMRKIJSLRU-UHFFFAOYSA-N,4.167491087293763,False,c1ccc2[nH]c(SSc3cc4ccccc4[nH]3)cc2c1
CHEMBL1956892,COc1ccc(OC)c(Cn2ccc3c(Nc4cccc(Br)c4)nc(N)nc32)c1,BYWNITPNKUNFDE-UHFFFAOYSA-N,4.1598939055432425,False,c1ccc(Cn2ccc3c(Nc4ccccc4)ncnc32)cc1
CHEMBL4079768,C#Cc1cccc(Nc2ncnc3ccc(OCCCOP(N)(=O)N(CCCl)CCCl)cc23)c1,BYYWPKXODYXSLS-UHFFFAOYSA-N,8.142667503568731,True,c1ccc(Nc2ncnc3ccccc23)cc1
CHEMBL540292,CN(C)CC(CSc1ccccc1)C(=O)c1ccc(OCc2ccccc2)cc1,BZAUNRIMGLUBQY-UHFFFAOYSA-N,5.136677139879544,False,O=C(CCSc1ccccc1)c1ccc(OCc2ccccc2)cc1
CHEMBL3612570,COCCn1c(=O)oc2cc3ncnc(Nc4cccc(C(C)=O)c4)c3cc21,BZDMINDRCWDVAJ-UHFFFAOYSA-N,6.251811972993799,False,O=c1[nH]c2cc3c(Nc4ccccc4)ncnc3cc2o1
CHEMBL470003,Clc1cccc(Nc2ncnc3nc(Nc4ccccc4)sc23)c1,BZHGWJFQGLQTNX-UHFFFAOYSA-N,7.568636235841012,True,c1ccc(Nc2nc3ncnc(Nc4ccccc4)c3s2)cc1
CHEMBL1272275,O=C(/C=C/c1ccccc1)N1CCc2c(sc3ncnc(N[C@H](CO)c4ccccc4)c23)C1,BZNVJBJWWCQQET-RJRNSMGGSA-N,5.455559862682307,False,O=C(/C=C/c1ccccc1)N1CCc2c(sc3ncnc(NCc4ccccc4)c23)C1
CHEMBL3092310,O=C(NCCN1CCOCC1)Nc1cc2c(Nc3ccc(F)c(Cl)c3)ncnc2cc1O[C@H]1CCOC1,BZRTYTTZHHRCLU-KRWDZBQOSA-N,7.086186147616283,True,O=C(NCCN1CCOCC1)Nc1cc2c(Nc3ccccc3)ncnc2cc1O[C@H]1CCOC1
CHEMBL2336359,Cc1ccc(NC(=O)/C=C/c2ccccc2)cc1,BZTAHBIRTCNRAW-FMIVXFBMSA-N,4.896538377905295,False,O=C(/C=C/c1ccccc1)Nc1ccccc1
CHEMBL258282,CN1CCN(CCOc2[nH]nc3ncnc(Nc4ccc(OCc5ccccn5)c(Cl)c4)c23)CC1,BZUIGXZUUGQBLL-UHFFFAOYSA-N,8.301029995663981,True,c1ccc(COc2ccc(Nc3ncnc4n[nH]c(OCCN5CCNCC5)c34)cc2)nc1
CHEMBL3671575,C=CC(=O)Nc1cc2c(Nc3ccc(Br)cc3F)ncnc2cc1OCCNC(=O)C1CCCN1C(=O)CC,BZVKQRRVFARJOO-UHFFFAOYSA-N,6.707743928643524,True,O=C(NCCOc1ccc2c(Nc3ccccc3)ncnc2c1)C1CCCN1
CHEMBL4203110,COc1cc(N2CCN(C)CC2)ccc1Nc1ncc(Cl)c(Oc2ccccc2N=[N+]=[N-])n1,BZWCTAHNQXJHAM-UHFFFAOYSA-N,6.638272163982407,True,c1ccc(Oc2ccnc(Nc3ccc(N4CCNCC4)cc3)n2)cc1
CHEMBL1242112,COc1cc(-c2nn(C(C)C)c3ncnc(N)c23)ccc1O,BZYKWEQWEPHEQZ-UHFFFAOYSA-N,6.041914151478915,False,c1ccc(-c2n[nH]c3ncncc23)cc1
CHEMBL2029437,C=CC(=O)Nc1cccc(N2C(=O)N(c3ccc4ccccc4c3)Cc3cnc(Nc4ccc(N5CCN(C)CC5)cc4OC)nc32)c1,CAAQIXNRUIJYOQ-UHFFFAOYSA-N,9.096910013008056,True,O=C1N(c2ccc3ccccc3c2)Cc2cnc(Nc3ccc(N4CCNCC4)cc3)nc2N1c1ccccc1
CHEMBL598163,COc1cc2ncnc(Nc3ccc(F)c(Cl)c3)c2cc1OCCCCCC(O)=NO,CADRLZXVKIQPSG-UHFFFAOYSA-N,8.468521082957745,True,c1ccc(Nc2ncnc3ccccc23)cc1
CHEMBL3765263,COc1cc2ncnc(Nc3cccc(C(=O)NC45CC6CC(CC(C6)C4)C5)c3)c2cc1OCCCN1CCOCC1,CAGIQISZZASCGO-UHFFFAOYSA-N,7.939302159646388,True,O=C(NC12CC3CC(CC(C3)C1)C2)c1cccc(Nc2ncnc3ccc(OCCCN4CCOCC4)cc23)c1
CHEMBL352801,COc1cccc(-c2cn(C3CC(CO)C3)c3ncnc(N)c23)c1,CAHQAXRCSXNZRF-UHFFFAOYSA-N,6.376750709602099,True,c1ccc(-c2cn(C3CCC3)c3ncncc23)cc1
CHEMBL175101,CN(C)CCn1cnc2cc3c(Nc4cccc(Br)c4)ncnc3cc21,CAHQBZBYEQNNHC-UHFFFAOYSA-N,7.657577319177793,True,c1ccc(Nc2ncnc3cc4[nH]cnc4cc23)cc1
CHEMBL3325476,COC(=O)C1C(=N)N(c2cccnc2)C2=C(C(=O)CCC2)C1c1cc2cc(Cl)ccc2n2nnnc12,CAHZVVKAJNUJCD-UHFFFAOYSA-N,5.091514981121351,False,N=C1CC(c2cc3ccccc3n3nnnc23)C2=C(CCCC2=O)N1c1cccnc1
CHEMBL56393,N#CC(=Cc1ccc(O)c(O)c1)C(=O)c1ccc(O)c(O)c1,CANOJKGQDCJDOX-UHFFFAOYSA-N,6.431798275933005,True,O=C(C=Cc1ccccc1)c1ccccc1
CHEMBL490687,C/C=C/C(=O)Nc1cc2c(Nc3ccc(F)c(Cl)c3)ccnc2cc1CC,CANSHISPWMMZOH-HWKANZROSA-N,5.1249387366083,False,c1ccc(Nc2ccnc3ccccc23)cc1
CHEMBL3671481,C=CC(=O)Nc1cc2c(Nc3ccc(F)c(F)c3F)ncnc2cc1OCC1CCN(C(C)=O)CC1,CANUXFBJESAWLP-UHFFFAOYSA-N,7.585026652029182,True,c1ccc(Nc2ncnc3cc(OCC4CCNCC4)ccc23)cc1
CHEMBL257430,Clc1cc(Nc2ncnc3[nH]nc(OCCN4CCNCC4)c23)ccc1OCc1ccccn1,CAZQZPUZMIOJCR-UHFFFAOYSA-N,8.096910013008056,True,c1ccc(COc2ccc(Nc3ncnc4[nH]nc(OCCN5CCNCC5)c34)cc2)nc1
CHEMBL78049,CC(=Cc1ccc(O)c(O)c1)[N+](=O)[O-],CBBBJLQAIWVLBM-UHFFFAOYSA-N,5.026872146400301,False,c1ccccc1
CHEMBL3902295,O=C(CCl)OCCn1c(=O)oc2cc3ncnc(Nc4ccc(F)c(F)c4)c3cc21,CBBJKEWGUCYSAO-UHFFFAOYSA-N,5.327902142064282,False,O=c1[nH]c2cc3c(Nc4ccccc4)ncnc3cc2o1
CHEMBL2385988,CCOc1ccc(C(=O)Nc2nccc(-c3cccnc3)n2)cc1NC(=O)/C=C/CN(C)C,CBDAVFKSVAAHQI-SOFGYWHQSA-N,5.221848749616356,False,O=C(Nc1nccc(-c2cccnc2)n1)c1ccccc1
CHEMBL196548,CCOCc1cn2ncnc(Nc3ccc4c(cnn4Cc4ccccc4)c3)c2c1CC,CBDBASHBUAODSV-UHFFFAOYSA-N,6.022276394711152,False,c1ccc(Cn2ncc3cc(Nc4ncnn5cccc45)ccc32)cc1
CHEMBL3114688,C#Cc1cccc(Nc2ncnc3cc4c(cc23)N(C(=O)/C=C/CN2CCCCC2)CCO4)c1,CBDFEHZTEPLMIJ-JXMROGBWSA-N,8.397940008672037,True,O=C(/C=C/CN1CCCCC1)N1CCOc2cc3ncnc(Nc4ccccc4)c3cc21
CHEMBL289162,O=C(O)Cn1ccc2cc3c(Nc4cccc(Br)c4)ncnc3cc21,CBFIWURGLMUIDN-UHFFFAOYSA-N,8.292429823902063,True,c1ccc(Nc2ncnc3cc4[nH]ccc4cc23)cc1
CHEMBL473553,COc1cc2ncnc(Nc3ccc(-c4nc5ccccc5s4)c(OC)c3)c2cc1OC,CBIHKNQEUSGCEN-UHFFFAOYSA-N,7.200659450546418,True,c1ccc2sc(-c3ccc(Nc4ncnc5ccccc45)cc3)nc2c1
CHEMBL113070,Cn1c(=O)c(-c2c(Cl)cccc2Cl)cc2cnc(Nc3ccc(CCCC(=O)O)cc3)nc21,CBIJGNHFFWAGLZ-UHFFFAOYSA-N,7.096910013008056,True,O=c1[nH]c2nc(Nc3ccccc3)ncc2cc1-c1ccccc1
CHEMBL3754213,C=CC(=O)Nc1cccc(-n2c(=O)cc(C)c3cnc(Nc4ccc(N5CCN(C)CC5)cc4OCCC)nc32)c1,CBLTZDNYINHEBC-UHFFFAOYSA-N,7.721246399047171,True,O=c1ccc2cnc(Nc3ccc(N4CCNCC4)cc3)nc2n1-c1ccccc1
CHEMBL4282543,C=C=CC(=O)Nc1cc(Nc2nccc(-c3cn(C)c4ccccc34)n2)c(OC)cc1OCCN1CCN(C)CC1,CBNRGKWACNLOOK-UHFFFAOYSA-N,9.397940008672036,True,c1ccc2c(-c3ccnc(Nc4ccc(OCCN5CCNCC5)cc4)n3)c[nH]c2c1
CHEMBL3970399,O=S(=O)(Nc1nccs1)c1ccc(Nc2nncc3ccccc23)cc1,CBTHRMSBBQSAPG-UHFFFAOYSA-N,7.055517327849831,True,O=S(=O)(Nc1nccs1)c1ccc(Nc2nncc3ccccc23)cc1
CHEMBL57759,COc1cc2ncnc(Nc3ccc(F)c(Cl)c3)c2cc1OCCN(C)C,CBVZLUIKUXDQLU-UHFFFAOYSA-N,8.154901959985743,True,c1ccc(Nc2ncnc3ccccc23)cc1
CHEMBL3608430,C=CC(=O)N1C[C@@H]2CN(c3nc(Nc4ccc(N5CCN(C)CC5)cc4)c4ncn(C(C)C)c4n3)C[C@@H]2C1,CBZIPGPDJXMUAK-OYRHEFFESA-N,7.853871964321762,True,c1nc2c(Nc3ccc(N4CCNCC4)cc3)nc(N3C[C@H]4CNC[C@H]4C3)nc2[nH]1
CHEMBL330323,COc1cc2ncnc(Nc3nccc4ccccc34)c2cc1OC,CCFFFEGDTIMEEI-UHFFFAOYSA-N,6.698970004336019,True,c1ccc2c(Nc3ncnc4ccccc34)nccc2c1
CHEMBL1172781,OC[C@@H](Nc1ncnc2oc(-c3ccccc3)c(-c3ccccc3)c12)c1ccccc1,CCGBAJCQZPJWCS-OAQYLSRUSA-N,6.651695136951839,True,c1ccc(CNc2ncnc3oc(-c4ccccc4)c(-c4ccccc4)c23)cc1
CHEMBL544833,COc1ccc(Nc2ncnc3cc(OC)c(OC)cc23)cc1OC,CCHZXKUIBPNVKD-UHFFFAOYSA-N,6.455931955649724,True,c1ccc(Nc2ncnc3ccccc23)cc1
CHEMBL243628,CCOc1cc2ncnc(NC3=CC(=O)C(OCc4ccc(F)c(F)c4)=CC3=O)c2cc1NC(=O)/C=C/CN(C)C,CCIOQSAJAUYKQV-AATRIKPKSA-N,6.778064400171995,True,O=C1C=C(OCc2ccccc2)C(=O)C=C1Nc1ncnc2ccccc12
CHEMBL473556,COc1cc2ncnc(Nc3ccc(-c4nc5ccccc5s4)cc3)c2cc1OC,CCIYHYFLYIQCJR-UHFFFAOYSA-N,5.823908740944319,False,c1ccc2sc(-c3ccc(Nc4ncnc5ccccc45)cc3)nc2c1
CHEMBL162821,CNc1cc2c(Nc3cccc(C)c3)ncnc2cn1,CCLWZSQAMSFYER-UHFFFAOYSA-N,9.346787486224656,True,c1ccc(Nc2ncnc3cnccc23)cc1
CHEMBL157128,COCC1CCCN1CC#CC(=O)Nc1ccc2ncc(C#N)c(Nc3cccc(Br)c3)c2c1,CCUWFRBLNGOQSJ-UHFFFAOYSA-N,6.823908740944319,True,O=C(C#CCN1CCCC1)Nc1ccc2nccc(Nc3ccccc3)c2c1
CHEMBL80540,c1cc(Nc2ccc3[nH]ccc3c2)c2sc(-c3ccc(CNCCN4CCNCC4)cc3)cc2n1,CCUYECGXGAFGTM-UHFFFAOYSA-N,8.522878745280337,True,c1cc(Nc2ccc3[nH]ccc3c2)c2sc(-c3ccc(CNCCN4CCNCC4)cc3)cc2n1
CHEMBL3961848,C=CC(=O)N1CCC(Oc2cc3c(Nc4cccc(C=C)c4)ncnc3cc2OC)CC1,CDAZSHLKNOOQFY-UHFFFAOYSA-N,8.522878745280337,True,c1ccc(Nc2ncnc3ccc(OC4CCNCC4)cc23)cc1
CHEMBL4064937,Cc1cc(Nc2ncc3c(n2)N([C@H]2CCN(C(=O)C4CC4)C2)C(=O)N(c2ccccc2Cl)C3)ccc1N1CCN(C)CC1,CDCDYZLBZBKEPF-VWLOTQADSA-N,7.542118103266008,True,O=C(C1CC1)N1CC[C@H](N2C(=O)N(c3ccccc3)Cc3cnc(Nc4ccc(N5CCNCC5)cc4)nc32)C1
CHEMBL1080506,Cc1c(C(=O)NCCN2CCOCC2)[nH]c2cnnc(Nc3ccc(OCc4cccc(F)c4)c(Cl)c3)c12,CDDJNPZYBJNIRP-UHFFFAOYSA-N,4.897909474488163,False,O=C(NCCN1CCOCC1)c1cc2c(Nc3ccc(OCc4ccccc4)cc3)nncc2[nH]1
CHEMBL4165267,C/C=C/C(=O)Nc1cc2c(N3CCc4ccccc43)ncnc2cc1O[C@@H]1CCOC1,CDHBSEDIQQVANJ-WAUBUAMCSA-N,7.537602002101044,True,c1ccc2c(c1)CCN2c1ncnc2cc(O[C@@H]3CCOC3)ccc12
CHEMBL1090357,CN(C)CCc1ccc(Nc2nccc(-c3c(-c4cccc(NC(=O)c5c(F)cccc5F)c4)nc4sccn34)n2)cc1,CDIOXDOXJQDENS-UHFFFAOYSA-N,6.657577319177793,True,O=C(Nc1cccc(-c2nc3sccn3c2-c2ccnc(Nc3ccccc3)n2)c1)c1ccccc1
CHEMBL1241439,CC(C)n1nc(-c2cc(C=O)co2)c2c(N)ncnc21,CDJSZJDGHKEHCW-UHFFFAOYSA-N,5.224753740259764,False,c1coc(-c2n[nH]c3ncncc23)c1
CHEMBL10,C[S+]([O-])c1ccc(-c2nc(-c3ccc(F)cc3)c(-c3ccncc3)[nH]2)cc1,CDMGBJANTYXAIV-UHFFFAOYSA-N,4.017728766960432,False,c1ccc(-c2nc(-c3ccccc3)c(-c3ccncc3)[nH]2)cc1
CHEMBL77595,N#C/C(=C\c1ccccc1)C(=O)O,CDUQMGQIHYISOP-RMKNXTFCSA-N,3.070581074285707,False,c1ccccc1
CHEMBL3967219,C[C@@H](Nc1ncnc2oc(-c3ccc(F)cc3)cc12)c1ccccc1,CDUUXVPPCXBULV-CYBMUJFWSA-N,7.886056647693163,True,c1ccc(CNc2ncnc3oc(-c4ccccc4)cc23)cc1
CHEMBL93181,COc1ccc2c(Nc3cccc(Br)c3)ncnc2c1,CDWGVMQLDOQALI-UHFFFAOYSA-N,8.0,True,c1ccc(Nc2ncnc3ccccc23)cc1
CHEMBL4079566,C=CC(=O)Nc1cc(Nc2[nH]nc3ccc(-c4cccc5ccccc45)cc23)c(OC)cc1N(C)CCN(C)C,CDXHXBGQBWJDIC-UHFFFAOYSA-N,8.568636235841012,True,c1ccc(Nc2[nH]nc3ccc(-c4cccc5ccccc45)cc23)cc1
CHEMBL293584,N#CC(C#N)=C1CCc2cc(O)c(O)cc21,CDYLNUVNFDZTEB-UHFFFAOYSA-N,6.301029995663981,True,C=C1CCc2ccccc21
CHEMBL3947406,COc1ccccc1-c1cc2c(N[C@H](C)c3ccccc3)ncnc2o1,CECSTOQTHLNIFZ-CQSZACIVSA-N,8.397940008672037,True,c1ccc(CNc2ncnc3oc(-c4ccccc4)cc23)cc1
CHEMBL583683,CN(N=Nc1ccc2ncnc(Nc3cccc(Cl)c3)c2c1)C(=O)OCCl,CEJANPMZSKHVCI-UHFFFAOYSA-N,6.4089353929735005,True,c1ccc(Nc2ncnc3ccccc23)cc1
CHEMBL76905,N#CC(C#N)=Cc1cc(O)cc(O)c1,CEQLJWDOOOWWJE-UHFFFAOYSA-N,4.431798275933005,False,c1ccccc1
CHEMBL4175782,C=CC(=O)Nc1cc(Nc2nccc(Nc3ccccc3-c3ncn(C)n3)n2)c(OC)cc1N(C)CCN(C)C,CERIFTXRFMETDX-UHFFFAOYSA-N,8.113509274827518,True,c1ccc(Nc2nccc(Nc3ccccc3-c3nc[nH]n3)n2)cc1
CHEMBL49350,O=C(NCCc1ccccc1)c1cc2ccc(O)c(O)c2cn1,CEUNWOFTYKAWDL-UHFFFAOYSA-N,5.853871964321762,False,O=C(NCCc1ccccc1)c1cc2ccccc2cn1
CHEMBL4286318,C=C=CC(=O)Nc1cc(Nc2nccc(-c3cn(C)c4ccccc34)n2)c(OC)cc1N(C)CCN(C)C,CEWJWYJTMKRQTL-UHFFFAOYSA-N,8.853871964321762,True,c1ccc(Nc2nccc(-c3c[nH]c4ccccc34)n2)cc1
CHEMBL4212326,C=CC(=O)N[C@H]1CCN(c2nc(Nc3cnn(C)c3)c3ncn(C(C)C)c3n2)C1,CEWPNYVVNKGXKD-ZDUSSCGKSA-N,7.2839966563652,True,c1nc2c(Nc3cn[nH]c3)nc(N3CCCC3)nc2[nH]1
CHEMBL307062,Cc1cccc(Nc2ncnc3[nH]c4c(c23)CCCC4)c1,CEYLERMRBKSAND-UHFFFAOYSA-N,6.086186147616283,False,c1ccc(Nc2ncnc3[nH]c4c(c23)CCCC4)cc1
CHEMBL3297894,Cc1nc(Nc2ccc(F)c(Cl)c2)c2cc(C)oc2n1,CFCGQYSUNKOMQX-UHFFFAOYSA-N,7.51999305704285,True,c1ccc(Nc2ncnc3occc23)cc1
CHEMBL36819,O=C(O)Cn1ncc2cc3c(Nc4cccc(Br)c4)ncnc3cc21,CFJDWNWGKOBXBC-UHFFFAOYSA-N,7.275724130399211,True,c1ccc(Nc2ncnc3cc4[nH]ncc4cc23)cc1
CHEMBL116308,O=[N+]([O-])c1cccc2ncnc(Nc3cccc(Br)c3)c12,CFLDNHCFXUEPKN-UHFFFAOYSA-N,6.449771646944906,True,c1ccc(Nc2ncnc3ccccc23)cc1
CHEMBL3671580,C=CC(=O)Nc1cc2c(Nc3ccc(F)c(Cl)c3)ncnc2cc1OCCNC(C)=O,CFOUMODXZDZQSQ-UHFFFAOYSA-N,7.920818753952375,True,c1ccc(Nc2ncnc3ccccc23)cc1
CHEMBL377772,COc1cc2ncnc(Nc3cccc(Cl)c3F)c2cc1CN1CCC[C@H]1CC(N)=O,CFQAZHZKWMMXOV-AWEZNQCLSA-N,6.769551078621726,True,c1ccc(Nc2ncnc3ccc(CN4CCCC4)cc23)cc1
CHEMBL422531,CN(C)C(=O)CCc1c(SSc2[nH]c3ccccc3c2CCC(=O)N(C)C)[nH]c2ccccc12,CFTJYIOLGANXGV-UHFFFAOYSA-N,4.920818753952375,False,c1ccc2[nH]c(SSc3cc4ccccc4[nH]3)cc2c1
CHEMBL326811,C/C=C/C(=O)Nc1ccc2ncc(C#N)c(Nc3cccc(Br)c3)c2c1,CFVOLTWOOMEMAM-DUXPYHPUSA-N,5.790484985457369,False,c1ccc(Nc2ccnc3ccccc23)cc1
CHEMBL153206,COc1ccc2[nH]c3ncnc(Nc4cccc(Br)c4)c3c2c1,CGDCJUNSPFHRTH-UHFFFAOYSA-N,8.920818753952375,True,c1ccc(Nc2ncnc3[nH]c4ccccc4c23)cc1
CHEMBL76432,c1ccc(-c2cc3ncnc(Nc4ccc5[nH]ccc5c4)c3s2)cc1,CGDLXUGHZUDIDJ-UHFFFAOYSA-N,7.167491087293763,True,c1ccc(-c2cc3ncnc(Nc4ccc5[nH]ccc5c4)c3s2)cc1
CHEMBL3923551,COc1cc2c(Nc3ccc(NC(=O)Nc4ccccc4)cc3)ncnc2cc1OCCCN1CCN(C)CC1,CGETUSRFZPMYRP-UHFFFAOYSA-N,6.7121982700697735,True,O=C(Nc1ccccc1)Nc1ccc(Nc2ncnc3cc(OCCCN4CCNCC4)ccc23)cc1
CHEMBL2347972,OC[C@@H](Nc1ncnc2oc(-c3ccccc3)c(-c3ccc4c(c3)OCO4)c12)c1ccccc1,CGGGWVZOXQYNNH-HXUWFJFHSA-N,6.58838029403677,True,c1ccc(CNc2ncnc3oc(-c4ccccc4)c(-c4ccc5c(c4)OCO5)c23)cc1
CHEMBL1933083,Cc1ncnc(Nc2ccc(OCc3cccc(F)c3)c(Cl)c2)c1C#Cc1cccc(CN(C)C)c1,CGOUWZICCMZSAS-UHFFFAOYSA-N,7.259637310505756,True,C(#Cc1cncnc1Nc1ccc(OCc2ccccc2)cc1)c1ccccc1
CHEMBL1645476,NC1CCN(Cc2ccn3ncnc(Nc4ccc(F)c(Cl)c4)c23)CC1,CGRLNCABNBKKKW-UHFFFAOYSA-N,8.0,True,c1ccc(Nc2ncnn3ccc(CN4CCCCC4)c23)cc1
CHEMBL75049,Cc1[nH]c2ncnc(Nc3ccccc3)c2c1C,CGSZHEPJBCJZLG-UHFFFAOYSA-N,5.721246399047171,False,c1ccc(Nc2ncnc3[nH]ccc23)cc1
CHEMBL4098500,C=CC(=O)Nc1cc(Nc2[nH]nc3cc(-c4ccc(N(C)C)cc4)ccc23)c(OC)cc1N(C)CCN(C)C,CGTKMBSZFMJTQF-UHFFFAOYSA-N,7.142667503568731,True,c1ccc(Nc2[nH]nc3cc(-c4ccccc4)ccc23)cc1
CHEMBL137364,Brc1cccc(Nc2ncnc3ccc(N=NNCCN4CCOCC4)cc23)c1,CGULORJBJPSDAN-UHFFFAOYSA-N,7.1938200260161125,True,c1ccc(Nc2ncnc3ccc(N=NNCCN4CCOCC4)cc23)cc1
CHEMBL3628799,O=C(Nc1ccc(Nc2ncnc3sc4c(c23)CCCC4)cc1)Nc1cccc(Br)c1,CGWDFIYFJPIFIK-UHFFFAOYSA-N,5.403402904373539,False,O=C(Nc1ccccc1)Nc1ccc(Nc2ncnc3sc4c(c23)CCCC4)cc1
CHEMBL122243,Nc1ncnc2c1c(-c1ccccc1)nn2-c1ccccc1,CGWOMXNQGSNOHL-UHFFFAOYSA-N,6.096910013008056,False,c1ccc(-c2nn(-c3ccccc3)c3ncncc23)cc1
CHEMBL266182,O=C1c2c(c3c4cccc(O)c4n(C4OC(CO)C(O)C(O)C4O)c3c3[nH]c4c(O)cccc4c23)C(=O)N1NCC(O)CO,CGXUCXBMOLKQLI-UHFFFAOYSA-N,3.7447274948966935,False,O=C1NC(=O)c2c1c1c3ccccc3[nH]c1c1c2c2ccccc2n1C1CCCCO1
CHEMBL3586179,O=C1N=C(N2CCCC2C(=O)Nc2ccc3ncnc(Nc4cccc(Cl)c4)c3c2)S/C1=C/c1cccnc1,CHAWRKCQYRNRBT-WYMPLXKRSA-N,5.008773924307505,False,O=C1N=C(N2CCCC2C(=O)Nc2ccc3ncnc(Nc4ccccc4)c3c2)S/C1=C/c1cccnc1
CHEMBL3805859,CCOc1cc2ncnc(Nc3ccc(C)cc3)c2c2c1OCCO2,CHBBYOIXEZCTDF-UHFFFAOYSA-N,8.443697499232712,True,c1ccc(Nc2ncnc3ccc4c(c23)OCCO4)cc1
CHEMBL2437459,C=CC(=O)Nc1ccc(-n2c(=O)cnc3cnc(Nc4ccc(N5CCOCC5)cc4)nc32)cc1,CHFSRPYBDAIBQR-UHFFFAOYSA-N,5.461426266193144,False,O=c1cnc2cnc(Nc3ccc(N4CCOCC4)cc3)nc2n1-c1ccccc1
CHEMBL129579,OCC(O)C(O)C(O)C(O)CNc1cc2ncnc(Nc3cccc(Br)c3)c2cn1,CHHPKSCSIBSQIU-UHFFFAOYSA-N,8.318758762624412,True,c1ccc(Nc2ncnc3ccncc23)cc1
CHEMBL1242111,Nc1ncnc2c1c(-c1cccc(O)c1F)nn2C1CCCC1,CHPHDLQQSCKHOK-UHFFFAOYSA-N,5.752026733638193,False,c1ccc(-c2nn(C3CCCC3)c3ncncc23)cc1
CHEMBL300491,COc1ccc2cncnc2c1,CHRMMMLUWHPZAH-UHFFFAOYSA-N,8.0,True,c1ccc2ncncc2c1
CHEMBL540082,O=[N+]([O-])c1cccc2c1sc1c(Nc3cccc(Br)c3)ncnc12,CHSSRCXGDCYIHR-UHFFFAOYSA-N,6.801342913045577,True,c1ccc(Nc2ncnc3c2sc2ccccc23)cc1
CHEMBL263528,NC(=O)CN1CCC(n2cc(-c3cccc(O)c3)c3c(N)ncnc32)CC1,CHWHVQUNCYDPDK-UHFFFAOYSA-N,6.769551078621726,True,c1ccc(-c2cn(C3CCNCC3)c3ncncc23)cc1
CHEMBL81375,Cc1cc2cc(Nc3ccnc4cc(-c5ccc(CN(C)CCO)cc5)sc34)ccc2[nH]1,CIAUVJBQJHPXQG-UHFFFAOYSA-N,6.853871964321762,True,c1ccc(-c2cc3nccc(Nc4ccc5[nH]ccc5c4)c3s2)cc1
CHEMBL53555,C=CC(=O)Nc1cc2c(Nc3ccc(F)c(Cl)c3)ncnc2cn1,CIGSBJHMSOROSY-UHFFFAOYSA-N,9.113509274827518,True,c1ccc(Nc2ncnc3cnccc23)cc1
CHEMBL1958038,Oc1csc(N2N=C(c3ccc(Br)cc3)CC2c2ccc(F)cc2)n1,CIIDMOCYZAQMCR-UHFFFAOYSA-N,5.188424994129407,False,c1ccc(C2=NN(c3nccs3)C(c3ccccc3)C2)cc1
CHEMBL3753208,O=C(Nc1ccccn1)Nc1cc(-c2cccnc2)ccc1OC(F)(F)F,CILDJFIVENUVDR-UHFFFAOYSA-N,7.04301563225724,True,O=C(Nc1cccc(-c2cccnc2)c1)Nc1ccccn1
CHEMBL1242752,CCOc1cc(-c2nn(C(C)C)c3ncnc(N)c23)ccc1OC,CIRFQCDQKJVIFC-UHFFFAOYSA-N,4.266000713461613,False,c1ccc(-c2n[nH]c3ncncc23)cc1
CHEMBL541988,COc1cc2ncc(C(=O)O)c(Nc3cccc(Br)c3)c2cc1OC,CISJBDCCOIMBGW-UHFFFAOYSA-N,5.059533322336471,False,c1ccc(Nc2ccnc3ccccc23)cc1
CHEMBL459,C[C@](N)(Cc1ccc(O)c(O)c1)C(=O)O,CJCSPKMFHVPWAR-JTQLQIEISA-N,5.281664421091493,False,c1ccccc1
CHEMBL4067855,C=CC(=O)Nc1cccc(Nc2nc(Nc3ccc(C=Cc4cc(Cl)cc(Cl)c4)cc3)ncc2Cl)c1,CJFPHIFBQQVYKJ-UHFFFAOYSA-N,7.94692155651658,True,C(=Cc1ccc(Nc2nccc(Nc3ccccc3)n2)cc1)c1ccccc1
CHEMBL1242290,COc1ccc(-c2nn(C(C)C)c3ncnc(N)c23)cc1OC,CJFWNLXLAAHQJY-UHFFFAOYSA-N,5.51999305704285,False,c1ccc(-c2n[nH]c3ncncc23)cc1
CHEMBL215033,COc1cc(Nc2ncnc3ccc(-c4ccc(CNCCS(C)(=O)=O)o4)cc23)ccc1OCc1cccc(F)c1,CJGPKVRBUPRPTR-UHFFFAOYSA-N,7.0,True,c1ccc(COc2ccc(Nc3ncnc4ccc(-c5ccco5)cc34)cc2)cc1
CHEMBL245277,C[C@@H](c1ccccc1)n1ncc2cc(Nc3ncnn4ccc(COC[C@@H]5CNCCO5)c34)ccc21,CJHNARCORXPMOD-CYFREDJKSA-N,6.161150909262744,False,c1ccc(Cn2ncc3cc(Nc4ncnn5ccc(COC[C@@H]6CNCCO6)c45)ccc32)cc1
CHEMBL394495,C[C@H](c1ccccc1)n1ncc2cc(Nc3ncnn4ccc(COC[C@@H]5CNCCO5)c34)ccc21,CJHNARCORXPMOD-DVECYGJZSA-N,6.920818753952375,True,c1ccc(Cn2ncc3cc(Nc4ncnn5ccc(COC[C@@H]6CNCCO6)c45)ccc32)cc1
CHEMBL3680375,O=C(/C=C/CN1CCCCC1)Nc1cc2c(Nc3ccc(F)c(Cl)c3)ncnc2cc1OCCCN1CCOCC1,CJIJVEOGUOJOMJ-GQCTYLIASA-N,7.945004138470859,True,O=C(/C=C/CN1CCCCC1)Nc1cc2c(Nc3ccccc3)ncnc2cc1OCCCN1CCOCC1
CHEMBL4245874,COc1ccc(Nc2ncnc3occ(C)c23)cc1,CJKIPQGVCWHDDT-UHFFFAOYSA-N,6.548060130634897,True,c1ccc(Nc2ncnc3occc23)cc1
CHEMBL1097190,NC1CCc2[nH]c3ccc(OCCc4ccc(O)cc4)cc3c2C1,CJMLMPDJPIEEHV-UHFFFAOYSA-N,4.820448208834812,False,c1ccc(CCOc2ccc3[nH]c4c(c3c2)CCCC4)cc1
CHEMBL1242377,CC(C)n1nc(-c2ccc(F)c(O)c2)c2c(N)ncnc21,CJMMCIXRPVLDBH-UHFFFAOYSA-N,5.853871964321762,False,c1ccc(-c2n[nH]c3ncncc23)cc1
CHEMBL73820,N#CC(=Cc1ccc(O)c(O)c1)C(=O)O,CJMWBHLWSMKFSM-UHFFFAOYSA-N,4.6020599913279625,False,c1ccccc1
CHEMBL1830264,NC(=S)NN=C(C=Cc1ccc(F)cc1)c1ccccc1,CJOUJBUBPDSJKA-UHFFFAOYSA-N,4.718512112059919,False,N=C(C=Cc1ccccc1)c1ccccc1
CHEMBL3092299,O=C(Nc1cc2c(Nc3ccc(F)c(Cl)c3)ncnc2cc1O[C@H]1CCOC1)N1CCCC(F)(F)C1,CJVSLXNVNBNKOM-HNNXBMFYSA-N,6.053547734986926,False,O=C(Nc1cc2c(Nc3ccccc3)ncnc2cc1O[C@H]1CCOC1)N1CCCCC1
CHEMBL3760082,COc1ccc(C=O)cc1-c1cc2c(N[C@H](C)c3ccccc3)ncnc2s1,CKCCUWSFMHCHHH-CQSZACIVSA-N,8.522878745280337,True,c1ccc(CNc2ncnc3sc(-c4ccccc4)cc23)cc1
CHEMBL3233788,CSC1CCN(C/C=C/C(=O)Nc2cc3c(Nc4ccc(F)c(Cl)c4)ncnc3s2)CC1,CKCQIMWQWQDOML-NSCUHMNNSA-N,7.744727494896693,True,O=C(/C=C/CN1CCCCC1)Nc1cc2c(Nc3ccccc3)ncnc2s1
CHEMBL3699612,C=CC(=O)Nc1cccc(Nc2nc(Nc3ccc(N4CCCOCC4)cc3OC)ncc2C(F)(F)F)c1,CKHWLGJWGNTAIV-UHFFFAOYSA-N,7.698970004336019,True,c1ccc(Nc2ccnc(Nc3ccc(N4CCCOCC4)cc3)n2)cc1
CHEMBL515401,COc1cc2ncnc(-c3c[nH]c4cc(F)c(Cl)cc34)c2cc1OC,CKNICHHQTFEWGN-UHFFFAOYSA-N,6.679853713888946,True,c1ccc2c(-c3c[nH]c4ccccc34)ncnc2c1
CHEMBL2381508,C=CC(=O)Nc1cccc(Oc2nc(Nc3ccc(N4CCN(CC(=O)OCCCCOc5no[n+]([O-])c5S(=O)(=O)c5ccccc5)CC4)cc3OC)ncc2Cl)c1,CKOIOGZBUCBMQF-UHFFFAOYSA-N,6.7594507517174005,True,O=C(CN1CCN(c2ccc(Nc3nccc(Oc4ccccc4)n3)cc2)CC1)OCCCCOc1no[nH+]c1S(=O)(=O)c1ccccc1
CHEMBL3622632,C#Cc1cccc(Nc2ncnc3cc(OCCOC)c(NC(=O)/C=C/CN(C)C)cc23)c1,CKTSOJJCTHIVBY-JXMROGBWSA-N,8.920818753952375,True,c1ccc(Nc2ncnc3ccccc23)cc1
CHEMBL2316143,COc1cc(/C=C2\CCC/C(=C\c3ccccc3F)C2=O)cc(OC)c1,CLEKNGMKRNGHMK-YAUBYZHOSA-N,5.6777807052660805,False,O=C1/C(=C/c2ccccc2)CCC/C1=C\c1ccccc1
CHEMBL1200558,CC[C@H](C)C(NC(=O)C(CCC(=O)O)NC(=O)C(CC(C)C)NC(=O)C1CSC([C@@H](N)[C@@H](C)CC)=N1)C(=O)NC1CCCCNC(=O)C(CC(N)=O)NC(=O)C(CC(=O)O)NC(=O)C(Cc2c[nH]cn2)NC(=O)C(Cc2ccccc2)NC(=O)C([C@@H](C)CC)NC(=O)C(CCCN)NC1=O,CLKOFPXJLQSYAH-OLKUYAJVSA-N,5.2694599635228805,False,O=C1CNC(=O)CNC(=O)C(Cc2c[nH]cn2)NC(=O)C(Cc2ccccc2)NC(=O)CNC(=O)CNC(=O)C(NC(=O)CNC(=O)CNC(=O)CNC(=O)C2CSC=N2)CCCCN1
CHEMBL2425083,COc1cc2ncnc(Nc3ccc(F)c(Cl)c3)c2cc1OCCCN1CC2(C1)CS(=O)(=O)C2,CLKSCVWTPNTSNA-UHFFFAOYSA-N,7.619788758288394,True,O=S1(=O)CC2(CN(CCCOc3ccc4ncnc(Nc5ccccc5)c4c3)C2)C1
CHEMBL2408829,COc1cc(N2CCC(O)CC2)ccc1Nc1ncc(Cl)c(Oc2cccc(COc3no[n+]([O-])c3S(=O)(=O)c3ccccc3)c2)n1,CLSGHFRTPZHAFA-UHFFFAOYSA-N,7.167491087293763,True,O=S(=O)(c1ccccc1)c1[nH+]onc1OCc1cccc(Oc2ccnc(Nc3ccc(N4CCCCC4)cc3)n2)c1
CHEMBL311119,N#CC(C#N)=Cc1ccc(C=O)cc1,CLUMTHHORUVBIQ-UHFFFAOYSA-N,4.221848749616356,False,c1ccccc1
CHEMBL51028,CN1CCN(CCCNc2ncc3cc(-c4c(Cl)cccc4Cl)c(NC(=O)NC4CCCCC4)nc3n2)CC1,CLVSAAPONJRSGJ-UHFFFAOYSA-N,6.055517327849831,False,O=C(Nc1nc2nc(NCCCN3CCNCC3)ncc2cc1-c1ccccc1)NC1CCCCC1
CHEMBL4104658,C=CC(=O)Nc1cc(Nc2nccc(-c3cn4c5c(cccc35)CCC4)n2)c(OC)cc1N(C)CCN(C)C,CLXOEYRLLVMPJB-UHFFFAOYSA-N,8.585026652029182,True,c1ccc(Nc2nccc(-c3cn4c5c(cccc35)CCC4)n2)cc1
CHEMBL3416624,COc1ccccc1-c1cc2c(Nc3ccccc3)ncnc2s1,CLYVSRZWCPSKDG-UHFFFAOYSA-N,6.761953896871205,True,c1ccc(Nc2ncnc3sc(-c4ccccc4)cc23)cc1
CHEMBL1945644,O=C(NS(=O)(=O)c1ccc(Br)cc1)c1ccc(Cl)nc1,CMDXNJAGFJYDSL-UHFFFAOYSA-N,4.536554968229572,False,O=C(NS(=O)(=O)c1ccccc1)c1cccnc1
CHEMBL2425736,Brc1cccc(Nc2ncnc3ccc(NCCCN4CCCCC4)cc23)c1,CMIAMHVCKPWEGD-UHFFFAOYSA-N,7.85078088734462,True,c1ccc(Nc2ncnc3ccc(NCCCN4CCCCC4)cc23)cc1
CHEMBL3622641,CN(C)C/C=C/C(=O)Nc1cc2c(Nc3ccc(OCc4cccc(F)c4)c(Cl)c3)ncnc2cc1O[C@H]1CCOC1,CMJJSVIOGHESIX-ILHLOOHCSA-N,6.292259545726228,False,c1ccc(COc2ccc(Nc3ncnc4cc(O[C@H]5CCOC5)ccc34)cc2)cc1
CHEMBL57892,COc1cc2ncnc(Nc3ccc(F)c(Cl)c3)c2cc1OCCNC(C)(C)C,CMKLELUFUHIGLT-UHFFFAOYSA-N,7.0,True,c1ccc(Nc2ncnc3ccccc23)cc1
CHEMBL3233765,CN1CCN(CC(=O)Nc2cc3c(Nc4ccc(F)c(Cl)c4)ncnc3s2)CC1,CMSLFXNOYRDYOF-UHFFFAOYSA-N,5.468648835416941,False,O=C(CN1CCNCC1)Nc1cc2c(Nc3ccccc3)ncnc2s1
CHEMBL1241860,CC(C)n1nc(-c2ccc(C=O)c(F)c2)c2c(N)ncnc21,CMUZPNXYCOKJJJ-UHFFFAOYSA-N,5.045757490560675,False,c1ccc(-c2n[nH]c3ncncc23)cc1
CHEMBL1172957,NS(=O)(=O)c1ccc(Nc2nc(N3CCOCC3)nc3[nH]cnc23)cc1,CMWKVPYIDPPPIC-UHFFFAOYSA-N,5.0,False,c1ccc(Nc2nc(N3CCOCC3)nc3[nH]cnc23)cc1
CHEMBL2437488,C=CC(=O)Nc1cccc(-n2c(=O)cnc3cnc(Nc4ccccc4)nc32)c1,CMZKQVFPFYPHOD-UHFFFAOYSA-N,8.306273051076353,True,O=c1cnc2cnc(Nc3ccccc3)nc2n1-c1ccccc1
CHEMBL596964,COc1cc2ncnc(NCc3ccc(F)cc3)c2cc1OCCCCCCC(O)=NO,CNAYRPIRUOIQNH-UHFFFAOYSA-N,6.571865205971211,True,c1ccc(CNc2ncnc3ccccc23)cc1
CHEMBL332971,COc1ccc(-c2[nH]nc3ncnc(Nc4cccc(Cl)c4)c23)cc1,CNEAVADKWYPXBR-UHFFFAOYSA-N,7.017728766960431,True,c1ccc(Nc2ncnc3n[nH]c(-c4ccccc4)c23)cc1
CHEMBL3098313,CN(C)S(=O)(=O)c1ccc(Nc2nc(Cl)nc3cc4c(cc23)OCO4)cc1,CNFFTMQETFKKJZ-UHFFFAOYSA-N,4.73754891026957,False,c1ccc(Nc2ncnc3cc4c(cc23)OCO4)cc1
CHEMBL3933539,COc1ccc(-c2cc3c(N[C@H](C)c4ccccc4)ncnc3o2)cc1,CNJOKJPWTYTGNS-CQSZACIVSA-N,8.275724130399212,True,c1ccc(CNc2ncnc3oc(-c4ccccc4)cc23)cc1
CHEMBL152984,Cn1c2ccccc2c2c(Nc3cccc(Br)c3)ncnc21,CNNGEQBPRIKBIC-UHFFFAOYSA-N,6.1295960947209736,False,c1ccc(Nc2ncnc3[nH]c4ccccc4c23)cc1
CHEMBL2064395,O=c1oc2cc3ncnc(Nc4ccc(OCc5ccc(Cl)cc5)c(Cl)c4)c3cc2n1CCCN1CCOCC1,CNNHXKTUHSHSAU-UHFFFAOYSA-N,7.214670164989233,True,O=c1oc2cc3ncnc(Nc4ccc(OCc5ccccc5)cc4)c3cc2n1CCCN1CCOCC1
CHEMBL204223,COc1cc(OC)c2c(c1)Oc1ncnc(Nc3cccc(Br)c3)c1NC2,CNPUYEVNXXILAH-UHFFFAOYSA-N,5.200659450546418,False,c1ccc(Nc2ncnc3c2NCc2ccccc2O3)cc1
CHEMBL3959248,COCCOc1cc2ncnc(Nc3ccc4c(cnn4Cc4ccccc4)c3)c2cc1NC(=O)/C=C/CN(C)C,CNRMVFRKCDVXKW-JXMROGBWSA-N,8.154901959985743,True,c1ccc(Cn2ncc3cc(Nc4ncnc5ccccc45)ccc32)cc1
CHEMBL3088224,Cc1ccc(C(=O)N/N=C(/Cn2c([N+](=O)[O-])cnc2C)c2ccc(Br)cc2)cc1,CNRVBTVLAUEOKD-NKFKGCMQSA-N,5.212539525481585,False,O=C(N/N=C(/Cn1ccnc1)c1ccccc1)c1ccccc1
CHEMBL205765,CC(=O)Nc1cccc(C#Cc2cncnc2Nc2ccc(OCc3cccc(F)c3)c(Cl)c2)n1,CNRXAYAWNNSNLT-UHFFFAOYSA-N,7.040958607678906,True,C(#Cc1cncnc1Nc1ccc(OCc2ccccc2)cc1)c1ccccn1
CHEMBL91980,Nc1ccc2c(Nc3cccc(I)c3)ncnc2c1,CNTUNPKRAPUANH-UHFFFAOYSA-N,9.455931955649724,True,c1ccc(Nc2ncnc3ccccc23)cc1
CHEMBL1241861,CC(C)n1nc(-c2cc(F)c(C=O)c(F)c2)c2c(N)ncnc21,CNWAVQYSQHXMCH-UHFFFAOYSA-N,5.0,False,c1ccc(-c2n[nH]c3ncncc23)cc1
CHEMBL1203939,CCOc1cc2ncnc(Nc3ccccc3F)c2cc1OCC,CNWPQOSFYJXVLE-UHFFFAOYSA-N,8.031050319018657,True,c1ccc(Nc2ncnc3ccccc23)cc1
CHEMBL66570,C=c1cc(C(=O)N2CCN(CC)CC2)[nH]c1=Cc1c(O)[nH]c2ncnc(Nc3ccc(F)c(Cl)c3)c12,COAKEUWUHMJYBY-UHFFFAOYSA-N,7.886056647693163,True,C=c1cc(C(=O)N2CCNCC2)[nH]c1=Cc1c[nH]c2ncnc(Nc3ccccc3)c12
CHEMBL1241768,Nc1ncnc2c1c(-c1ccc(Cl)c(O)c1)nn2[C@@H]1CCOC1,COAQRADEUYYCDG-SECBINFHSA-N,5.853871964321762,False,c1ccc(-c2nn([C@@H]3CCOC3)c3ncncc23)cc1
CHEMBL1241678,Nc1ncnc2c1c(-c1ccc(Cl)c(O)c1)nn2[C@H]1CCOC1,COAQRADEUYYCDG-VIFPVBQESA-N,5.801342913045577,False,c1ccc(-c2nn([C@H]3CCOC3)c3ncncc23)cc1
CHEMBL4066569,C=CC(=O)Nc1cc(Nc2cc(-c3cn(C)c4ccccc34)nc(C)n2)c(OC)cc1N(C)CCN(C)C,COHKKDKHQGIOMH-UHFFFAOYSA-N,7.217527375833714,True,c1ccc(Nc2cc(-c3c[nH]c4ccccc34)ncn2)cc1
CHEMBL1744086,COc1cc2ncnc(Nc3ccc(F)c(Cl)c3)c2cc1OC[C@@H](O)CN1CCOCC1,COMSCFFBTPULJA-HNNXBMFYSA-N,7.022276394711152,True,c1ccc(Nc2ncnc3ccc(OCCCN4CCOCC4)cc23)cc1
CHEMBL1788321,COc1cc2ncnc(Nc3ccc(F)c(Cl)c3)c2cc1OC[C@H](O)CN1CCOCC1,COMSCFFBTPULJA-OAHLLOKOSA-N,7.173925197299173,True,c1ccc(Nc2ncnc3ccc(OCCCN4CCOCC4)cc23)cc1
CHEMBL1914661,Cc1cccc(C(C)Nc2ncnc3[nH]c(-c4ccc(O)cc4)cc23)c1,COSOLTZPQMSGJG-UHFFFAOYSA-N,7.022276394711152,True,c1ccc(CNc2ncnc3[nH]c(-c4ccccc4)cc23)cc1
CHEMBL3671517,C=CC(=O)Nc1cc2c(Nc3ccc(Br)cc3F)ncnc2cc1OCCNC(=O)COC,COTCOYMOTSGNJY-UHFFFAOYSA-N,7.853871964321762,True,c1ccc(Nc2ncnc3ccccc23)cc1
CHEMBL4208829,C=CC(=O)N[C@@H]1CN(c2nc(Nc3cn(C)nc3OC)c3ncn(C(C)(C)C)c3n2)C[C@H]1F,CPHKKAZXAJOGRP-CHWSQXEVSA-N,7.769551078621726,True,c1nc2c(Nc3cn[nH]c3)nc(N3CCCC3)nc2[nH]1
CHEMBL4097862,S=C(Nc1ccc(Cl)cc1)Nc1ccc2ncnc(Nc3cccc(Br)c3)c2c1,CPISIOQAKTUKSO-UHFFFAOYSA-N,7.709965388637482,True,S=C(Nc1ccccc1)Nc1ccc2ncnc(Nc3ccccc3)c2c1
CHEMBL4085902,COc1cc(Br)c(C=C2CC(C)CC(=Cc3nc(C)c(C)nc3C)C2=NO)cc1OC,CPKHEFISZPLMBT-UHFFFAOYSA-N,5.537602002101044,False,N=C1C(=Cc2ccccc2)CCCC1=Cc1cnccn1
CHEMBL3357653,CCOc1cc2ncnc(Nc3ccc(OCC4CC4)c(Cl)c3)c2cc1NC(=O)/C(F)=C\CN(C)C,CPKOOPNFOWNEFT-AWQFTUOYSA-N,7.950781977329818,True,c1ccc2c(Nc3ccc(OCC4CC4)cc3)ncnc2c1
CHEMBL3357652,CCOc1cc2ncnc(Nc3ccc(OCC4CC4)c(Cl)c3)c2cc1NC(=O)/C(F)=C/CN(C)C,CPKOOPNFOWNEFT-UKWGHVSLSA-N,8.455931955649724,True,c1ccc2c(Nc3ccc(OCC4CC4)cc3)ncnc2c1
CHEMBL55994,N#CC(=Cc1ccc(O)c(O)c1)C(=O)c1cccs1,CPXCUSISXFTYFB-UHFFFAOYSA-N,5.508638306165727,False,O=C(C=Cc1ccccc1)c1cccs1
CHEMBL1271619,CN(C)C/C=C/C(=O)N1CCc2c(sc3ncnc(NCCO)c23)C1,CPXGBODDCLRAEF-ONEGZZNKSA-N,5.3112243447271545,False,c1ncc2c3c(sc2n1)CNCC3
CHEMBL3436358,CS(=O)(=O)N1CCN(Cc2ccc(-c3ccc4ncnc(Nc5ccc(OCc6cccc(F)c6)c(Cl)c5)c4c3)o2)CC1,CQCHWVJIDPPZIH-UHFFFAOYSA-N,7.222573177610688,True,c1ccc(COc2ccc(Nc3ncnc4ccc(-c5ccc(CN6CCNCC6)o5)cc34)cc2)cc1
CHEMBL93423,COc1cc2ncnc(NC3CC3c3ccccc3)c2cc1O,CQIGCEDRWOCRQD-UHFFFAOYSA-N,6.4089353929735005,True,c1ccc(C2CC2Nc2ncnc3ccccc23)cc1
CHEMBL111038,COc1cc2ncc(C#N)c(Nc3cccc(Br)c3)c2cc1OC,CQKFTSMPIIYOBX-UHFFFAOYSA-N,6.721246399047171,True,c1ccc(Nc2ccnc3ccccc23)cc1
CHEMBL604672,O=C(Nc1ccccc1Br)c1ccc(N(CCCl)CCCl)cc1,CQQNFOOXUBFINM-UHFFFAOYSA-N,5.106793246940152,False,O=C(Nc1ccccc1)c1ccccc1
CHEMBL3699620,C=CC(=O)Nc1cccc(Oc2nc(Nc3ccc(N4CCN(C(=O)OC(C)(C)C)CC4)cc3OC(F)(F)F)ncc2Cl)c1,CQSIBUGHZLHKBV-UHFFFAOYSA-N,7.698970004336019,True,c1ccc(Oc2ccnc(Nc3ccc(N4CCNCC4)cc3)n2)cc1
CHEMBL193368,CCc1c(C(=O)OCCCn2ccnc2)cn2ncnc(Nc3ccc4c(cnn4Cc4ccccc4)c3)c12,CQTPFJKIPFEALQ-UHFFFAOYSA-N,6.769551078621726,True,O=C(OCCCn1ccnc1)c1cc2c(Nc3ccc4c(cnn4Cc4ccccc4)c3)ncnn2c1
CHEMBL399372,CCOc1cc2ncnc(C#Cc3nccn3-c3ccccc3)c2cc1OCC,CQWFGMZHJNVDTC-UHFFFAOYSA-N,7.920818753952375,True,C(#Cc1nccn1-c1ccccc1)c1ncnc2ccccc12
CHEMBL3233767,C=CC(=O)Nc1cc2c(Nc3ccc(F)c(Cl)c3)ncnc2s1,CQZRHVILVDPGCV-UHFFFAOYSA-N,7.795880017344075,True,c1ccc(Nc2ncnc3sccc23)cc1
CHEMBL131577,Cc1cccc(Cl)c1NC(=O)c1cnc(NC(=O)C2CC2)s1,CQZZCFVTEOJWAW-UHFFFAOYSA-N,5.0,False,O=C(Nc1ccccc1)c1cnc(NC(=O)C2CC2)s1
CHEMBL475769,CS(=O)(=O)CCNCc1cc(-c2cc3ncnc(Nc4ccc(OCc5cccc(F)c5)c(Cl)c4)c3s2)co1,CREMXLIEDCOOOC-UHFFFAOYSA-N,8.397940008672037,True,c1ccc(COc2ccc(Nc3ncnc4cc(-c5ccoc5)sc34)cc2)cc1
CHEMBL2385975,CCOc1cc(N)c(C(=O)Nc2ccc(OCc3ccccn3)c(Cl)c2)cc1NC(=O)/C=C/CN(C)C,CRHHOHXNIKMBPH-VQHVLOKHSA-N,6.096910013008056,False,O=C(Nc1ccc(OCc2ccccn2)cc1)c1ccccc1
CHEMBL3970231,C=CC(=O)N1CCC(Oc2cc3c(Nc4ccc(F)c(Cl)c4F)ncnc3cc2OC)CC1,CRIFOQALUXKQGH-UHFFFAOYSA-N,8.958607314841775,True,c1ccc(Nc2ncnc3ccc(OC4CCNCC4)cc23)cc1
CHEMBL4060198,CCC(=O)N1CC[C@H](N2C(=O)N(c3ccccc3F)Cc3cnc(Nc4ccc(N5CCN(C)CC5)c(C)c4)nc32)C1,CRMABJVOGNMWGX-DEOSSOPVSA-N,7.75448733218585,True,O=C1N(c2ccccc2)Cc2cnc(Nc3ccc(N4CCNCC4)cc3)nc2N1[C@H]1CCNC1
CHEMBL3622650,O=C(/C=C/CN1CCCCC1)Nc1cc2c(Nc3ccc(F)c(Cl)c3)ncnc2cc1O[C@H]1CCOC1,CROUCCLWECZKHT-PXPVJAHISA-N,8.275724130399212,True,O=C(/C=C/CN1CCCCC1)Nc1cc2c(Nc3ccccc3)ncnc2cc1O[C@H]1CCOC1
CHEMBL3752008,O=C(Nc1ccncc1)Nc1cc(-c2cncnc2)cc(C(F)(F)F)c1,CROUZXUJOHNNGG-UHFFFAOYSA-N,7.828858848971618,True,O=C(Nc1ccncc1)Nc1cccc(-c2cncnc2)c1
CHEMBL3671501,C=CC(=O)Nc1cc2c(Nc3ccc(Br)cc3F)ncnc2cc1OCCNC(=O)C(F)(F)F,CRPONWBREIIKIJ-UHFFFAOYSA-N,7.638272163982407,True,c1ccc(Nc2ncnc3ccccc23)cc1
CHEMBL1821884,Clc1ccc(-c2csc(N3N=C(c4ccc(Br)cc4)CC3c3ccc(Cl)cc3)n2)cc1,CRRWGHLDPMTQRL-UHFFFAOYSA-N,4.748605149959896,False,c1ccc(C2=NN(c3nc(-c4ccccc4)cs3)C(c3ccccc3)C2)cc1
CHEMBL4083642,Cc1nc(C)c(C=C2CN(C)CC(=Cc3nc(C)c(C)nc3C)C2=O)nc1C,CRTFPNCZXZINQK-UHFFFAOYSA-N,7.397940008672037,True,O=C1C(=Cc2cnccn2)CNCC1=Cc1cnccn1
CHEMBL4213609,C=CC(=O)N[C@@H]1CN(c2nc(Nc3cn(C)nc3OC)c3[nH]cnc3n2)C[C@H]1F,CSAIINNXPJUNPK-NXEZZACHSA-N,6.170696227168975,False,c1nc2nc(N3CCCC3)nc(Nc3cn[nH]c3)c2[nH]1
CHEMBL57251,COc1ccc(NC(=O)C(C#N)=Cc2ccc(O)c(O)c2)c(OC)c1,CSHGVUBBAZPQSJ-UHFFFAOYSA-N,5.769551078621726,False,O=C(C=Cc1ccccc1)Nc1ccccc1
CHEMBL1830273,NC(=S)NN=C(C=Cc1ccccc1)c1ccc(Br)cc1,CSLIGEUJAPEVBH-UHFFFAOYSA-N,4.912218582190458,False,N=C(C=Cc1ccccc1)c1ccccc1
CHEMBL1945646,Cc1ccc(C(=O)NS(=O)(=O)c2ccccc2)c(Cl)n1,CSQZSEYDHDYCQL-UHFFFAOYSA-N,4.666351243485299,False,O=C(NS(=O)(=O)c1ccccc1)c1cccnc1
CHEMBL1171273,COc1ccccc1/C=C/C(=O)OCCn1c([N+](=O)[O-])cnc1C,CTAHCBONHHOZRK-BQYQJAHWSA-N,4.494850021680094,False,O=C(/C=C/c1ccccc1)OCCn1ccnc1
CHEMBL171256,COc1ccc(CC(CO)n2cc(-c3ccccc3)c3c(N)ncnc32)cc1,CTAZKUKBHBXUFJ-UHFFFAOYSA-N,4.841637507904751,False,c1ccc(CCn2cc(-c3ccccc3)c3cncnc32)cc1
CHEMBL2316151,COc1cc(/C=C2\CC=CC(Cc3ccc(O)c(O)c3)C2=O)cc(OC)c1,CTBMKILIEAIOKG-RQZCQDPDSA-N,6.3979400086720375,True,O=C1/C(=C/c2ccccc2)CC=CC1Cc1ccccc1
CHEMBL3622630,C=CC(=O)Nc1cc2c(Nc3ccc(Br)cc3F)ncnc2cc1O[C@H]1CCOC1,CTBSCTKHZRHHJG-ZDUSSCGKSA-N,6.916855856856948,True,c1ccc(Nc2ncnc3cc(O[C@H]4CCOC4)ccc23)cc1
CHEMBL606027,CCCCN(Cc1cccc(Br)c1O)C(=S)Nc1ccccc1,CTCXKWWYXMCWMT-UHFFFAOYSA-N,4.656788409820253,False,S=C(NCc1ccccc1)Nc1ccccc1
CHEMBL2047015,O=C(CCCCCC(O)=NO)Nc1ccc(O)c(C(=O)Nc2ccccc2)c1,CTFXASBXMZFWNT-UHFFFAOYSA-N,5.630784142589857,False,O=C(Nc1ccccc1)c1ccccc1
CHEMBL4091966,C=CC(=O)N1CCC[C@@H](n2nc(I)c3c(N)ncnc32)C1,CTFXOUXSBGMYTJ-MRVPVSSYSA-N,7.698970004336019,True,c1ncc2cnn([C@@H]3CCCNC3)c2n1
CHEMBL307481,O=[N+]([O-])/C=C/c1ccc(O)cc1,CTJKRKMPTRJAIT-AATRIKPKSA-N,4.995678626217358,False,c1ccccc1
CHEMBL3360614,COc1cc2c(Nc3ccc(OCc4cccc(F)c4)c(Cl)c3)ncnc2cc1OCCCCCn1ccnc1[N+](=O)[O-],CUEMVPSMBFDEAF-UHFFFAOYSA-N,7.779891911959945,True,c1ccc(COc2ccc(Nc3ncnc4cc(OCCCCCn5ccnc5)ccc34)cc2)cc1
CHEMBL592708,COc1ccc(/C=N/N=c2[nH]c(O)cs2)cc1,CUGIQQYIIZWZGE-WUXMJOGZSA-N,5.238072161579471,False,C(=N\N=c1[nH]ccs1)/c1ccccc1
CHEMBL1830279,COc1ccc(C(C=Cc2ccccc2Cl)=NNC(N)=S)cc1,CUHZYMQBPHMOEZ-UHFFFAOYSA-N,5.106238237942057,False,N=C(C=Cc1ccccc1)c1ccccc1
CHEMBL3092317,CN(C)CCCN(C)C(=O)Nc1cc2c(Nc3ccc(F)c(Cl)c3)ncnc2cc1O[C@H]1CCOC1,CUIOOITULADHNM-KRWDZBQOSA-N,6.333482019445119,True,c1ccc(Nc2ncnc3cc(O[C@H]4CCOC4)ccc23)cc1
CHEMBL261238,CN(c1cccnc1)c1cc2c(Nc3ccc(F)c(Cl)c3)c(C#N)cnc2cn1,CUIQYXHABOOZFA-UHFFFAOYSA-N,2.3010299956639813,False,c1ccc(Nc2ccnc3cnc(Nc4cccnc4)cc23)cc1
CHEMBL3676390,C=CC(=O)Nc1cc2c(Nc3ccc(Br)cc3F)ncnc2cc1OCCNC(=O)CC,CUKHNNMXTRUTGY-UHFFFAOYSA-N,6.229884705212898,False,c1ccc(Nc2ncnc3ccccc23)cc1
CHEMBL4228120,O=C(N/N=C/c1cc(F)c(F)cc1Cl)N1CCc2ncnc(Nc3ccc(F)c(Cl)c3)c2C1,CUYZENZHIGMEAF-JBQSXSRFSA-N,7.373659632624958,True,O=C(N/N=C/c1ccccc1)N1CCc2ncnc(Nc3ccccc3)c2C1
CHEMBL55993,Cc1cc(C)c(C(=O)C(C#N)=Cc2ccc(O)c(O)c2)c(C)c1,CVJUVNFCJFFASS-UHFFFAOYSA-N,4.97061622231479,False,O=C(C=Cc1ccccc1)c1ccccc1
CHEMBL86326,COc1ccc(C=C2C(=O)Nc3ccc(Cl)cc32)cc1C(C)(C)C,CVNRNJTZYYQYLI-UHFFFAOYSA-N,4.714442690992226,False,O=C1Nc2ccccc2C1=Cc1ccccc1
CHEMBL290389,COc1cc(C=C(C#N)C(N)=O)cc(Sc2nc3ccccc3s2)c1O,CVOBHHJUXHKVTR-UHFFFAOYSA-N,6.455931955649724,True,c1ccc(Sc2nc3ccccc3s2)cc1
CHEMBL2442329,COc1cc(O)c2c(=O)n(-c3cccc(C(=O)N4CCCCC4)c3)ccc2c1,CVUCKZLRRVRQKD-UHFFFAOYSA-N,5.860120913598763,False,O=C(c1cccc(-n2ccc3ccccc3c2=O)c1)N1CCCCC1
CHEMBL4294211,C=C=CC(=O)Nc1cc(Nc2nccc(-c3cn(C)c4ccccc34)n2)c(OC)cc1N1CCC(N2CCOCC2)CC1,CVUUOYYNAMNGLC-UHFFFAOYSA-N,9.154901959985745,True,c1ccc2c(-c3ccnc(Nc4ccc(N5CCC(N6CCOCC6)CC5)cc4)n3)c[nH]c2c1
CHEMBL3935007,C=CC(=O)N1CCC(Oc2cc3c(Nc4cccc(Br)c4)ncnc3cc2OC)CC1,CVUXUHKUTXXYBR-UHFFFAOYSA-N,8.148741651280925,True,c1ccc(Nc2ncnc3ccc(OC4CCNCC4)cc23)cc1
CHEMBL3671543,C=CC(=O)Nc1cc2c(Nc3ccc(Br)cc3F)ncnc2cc1OCCNC(=O)/C=N/OC,CVUZHHCFPFIVKB-IPBVOBEMSA-N,6.59176003468815,True,c1ccc(Nc2ncnc3ccccc23)cc1
CHEMBL2070191,Clc1cccc(Nc2ncnc3ccc(NCc4ccc5c(c4)OCO5)cc23)c1,CVXGWPCZIJNFAQ-UHFFFAOYSA-N,6.2441251443275085,False,c1ccc(Nc2ncnc3ccc(NCc4ccc5c(c4)OCO5)cc23)cc1
CHEMBL49596,Cn1c(=O)c(-c2c(Cl)cccc2Cl)cc2cnc(N)nc21,CWCLGIJGJSHBLC-UHFFFAOYSA-N,5.251811972993799,False,O=c1[nH]c2ncncc2cc1-c1ccccc1
CHEMBL3335245,CCOc1cc(Br)c(Br)c(C=Nc2ccc3[nH]c(=O)[nH]c3c2)c1O,CWDLJPOSYGJLKO-UHFFFAOYSA-N,4.115204636051019,False,O=c1[nH]c2ccc(N=Cc3ccccc3)cc2[nH]1
CHEMBL131193,CO[C@H]1[C@@H](N(C)Cc2ccccc2)C[C@@H]2O[C@@]1(C)n1c3ccccc3c3c4c(c5c6ccccc6n2c5c31)C(=O)NC4,CWFIQHQECWPWQG-PKZFWVFJSA-N,6.040958607678906,False,O=C1NCc2c1c1c3ccccc3n3c1c1c2c2ccccc2n1C1C[C@@H](NCc2ccccc2)C[C@@H]3O1
CHEMBL3355882,C#Cc1cccc(Nc2ncnc3cc(OC)c(OCCCCCCn4ccnc4[N+](=O)[O-])cc23)c1,CWFMGPWYOACYBH-UHFFFAOYSA-N,9.30102999566398,True,c1ccc(Nc2ncnc3ccc(OCCCCCCn4ccnc4)cc23)cc1
CHEMBL3937373,Cc1cccc2nc(NC(=O)c3cccc(C(F)(F)F)c3)n([C@H]3CC[C@H](O)CC3)c12,CWNIOBAJEBWIJB-QAQDUYKDSA-N,7.045757490560675,True,O=C(Nc1nc2ccccc2n1C1CCCCC1)c1ccccc1
CHEMBL307179,COc1cc(C=C(C#N)C#N)cc([N+](=O)[O-])c1O,CWOXUSIEQFFVBX-UHFFFAOYSA-N,3.795880017344075,False,c1ccccc1
CHEMBL174634,Cc1ccccc1-c1cn(-c2ccccc2)c2ncnc(N)c12,CWUGNRVNSPIEKA-UHFFFAOYSA-N,5.576754126063192,False,c1ccc(-c2cn(-c3ccccc3)c3ncncc23)cc1
CHEMBL2347971,OC[C@@H](Nc1ncnc2oc(-c3ccccc3)c(-c3ccoc3)c12)c1ccccc1,CXAHRFUHLAWAPM-LJQANCHMSA-N,6.453457336521868,True,c1ccc(CNc2ncnc3oc(-c4ccccc4)c(-c4ccoc4)c23)cc1
CHEMBL7866,COC(=O)Cn1cc(-c2cccc(Cl)c2)c(=O)c2c(O)cc(OC)cc21,CXCSYLLGUQWHHQ-UHFFFAOYSA-N,7.1938200260161125,True,O=c1c(-c2ccccc2)c[nH]c2ccccc12
CHEMBL3622653,COc1cc2ncnc(Nc3ccc(F)c(Cl)c3)c2cc1NC(=O)/C=C/CN(C)C1CC1,CXDDCGQBCOYFSQ-ONEGZZNKSA-N,7.570247719997592,True,O=C(/C=C/CNC1CC1)Nc1ccc2ncnc(Nc3ccccc3)c2c1
CHEMBL3961532,CCC(=O)Nc1cc2c(Nc3ccc(OCc4cccc(F)c4)c(Cl)c3)ncnc2cc1OC,CXDUFDRGOOEEHL-UHFFFAOYSA-N,7.173925197299173,True,c1ccc(COc2ccc(Nc3ncnc4ccccc34)cc2)cc1
CHEMBL4250210,CNc1ccc(N(C)c2ncnc3occ(C)c23)cc1,CXFZABYZQCUWPA-UHFFFAOYSA-N,8.193820026016112,True,c1ccc(Nc2ncnc3occc23)cc1
CHEMBL215559,COCCN1CCC(Oc2cc3c(Nc4cc(Cl)ccc4F)ncnc3cc2OC)CC1,CXHUEJLZRIDMGV-UHFFFAOYSA-N,6.943095148663527,True,c1ccc(Nc2ncnc3ccc(OC4CCNCC4)cc23)cc1
CHEMBL3953921,C=CC(=O)N1CCCC(n2c(NC(=O)c3cccc(C(F)(F)F)c3)nc3cc(C)ccc32)C1,CXICEXOWGOQDAE-UHFFFAOYSA-N,7.698970004336019,True,O=C(Nc1nc2ccccc2n1C1CCCNC1)c1ccccc1
CHEMBL353823,CC(C)(C)OC(=O)N1CCC(n2cc(-c3ccccc3)c3c(N)ncnc32)C1,CXIHOIXBRUXAHK-UHFFFAOYSA-N,5.080921907623926,False,c1ccc(-c2cn(C3CCNC3)c3ncncc23)cc1
CHEMBL462162,COc1cc(Nc2ncnc3[nH]ccc23)ccc1-c1nc2ccccc2s1,CXJQAZDGOBZGLJ-UHFFFAOYSA-N,6.142667503568731,False,c1ccc2sc(-c3ccc(Nc4ncnc5[nH]ccc45)cc3)nc2c1
CHEMBL3088223,Cc1ncc([N+](=O)[O-])n1C/C(=N/NC(=O)c1ccc(Cl)cc1)c1ccc(Br)cc1,CXKCTOXFNFRIPX-QJOMJCCJSA-N,4.904830648568245,False,O=C(N/N=C(/Cn1ccnc1)c1ccccc1)c1ccccc1
CHEMBL53299,COc1ccc(CNc2cc3c(Nc4cccc(Br)c4)ncnc3cn2)cc1,CXLKPXBPOPTFNY-UHFFFAOYSA-N,8.638272163982407,True,c1ccc(CNc2cc3c(Nc4ccccc4)ncnc3cn2)cc1
CHEMBL3671582,C=CC(=O)Nc1cc2c(Nc3ccc(Cl)cc3Cl)ncnc2cc1OCCNC(C)=O,CXPFXSZABUYPDJ-UHFFFAOYSA-N,7.309803919971486,True,c1ccc(Nc2ncnc3ccccc23)cc1
CHEMBL1230609,COc1cc2c(Oc3ccc(NC(=O)C4(C(=O)Nc5ccc(F)cc5)CC4)cc3F)ccnc2cc1OCCCN1CCOCC1,CXQHYVUVSFXTMY-UHFFFAOYSA-N,5.52432881167557,False,O=C(Nc1ccccc1)C1(C(=O)Nc2ccc(Oc3ccnc4cc(OCCCN5CCOCC5)ccc34)cc2)CC1
CHEMBL187007,COc1cc2ncnc(Nc3cc(NC(=O)c4cccc(N(C)C)c4)ccc3Cl)c2cc1OC,CXXCKESOBLFJAE-UHFFFAOYSA-N,4.537602002101044,False,O=C(Nc1cccc(Nc2ncnc3ccccc23)c1)c1ccccc1
CHEMBL50245,CN(C)c1ccc2c(Nc3cccc(Br)c3)ncnc2n1,CYDSVLVEOYKRBO-UHFFFAOYSA-N,6.489454989793388,True,c1ccc(Nc2ncnc3ncccc23)cc1
CHEMBL1172951,Cc1ncc([N+](=O)[O-])n1CCOC(=O)/C=C/c1cccc(F)c1,CYFPQVFLFVUCKY-AATRIKPKSA-N,4.905878404159439,False,O=C(/C=C/c1ccccc1)OCCn1ccnc1
CHEMBL6246,O=c1c(O)cc2c(O)oc3c(=O)c(O)cc4c(O)oc1c2c43,CYFXRGFESOFDNS-UHFFFAOYSA-N,6.161150909262744,False,O=c1ccc2coc3c(=O)ccc4coc1c2c43
CHEMBL1241492,CC(C)n1nc(-c2ccc3nonc3c2)c2c(N)ncnc21,CYKWMIZUFXPHFW-UHFFFAOYSA-N,5.080921907623926,False,c1ncc2c(-c3ccc4nonc4c3)n[nH]c2n1
CHEMBL296582,O=C(NCc1ccccc1)c1cc2cc(O)c(O)cc2cn1,CYMDDJODSVMYBQ-UHFFFAOYSA-N,5.508638306165727,False,O=C(NCc1ccccc1)c1cc2ccccc2cn1
CHEMBL3416598,COc1ccccc1-c1cc2c(NCc3cccnc3)ncnc2s1,CYMHTPZELLVORX-UHFFFAOYSA-N,6.560667306169737,True,c1ccc(-c2cc3c(NCc4cccnc4)ncnc3s2)cc1
CHEMBL243837,CCOc1cc2ncnc(NC3=CC(=O)C(OCc4cccc(Cl)c4)=CC3=O)c2cc1NC(=O)/C=C/CN(C)C,CYNKFMRSHNIJPN-RMKNXTFCSA-N,7.913640169325252,True,O=C1C=C(OCc2ccccc2)C(=O)C=C1Nc1ncnc2ccccc12
CHEMBL2334003,COc1cc2ncnc(Nc3ccc(F)c(Cl)c3)c2cc1OCCCNCCN,CYOARVZSCJFENO-UHFFFAOYSA-N,7.866461091629782,True,c1ccc(Nc2ncnc3ccccc23)cc1
CHEMBL2335377,Nc1nc(Nc2ccc(F)c(Br)c2)c2cc(CCc3ccccn3)[nH]c2n1,CYPPOEGHMPBJMF-UHFFFAOYSA-N,4.066006836168758,False,c1ccc(Nc2ncnc3[nH]c(CCc4ccccn4)cc23)cc1
CHEMBL461114,Nc1ncnc(Nc2ccc(OCc3ccccc3)c(Cl)c2)c1C(=O)Nc1ccccc1,CYQGGEIFCSVNDW-UHFFFAOYSA-N,7.119186407719209,True,O=C(Nc1ccccc1)c1cncnc1Nc1ccc(OCc2ccccc2)cc1
CHEMBL3218424,OB(O)c1ccc2ncnc(Nc3cccc(Cl)c3)c2c1,CYQJUWYAFMCLIQ-UHFFFAOYSA-N,6.187086643357144,False,c1ccc(Nc2ncnc3ccccc23)cc1
CHEMBL2031313,CCOc1cc2ncc(C#N)c(Nc3ccc(OCc4ccccn4)c(Cl)c3)c2cc1NC(=O)CCN1CCOCC1,CYRAGAWSGXXYDS-UHFFFAOYSA-N,7.425968732272281,True,O=C(CCN1CCOCC1)Nc1ccc2nccc(Nc3ccc(OCc4ccccn4)cc3)c2c1
CHEMBL4090582,CN(C)C/C=C/C(=O)NCc1cccc(-c2nc(-c3ccc(F)cc3)c(-c3ccnc4[nH]c(-c5ccccc5)cc34)[nH]2)c1,CYUWWIBJDNHBIU-KPKJPENVSA-N,8.130181792020672,True,c1ccc(-c2cc3c(-c4[nH]c(-c5ccccc5)nc4-c4ccccc4)ccnc3[nH]2)cc1
CHEMBL104466,COc1cc2ncc(N[C@H]3CC[C@H](O)CC3)nc2cc1OC,CYVRFHRDWQAJGA-XYPYZODXSA-N,5.431798275933005,False,c1ccc2nc(NC3CCCCC3)cnc2c1
CHEMBL75880,C1CCC(C(CC2CCCCN2)C2CCCCC2)CC1,CYXKNKQEMFBLER-UHFFFAOYSA-N,5.828215059445879,False,C1CCC(C(CC2CCCCN2)C2CCCCC2)CC1
CHEMBL604485,COc1cc2ncnc(Nc3ccc(-c4nc5ccccc5s4)c(O)c3)c2cc1OCCCN1CCN(C)CC1,CYXVEZJWVJIFPJ-UHFFFAOYSA-N,5.481486060122112,False,c1ccc2sc(-c3ccc(Nc4ncnc5ccc(OCCCN6CCNCC6)cc45)cc3)nc2c1
CHEMBL3087209,C=CC(=O)NC1CCC(N2C(=O)N(Cc3ccccc3)Cc3cnc(Nc4ccc(N5CCN(C)CC5)cc4OC)nc32)CC1,CYZFATWGGZSCIQ-UHFFFAOYSA-N,6.1496601454165205,False,O=C1N(Cc2ccccc2)Cc2cnc(Nc3ccc(N4CCNCC4)cc3)nc2N1C1CCCCC1
CHEMBL65038,COc1cc2ncnc(Nc3cccc(Br)c3)c2cc1[N+](=O)[O-],CZBTZBBBQGIOGA-UHFFFAOYSA-N,7.823908740944319,True,c1ccc(Nc2ncnc3ccccc23)cc1
CHEMBL3915538,Nc1ncnc2c1c(-c1ccc(Oc3ccccc3)cc1)nn2C[C@@H]1CCCN1C(=O)/C=C/CN1CCOCC1,CZCUSNQZHNYXNJ-LKYAVPRHSA-N,5.204954629578875,False,O=C(/C=C/CN1CCOCC1)N1CCC[C@H]1Cn1nc(-c2ccc(Oc3ccccc3)cc2)c2cncnc21
CHEMBL201511,COc1cc(C2=C(c3c[nH]c4ccccc34)C(=O)NC2=O)cc(OC)c1OC,CZGMEOAMQWAJOY-UHFFFAOYSA-N,4.494850021680094,False,O=C1NC(=O)C(c2c[nH]c3ccccc23)=C1c1ccccc1
CHEMBL93032,Oc1cc2ncnc(Nc3cccc(Br)c3)c2cc1O,CZMCXMIIVHUIPE-UHFFFAOYSA-N,9.769551078621726,True,c1ccc(Nc2ncnc3ccccc23)cc1
CHEMBL429057,Nc1ncnc2c1c(-c1ccccc1)cn2-c1ccccc1CO,CZOUTEDNZRYTGU-UHFFFAOYSA-N,5.958607314841775,False,c1ccc(-c2cn(-c3ccccc3)c3ncncc23)cc1
CHEMBL3416599,Brc1cc2c(NCc3ccccc3)ncnc2s1,CZOWLXVMRJKQOL-UHFFFAOYSA-N,6.617982957425132,True,c1ccc(CNc2ncnc3sccc23)cc1
CHEMBL3977926,CCOc1cc2ncnc(Nc3ccc(OCc4ccccn4)cc3)c2cc1NC(=O)/C=C/CN1CCCC1,CZRDEUGQKBEMMH-VQHVLOKHSA-N,7.008773924307505,True,O=C(/C=C/CN1CCCC1)Nc1ccc2ncnc(Nc3ccc(OCc4ccccn4)cc3)c2c1
CHEMBL518803,c1ccc2sc(-c3ccc(Nc4ncnc5[nH]ccc45)cc3)nc2c1,CZUVMGAHFHQKLM-UHFFFAOYSA-N,5.886056647693163,False,c1ccc2sc(-c3ccc(Nc4ncnc5[nH]ccc45)cc3)nc2c1
CHEMBL1641993,N#Cc1cnc(Nc2cccc(Br)c2)c2cc(NC(=O)CCN3CCOCC3)ccc12,DAAAITFDPKRTSZ-UHFFFAOYSA-N,5.161150909262744,False,O=C(CCN1CCOCC1)Nc1ccc2ccnc(Nc3ccccc3)c2c1
CHEMBL3678949,CC(C)n1c(Nc2ccc(F)c(Cl)c2)nc2cnc(Nc3ccc(N4CCN(C)CC4)cc3)nc21,DACSXLTVEKOFCW-UHFFFAOYSA-N,8.397940008672037,True,c1ccc(Nc2nc3cnc(Nc4ccc(N5CCNCC5)cc4)nc3[nH]2)cc1
CHEMBL3353395,C=CC(=O)Nc1cc(Nc2ncc(Cl)c(-c3cnn4ccccc34)n2)c(OC)cc1N1CCN(C(=O)CN(C)C)CC1,DADQYYJOCGTFOL-UHFFFAOYSA-N,4.795880017344075,False,c1ccn2ncc(-c3ccnc(Nc4ccc(N5CCNCC5)cc4)n3)c2c1
CHEMBL403357,CON=Cc1c(N)ncnc1Nc1ccc2c(cnn2Cc2cccc(OC)c2)c1,DAMRZPASBIZHRF-UHFFFAOYSA-N,6.573488738635424,True,c1ccc(Cn2ncc3cc(Nc4ccncn4)ccc32)cc1
CHEMBL3263366,Cc1ccc(C2=NN(c3nc(O)cs3)C(c3cccc4ccccc34)C2)cc1C,DAOSWIXMSHYYNF-UHFFFAOYSA-N,5.8794260687941495,False,c1ccc(C2=NN(c3nccs3)C(c3cccc4ccccc34)C2)cc1
CHEMBL1683971,Cc1ncnc(Nc2ccc(OCc3cccc(F)c3)c(Cl)c2)c1C#CCN1CCOCC1,DAPDIOHPATXXKN-UHFFFAOYSA-N,5.384049948343598,False,C(#Cc1cncnc1Nc1ccc(OCc2ccccc2)cc1)CN1CCOCC1
CHEMBL1990583,Nc1ncnn2ccc(C(=O)Nc3ccc(NC(=O)Nc4cccc(F)c4)cc3)c12,DASFSPDIWCMVRW-UHFFFAOYSA-N,5.679853713888946,False,O=C(Nc1ccccc1)Nc1ccc(NC(=O)c2ccn3ncncc23)cc1
CHEMBL495617,CCCN1CCC(n2cc(CNc3cc(Cl)c4ncc(C#N)c(Nc5ccc(F)c(Cl)c5)c4c3)nn2)CC1,DATRTCJGCFQUHH-UHFFFAOYSA-N,4.522878745280337,False,c1ccc(Nc2ccnc3ccc(NCc4cn(C5CCNCC5)nn4)cc23)cc1
CHEMBL118205,COc1cc(C=C(C#N)C(N)=O)cc(CSc2nc3ccccc3o2)c1O,DAXNLYJBKOOJIV-UHFFFAOYSA-N,4.903089986991944,False,c1ccc(CSc2nc3ccccc3o2)cc1
CHEMBL1242470,N#CCCCCn1nc(-c2ccc(F)c(O)c2)c2c(N)ncnc21,DAXOOIRHYYCDDH-UHFFFAOYSA-N,4.958607314841775,False,c1ccc(-c2n[nH]c3ncncc23)cc1
CHEMBL448154,CCn1c(=O)c(-c2c(Cl)cccc2Cl)cc2cnc(Nc3ccncc3)nc21,DAZNPHVDUSTLGK-UHFFFAOYSA-N,6.309803919971486,True,O=c1[nH]c2nc(Nc3ccncc3)ncc2cc1-c1ccccc1
CHEMBL247916,NC1CCN(Cc2ccn3ncnc(Nc4ccc5c(cnn5Cc5ccncc5)c4)c23)CC1,DBBVLPYZSAWTHY-UHFFFAOYSA-N,6.275724130399211,False,c1cc(Cn2ncc3cc(Nc4ncnn5ccc(CN6CCCCC6)c45)ccc32)ccn1
CHEMBL1683972,Cc1ncnc(Nc2ccc(OCc3cccc(F)c3)c(Cl)c2)c1C#C/C=N/OCCN1CCOCC1,DBDJGLFOLVMUOF-QILCKVHPSA-N,7.42021640338319,True,C(#Cc1cncnc1Nc1ccc(OCc2ccccc2)cc1)/C=N/OCCN1CCOCC1
CHEMBL122182,Oc1ccc(Nc2[nH]nc3ncnc(Nc4cccc(Cl)c4)c23)cc1,DBDQLLPCPIODHI-UHFFFAOYSA-N,8.096910013008056,True,c1ccc(Nc2ncnc3n[nH]c(Nc4ccccc4)c23)cc1
CHEMBL67027,COc1ccc(/C=C(\C#N)c2cccnc2)cc1OC,DBGZNJVTHYFQJI-RIYZIHGNSA-N,6.154901959985743,False,C(=Cc1cccnc1)c1ccccc1
CHEMBL589825,O=C(Nc1ccccc1F)c1ccc(N(CCCl)CCCl)cc1,DBHPUQBVYOYNRL-UHFFFAOYSA-N,4.936666641048251,False,O=C(Nc1ccccc1)c1ccccc1
CHEMBL4282688,C=C=CC(=O)Nc1cc(Nc2ncc(OC)c(-c3cn(C)c4ccccc34)n2)c(OC)cc1N(C)CCN(C)C,DBIBGPSRINRNHA-UHFFFAOYSA-N,8.200659450546418,True,c1ccc(Nc2nccc(-c3c[nH]c4ccccc34)n2)cc1
CHEMBL3360620,COc1cc2c(Nc3cccc(Br)c3)ncnc2cc1OCCOCCn1ccnc1[N+](=O)[O-],DBKGMCHPHOAIPB-UHFFFAOYSA-N,9.086186147616283,True,c1ccc(Nc2ncnc3cc(OCCOCCn4ccnc4)ccc23)cc1
CHEMBL332765,CN(C)c1ccc(Nc2[nH]nc3ncnc(Nc4cccc(Cl)c4)c23)cc1,DBMNQXNYFIEZLF-UHFFFAOYSA-N,7.537602002101044,True,c1ccc(Nc2ncnc3n[nH]c(Nc4ccccc4)c23)cc1
CHEMBL1243316,C#CCNC/C=C/C(=O)Nc1cc2c(Nc3ccc(F)c(Cl)c3)c(C#N)cnc2cc1OCC,DBNKNZTWWHDYFH-AATRIKPKSA-N,10.522878745280336,True,c1ccc(Nc2ccnc3ccccc23)cc1
CHEMBL251291,OCCCC#Cc1ccc2ncnc(Nc3ccc(F)c(Cl)c3)c2c1,DBNNYQDOPIMLMA-UHFFFAOYSA-N,6.942333896090171,True,c1ccc(Nc2ncnc3ccccc23)cc1
CHEMBL289213,CN(CC(=O)O)Cc1c[nH]c2cc3ncnc(Nc4cccc(Br)c4)c3cc12,DBSQOKFNDAENBI-UHFFFAOYSA-N,9.142667503568733,True,c1ccc(Nc2ncnc3cc4[nH]ccc4cc23)cc1
CHEMBL1232944,C=CC(=O)Nc1ccc2c(Nc3cc[nH]n3)nc(-c3ccccc3)nc2c1,DBXZXNJCPSGVAC-UHFFFAOYSA-N,5.657577319177793,False,c1ccc(-c2nc(Nc3cc[nH]n3)c3ccccc3n2)cc1
CHEMBL1241681,Nc1ncnc2c1c(-c1ccc3ncccc3c1)nn2C1CCCC1,DBZCDBKTCUKQPQ-UHFFFAOYSA-N,5.6777807052660805,False,c1cnc2ccc(-c3nn(C4CCCC4)c4ncncc34)cc2c1
CHEMBL3085374,COc1cc2ncnc(C#C[C@](C)(O)Cc3ccccc3)c2cc1OC,DCFLKULIIIPJPN-NRFANRHFSA-N,8.045757490560675,True,C(#Cc1ncnc2ccccc12)CCc1ccccc1
CHEMBL4293126,C=C=CC(=O)Nc1cc(Nc2nccc(-c3cn(C)c4ccccc34)n2)c(OCC)cc1N(C)CCN(C)C,DCTSDRYEGNUJAC-UHFFFAOYSA-N,7.832682665251823,True,c1ccc(Nc2nccc(-c3c[nH]c4ccccc34)n2)cc1
CHEMBL3353407,C=CC(=O)Nc1cc(Nc2ncc(Cl)c(-c3cn(C)c4ccccc34)n2)c(OC)cc1N(C)CCN(C)C,DCVITXJMCYHCFL-UHFFFAOYSA-N,5.698970004336019,False,c1ccc(Nc2nccc(-c3c[nH]c4ccccc34)n2)cc1
CHEMBL196018,CCOC(=O)c1cn2ncnc(Nc3ccc(F)c(Cl)c3)c2c1CC,DCVODVBLQRXBMG-UHFFFAOYSA-N,7.045757490560675,True,c1ccc(Nc2ncnn3cccc23)cc1
CHEMBL3263966,COc1cc2c(Oc3ccc(NS(=O)(=O)c4ccc(-c5cnn(C)c5)cc4)cc3F)ccnc2cc1OCCCN1CCN(C)CC1,DCZPJWOVYXWMRG-UHFFFAOYSA-N,5.361111575294924,False,O=S(=O)(Nc1ccc(Oc2ccnc3cc(OCCCN4CCNCC4)ccc23)cc1)c1ccc(-c2cn[nH]c2)cc1
CHEMBL1830130,Cc1cccc(NC(=O)/C=C/c2ccccc2)c1,DCZZGCCJBFBLOX-ZHACJKMWSA-N,4.705754283861882,False,O=C(/C=C/c1ccccc1)Nc1ccccc1
CHEMBL214478,COc1cc2ncnc(Nc3cc(Cl)ccc3F)c2cc1OC1CCN(CC(N)=O)CC1,DDAMGXWOIIQREF-UHFFFAOYSA-N,8.045757490560675,True,c1ccc(Nc2ncnc3ccc(OC4CCNCC4)cc23)cc1
CHEMBL168921,CC(C)(C)OC(=O)N1CCC(n2cc(-c3cccc(O)c3)c3c(N)ncnc32)C1,DDCRNOXQNBDLGB-UHFFFAOYSA-N,5.657577319177793,False,c1ccc(-c2cn(C3CCNC3)c3ncncc23)cc1
CHEMBL3416625,COc1ccccc1-c1cc2c(Nc3ccc(F)c(Cl)c3)ncnc2s1,DDDGSLANZIDSLT-UHFFFAOYSA-N,8.301029995663981,True,c1ccc(Nc2ncnc3sc(-c4ccccc4)cc23)cc1
CHEMBL1172950,Cc1ncc([N+](=O)[O-])n1CCOC(=O)/C=C/c1cccc([N+](=O)[O-])c1,DDFVEPVOFUZFCZ-AATRIKPKSA-N,4.837734385701978,False,O=C(/C=C/c1ccccc1)OCCn1ccnc1
CHEMBL485321,COc1ccc(CCc2cc3c(Nc4cccc(Br)c4)nc(N)nc3[nH]2)cc1,DDJCWGVPCKUJIU-UHFFFAOYSA-N,5.657577319177793,False,c1ccc(CCc2cc3c(Nc4ccccc4)ncnc3[nH]2)cc1
CHEMBL3676373,C=CC(=O)Nc1cc2c(Nc3ccc(Br)cc3F)ncnc2cc1OCC(C)(C)NC(=O)CN(C)C,DDJVPPJAZUNTIE-UHFFFAOYSA-N,6.653647025549361,True,c1ccc(Nc2ncnc3ccccc23)cc1
CHEMBL3671504,C=CCCOc1cc2ncnc(Nc3ccc(Br)cc3F)c2cc1NC(=O)C=C,DDQQLDVFRBXYBU-UHFFFAOYSA-N,7.045757490560675,True,c1ccc(Nc2ncnc3ccccc23)cc1
CHEMBL1683969,CCN1CCN(C(=O)C(F)=Cc2c(C)ncnc2Nc2ccc(OCc3cccc(F)c3)c(Cl)c2)CC1,DDUXEFVABXYEDJ-UHFFFAOYSA-N,6.806875401645538,True,O=C(C=Cc1cncnc1Nc1ccc(OCc2ccccc2)cc1)N1CCNCC1
CHEMBL21096,CCCNN1C(=O)c2c(c3c4cccc(O)c4n(C4OC(CO)C(O)C(O)C4O)c3c3[nH]c4c(O)cccc4c23)C1=O,DEBAMPWICXUPGO-UHFFFAOYSA-N,4.229147988357856,False,O=C1NC(=O)c2c1c1c3ccccc3[nH]c1c1c2c2ccccc2n1C1CCCCO1
CHEMBL1203937,CCOc1cc2ncnc(NCc3ccc(F)cc3)c2cc1OCC,DEBQVAUIPWIBMA-UHFFFAOYSA-N,7.769551078621726,True,c1ccc(CNc2ncnc3ccccc23)cc1
CHEMBL3699599,C=CC(=O)Nc1cccc(Oc2nc(Nc3ccc(N4CCN(C(=O)CC(C)(C)C)CC4)cc3OC)ncc2Cl)c1,DECLEZRWEXSBKQ-UHFFFAOYSA-N,6.698970004336019,True,c1ccc(Oc2ccnc(Nc3ccc(N4CCNCC4)cc3)n2)cc1
CHEMBL139095,C=CS(=O)(=O)Nc1cc2c(Nc3cccc(Br)c3)ncnc2cn1,DECUBVXBHCLQNY-UHFFFAOYSA-N,8.619788758288394,True,c1ccc(Nc2ncnc3cnccc23)cc1
CHEMBL1821873,COc1ccc(C2CC(c3ccc(C)c(C)c3)=NN2c2nc(-c3ccc(Cl)cc3)cs2)cc1,DEEISBGSUUROMS-UHFFFAOYSA-N,6.086186147616283,False,c1ccc(C2=NN(c3nc(-c4ccccc4)cs3)C(c3ccccc3)C2)cc1
CHEMBL3622636,COCCOc1cc2ncnc(Nc3ccc(OCc4cccc(F)c4)cc3)c2cc1NC(=O)/C=C/CN(C)C,DEHYOWDSFWSILS-VMPITWQZSA-N,7.040958607678906,True,c1ccc(COc2ccc(Nc3ncnc4ccccc34)cc2)cc1
CHEMBL1828865,O=C(Cc1ccc(F)cc1)NS(=O)(=O)c1ccccc1,DELBGJJGZCXRER-UHFFFAOYSA-N,5.17134010346468,False,O=C(Cc1ccccc1)NS(=O)(=O)c1ccccc1
CHEMBL4278886,Nc1ccc(-c2cc3c(Nc4ccc(Oc5cccc(C(F)(F)F)c5)c(Cl)c4)ncnc3s2)cc1,DENWVAYZRYZBAE-UHFFFAOYSA-N,7.669586226650809,True,c1ccc(Oc2ccc(Nc3ncnc4sc(-c5ccccc5)cc34)cc2)cc1
CHEMBL2070200,Brc1cccc(Nc2ncnc3ccc(NCc4ccc5c(c4)OCCCCO5)cc23)c1,DETZDVAAKPADRG-UHFFFAOYSA-N,5.943095148663527,False,c1ccc(Nc2ncnc3ccc(NCc4ccc5c(c4)OCCCCO5)cc23)cc1
CHEMBL3133903,C=CC(=O)Nc1ccc2ncnc(Nc3ccc(Br)c(C)c3)c2c1,DEYYGEALAPOQDN-UHFFFAOYSA-N,5.638272163982407,False,c1ccc(Nc2ncnc3ccccc23)cc1
CHEMBL1830265,NC(=S)NN=C(C=Cc1ccc(Cl)cc1)c1ccccc1,DFFZLSLVMLBPOY-UHFFFAOYSA-N,4.688670047696207,False,N=C(C=Cc1ccccc1)c1ccccc1
CHEMBL3344211,CCNC(CS(C)(=O)=O)c1ccc(-c2ccc3ncnc(Nc4ccc(OCc5cccc(F)c5)c(Cl)c4)c3c2)o1,DFGKFQWBYFTPQH-UHFFFAOYSA-N,7.832682665251823,True,c1ccc(COc2ccc(Nc3ncnc4ccc(-c5ccco5)cc34)cc2)cc1
CHEMBL2408045,CNC(=O)CN1CCC(Oc2cc3c(Nc4cccc(Cl)c4F)ncnc3cc2OC)CC1,DFJSJLGUIXFDJP-UHFFFAOYSA-N,7.920818753952375,True,c1ccc(Nc2ncnc3ccc(OC4CCNCC4)cc23)cc1
CHEMBL504135,Nc1ncnc2c1ncn2CC(=O)c1ccccn1,DFLDXWOUVAPGCL-UHFFFAOYSA-N,4.050609993355088,False,O=C(Cn1cnc2cncnc21)c1ccccn1
CHEMBL383246,COc1cc2ncnc(Nc3cccc(Cl)c3F)c2cc1CN(C)C1(C(N)=O)CCN(C(C)C)CC1,DFMFCXGQTUDQBA-UHFFFAOYSA-N,7.602059991327962,True,c1ccc(Nc2ncnc3ccc(CNC4CCNCC4)cc23)cc1
CHEMBL419137,COc1cc2ncnc(NC3CC3c3ccccc3)c2cc1OC,DFMLKCNZXJFCBI-UHFFFAOYSA-N,8.0,True,c1ccc(C2CC2Nc2ncnc3ccccc23)cc1
CHEMBL257815,CON=Cc1c(N)ncnc1Nc1ccc(OCc2ccccc2)c(Cl)c1,DFPVBLYULSUJRC-UHFFFAOYSA-N,7.795880017344075,True,c1ccc(COc2ccc(Nc3ccncn3)cc2)cc1
CHEMBL94431,COc1cc2ncnc(Nc3cccc(F)c3)c2cc1OC,DFWBDVRBHHFDNZ-UHFFFAOYSA-N,8.011138197355576,True,c1ccc(Nc2ncnc3ccccc23)cc1
CHEMBL402316,CON=Cc1c(N)ncnc1Nc1ccc2[nH]c(Cc3cccc(F)c3)nc2c1,DFXACJCBWLFSNJ-UHFFFAOYSA-N,7.318758762624412,True,c1ccc(Cc2nc3cc(Nc4ccncn4)ccc3[nH]2)cc1
CHEMBL608860,CCCCCCOc1cc2c(Nc3ccc(F)c(Cl)c3)ncnc2cc1OC,DFYLUEWHTLNPPA-UHFFFAOYSA-N,6.97469413473523,True,c1ccc(Nc2ncnc3ccccc23)cc1
CHEMBL3085379,CCN(CC)[C@@](C)(C#Cc1ncnc2cc(OC)c(OC)cc12)Cc1ccncc1,DGAQPFVWIZGGAT-DEOSSOPVSA-N,6.698970004336019,True,C(#Cc1ncnc2ccccc12)CCc1ccncc1
CHEMBL225928,CN(CCCl)CCN=NNc1ccc2ncnc(Nc3cccc(Cl)c3)c2c1,DGNJMLWWGCSXDU-UHFFFAOYSA-N,8.356547323513812,True,c1ccc(Nc2ncnc3ccccc23)cc1
CHEMBL604094,ON=C(O)CCCCCCOc1ccc2ncnc(Nc3ccc(F)c(Cl)c3)c2c1,DGORACVWOLFYBN-UHFFFAOYSA-N,7.074687908500351,True,c1ccc(Nc2ncnc3ccccc23)cc1
CHEMBL1203935,CCOc1cc2ncnc(Nc3cc(F)cc(C(F)(F)F)c3)c2cc1OCC,DGTWQPPUCICJEN-UHFFFAOYSA-N,8.048176964684089,True,c1ccc(Nc2ncnc3ccccc23)cc1
CHEMBL257816,CON=Cc1c(N)ncnc1Nc1ccc2c(ccn2Cc2cccc(F)c2)c1,DGVCIMUJVPVQEX-UHFFFAOYSA-N,7.886056647693163,True,c1ccc(Cn2ccc3cc(Nc4ccncn4)ccc32)cc1
CHEMBL1914667,COc1ccc(-c2cc3c(N[C@H](C)c4ccccc4)ncnc3[nH]2)cc1,DGXVGHDUNRFLDB-CQSZACIVSA-N,8.327902142064282,True,c1ccc(CNc2ncnc3[nH]c(-c4ccccc4)cc23)cc1
CHEMBL555921,COc1cccc2c1sc1c(Nc3cccc(Br)c3)ncnc12,DGYOMIMWPKEDOQ-UHFFFAOYSA-N,7.899629454882437,True,c1ccc(Nc2ncnc3c2sc2ccccc23)cc1
CHEMBL2087360,Fc1ccc(Nc2ncnc3cc4c(cc23)OCCOCCOCCO4)cc1Cl,DHDUWXQFEYJFTD-UHFFFAOYSA-N,8.698970004336019,True,c1ccc(Nc2ncnc3cc4c(cc23)OCCOCCOCCO4)cc1
CHEMBL1173814,COc1ccc(C2CC(c3ccc(C)c(C)c3)=NN2C(N)=S)cc1,DHEZMKZYJNFVFC-UHFFFAOYSA-N,7.154901959985743,True,c1ccc(C2=NNC(c3ccccc3)C2)cc1
CHEMBL1821885,Clc1ccc(-c2csc(N3N=C(c4ccc(Br)cc4)CC3c3ccc(Br)cc3)n2)cc1,DHIXLXFBSYSNJQ-UHFFFAOYSA-N,4.589391457431632,False,c1ccc(C2=NN(c3nc(-c4ccccc4)cs3)C(c3ccccc3)C2)cc1
CHEMBL1172573,NC(=S)N1N=C(c2ccc(Cl)c(Cl)c2)CC1c1ccc(F)cc1,DHJGSIJZTMFTAU-UHFFFAOYSA-N,5.202732459169283,False,c1ccc(C2=NNC(c3ccccc3)C2)cc1
CHEMBL176815,COc1cccc(-c2cn(-c3cccc(CO)c3)c3ncnc(N)c23)c1,DHKJMXHLKKNTKJ-UHFFFAOYSA-N,6.096910013008056,False,c1ccc(-c2cn(-c3ccccc3)c3ncncc23)cc1
CHEMBL2424664,COc1cc2ncnc(Nc3ccc(F)c(Cl)c3)c2cc1OCCN1CC2(C1)CS(=O)(=O)C2,DHKTWHZTJSHHPM-UHFFFAOYSA-N,6.801342913045577,True,O=S1(=O)CC2(CN(CCOc3ccc4ncnc(Nc5ccccc5)c4c3)C2)C1
CHEMBL31326,C=CC(=O)Nc1cc2c(Nc3cccc(Br)c3)ncnc2cc1SCCCN(CC)CC,DHTCKGXFZBUXRM-UHFFFAOYSA-N,9.10790539730952,True,c1ccc(Nc2ncnc3ccccc23)cc1
CHEMBL461571,Cc1c(C(=O)c2ccc(Cl)cc2)c2ccc(OC(F)(F)F)cc2n1Cc1cccc(OC(C)C(=O)O)c1,DHUATBAZHILHIC-UHFFFAOYSA-N,5.649751981665837,False,O=C(c1ccccc1)c1cn(Cc2ccccc2)c2ccccc12
CHEMBL4067373,O=C(Nc1ccc2ncnc(Nc3cccc(Cl)c3)c2c1)C1CCC2(CC1)OOC1(OO2)C2CC3CC(C2)CC1C3,DHVYOQJAIUYUNV-UHFFFAOYSA-N,6.420559402860203,True,O=C(Nc1ccc2ncnc(Nc3ccccc3)c2c1)C1CCC2(CC1)OOC1(OO2)C2CC3CC(C2)CC1C3
CHEMBL2424676,C=CC(=O)Nc1cc(Nc2nccc(-c3cnn4ccccc34)n2)c(OC)cc1N1CCN(C)CC1,DHWXPNDSNSKKOJ-UHFFFAOYSA-N,4.721246399047171,False,c1ccn2ncc(-c3ccnc(Nc4ccc(N5CCNCC5)cc4)n3)c2c1
CHEMBL1241944,CC(C)n1nc(-c2ccc(C#N)c(O)c2)c2c(N)ncnc21,DHYADLCEAXMYPS-UHFFFAOYSA-N,5.585026652029182,False,c1ccc(-c2n[nH]c3ncncc23)cc1
CHEMBL218677,COc1cc2ncnc(Nc3cccc(Cl)c3F)c2cc1OC1CCN(CC(N)=O)CC1,DIBGTMXGHUALIU-UHFFFAOYSA-N,8.698970004336019,True,c1ccc(Nc2ncnc3ccc(OC4CCNCC4)cc23)cc1
CHEMBL590524,Oc1csc(=N/N=C/c2cccc(Br)c2)[nH]1,DILJFOSYSGEXSI-LFYBBSHMSA-N,5.127261172527332,False,C(=N\N=c1[nH]ccs1)/c1ccccc1
CHEMBL3754057,O=C(Nc1ccccn1)Nc1cc(-c2cncnc2)ccc1OC(F)(F)F,DINGKRMHSGGVIF-UHFFFAOYSA-N,7.57577192930402,True,O=C(Nc1cccc(-c2cncnc2)c1)Nc1ccccn1
CHEMBL1241301,COc1ccc(-c2nn(C)c3ncnc(N)c23)cc1O,DINPOPQNCDTVPQ-UHFFFAOYSA-N,4.0,False,c1ccc(-c2n[nH]c3ncncc23)cc1
CHEMBL2047025,COc1cc(O)c(C(=O)Nc2ccc(F)c(Cl)c2)cc1NC(=O)CCCCCC(O)=NO,DINSWXHJIIYZME-UHFFFAOYSA-N,5.806875401645538,False,O=C(Nc1ccccc1)c1ccccc1
CHEMBL3903249,CN(C)C/C=C/C(=O)N1CCC[C@H]1Cn1nc(-c2ccc(Oc3ccccc3)cc2)c2c(N)ncnc21,DINVXRZOGZOFRM-AKERNLMBSA-N,6.155957957958984,False,c1ccc(Oc2ccc(-c3nn(C[C@@H]4CCCN4)c4ncncc34)cc2)cc1
CHEMBL3903870,CN(C)C/C=C/C(=O)N1CCCC1Cn1nc(-c2ccc(Oc3ccccc3)cc2)c2c(N)ncnc21,DINVXRZOGZOFRM-YRNVUSSQSA-N,7.724688645458189,True,c1ccc(Oc2ccc(-c3nn(CC4CCCN4)c4ncncc34)cc2)cc1
CHEMBL306029,Cc1[nH]c2ncnc(Nc3cccc(C(F)(F)F)c3)c2c1C,DIOHUOGBSVXUTJ-UHFFFAOYSA-N,5.721246399047171,False,c1ccc(Nc2ncnc3[nH]ccc23)cc1
CHEMBL593760,COc1cc2ncnc(Nc3ccc(-c4nc5ccccc5s4)c(F)c3)c2cc1OCCCN1CCN(C)CC1,DIOOREPVPOCQKL-UHFFFAOYSA-N,5.638272163982407,False,c1ccc2sc(-c3ccc(Nc4ncnc5ccc(OCCCN6CCNCC6)cc45)cc3)nc2c1
CHEMBL4282460,O=C(O)CCCC(=O)Nc1cc(Nc2cccc(Cl)c2)ncn1,DIQMCPYEEIZMCH-UHFFFAOYSA-N,7.568636235841012,True,c1ccc(Nc2ccncn2)cc1
CHEMBL401644,COc1ccc2ncc(C#N)c(N[C@@H]3C[C@H]3c3ccccc3)c2c1,DIVLZGMOXGKIOU-QFBILLFUSA-N,5.082494490447454,False,c1ccc([C@@H]2C[C@H]2Nc2ccnc3ccccc23)cc1
CHEMBL3926223,NS(=O)(=O)c1ccc(Nc2nncc3ccccc23)cc1,DIVNHQLVPJIYEC-UHFFFAOYSA-N,6.853871964321762,True,c1ccc(Nc2nncc3ccccc23)cc1
CHEMBL3894726,COc1ccc(/C=N/Nc2ncc(Cl)c(Nc3ccccc3S(=O)(=O)C(C)C)n2)cc1,DIWRJVJHXXZINL-WYMPLXKRSA-N,6.231361898752386,False,C(=N\Nc1nccc(Nc2ccccc2)n1)/c1ccccc1
CHEMBL3923650,CCC(=O)Nc1cc2c(Nc3ccc(NS(=O)(=O)c4ccccc4)nc3)ncnc2cc1OC,DIYFLUKUTVHJCO-UHFFFAOYSA-N,6.282329496997738,False,O=S(=O)(Nc1ccc(Nc2ncnc3ccccc23)cn1)c1ccccc1
CHEMBL2335019,CC(C)(C)C(=O)Nc1nc(Nc2ccc(F)c(C(F)(F)F)c2)c2cc(CCc3ccccn3)[nH]c2n1,DIYNUINZCGHYBO-UHFFFAOYSA-N,4.570247719997592,False,c1ccc(Nc2ncnc3[nH]c(CCc4ccccn4)cc23)cc1
CHEMBL24026,COc1cc2c(Nc3ccc(C#N)cc3F)ncnc2cc1OC/C=C/CN1CCCC1,DIZVEEIWWJAIEW-SNAWJCMRSA-N,6.096910013008056,False,C(=C\CN1CCCC1)/COc1ccc2c(Nc3ccccc3)ncnc2c1
CHEMBL3357651,CCOc1cc2ncnc(Nc3ccc(Oc4ccc(C)nc4)c(Cl)c3)c2cc1NC(=O)/C(F)=C\CN(C)C,DJAMFWBXWBHEQD-LSHDLFTRSA-N,8.022276394711152,True,c1cncc(Oc2ccc(Nc3ncnc4ccccc34)cc2)c1
CHEMBL3357650,CCOc1cc2ncnc(Nc3ccc(Oc4ccc(C)nc4)c(Cl)c3)c2cc1NC(=O)/C(F)=C/CN(C)C,DJAMFWBXWBHEQD-YVNNLAQVSA-N,8.148741651280925,True,c1cncc(Oc2ccc(Nc3ncnc4ccccc34)cc2)c1
CHEMBL3818547,COc1cc2ncnc(Nc3ccc(F)c(Cl)c3)c2cc1NC(=O)C1COC(=O)N1,DJAUDRYHVNOPNC-UHFFFAOYSA-N,8.97469413473523,True,O=C1NC(C(=O)Nc2ccc3ncnc(Nc4ccccc4)c3c2)CO1
CHEMBL3741324,CC(=NNc1ncc(Cl)c(Nc2cccc(NC(=O)/C=C/CN(C)C)c2)n1)c1ccccn1,DJNKMGAGSHHRKZ-USILNSBGSA-N,5.623423042943488,False,C(=NNc1nccc(Nc2ccccc2)n1)c1ccccn1
CHEMBL3086103,C=CC(=O)N1CC[C@H](N2C(=O)N(c3ccccc3)Cc3cnc(Nc4ccc(N5CCN(C)CC5)c(C(F)(F)F)c4)nc32)C1,DJRPCPJWIBWMJV-DEOSSOPVSA-N,7.255707016877324,True,O=C1N(c2ccccc2)Cc2cnc(Nc3ccc(N4CCNCC4)cc3)nc2N1[C@H]1CCNC1
CHEMBL4077973,C=CC(=O)Nc1cc(Nc2cc(-c3cn4c5c(cccc35)CCC4)nc(OC)n2)c(OC)cc1N(C)CCN(C)C,DJUNMXYGPMWHBF-UHFFFAOYSA-N,7.657577319177793,True,c1ccc(Nc2cc(-c3cn4c5c(cccc35)CCC4)ncn2)cc1
CHEMBL1645474,NC1CCN(Cc2ccn3ncnc(Nc4cccc(Br)c4)c23)CC1,DJURWFMQIHTKEM-UHFFFAOYSA-N,8.221848749616356,True,c1ccc(Nc2ncnn3ccc(CN4CCCCC4)c23)cc1
CHEMBL31588,C=CC(=O)Nc1cc2c(Nc3cccc(Br)c3)ncnc2cc1OCCCCN(C)C,DKBAOZZHNYPUBZ-UHFFFAOYSA-N,8.4089353929735,True,c1ccc(Nc2ncnc3ccccc23)cc1
CHEMBL513362,Cc1cccc(Nc2ncnc3nc(Nc4ccc(S(N)(=O)=O)cc4)sc23)c1,DKCJHJKLYAZBHE-UHFFFAOYSA-N,7.853871964321762,True,c1ccc(Nc2nc3ncnc(Nc4ccccc4)c3s2)cc1
CHEMBL470218,CN(C)CCc1ccc(Nc2nc3ncnc(Nc4ccc(F)c(Cl)c4)c3s2)cc1,DKDKYLIXOSFJHV-UHFFFAOYSA-N,7.886056647693163,True,c1ccc(Nc2nc3ncnc(Nc4ccccc4)c3s2)cc1
CHEMBL3805782,Fc1ccc(Nc2ncnc3cc(OC4CCOC4)c4c(c23)OCCO4)cc1Cl,DKDVAKLTCAGCOZ-UHFFFAOYSA-N,7.688246138944246,True,c1ccc(Nc2ncnc3cc(OC4CCOC4)c4c(c23)OCCO4)cc1
CHEMBL3088225,Cc1ncc([N+](=O)[O-])n1C/C(=N/NC(=O)c1ccccc1)c1ccc(Br)cc1,DKGNBDAVBAFVQB-XLNRJJMWSA-N,4.999132278468773,False,O=C(N/N=C(/Cn1ccnc1)c1ccccc1)c1ccccc1
CHEMBL66409,O=[N+]([O-])c1cc2c(Nc3cccc(Br)c3)ncnc2cc1Cl,DKKLUAKZWKFXMH-UHFFFAOYSA-N,7.602059991327962,True,c1ccc(Nc2ncnc3ccccc23)cc1
CHEMBL3357654,COc1cc2ncnc(Nc3cccc(Br)c3)c2cc1NC(=O)/C(F)=C/CN(C)C,DKOJJTJTHLDNCA-APSNUPSMSA-N,8.080921907623926,True,c1ccc(Nc2ncnc3ccccc23)cc1
CHEMBL3357655,COc1cc2ncnc(Nc3cccc(Br)c3)c2cc1NC(=O)/C(F)=C\CN(C)C,DKOJJTJTHLDNCA-FRKPEAEDSA-N,8.301029995663981,True,c1ccc(Nc2ncnc3ccccc23)cc1
CHEMBL3919609,C[C@@H](Nc1ncnc2oc(-c3ccc(O)cc3)cc12)c1ccccc1,DKQBBPXFUULUPT-CYBMUJFWSA-N,8.823908740944319,True,c1ccc(CNc2ncnc3oc(-c4ccccc4)cc23)cc1
CHEMBL4279863,O=C(N/N=C/c1cccn1CCCN1CCCC1)Nc1ccc(Oc2ccnc3[nH]ccc23)cc1,DKQUAMYLUBADJD-VUTHCHCSSA-N,4.346787486224656,False,O=C(N/N=C/c1cccn1CCCN1CCCC1)Nc1ccc(Oc2ccnc3[nH]ccc23)cc1
CHEMBL365606,CCOC(=O)c1cn2ncnc(Nc3ccc4c(cnn4Cc4ccccc4)c3)c2c1C(C)C,DLACNDICKJWAMH-UHFFFAOYSA-N,6.698970004336019,True,c1ccc(Cn2ncc3cc(Nc4ncnn5cccc45)ccc32)cc1
CHEMBL3916141,CCC(=O)Nc1cc2c(Nc3ccc(CCc4ccccc4)cc3)ncnc2cc1OC,DLCOHYNRTMTHQE-UHFFFAOYSA-N,6.126679398184601,False,c1ccc(CCc2ccc(Nc3ncnc4ccccc34)cc2)cc1
CHEMBL3612571,COCCn1c(=O)oc2cc3ncnc(Nc4ccc(OCc5ccc(Cl)cc5)c(Cl)c4)c3cc21,DLFLTBWFKAQPDC-UHFFFAOYSA-N,5.886056647693163,False,O=c1[nH]c2cc3c(Nc4ccc(OCc5ccccc5)cc4)ncnc3cc2o1
CHEMBL2424795,Clc1cccc(Nc2ncnc3ccc(NCc4cccs4)cc23)c1,DLJNCPISJNSXMU-UHFFFAOYSA-N,5.468521082957745,False,c1ccc(Nc2ncnc3ccc(NCc4cccs4)cc23)cc1
CHEMBL470011,Fc1ccc(Nc2ncnc3nc(Nc4ccc(CN5CCCCC5)cc4)sc23)cc1Cl,DLMNHRYJMPUZPA-UHFFFAOYSA-N,8.0,True,c1ccc(Nc2ncnc3nc(Nc4ccc(CN5CCCCC5)cc4)sc23)cc1
CHEMBL203644,CC#CC(=O)Nc1cc2c(Nc3ccc(F)c(Cl)c3)ncnc2cn1,DLPSDPPZXRJQOY-UHFFFAOYSA-N,9.522878745280336,True,c1ccc(Nc2ncnc3cnccc23)cc1
CHEMBL196925,CCOC(=O)c1cn2ncnc(Nc3ccc4c(cnn4Cc4ccccc4)c3)c2c1CC,DLQGOUYSCARQKO-UHFFFAOYSA-N,6.920818753952375,True,c1ccc(Cn2ncc3cc(Nc4ncnn5cccc45)ccc32)cc1
CHEMBL1257998,CN1CCN([C@H]2CC[C@H](n3nc(-c4ccc(Nc5nc6cccc(Cl)c6o5)cc4)c4c(N)ncnc43)CC2)CC1,DLQXAWIVHRHOQT-MEMLXQNLSA-N,5.638272163982407,False,c1ccc2oc(Nc3ccc(-c4nn([C@H]5CC[C@H](N6CCNCC6)CC5)c5ncncc45)cc3)nc2c1
CHEMBL3114686,C#Cc1cccc(Nc2ncnc3cc4c(cc23)N(C(=O)/C=C/CN2CCCCC2C)CCO4)c1,DLRIIBCMCAFNRE-YRNVUSSQSA-N,8.301029995663981,True,O=C(/C=C/CN1CCCCC1)N1CCOc2cc3ncnc(Nc4ccccc4)c3cc21
CHEMBL4227210,C=CC(=O)Nc1cc(Nc2ncc3ncn(-c4ccc(C(C)C)cc4)c3n2)c(OC)cc1N(C)CCN(C)C,DLSQYOWCJNQQIJ-UHFFFAOYSA-N,8.3767507096021,True,c1ccc(Nc2ncc3ncn(-c4ccccc4)c3n2)cc1
CHEMBL135902,COc1cc2ncnc(Sc3cccc(Cl)c3)c2cc1OC,DLSREUWBAOWMKZ-UHFFFAOYSA-N,8.0,True,c1ccc(Sc2ncnc3ccccc23)cc1
CHEMBL328244,Nc1ccc2ncnc(Nc3cccc(C(F)(F)F)c3)c2c1,DLVMGJPGJHCIJW-UHFFFAOYSA-N,6.241088107602026,False,c1ccc(Nc2ncnc3ccccc23)cc1
CHEMBL3663927,C=CC(=O)Nc1cccc(Oc2nc(Nc3ccc(OC)c(N4CCN(C)CC4)c3)c(C(N)=O)nc2CC)c1,DLYLXKIKTZVXLV-UHFFFAOYSA-N,8.920818753952375,True,c1ccc(Oc2cncc(Nc3cccc(N4CCNCC4)c3)n2)cc1
CHEMBL432903,C=c1c(C(=O)NCCN(CC)CC)c(C)[nH]c1=Cc1c(O)[nH]c2ncnc(Nc3ccc(F)c(Cl)c3)c12,DMDUKQXJILCWQN-UHFFFAOYSA-N,6.698970004336019,True,C=c1cc[nH]c1=Cc1c[nH]c2ncnc(Nc3ccccc3)c12
CHEMBL3746711,CC(=O)N1N=C(c2ccc(I)cc2)CC1c1ccc(C(=O)OCCn2c([N+](=O)[O-])cnc2C)cc1,DMMPWCJPEZQOPE-UHFFFAOYSA-N,5.899629454882437,False,O=C(OCCn1ccnc1)c1ccc(C2CC(c3ccccc3)=NN2)cc1
CHEMBL54475,Brc1cccc(Nc2ncnc3ncccc23)c1,DMQAKAYWBRHCDT-UHFFFAOYSA-N,6.162411561764489,False,c1ccc(Nc2ncnc3ncccc23)cc1
CHEMBL247468,c1ccc(-c2c(-c3ccc(OCCN4CCCC4)cc3)oc3ncnc(NCCN4CCNCC4)c23)cc1,DMZTWOCJNVKCBW-UHFFFAOYSA-N,6.401209493236885,True,c1ccc(-c2c(-c3ccc(OCCN4CCCC4)cc3)oc3ncnc(NCCN4CCNCC4)c23)cc1
CHEMBL451074,O=C(O[C@H]1CN[C@H](C#Cc2cc3ncnc(Nc4ccc5c(cnn5S(=O)(=O)c5cccc(F)c5)c4)c3s2)C1)N1CCOCC1,DNGKMKTZKCGWMO-FYYLOGMGSA-N,6.638272163982407,True,O=C(O[C@H]1CN[C@H](C#Cc2cc3ncnc(Nc4ccc5c(cnn5S(=O)(=O)c5ccccc5)c4)c3s2)C1)N1CCOCC1
CHEMBL4279008,COc1ccc(-c2nc3sc(-c4ccc(Cl)cc4)cn3n2)cc1,DNGYZARPLVYBRH-UHFFFAOYSA-N,5.823908740944319,False,c1ccc(-c2nc3sc(-c4ccccc4)cn3n2)cc1
CHEMBL158805,Cn1c(SSc2c(C(=O)NCc3ccc(C(=O)O)cc3)c3ccccc3n2C)c(C(=O)NCc2ccc(C(=O)O)cc2)c2ccccc21,DNHRXRSIPPWDII-UHFFFAOYSA-N,5.275724130399211,False,O=C(NCc1ccccc1)c1c(SSc2[nH]c3ccccc3c2C(=O)NCc2ccccc2)[nH]c2ccccc12
CHEMBL500591,N#Cc1c(N)ncnc1Nc1ccc(OCc2ccccc2)c(Cl)c1,DNJLGPOTNUZJMO-UHFFFAOYSA-N,7.568636235841012,True,c1ccc(COc2ccc(Nc3ccncn3)cc2)cc1
CHEMBL3946232,O=C(Nc1cc2c(Nc3ccc(F)c(Cl)c3)ncnc2cc1OCCCN1CCOCC1)C1=CCCC1,DNJMPXSEZNNGGL-UHFFFAOYSA-N,8.154901959985743,True,O=C(Nc1cc2c(Nc3ccccc3)ncnc2cc1OCCCN1CCOCC1)C1=CCCC1
CHEMBL3752370,O=C(Nc1ccncc1)Nc1cc(-c2cncnc2)ccc1OC(F)(F)F,DNLYYOZFQOZKAZ-UHFFFAOYSA-N,7.743763466794077,True,O=C(Nc1ccncc1)Nc1cccc(-c2cncnc2)c1
CHEMBL3216254,CN(C)c1ccc(CCCCCn2c3c(c4cc(OCCc5ccc(O)cc5)ccc42)CC(N)CC3)cc1,DNNFZOSVIGWJPL-UHFFFAOYSA-N,5.718966632752272,False,c1ccc(CCCCCn2c3c(c4cc(OCCc5ccccc5)ccc42)CCCC3)cc1
CHEMBL338175,O=C(O)CNc1cc2ncnc(Nc3cccc(Br)c3)c2cn1,DNUPNCOEFDVRHA-UHFFFAOYSA-N,8.823908740944319,True,c1ccc(Nc2ncnc3ccncc23)cc1
CHEMBL1645471,Cc1ccc(Nc2ncnn3ccc(CN4CCC(N)CC4)c23)cc1,DNUXMLXSNBBBRZ-UHFFFAOYSA-N,7.301029995663981,True,c1ccc(Nc2ncnn3ccc(CN4CCCCC4)c23)cc1
CHEMBL347854,Cc1ccc(S(=O)(=O)c2c(SSc3[nH]c4ccccc4c3S(=O)(=O)c3ccc(C)cc3)[nH]c3ccccc23)cc1,DNWMFSJFDUXLDC-UHFFFAOYSA-N,4.542118103266008,False,O=S(=O)(c1ccccc1)c1c(SSc2[nH]c3ccccc3c2S(=O)(=O)c2ccccc2)[nH]c2ccccc12
CHEMBL3612580,CCOC(=O)CCCn1c(=O)oc2cc3ncnc(Nc4ccc(OC)cc4)c3cc21,DNZMZYWEAXBBBZ-UHFFFAOYSA-N,5.1249387366083,False,O=c1[nH]c2cc3c(Nc4ccccc4)ncnc3cc2o1
CHEMBL1630118,ON=C(O)c1ccc(-c2ccc3ncnc(Nc4ccc(OCc5cccc(F)c5)c(Cl)c4)c3c2)s1,DNZYOZKYEXTOPJ-UHFFFAOYSA-N,8.657577319177793,True,c1ccc(COc2ccc(Nc3ncnc4ccc(-c5cccs5)cc34)cc2)cc1
CHEMBL135577,CCN(CC)CCNC(=O)c1c([Se][Se]c2[nH]c3ccccc3c2C(=O)NCCN(CC)CC)[nH]c2ccccc12,DOBDKFHLOMDQHB-UHFFFAOYSA-N,5.337242168318426,False,c1ccc2[nH]c([Se][Se]c3cc4ccccc4[nH]3)cc2c1
CHEMBL4245415,Cc1coc2ncnc(N(C)c3ccc(N(C)C)cc3)c12,DOCOOOTYBYUKKY-UHFFFAOYSA-N,8.508638306165727,True,c1ccc(Nc2ncnc3occc23)cc1
CHEMBL592427,O=C(Nc1ccccc1)N(Cc1ccc(F)cc1)Cc1cccc(Br)c1O,DOFNHGGYAVHZBW-UHFFFAOYSA-N,5.649751981665837,False,O=C(Nc1ccccc1)N(Cc1ccccc1)Cc1ccccc1
CHEMBL78280,CNC(=O)c1ccc(S(=O)(=O)Oc2ccc(/C=C(\C)[N+](=O)[O-])cc2OC)cc1,DOKRANQLTWADFN-ZRDIBKRKSA-N,5.3979400086720375,False,O=S(=O)(Oc1ccccc1)c1ccccc1
CHEMBL1956889,Cc1ccccc1Cn1ccc2c(Nc3cccc(Br)c3)nc(N)nc21,DONMQLOOKGNJAC-UHFFFAOYSA-N,3.945770090136602,False,c1ccc(Cn2ccc3c(Nc4ccccc4)ncnc32)cc1
CHEMBL3263964,COc1cc2c(Oc3ccc(NS(=O)(=O)c4cccc(-c5ccsc5)c4)cc3F)ccnc2cc1OCCCN1CCN(C)CC1,DOTUMOAINSRLGC-UHFFFAOYSA-N,7.026872146400302,True,O=S(=O)(Nc1ccc(Oc2ccnc3cc(OCCCN4CCNCC4)ccc23)cc1)c1cccc(-c2ccsc2)c1
CHEMBL4064361,COc1cc(Br)c(C=C2CN(C)CC(=Cc3nc(C)c(C)nc3C)C2=NO)cc1OC,DOULSNZNYVKSOU-UHFFFAOYSA-N,7.698970004336019,True,N=C1C(=Cc2ccccc2)CNCC1=Cc1cnccn1
CHEMBL475352,COc1cc(Nc2ncnc3[nH]cnc23)ccc1-c1nc2ccccc2s1,DPBAOWACXDVJKP-UHFFFAOYSA-N,5.585026652029182,False,c1ccc2sc(-c3ccc(Nc4ncnc5[nH]cnc45)cc3)nc2c1
CHEMBL1278149,COc1cc2ncnc(Oc3ccc(Br)c(F)c3)c2cc1OC,DPDKUWBKXGAVEC-UHFFFAOYSA-N,5.229147988357855,False,c1ccc(Oc2ncnc3ccccc23)cc1
CHEMBL204638,O=C(C#CCCN1CCOCC1)Nc1cc2c(Nc3ccc(F)c(Br)c3)ncnc2cn1,DPNQFVJNRXPIOB-UHFFFAOYSA-N,8.823908740944319,True,O=C(C#CCCN1CCOCC1)Nc1cc2c(Nc3ccccc3)ncnc2cn1
CHEMBL3671560,C=CC(=O)Nc1cc2c(Nc3ccc(Br)cc3F)ncnc2cc1OCCNc1nccs1,DPSBYADGWLEODU-UHFFFAOYSA-N,6.530177984021837,True,c1ccc(Nc2ncnc3cc(OCCNc4nccs4)ccc23)cc1
CHEMBL593294,COc1cc2ncnc(Nc3ccc(-c4nc5ccccc5s4)cc3O)c2cc1OCCCN1CCN(C)CC1,DPYASQWYHILTBI-UHFFFAOYSA-N,6.638272163982407,True,c1ccc2sc(-c3ccc(Nc4ncnc5ccc(OCCCN6CCNCC6)cc45)cc3)nc2c1
CHEMBL3961961,COc1ccc(-c2cc3c(N[C@H](CCO)c4ccccc4)ncnc3o2)cc1,DQBAMHZHOAVYCJ-LJQANCHMSA-N,8.397940008672037,True,c1ccc(CNc2ncnc3oc(-c4ccccc4)cc23)cc1
CHEMBL3960332,C#Cc1cccc(Nc2ncnc3cc(O[C@H]4CCOC4)c(NC(=O)/C=C/CN(CC)CC)cc23)c1,DQDKJLFHXXQPJH-NJTIBFSMSA-N,5.746904414150968,False,c1ccc(Nc2ncnc3cc(O[C@H]4CCOC4)ccc23)cc1
CHEMBL2283259,CC(C)(C)NC(=O)/C=C/c1ccccc1,DQEWVEDDMGKPDM-MDZDMXLPSA-N,4.525055664534612,False,c1ccccc1
CHEMBL4165126,C=CC(=O)Nc1cc(Nc2nccc(Nc3ccccc3-n3nccn3)n2)c(OC)cc1N1CCOCC1,DQHTXJIRNIJVFA-UHFFFAOYSA-N,6.076496933057896,False,c1ccc(-n2nccn2)c(Nc2ccnc(Nc3ccc(N4CCOCC4)cc3)n2)c1
CHEMBL61119,CC(=O)Oc1ccc2c(c1)c(C(=O)Nc1ccccc1)c(SSc1c(C(=O)Nc3ccccc3)c3cc(OC(C)=O)ccc3n1C)n2C,DQTFQGFYHRMPLB-UHFFFAOYSA-N,5.275724130399211,False,O=C(Nc1ccccc1)c1c(SSc2[nH]c3ccccc3c2C(=O)Nc2ccccc2)[nH]c2ccccc12
CHEMBL4288246,C=C=CC(=O)Nc1cc(Nc2nccc(-c3cn(C)c4ccccc34)n2)c(OC)cc1N(C)CCN1CCOCC1,DQTMBHMDMLGXHU-UHFFFAOYSA-N,8.920818753952375,True,c1ccc2c(-c3ccnc(Nc4ccc(NCCN5CCOCC5)cc4)n3)c[nH]c2c1
CHEMBL4102179,C=CC(=O)NCc1cccc(-c2cc3c(-c4[nH]c(-c5ccccc5)nc4-c4ccc(F)cc4)ccnc3[nH]2)c1,DQUIBOWQEHTHRO-UHFFFAOYSA-N,7.465973893943865,True,c1ccc(-c2cc3c(-c4[nH]c(-c5ccccc5)nc4-c4ccccc4)ccnc3[nH]2)cc1
CHEMBL1171822,CC(=O)N1N=C(c2ccc(Cl)c(Cl)c2)CC1c1ccc(C)cc1,DQVOWUXKZUVAOF-UHFFFAOYSA-N,4.713992877920526,False,c1ccc(C2=NNC(c3ccccc3)C2)cc1
CHEMBL232082,CN1CCN(Cc2ccn3ncnc(Nc4ccc5c(cnn5Cc5cccc(F)c5)c4)c23)CC1,DQYLUXJFGRYNJA-UHFFFAOYSA-N,6.769551078621726,True,c1ccc(Cn2ncc3cc(Nc4ncnn5ccc(CN6CCNCC6)c45)ccc32)cc1
CHEMBL1828883,COc1ccc(CC(=O)NS(=O)(=O)c2ccc(Cl)cc2)cc1,DQZBJDMUMWNFRX-UHFFFAOYSA-N,4.4834646261042,False,O=C(Cc1ccccc1)NS(=O)(=O)c1ccccc1
CHEMBL500640,CCOC(=O)O[C@H]1CN[C@H](C#Cc2cc3ncnc(Nc4ccc(OCc5cccc(F)c5)c(Cl)c4)c3s2)C1,DRBUBMJZARVZMC-TZIWHRDSSA-N,6.85078088734462,True,C(#C[C@@H]1CCCN1)c1cc2ncnc(Nc3ccc(OCc4ccccc4)cc3)c2s1
CHEMBL2031307,CCOc1cc2ncc(C#N)c(Nc3ccc(F)c(Cl)c3)c2cc1NC(=O)CCN(C)C,DRBYRIHQPVZFMW-UHFFFAOYSA-N,9.167491087293763,True,c1ccc(Nc2ccnc3ccccc23)cc1
CHEMBL335718,CCCCC(O)CN(C)[C@H]1C[C@@H]2O[C@](C)([C@H]1OC)n1c3ccccc3c3c4c(c5c6ccccc6n2c5c31)C(=O)NC4,DRCBMJUPXHWGMN-ZAYHXLHSSA-N,5.886056647693163,False,O=C1NCc2c1c1c3ccccc3n3c1c1c2c2ccccc2n1C1CCC[C@@H]3O1
CHEMBL422066,COc1cc2ncnc(NNc3ccc(F)c(Cl)c3)c2cc1OC,DRGJAJGWXGZEPT-UHFFFAOYSA-N,6.366531544420413,True,c1ccc(NNc2ncnc3ccccc23)cc1
CHEMBL2437461,C=CC(=O)Nc1ccc(-n2c(=O)cnc3cnc(Nc4ccc(N5CCN(C)CC5)cc4)nc32)cc1,DRGNKFXIAXKCCX-UHFFFAOYSA-N,6.1605219526258015,False,O=c1cnc2cnc(Nc3ccc(N4CCNCC4)cc3)nc2n1-c1ccccc1
CHEMBL3092303,O=C(Nc1cc2c(Nc3ccc(F)c(Cl)c3)ncnc2cc1O[C@H]1CCOC1)N1CCN(CCO)CC1,DRIKMVZVAZKQBE-KRWDZBQOSA-N,6.480172006224281,True,O=C(Nc1cc2c(Nc3ccccc3)ncnc2cc1O[C@H]1CCOC1)N1CCNCC1
CHEMBL2070197,Brc1cccc(Nc2ncnc3ccc(NCc4ccc5c(c4)OCO5)cc23)c1,DRIQKFZQTNZHHK-UHFFFAOYSA-N,6.200659450546418,False,c1ccc(Nc2ncnc3ccc(NCc4ccc5c(c4)OCO5)cc23)cc1
CHEMBL525725,COc1ccc(N=Cc2c(N)ncnc2Nc2ccc3c(cnn3Cc3cccc(F)c3)c2)cc1,DRLWGTWSWZETCV-UHFFFAOYSA-N,7.309803919971486,True,C(=Nc1ccccc1)c1cncnc1Nc1ccc2c(cnn2Cc2ccccc2)c1
CHEMBL438440,Fc1cccc(COc2ccc(Nc3ncncc3C#Cc3cccnc3)cc2Cl)c1,DRTZXIIFBAIOBW-UHFFFAOYSA-N,7.130768280269024,True,C(#Cc1cncnc1Nc1ccc(OCc2ccccc2)cc1)c1cccnc1
CHEMBL3785393,C=CC(=O)N1C[C@H](COc2nc(Nc3cnn(C)c3)nc3[nH]ccc23)[C@@H](C(F)(F)F)C1,DSAITOVMHXGRHU-RISCZKNCSA-N,7.327902142064282,True,c1cc2c(OC[C@@H]3CCNC3)nc(Nc3cn[nH]c3)nc2[nH]1
CHEMBL3360615,COc1cc2c(Nc3ccc(OCc4cccc(F)c4)c(Cl)c3)ncnc2cc1OCCCCCCn1ccnc1[N+](=O)[O-],DSCRLXLRKXZLMH-UHFFFAOYSA-N,7.449771646944906,True,c1ccc(COc2ccc(Nc3ncnc4cc(OCCCCCCn5ccnc5)ccc34)cc2)cc1
CHEMBL69358,C=c1cc(C(=O)NCCN(CC)CC)[nH]c1=Cc1c(O)[nH]c2ncnc(Nc3ccc(F)c(Cl)c3)c12,DSIYWLPXNDMRKR-UHFFFAOYSA-N,8.920818753952375,True,C=c1cc[nH]c1=Cc1c[nH]c2ncnc(Nc3ccccc3)c12
CHEMBL3699602,C=CC(=O)Nc1cccc(Oc2nc(Nc3ccc(N4CCN(S(N)(=O)=O)CC4)cc3OC)ncc2C(F)(F)F)c1,DSKKGMALLDPGIT-UHFFFAOYSA-N,8.259637310505756,True,c1ccc(Oc2ccnc(Nc3ccc(N4CCNCC4)cc3)n2)cc1
CHEMBL473141,CCOc1cc2nccc(Nc3cccc(Br)c3)c2cc1NC(=O)/C=C/CN1CCOCC1,DSLGUZCGVWLDBV-QPJJXVBHSA-N,4.986320302708807,False,O=C(/C=C/CN1CCOCC1)Nc1ccc2nccc(Nc3ccccc3)c2c1
CHEMBL3233790,CCN1CCN(C/C=C/C(=O)Nc2cc3c(Nc4ccc(F)c(Cl)c4)ncnc3s2)CC1,DSRKEHXDGGXWSO-ONEGZZNKSA-N,7.455931955649724,True,O=C(/C=C/CN1CCNCC1)Nc1cc2c(Nc3ccccc3)ncnc2s1
CHEMBL4160854,Nc1[nH]nc2cccc(-c3ccc(NC(=S)Nc4cc(Br)ccc4OC(F)(F)F)cc3)c12,DSRUNANRDDLTEB-UHFFFAOYSA-N,5.267606240177031,False,S=C(Nc1ccccc1)Nc1ccc(-c2cccc3n[nH]cc23)cc1
CHEMBL3975588,C=CC(=O)Nc1cccc(Oc2nc(Nc3ccccc3OC)ncc2Cl)c1,DSRXZMGDJDQWJM-UHFFFAOYSA-N,6.187086643357144,False,c1ccc(Nc2nccc(Oc3ccccc3)n2)cc1
CHEMBL2070193,Clc1cccc(Nc2ncnc3ccc(NCc4ccc5c(c4)OCCO5)cc23)c1,DSVCZCZPPGAJJN-UHFFFAOYSA-N,6.102372908709558,False,c1ccc(Nc2ncnc3ccc(NCc4ccc5c(c4)OCCO5)cc23)cc1
CHEMBL1241864,Nc1ncnc2c1c(-c1ccc3[nH]c(=O)ccc3c1)nn2C1CCCC1,DSVSJEPFPNNSGX-UHFFFAOYSA-N,5.853871964321762,False,O=c1ccc2cc(-c3nn(C4CCCC4)c4ncncc34)ccc2[nH]1
CHEMBL3974626,COc1ccc(-n2c(O)cs/c2=N/Nc2nncc3ccccc23)cc1,DSXFIYYALIAZRY-RELWKKBWSA-N,7.443697499232712,True,c1ccc(-n2ccs/c2=N/Nc2nncc3ccccc23)cc1
CHEMBL3622671,C#Cc1cccc(Nc2ncnc3cc(O[C@H]4CCOC4)c(NC(=O)/C=C/CN4CCCCC4)cc23)c1,DSXOBDJKBFVEOH-KXOMFBTKSA-N,8.275724130399212,True,O=C(/C=C/CN1CCCCC1)Nc1cc2c(Nc3ccccc3)ncnc2cc1O[C@H]1CCOC1
CHEMBL118130,Oc1ccc(-c2[nH]nc3ncnc(Nc4cccc(Cl)c4)c23)cc1,DTGDQRLXHBUCRM-UHFFFAOYSA-N,8.221848749616356,True,c1ccc(Nc2ncnc3n[nH]c(-c4ccccc4)c23)cc1
CHEMBL4088760,S=C(Nc1ccc(Br)cc1)Nc1ccc2ncnc(Nc3cccc(Br)c3)c2c1,DTIQXKPOEJQPMK-UHFFFAOYSA-N,7.450996737974212,True,S=C(Nc1ccccc1)Nc1ccc2ncnc(Nc3ccccc3)c2c1
CHEMBL31816,C=CC(=O)Nc1nc2c(Nc3ccc(F)c(Cl)c3)ncnc2cc1OC,DTKYOILJQJQIHX-UHFFFAOYSA-N,9.022276394711152,True,c1ccc(Nc2ncnc3cccnc23)cc1
CHEMBL3671487,C=CC(=O)Nc1cc2c(Nc3ccc(Br)cc3F)ncnc2cc1OCCCNC(C)=O,DTNINSLBWVYZJC-UHFFFAOYSA-N,8.397940008672037,True,c1ccc(Nc2ncnc3ccccc23)cc1
CHEMBL77397,COc1cc(/C=C(\C)[N+](=O)[O-])ccc1OS(=O)(=O)c1ccc(C(=O)O)cc1,DTTGVLOBAUUKMP-PKNBQFBNSA-N,5.6020599913279625,False,O=S(=O)(Oc1ccccc1)c1ccccc1
CHEMBL3671572,C=CC(=O)Nc1cc2c(Nc3ccc(Br)cc3F)ncnc2cc1OCCNC(=O)CN1CCOCC1,DTTIJFZDEJYJJU-UHFFFAOYSA-N,7.494850021680094,True,O=C(CN1CCOCC1)NCCOc1ccc2c(Nc3ccccc3)ncnc2c1
CHEMBL2333998,COc1cc2ncnc(Nc3cccc(C#N)c3)c2cc1OC,DTUCHVRTWHBOKV-UHFFFAOYSA-N,6.384260311380845,True,c1ccc(Nc2ncnc3ccccc23)cc1
CHEMBL1241675,Nc1ncnc2c1c(-c1ccn3ccnc3c1)nn2C1CCCC1,DTUMIKLOEHJGJT-UHFFFAOYSA-N,4.920818753952375,False,c1ncc2c(-c3ccn4ccnc4c3)nn(C3CCCC3)c2n1
CHEMBL2385979,CCOc1cc(N)c(C(=O)Nc2ccc(OCc3cccc(F)c3)c(Cl)c2)cc1NC(=O)/C=C/CN(C)C,DTYRZJIJCBDMSC-RMKNXTFCSA-N,5.823908740944319,False,O=C(Nc1ccc(OCc2ccccc2)cc1)c1ccccc1
CHEMBL384699,COc1cc2ncnc(Nc3cc(Cl)ccc3F)c2cc1OCCCN1CCOCC1,DUCBKFANLUPMGX-UHFFFAOYSA-N,7.292429823902063,True,c1ccc(Nc2ncnc3ccc(OCCCN4CCOCC4)cc23)cc1
CHEMBL3086106,C=CC(=O)N1CC[C@H](N2C(=O)N(c3ccccc3)Cc3cnc(Nc4ccc(N5CCN(C)CC5)c(OC)c4)nc32)C1,DUDFWGDXPRDGEH-VWLOTQADSA-N,8.142667503568731,True,O=C1N(c2ccccc2)Cc2cnc(Nc3ccc(N4CCNCC4)cc3)nc2N1[C@H]1CCNC1
CHEMBL243410,CCOc1cc2ncnc(NC3=CC(=O)C(OC(CF)CF)=CC3=O)c2cc1NC(=O)/C=C/CN(C)C,DUIPPPAQSCDKSG-AATRIKPKSA-N,6.547753425479563,True,O=C1C=CC(=O)C(Nc2ncnc3ccccc23)=C1
CHEMBL3237938,Cc1nn(-c2ccccc2)c(Cl)c1C1C(C#N)C(=N)N(c2cccnc2)C2=CCCC(=O)C21,DUIZJPXGWVTDHB-UHFFFAOYSA-N,4.744245213356956,False,N=C1CC(c2cnn(-c3ccccc3)c2)C2C(=O)CCC=C2N1c1cccnc1
CHEMBL4097883,C=CC(=O)Nc1cc(-n2c(=O)cc(C)c3cnc(Nc4ccc(N5CCN(C)CC5)cc4OC)nc32)cc(C(C)(C)C)c1,DUPITFFKOWXUEZ-UHFFFAOYSA-N,7.752026733638194,True,O=c1ccc2cnc(Nc3ccc(N4CCNCC4)cc3)nc2n1-c1ccccc1
CHEMBL1242847,COc1ccc(-c2nn(C(C)C)c3ncnc(N)c23)cc1,DUPSNQFPAJUAKA-UHFFFAOYSA-N,5.366531544420413,False,c1ccc(-c2n[nH]c3ncncc23)cc1
CHEMBL77387,N#CC(C#N)=Cc1ccc([N+](=O)[O-])c(O)c1,DUQADSPERJRQBW-UHFFFAOYSA-N,3.346787486224656,False,c1ccccc1
CHEMBL1241586,CC(C)n1nc(-c2ccc3[nH]c(=O)[nH]c3c2)c2c(N)ncnc21,DUQGHTXMYYQABR-UHFFFAOYSA-N,6.028260409112222,False,O=c1[nH]c2ccc(-c3n[nH]c4ncncc34)cc2[nH]1
CHEMBL3741069,Cc1[nH]c(-c2ccccc2)c(-c2ccccc2)c1C(=O)c1cn(-c2ccccc2)nc1-c1ccccc1,DURPLVDCJXSJNC-UHFFFAOYSA-N,5.59176003468815,False,O=C(c1cn(-c2ccccc2)nc1-c1ccccc1)c1c[nH]c(-c2ccccc2)c1-c1ccccc1
CHEMBL2325108,NC(=S)N1N=C(c2ccc(Cl)c(Cl)c2)CC1c1cccc2ccccc12,DURYAAKIQVDWGP-UHFFFAOYSA-N,6.6777807052660805,True,c1ccc(C2=NNC(c3cccc4ccccc34)C2)cc1
CHEMBL3114687,C#Cc1cccc(Nc2ncnc3cc4c(cc23)N(C(=O)/C=C/CN(CC)CC)CCO4)c1,DUTQQQQGZMCEIA-DHZHZOJOSA-N,8.301029995663981,True,c1ccc(Nc2ncnc3cc4c(cc23)NCCO4)cc1
CHEMBL3353410,C=CC(=O)Nc1cc(Nc2nccc(-c3cn(C)c4ccccc34)n2)c(OC)cc1N(C)CCN(C)C,DUYJMQONPNNFPI-UHFFFAOYSA-N,4.823908740944319,False,c1ccc(Nc2nccc(-c3c[nH]c4ccccc34)n2)cc1
CHEMBL55748,N#CC(C#N)=C1C(=O)Nc2ccc(O)cc21,DVGOOYYUJBNLCS-UHFFFAOYSA-N,4.903089986991944,False,C=C1C(=O)Nc2ccccc21
CHEMBL78685,c1ccc(-c2cc3ncnc(Nc4ccc5[nH]ncc5c4)c3s2)cc1,DVHQLHFIAMSFGW-UHFFFAOYSA-N,5.795880017344075,False,c1ccc(-c2cc3ncnc(Nc4ccc5[nH]ncc5c4)c3s2)cc1
CHEMBL62843,Cn1c(SSc2c(C(=O)Nc3ccccc3)c3cccc(O)c3n2C)c(C(=O)Nc2ccccc2)c2cccc(O)c21,DVIOTQVUWWUVNL-UHFFFAOYSA-N,4.0,False,O=C(Nc1ccccc1)c1c(SSc2[nH]c3ccccc3c2C(=O)Nc2ccccc2)[nH]c2ccccc12
CHEMBL4280817,Oc1csc(N2N=C(c3ccncc3)CC2c2ccc(Br)cc2)n1,DVJZDVWLMBLXFJ-UHFFFAOYSA-N,8.045757490560675,True,c1ccc(C2CC(c3ccncc3)=NN2c2nccs2)cc1
CHEMBL331906,Oc1cccc(-c2[nH]nc3ncnc(Nc4cccc(Cl)c4)c23)c1,DVMBLTDKHALLLH-UHFFFAOYSA-N,7.585026652029182,True,c1ccc(Nc2ncnc3n[nH]c(-c4ccccc4)c23)cc1
CHEMBL122411,COc1ccc(Nc2[nH]nc3ncnc(Nc4cccc(Cl)c4)c23)cc1,DVTLAQZTCJXBPC-UHFFFAOYSA-N,7.522878745280337,True,c1ccc(Nc2ncnc3n[nH]c(Nc4ccccc4)c23)cc1
CHEMBL3972316,C=CC(=O)N1CCCC[C@@H](n2c(NC(=O)c3cccc(C(F)(F)F)c3)nc3cccc(C)c32)C1,DVTYPSOMACQPMD-LJQANCHMSA-N,8.856985199745905,True,O=C(Nc1nc2ccccc2n1[C@@H]1CCCCNC1)c1ccccc1
CHEMBL291701,Fc1ccc2c(Nc3cccc(Br)c3)ncnc2n1,DVVACVMEJKXNQG-UHFFFAOYSA-N,6.164943898279883,False,c1ccc(Nc2ncnc3ncccc23)cc1
CHEMBL3759480,COc1cc(C(N)=O)ccc1-c1cc2c(N[C@H](CO)c3ccccc3)ncnc2s1,DWBMTUNNALZVLR-QGZVFWFLSA-N,8.823908740944319,True,c1ccc(CNc2ncnc3sc(-c4ccccc4)cc23)cc1
CHEMBL593292,COc1cc2ncnc(Nc3ccc(-c4nc5ccccc5s4)cc3)c2cc1OCCCN1CCN(C)CC1,DWCZEZXJZXJTHE-UHFFFAOYSA-N,6.173925197299173,False,c1ccc2sc(-c3ccc(Nc4ncnc5ccc(OCCCN6CCNCC6)cc45)cc3)nc2c1
CHEMBL1945448,O=C(NS(=O)(=O)c1ccc(Cl)cc1)c1cncc(Br)c1,DWDLOICLQKBFST-UHFFFAOYSA-N,7.045757490560675,True,O=C(NS(=O)(=O)c1ccccc1)c1cccnc1
CHEMBL417478,C=CC(=O)Nc1nc2c(Nc3ccc(F)c(Cl)c3)ncnc2cc1C=CCCN1CCOCC1,DWKWPKBAUKFSKF-UHFFFAOYSA-N,9.795880017344077,True,C(=Cc1cnc2c(Nc3ccccc3)ncnc2c1)CCN1CCOCC1
CHEMBL1630111,Nc1ccccc1NC(=O)c1ccc(-c2ccc3ncnc(Nc4ccc(OCc5cccc(F)c5)c(Cl)c4)c3c2)o1,DWLVUAOJOFAURW-UHFFFAOYSA-N,8.537602002101044,True,O=C(Nc1ccccc1)c1ccc(-c2ccc3ncnc(Nc4ccc(OCc5ccccc5)cc4)c3c2)o1
CHEMBL1098119,NCCc1cn(CCCCCc2ccccc2)c2ccc(OCCc3ccc(O)cc3)cc12,DWONHRHKVDPIOX-UHFFFAOYSA-N,5.787812395596042,False,c1ccc(CCCCCn2ccc3cc(OCCc4ccccc4)ccc32)cc1
CHEMBL13629,C=c1c(C(=O)NCCN(CC)CC)c(C)[nH]c1=Cc1c(O)[nH]c2ccc(Br)cc12,DWVAKISMCOAFIB-UHFFFAOYSA-N,5.0,False,C=c1cc[nH]c1=Cc1c[nH]c2ccccc12
CHEMBL80155,COc1cc(C=C(C#N)C#N)cc(O)c1O,DWZFIFZYMHNRRV-UHFFFAOYSA-N,5.221848749616356,False,c1ccccc1
CHEMBL3622638,COCCOc1cc2ncnc(Nc3ccc(OCc4ccccn4)cc3)c2cc1NC(=O)/C=C/CN(C)C,DXFHXLCLPLZJME-SOFGYWHQSA-N,8.0,True,c1ccc(COc2ccc(Nc3ncnc4ccccc34)cc2)nc1
CHEMBL444619,COc1cc(ON2CCC(C)CC2)c2c(Nc3ccc(OCc4ccccn4)c(Cl)c3)ncnc2c1,DXHVWHPBMGIYNQ-UHFFFAOYSA-N,8.301029995663981,True,c1ccc(COc2ccc(Nc3ncnc4cccc(ON5CCCCC5)c34)cc2)nc1
CHEMBL3758582,COc1ccc(C(=O)NCCN(C)C)cc1-c1cc2c(N[C@H](C)c3ccccc3)ncnc2s1,DXLAGRLIXBCIQY-QGZVFWFLSA-N,9.30102999566398,True,c1ccc(CNc2ncnc3sc(-c4ccccc4)cc23)cc1
CHEMBL3699585,C=CC(=O)Nc1cccc(Nc2nc(Nc3ccc(N4CCCN(C(C)=O)CC4)cc3OC)ncc2C(F)(F)F)c1,DXLOPZBHQGBEJJ-UHFFFAOYSA-N,7.698970004336019,True,c1ccc(Nc2ccnc(Nc3ccc(N4CCCNCC4)cc3)n2)cc1
CHEMBL4209019,CN(C)C1CCN(c2ccc(Nc3cc4c(N5CCC(CO)CC5)nc(Nc5ccc(F)cc5)nc4cn3)nc2)CC1,DXOUQSZKEPSXBC-UHFFFAOYSA-N,8.958607314841775,True,c1ccc(Nc2nc(N3CCCCC3)c3cc(Nc4ccc(N5CCCCC5)cn4)ncc3n2)cc1
CHEMBL4291900,C=CC(=O)Nc1cccc(Nc2nc(Nc3ccc(OCCN4CCOCC4)cc3)ncc2Cl)c1,DXOYGGHHHLZHJA-UHFFFAOYSA-N,7.023650020996726,True,c1ccc(Nc2ccnc(Nc3ccc(OCCN4CCOCC4)cc3)n2)cc1
CHEMBL63469,Nc1cc2c(Nc3cccc(Br)c3)ncnc2cc1Cl,DXPXPVHLPOANFF-UHFFFAOYSA-N,8.187086643357144,True,c1ccc(Nc2ncnc3ccccc23)cc1
CHEMBL595374,COc1cc2ncnc(Nc3ccc(-c4nc5ccccc5s4)cc3C)c2cc1OCCCN1CCN(C)CC1,DXQXEQLCDPJFHI-UHFFFAOYSA-N,5.853871964321762,False,c1ccc2sc(-c3ccc(Nc4ncnc5ccc(OCCCN6CCNCC6)cc45)cc3)nc2c1
CHEMBL185327,COc1cc2ncnc(Nc3cc(NC(=O)c4ccccc4)ccc3Cl)c2cc1OC,DXUCAMWEVMMXHE-UHFFFAOYSA-N,4.958607314841775,False,O=C(Nc1cccc(Nc2ncnc3ccccc23)c1)c1ccccc1
CHEMBL1829272,Cc1ccc(S(=O)(=O)NC(=O)Cc2cccc(Br)c2)cc1,DXXKYWAAEKIENQ-UHFFFAOYSA-N,4.582196277360119,False,O=C(Cc1ccccc1)NS(=O)(=O)c1ccccc1
CHEMBL469354,NS(=O)(=O)c1ccc(Nc2nc3ncnc(Nc4cccc(Br)c4)c3s2)cc1,DXXVAXOWZWEBHE-UHFFFAOYSA-N,8.0,True,c1ccc(Nc2nc3ncnc(Nc4ccccc4)c3s2)cc1
CHEMBL4204937,COc1cc(N2CCN(C)CC2)ccc1Nc1ncc(Cl)c(Oc2cccc(NC(=O)CCOCc3ccccc3)c2)n1,DXXYYRWQONRABV-UHFFFAOYSA-N,5.85078088734462,False,O=C(CCOCc1ccccc1)Nc1cccc(Oc2ccnc(Nc3ccc(N4CCNCC4)cc3)n2)c1
CHEMBL1093099,Nc1nc(N)c2c(n1)[nH]c1cccc(Sc3ccccc3)c12,DXZCXZCCPLYVDG-UHFFFAOYSA-N,4.821886747685368,False,c1ccc(Sc2cccc3[nH]c4ncncc4c23)cc1
CHEMBL3758951,C[C@@H](Nc1ncnc2sc(-c3ccc(F)c(C=O)c3)cc12)c1ccccc1,DXZUTLDYLLPFSW-CYBMUJFWSA-N,8.096910013008056,True,c1ccc(CNc2ncnc3sc(-c4ccccc4)cc23)cc1
CHEMBL1242028,CC(C)n1nc(-c2cc(F)c(O)cc2F)c2c(N)ncnc21,DYEJYFAQYRMVFS-UHFFFAOYSA-N,5.161150909262744,False,c1ccc(-c2n[nH]c3ncncc23)cc1
CHEMBL365805,C=CC(=O)Nc1cc2c(Nc3cccc(Br)c3)ncnc2cc1N1CCN(C)CC1,DYEVORTZJPUZJF-UHFFFAOYSA-N,4.886056647693163,False,c1ccc(Nc2ncnc3cc(N4CCNCC4)ccc23)cc1
CHEMBL3355889,COc1cc2ncnc(Nc3ccc(F)c(Cl)c3)c2cc1OCCCCn1c([N+](=O)[O-])cnc1C,DYIICXFXKBQODD-UHFFFAOYSA-N,9.275724130399212,True,c1ccc(Nc2ncnc3ccc(OCCCCn4ccnc4)cc23)cc1
CHEMBL2437486,CN(C)C/C=C/C(=O)Nc1cccc(-n2c(=O)cnc3cnc(Nc4ccccc4)nc32)c1,DYLDTESCOKKPMG-KPKJPENVSA-N,7.401209493236885,True,O=c1cnc2cnc(Nc3ccccc3)nc2n1-c1ccccc1
CHEMBL589120,CN(C(=O)c1ccc(N(CCCl)CCCl)cc1)c1ccccc1,DYNSRIYCGYNKBV-UHFFFAOYSA-N,4.83209218999852,False,O=C(Nc1ccccc1)c1ccccc1
CHEMBL165788,CNc1cc2c(Nc3cccc(C(F)(F)F)c3)ncnc2cn1,DYODBQSUUIBESA-UHFFFAOYSA-N,8.958607314841775,True,c1ccc(Nc2ncnc3cnccc23)cc1
CHEMBL3806213,Fc1ccc(Nc2ncnc3cc(OCC4CCCO4)c4c(c23)OCCO4)cc1Cl,DYSPBKSWPGPRBB-UHFFFAOYSA-N,7.617982957425132,True,c1ccc(Nc2ncnc3cc(OCC4CCCO4)c4c(c23)OCCO4)cc1
CHEMBL105436,COc1cccc(-c2cn(-c3ccc(CCN(C)CCO)cc3)c3ncnc(N)c23)c1,DYVPNYHYZSMFSR-UHFFFAOYSA-N,6.522878745280337,True,c1ccc(-c2cn(-c3ccccc3)c3ncncc23)cc1
CHEMBL4105503,CCC(=O)N1CC[C@H](N2C(=O)N(c3cccc(OC)c3)Cc3cnc(Nc4ccc(N5CCN(C)CC5)c(C)c4)nc32)C1,DYXOTLQWYZTKRT-SANMLTNESA-N,6.379863945026242,True,O=C1N(c2ccccc2)Cc2cnc(Nc3ccc(N4CCNCC4)cc3)nc2N1[C@H]1CCNC1
CHEMBL3671581,C=CC(=O)Nc1cc2c(Nc3ccc(Cl)cc3F)ncnc2cc1OCCNC(C)=O,DYYFQDXLUYZKPP-UHFFFAOYSA-N,7.744727494896693,True,c1ccc(Nc2ncnc3ccccc23)cc1
CHEMBL30432,CN(C)c1cc2c(Nc3ccc4c(cnn4Cc4ccccc4)c3)ncnc2cn1,DYYZXRCFCVDSKD-UHFFFAOYSA-N,9.0,True,c1ccc(Cn2ncc3cc(Nc4ncnc5cnccc45)ccc32)cc1
CHEMBL1914671,C[C@@H](Nc1ncnc2[nH]c(-c3ccccc3)cc12)c1ccc(F)cc1,DZDYJTGGGDWVDJ-CYBMUJFWSA-N,7.481486060122112,True,c1ccc(CNc2ncnc3[nH]c(-c4ccccc4)cc23)cc1
CHEMBL4081698,CCC(=O)N1CCC[C@@H](n2nc(-c3ccccc3)c3c(N)ncnc32)C1,DZJMKQGGNOPICT-CQSZACIVSA-N,5.327902142064282,False,c1ccc(-c2nn([C@@H]3CCCNC3)c3ncncc23)cc1
CHEMBL482715,Nc1nc(Nc2ccc(F)c(C(F)(F)F)c2)c2cc(CCc3ccccc3)[nH]c2n1,DZLMUJLCCUJDSO-UHFFFAOYSA-N,3.913640169325252,False,c1ccc(CCc2cc3c(Nc4ccccc4)ncnc3[nH]2)cc1
CHEMBL3978686,O=S(=O)(Nc1ccccn1)c1ccc(Nc2nncc3ccccc23)cc1,DZQPJZWTLANTON-UHFFFAOYSA-N,7.075720713938118,True,O=S(=O)(Nc1ccccn1)c1ccc(Nc2nncc3ccccc23)cc1
CHEMBL1688860,CN(C)Cc1cc(C(=O)N[C@@H]2CCc3ccc(Oc4ccnc5c4CCC(=O)N5)cc3C2)cc(C(F)(F)F)c1,DZUFTTMDQLYMBE-JOCHJYFZSA-N,5.309803919971486,False,O=C1CCc2c(Oc3ccc4c(c3)C[C@H](NC(=O)c3ccccc3)CC4)ccnc2N1
CHEMBL93734,CC(=O)Nc1cc2ncnc(Nc3cccc(Br)c3)c2cc1[N+](=O)[O-],DZUKQELTOOTLPR-UHFFFAOYSA-N,7.552841968657781,True,c1ccc(Nc2ncnc3ccccc23)cc1
CHEMBL4292715,Cc1oc2ncnc(Nc3cccc(Cl)c3)c2c1C(=O)NCCO,DZXPRNPGMAUEQJ-UHFFFAOYSA-N,5.568636235841012,False,c1ccc(Nc2ncnc3occc23)cc1
CHEMBL3234745,CCNc1ncc(C(=O)Nc2cc(C(=O)Nc3ccc(CN4CCN(C)CC4)c(C(F)(F)F)c3)ccc2C)cn1,DZYCKIBGBIIICK-UHFFFAOYSA-N,6.886056647693163,True,O=C(Nc1cccc(C(=O)Nc2ccc(CN3CCNCC3)cc2)c1)c1cncnc1
CHEMBL372293,CCc1c(C(=O)N(C)C)cn2ncnc(Nc3ccc4c(cnn4Cc4ccccc4)c3)c12,FAFIJKWOYIPTEN-UHFFFAOYSA-N,6.698970004336019,True,c1ccc(Cn2ncc3cc(Nc4ncnn5cccc45)ccc32)cc1
CHEMBL297968,C=CC(=O)Nc1ccc2c(Nc3cccc(C)c3)ncnc2c1,FAGJCAQBJKSOOS-UHFFFAOYSA-N,8.795880017344075,True,c1ccc(Nc2ncnc3ccccc23)cc1
CHEMBL4287629,O=C(O)CCC(=O)Nc1cc(Nc2ccc(Cl)cc2)ncn1,FAQVIRHBDLOKHC-UHFFFAOYSA-N,6.101274818410507,False,c1ccc(Nc2ccncn2)cc1
CHEMBL1242853,CC(C)(C)OC(=O)n1ccc2cc(-c3nn(C4CCCC4)c4ncnc(N)c34)ccc21,FASPJDRKOSUHHS-UHFFFAOYSA-N,6.407823242604133,True,c1ncc2c(-c3ccc4[nH]ccc4c3)nn(C3CCCC3)c2n1
CHEMBL1242024,Cc1cc(O)ccc1-c1nn(C(C)C)c2ncnc(N)c12,FAWGCSGOLCHXBH-UHFFFAOYSA-N,6.020451625295905,False,c1ccc(-c2n[nH]c3ncncc23)cc1
CHEMBL379047,CN(CCCl)C(=O)Nc1ccc2ncnc(Nc3cccc(Br)c3)c2c1,FAZUHUXMTHLPAZ-UHFFFAOYSA-N,6.806875401645538,True,c1ccc(Nc2ncnc3ccccc23)cc1
CHEMBL3905552,COc1cc2c(Nc3ccc(NC(=O)Nc4ccc(C)c(C)c4)cc3)ncnc2cc1OCCCN1CCN(C)CC1,FBAVKNCUIMNVPN-UHFFFAOYSA-N,6.175223537524454,False,O=C(Nc1ccccc1)Nc1ccc(Nc2ncnc3cc(OCCCN4CCNCC4)ccc23)cc1
CHEMBL4094471,Clc1ccccc1-c1nnc(Cc2nc3ccccc3[nH]2)o1,FBDNRKNDDONSOP-UHFFFAOYSA-N,5.346787486224656,False,c1ccc(-c2nnc(Cc3nc4ccccc4[nH]3)o2)cc1
CHEMBL3760023,C[C@@H](Nc1ncnc2sc(-c3cccc(S(C)(=O)=O)c3)cc12)c1ccccc1,FBRWDQZMCIXXBH-CQSZACIVSA-N,7.585026652029182,True,c1ccc(CNc2ncnc3sc(-c4ccccc4)cc23)cc1
CHEMBL2408825,COc1cc(N2CCN(C)CC2)ccc1Nc1ncc(Cl)c(Oc2ccc(COc3no[n+]([O-])c3S(=O)(=O)c3ccccc3)cc2)n1,FBVWVWOOWQTPBH-UHFFFAOYSA-N,6.853871964321762,True,O=S(=O)(c1ccccc1)c1[nH+]onc1OCc1ccc(Oc2ccnc(Nc3ccc(N4CCNCC4)cc3)n2)cc1
CHEMBL2425737,O=C(CCOc1ccccc1)Nc1ccc2ncnc(Nc3cccc(Br)c3)c2c1,FCAVKAMZQCESHE-UHFFFAOYSA-N,7.415668775632469,True,O=C(CCOc1ccccc1)Nc1ccc2ncnc(Nc3ccccc3)c2c1
CHEMBL572030,C=COC(=O)N(CCN(C)C)N=Nc1ccc2ncnc(Nc3cccc(Cl)c3)c2c1,FCGLNNGWOXPGOR-UHFFFAOYSA-N,6.7447274948966935,True,c1ccc(Nc2ncnc3ccccc23)cc1
CHEMBL3353409,C=CC(=O)Nc1cc(Nc2ncc(C)c(-c3cn(C)c4ccccc34)n2)c(OC)cc1N(C)CCN(C)C,FCHHBDZWKNCHCB-UHFFFAOYSA-N,6.0,False,c1ccc(Nc2nccc(-c3c[nH]c4ccccc34)n2)cc1
CHEMBL505463,O=C(O[C@H]1CN[C@H](C#Cc2cc3ncnc(Nc4ccc(Oc5ccnc6ccc(F)cc56)c(Cl)c4)c3s2)C1)N1CCOCC1,FCKGEOQXHWZJHO-IFMALSPDSA-N,6.552841968657781,True,O=C(O[C@H]1CN[C@H](C#Cc2cc3ncnc(Nc4ccc(Oc5ccnc6ccccc56)cc4)c3s2)C1)N1CCOCC1
CHEMBL74722,Cc1[nH]c2ncnc(Nc3cccc(Br)c3)c2c1C,FCNOOCZWZIUGIT-UHFFFAOYSA-N,7.602059991327962,True,c1ccc(Nc2ncnc3[nH]ccc23)cc1
CHEMBL320705,COc1ccccc1Nc1ncc2cc(-c3c(Cl)cccc3Cl)c(=O)n(C)c2n1,FCUQJIQLHXSQHY-UHFFFAOYSA-N,7.180456064458131,True,O=c1[nH]c2nc(Nc3ccccc3)ncc2cc1-c1ccccc1
CHEMBL56912,COCCNCCOc1cc2c(Nc3ccc(F)c(Cl)c3)ncnc2cc1OC,FDBDZTQUOIKCIZ-UHFFFAOYSA-N,8.096910013008056,True,c1ccc(Nc2ncnc3ccccc23)cc1
CHEMBL3754040,C=CC(=O)Nc1cccc(-n2c(=O)cc(C(C)C)c3cnc(Nc4ccc(N5CCN(C)CC5)cc4OC)nc32)c1,FDBMOTUNLOPNNI-UHFFFAOYSA-N,7.026872146400302,True,O=c1ccc2cnc(Nc3ccc(N4CCNCC4)cc3)nc2n1-c1ccccc1
CHEMBL4086821,CCC(=O)N1CC[C@H](N2C(=O)N(c3cc(OC)ccc3F)Cc3cnc(Nc4ccc(N5CCC6(CCN(C)C6)C5)c(C)c4)nc32)C1,FDDRAKJBCBUOAW-HJYWNDIWSA-N,6.529148675473882,True,O=C1N(c2ccccc2)Cc2cnc(Nc3ccc(N4CCC5(CCNC5)C4)cc3)nc2N1[C@H]1CCNC1
CHEMBL2029431,C=CC(=O)Nc1cccc(N2C(=O)N(C)Cc3cnc(Nc4ccc(N5CCN(C)CC5)cc4OC(C)C)nc32)c1,FDEKMPDQEHGRKB-UHFFFAOYSA-N,8.055024091587953,True,O=C1NCc2cnc(Nc3ccc(N4CCNCC4)cc3)nc2N1c1ccccc1
CHEMBL55360,Cc1cccc(C)c1NC(=O)C(C#N)=Cc1ccc(O)c(O)c1,FDFVLFGLUAPMGB-UHFFFAOYSA-N,5.292429823902063,False,O=C(C=Cc1ccccc1)Nc1ccccc1
CHEMBL420885,CC(C)(C)OC(=O)Nc1ccc(-c2[nH]nc3ncnc(Nc4cccc(Cl)c4)c23)cc1,FDHOXGIXMNBPSE-UHFFFAOYSA-N,6.568636235841012,True,c1ccc(Nc2ncnc3n[nH]c(-c4ccccc4)c23)cc1
CHEMBL3786343,C=CC(=O)Nc1cccc(Oc2nc(Nc3ccc(N4CCN(C)CC4)cc3)nc3ccsc23)c1,FDMQDKQUTRLUBU-UHFFFAOYSA-N,8.0,True,c1ccc(Oc2nc(Nc3ccc(N4CCNCC4)cc3)nc3ccsc23)cc1
CHEMBL4283970,O=C(O)CCCC(=O)Nc1cc(N2CCOCC2)ncn1,FDPQKRUPPHXZMQ-UHFFFAOYSA-N,7.275724130399211,True,c1cc(N2CCOCC2)ncn1
CHEMBL4284071,C=CC(=O)Nc1cccc(Nc2nc(Nc3ccc(CN4CCOCC4)cc3)ncc2Cl)c1,FDXMKVBFOCDXQZ-UHFFFAOYSA-N,9.148741651280924,True,c1ccc(Nc2ccnc(Nc3ccc(CN4CCOCC4)cc3)n2)cc1
CHEMBL4290375,Cc1oc2ncnc(Nc3cccc(Cl)c3)c2c1C(=O)O,FEDXNZYLVHXHJJ-UHFFFAOYSA-N,6.045275209020938,False,c1ccc(Nc2ncnc3occc23)cc1
CHEMBL335012,CO[C@H]1[C@@H](N(C)C(=O)c2cccnc2)C[C@@H]2O[C@@]1(C)n1c3ccccc3c3c4c(c5c6ccccc6n2c5c31)C(=O)NC4,FELQRVDTGNDOSI-RJNAIGRJSA-N,5.087246696328677,False,O=C(N[C@@H]1CC2O[C@@H](C1)n1c3ccccc3c3c4c(c5c6ccccc6n2c5c31)CNC4=O)c1cccnc1
CHEMBL597569,COCCOc1cc2ncnc(Nc3ccc(F)c(Cl)c3)c2cc1OCCCCCCC(O)=NO,FEOPLVISXFSHGK-UHFFFAOYSA-N,7.982966660701219,True,c1ccc(Nc2ncnc3ccccc23)cc1
CHEMBL3828079,Cn1cc(-c2ccc3ncnc(Nc4ccc5ncccc5c4)c3c2)cn1,FEPYBAFFXFFSLC-UHFFFAOYSA-N,7.355561410532161,True,c1cnc2ccc(Nc3ncnc4ccc(-c5cn[nH]c5)cc34)cc2c1
CHEMBL3787220,C=CC(=O)N1C[C@H](COc2nc(Nc3cnn(C)c3)nc3[nH]cc(Cl)c23)[C@@H](F)C1,FESKVIPHVGGMNZ-MFKMUULPSA-N,8.045757490560675,True,c1cc2c(OC[C@@H]3CCNC3)nc(Nc3cn[nH]c3)nc2[nH]1
CHEMBL279481,O=C1NC(=O)c2c1c1c3cccc(O)c3[nH]c1c1[nH]c3c(O)cccc3c21,FETFZHLVPOJEBR-UHFFFAOYSA-N,4.537602002101044,False,O=C1NC(=O)c2c1c1c3ccccc3[nH]c1c1[nH]c3ccccc3c21
CHEMBL426580,Cc1nc2cc3[nH]cnc(Nc4cccc(Br)c4)c3cc2n1,FEWCYCPZSPDECQ-UHFFFAOYSA-N,9.537602002101044,True,c1ccc(Nc2nc[nH]c3cc4ncnc4cc23)cc1
CHEMBL1169856,Cc1ccc(C2=NN(C(N)=S)C(c3ccccc3F)C2)cc1C,FFHSFKHBUUUYTG-UHFFFAOYSA-N,5.284832642151542,False,c1ccc(C2=NNC(c3ccccc3)C2)cc1
CHEMBL3671496,C=CC(=O)Nc1cc2c(Nc3ccc(Br)cc3F)ncnc2cc1OCCNC(=O)NCC,FFMVKPOWYKTXJH-UHFFFAOYSA-N,8.698970004336019,True,c1ccc(Nc2ncnc3ccccc23)cc1
CHEMBL93284,O=[N+]([O-])c1ccc2c(Nc3cccc(I)c3)ncnc2c1,FFODKADEKHPVKK-UHFFFAOYSA-N,6.267606240177031,False,c1ccc(Nc2ncnc3ccccc23)cc1
CHEMBL2047016,O=C(CCCCCC(O)=NO)Nc1ccc(O)c(C(=O)Nc2cccc(F)c2)c1,FFSBLTDGAXOITD-UHFFFAOYSA-N,5.85078088734462,False,O=C(Nc1ccccc1)c1ccccc1
CHEMBL3355875,COc1cc2ncnc(Nc3ccc(F)c(Cl)c3)c2cc1OCCCCn1ccnc1[N+](=O)[O-],FGBTUBUYENCTAY-UHFFFAOYSA-N,9.327902142064282,True,c1ccc(Nc2ncnc3ccc(OCCCCn4ccnc4)cc23)cc1
CHEMBL3937949,O=C(O)c1ccc(Nc2nncc3ccccc23)cc1,FGBWIPBEKQBXCP-UHFFFAOYSA-N,8.207608310501746,True,c1ccc(Nc2nncc3ccccc23)cc1
CHEMBL96065,COc1cc2ncnc(Nc3cccc(I)c3)c2cc1OC,FGCLAQLIXMAIHT-UHFFFAOYSA-N,9.014710347142575,True,c1ccc(Nc2ncnc3ccccc23)cc1
CHEMBL2347969,OC[C@@H](Nc1ncnc2oc(-c3ccccc3)c(Br)c12)c1ccccc1,FGIIPPWCFAHPSX-OAHLLOKOSA-N,6.3448615651886175,True,c1ccc(CNc2ncnc3oc(-c4ccccc4)cc23)cc1
CHEMBL2425093,COc1cc2ncnc(Nc3ccc(F)c(Cl)c3)c2cc1OCCCN1CC2(CCO2)C1,FGIYTHLMQBFNBW-UHFFFAOYSA-N,7.443697499232712,True,c1ccc(Nc2ncnc3ccc(OCCCN4CC5(CCO5)C4)cc23)cc1
CHEMBL2031297,CN(C)CCC(=O)Nc1ccc2ncnc(Nc3cccc(Br)c3)c2c1,FGNHHQRGJTYKKZ-UHFFFAOYSA-N,9.55284196865778,True,c1ccc(Nc2ncnc3ccccc23)cc1
CHEMBL2437471,C=CC(=O)Nc1cccc(-n2c(=O)c(C)nc3cnc(Nc4ccc(OC)cc4)nc32)c1,FGPPXNCHKYRZCI-UHFFFAOYSA-N,7.886056647693163,True,O=c1cnc2cnc(Nc3ccccc3)nc2n1-c1ccccc1
CHEMBL4063701,CCC(=O)N1CCC[C@@H](n2nc(-c3ccc(C(F)(F)F)cc3)c3c(N)ncnc32)C1,FGSCINMIORUDKX-CQSZACIVSA-N,5.229147988357855,False,c1ccc(-c2nn([C@@H]3CCCNC3)c3ncncc23)cc1
CHEMBL1958034,Oc1csc(N2N=C(c3ccc(Cl)cc3)CC2c2ccc(Br)cc2)n1,FGTVJPSRNYMUBS-UHFFFAOYSA-N,5.642065152999546,False,c1ccc(C2=NN(c3nccs3)C(c3ccccc3)C2)cc1
CHEMBL1760035,COc1cc(Nc2nccc(Nc3cnc4ccccc4c3)n2)cc(OC)c1OC,FHDPQTHZTKXVCW-UHFFFAOYSA-N,6.069050968832477,False,c1ccc(Nc2nccc(Nc3cnc4ccccc4c3)n2)cc1
CHEMBL3699617,C=CC(=O)Nc1cccc(Oc2nc(Nc3ccc(N4CCCN(C(=O)OC(C)(C)C)CC4)cc3OC)ncc2Cl)c1,FHDQQJPNVWQLDP-UHFFFAOYSA-N,8.259637310505756,True,c1ccc(Oc2ccnc(Nc3ccc(N4CCCNCC4)cc3)n2)cc1
CHEMBL2426284,C=CC(=O)N1CCc2cc(OC)c(Nc3ncc(Cl)c(-c4c[nH]c5ccccc45)n3)cc21,FHGXREVAXMGQHY-UHFFFAOYSA-N,5.6777807052660805,False,c1ccc2c(-c3ccnc(Nc4ccc5c(c4)NCC5)n3)c[nH]c2c1
CHEMBL31630,C=CC(=O)N(C)c1nc2c(Nc3ccc(F)c(Cl)c3)ncnc2cc1OCCCN1CCOCC1,FHHOEGKZVIYWLM-UHFFFAOYSA-N,7.698970004336019,True,c1ccc(Nc2ncnc3cc(OCCCN4CCOCC4)cnc23)cc1
CHEMBL4074766,C=CC(=O)Nc1cc(Nc2[nH]nc3ccccc23)c(OC)cc1N(C)CCN(C)C,FHJIFWIXZSYZDF-UHFFFAOYSA-N,6.335358024443874,True,c1ccc(Nc2[nH]nc3ccccc23)cc1
CHEMBL460736,CN(N)C/C=C/C(=O)Nc1cc2c(Nc3cccc(Br)c3)ccnc2cn1,FHJYOQCADPXZHS-ZZXKWVIFSA-N,8.065501548756432,True,c1ccc(Nc2ccnc3cnccc23)cc1
CHEMBL3655350,CC(C)C(C)C/C=C/C(=O)N1CCc2c(sc3ncnc(Nc4cc(O)cc(Cl)c4)c23)C1,FHNHKAFWHQJIDM-GQCTYLIASA-N,9.0,True,c1ccc(Nc2ncnc3sc4c(c23)CCNC4)cc1
CHEMBL1242658,Nc1ncnc2c1c(-c1ccc(F)c(O)c1)nn2[C@@H]1CCNC1,FHNLPTRXVQOXQO-SECBINFHSA-N,4.806875401645539,False,c1ccc(-c2nn([C@@H]3CCNC3)c3ncncc23)cc1
CHEMBL1242657,Nc1ncnc2c1c(-c1ccc(F)c(O)c1)nn2[C@H]1CCNC1,FHNLPTRXVQOXQO-VIFPVBQESA-N,5.060480747381382,False,c1ccc(-c2nn([C@H]3CCNC3)c3ncncc23)cc1
CHEMBL91914,O=[N+]([O-])c1ccc2c(Nc3ccccc3)ncnc2c1,FHPNEDYOQKPVMZ-UHFFFAOYSA-N,4.920818753952375,False,c1ccc(Nc2ncnc3ccccc23)cc1
CHEMBL3436355,CN1CCN(Cc2ccc(-c3ccc4ncnc(Nc5ccc(OCc6cccc(F)c6)c(Cl)c5)c4c3)o2)CC1,FHRFXRXFROWCGZ-UHFFFAOYSA-N,7.903089986991944,True,c1ccc(COc2ccc(Nc3ncnc4ccc(-c5ccc(CN6CCNCC6)o5)cc34)cc2)cc1
CHEMBL54474,Nc1ccc2c(Nc3cccc(Br)c3)ncnc2n1,FHXNETSSNWTSDM-UHFFFAOYSA-N,6.026872146400301,False,c1ccc(Nc2ncnc3ncccc23)cc1
CHEMBL245869,Fc1cccc(Cn2ncc3cc(Nc4ncnn5ccc(COC6CCNCC6)c45)ccc32)c1,FHXTXHDRGUEYSH-UHFFFAOYSA-N,7.136677139879544,True,c1ccc(Cn2ncc3cc(Nc4ncnn5ccc(COC6CCNCC6)c45)ccc32)cc1
CHEMBL69964,Cc1cc(C=C2C(=O)Nc3ncnc(Nc4ccc(F)c(Cl)c4)c32)[nH]c1C(=O)N1CCN(C)CC1,FHYFHSYZOSQOFM-UHFFFAOYSA-N,6.6777807052660805,True,O=C1Nc2ncnc(Nc3ccccc3)c2C1=Cc1ccc(C(=O)N2CCNCC2)[nH]1
CHEMBL2018773,CCN(CC)CCOc1cc2c(Nc3ccc(Br)cc3F)ncnc2cc1OC,FIABMQVFIWDJOZ-UHFFFAOYSA-N,5.040958607678906,False,c1ccc(Nc2ncnc3ccccc23)cc1
CHEMBL176891,CN(C)CCn1cnc2cc3ncnc(Nc4cccc(Br)c4)c3cc21,FIBRZYOROMWVIM-UHFFFAOYSA-N,8.87942606879415,True,c1ccc(Nc2ncnc3cc4nc[nH]c4cc23)cc1
CHEMBL255871,CON=Cc1c(N)ncnc1Nc1ccc2c(cnn2Cc2cccc(F)c2)c1,FIENMRUUADTWJC-UHFFFAOYSA-N,8.096910013008056,True,c1ccc(Cn2ncc3cc(Nc4ccncn4)ccc32)cc1
CHEMBL408565,O=C1Nc2ccccc2C1=Cc1cc2c([nH]1)CCC(Br)C2,FIFWWQUQNGQSLH-UHFFFAOYSA-N,4.876148359032914,False,O=C1Nc2ccccc2C1=Cc1cc2c([nH]1)CCCC2
CHEMBL1830129,O=C(/C=C/c1ccccc1)Nc1ccccc1,FIIZQHKGJMRJIL-VAWYXSNFSA-N,4.635261444944601,False,O=C(/C=C/c1ccccc1)Nc1ccccc1
CHEMBL2029699,Cc1ccc(N2NC(=O)/C(=C/c3ccc(OCc4ccccc4)cc3)C2=O)cc1Cl,FIMIUNBFNALXKF-BKUYFWCQSA-N,5.065501548756432,False,O=C1NN(c2ccccc2)C(=O)/C1=C\c1ccc(OCc2ccccc2)cc1
CHEMBL4087375,Cc1cc(Nc2ncc3c(n2)N([C@H]2CCN(C(=O)CC(C)C)C2)C(=O)N(c2ccccc2Cl)C3)ccc1N1CCN(C)CC1,FIVZUBNSIXULHJ-SANMLTNESA-N,7.653647025549361,True,O=C1N(c2ccccc2)Cc2cnc(Nc3ccc(N4CCNCC4)cc3)nc2N1[C@H]1CCNC1
CHEMBL4093954,C=CC(=O)Nc1cccc(Nc2nc(Nc3ccc(C=Cc4cc(OC)cc(OC)c4)cc3)ncc2Cl)c1,FIWPDXXXOFAJOG-UHFFFAOYSA-N,7.804100347590766,True,C(=Cc1ccc(Nc2nccc(Nc3ccccc3)n2)cc1)c1ccccc1
CHEMBL3699621,C=CC(=O)Nc1cccc(Nc2nc(Nc3ccc(N4CCN(C(C)=O)C(C(=O)OC)C4)cc3OC)ncc2C(F)(F)F)c1,FJEBNLPKFAZSEO-UHFFFAOYSA-N,7.698970004336019,True,c1ccc(Nc2ccnc(Nc3ccc(N4CCNCC4)cc3)n2)cc1
CHEMBL1944641,Cc1ccc(-n2c(SCC(=O)Nc3ccccc3Cl)nc3sc(C)c(C)c3c2=O)cc1,FJGPPKWMLNVLAK-UHFFFAOYSA-N,4.088309841246139,False,O=C(CSc1nc2sccc2c(=O)n1-c1ccccc1)Nc1ccccc1
CHEMBL161956,CN(CCO)c1cc2c(Nc3cccc(Br)c3)ncnc2cn1,FJHAVJDRZOHMAT-UHFFFAOYSA-N,9.657577319177792,True,c1ccc(Nc2ncnc3cnccc23)cc1
CHEMBL521155,Nc1ncnc2c1ncn2CC(=O)c1c[nH]c2ccccc12,FJJRVJOTLKWVLC-UHFFFAOYSA-N,4.455931955649724,False,O=C(Cn1cnc2cncnc21)c1c[nH]c2ccccc12
CHEMBL1821867,Cc1ccc(C2=NN(c3nc(-c4ccccc4)cs3)C(c3ccc(O)cc3)C2)cc1C,FJWFYMMJHWZSLX-UHFFFAOYSA-N,5.71669877129645,False,c1ccc(C2=NN(c3nc(-c4ccccc4)cs3)C(c3ccccc3)C2)cc1
CHEMBL2426248,COc1ccc(NC(=O)CCCN(C)C)cc1Nc1ncc(Cl)c(-c2cnn3ccccc23)n1,FKCUYPRSQWUHTJ-UHFFFAOYSA-N,5.638272163982407,False,c1ccc(Nc2nccc(-c3cnn4ccccc34)n2)cc1
CHEMBL511449,NS(=O)(=O)c1ccc(Nc2nc3ncnc(Nc4ccc(N5CCOCC5)cc4)c3s2)cc1,FKDUBVDJXKIANS-UHFFFAOYSA-N,4.747146969020107,False,c1ccc(Nc2nc3ncnc(Nc4ccc(N5CCOCC5)cc4)c3s2)cc1
CHEMBL53428,CN(C)c1cc2ncnc(Nc3cccc(Br)c3)c2cn1,FKFFXIBNVYSRTJ-UHFFFAOYSA-N,10.045757490560677,True,c1ccc(Nc2ncnc3ccncc23)cc1
CHEMBL2426290,COc1ccc(NC(=O)/C=C/CN(C)C)cc1Nc1ncc(F)c(-c2cnn3ccccc23)n1,FKHFNUOLPRKNAT-SOFGYWHQSA-N,4.721246399047171,False,c1ccc(Nc2nccc(-c3cnn4ccccc34)n2)cc1
CHEMBL3655346,CN(C)C/C=C/C(=O)N1Cc2sc3ncnc(Nc4ccc(OCc5ccccn5)c(Cl)c4)c3c2C1,FKHGTMQRLLWPJO-FNORWQNLSA-N,7.721246399047171,True,c1ccc(COc2ccc(Nc3ncnc4sc5c(c34)CNC5)cc2)nc1
CHEMBL1981977,O=C(/C=C/c1ccccc1)Nc1ccccc1Cl,FKLXMLNUDVRAJG-ZHACJKMWSA-N,5.006123085058789,False,O=C(/C=C/c1ccccc1)Nc1ccccc1
CHEMBL2426287,COc1ccc(NC(=O)/C=C/CN(C)C)cc1Nc1ncc(Cl)c(-c2c[nH]c3ccccc23)n1,FKMJNNGHKGZJFL-RMKNXTFCSA-N,5.809668301829708,False,c1ccc(Nc2nccc(-c3c[nH]c4ccccc34)n2)cc1
CHEMBL4216784,COc1cc(N2CCN(C)CC2)ccc1Nc1ncc(Cl)c(Oc2ccccc2N)n1,FKONWDUEJYSGTF-UHFFFAOYSA-N,5.7447274948966935,False,c1ccc(Oc2ccnc(Nc3ccc(N4CCNCC4)cc3)n2)cc1
CHEMBL2178368,CN1CCN(c2ccc(Nc3ncc4[nH]c(Nc5ccccc5)nc4n3)cc2)CC1,FKSOXOHTTFKOQL-UHFFFAOYSA-N,7.537602002101044,True,c1ccc(Nc2nc3nc(Nc4ccc(N5CCNCC5)cc4)ncc3[nH]2)cc1
CHEMBL371863,CCOC(=O)c1cn2ncnc(NCc3ccccc3)c2c1CC,FKTDPTZOFGBLDH-UHFFFAOYSA-N,6.698970004336019,True,c1ccc(CNc2ncnn3cccc23)cc1
CHEMBL205059,O=C(C#CCCN1CCCCC1)Nc1cc2c(Nc3ccc(F)c(Cl)c3)ncnc2cn1,FKXXCQSSSCJHOZ-UHFFFAOYSA-N,9.045757490560677,True,O=C(C#CCCN1CCCCC1)Nc1cc2c(Nc3ccccc3)ncnc2cn1
CHEMBL3909201,C=CC(=O)N1CC(Oc2cc3c(Nc4ccc(F)c(Cl)c4F)ncnc3cc2OC)C1,FLAXLBUPXZGWTK-UHFFFAOYSA-N,9.154901959985745,True,c1ccc(Nc2ncnc3ccc(OC4CNC4)cc23)cc1
CHEMBL4078920,C=CC(=O)Nc1cccc(-c2c[nH]c3nccc(-c4[nH]c(CCCO)nc4C4CC4)c23)c1,FLBBDHBRGIBBKG-UHFFFAOYSA-N,6.58838029403677,True,c1ccc(-c2c[nH]c3nccc(-c4[nH]cnc4C4CC4)c23)cc1
CHEMBL3759015,COc1cc2c(Nc3ccc(NC(=O)c4cccc(Cl)c4)cc3)ncnc2cc1OCCCN1CCOCC1,FLBNHSJGJQDKOU-UHFFFAOYSA-N,6.638272163982407,True,O=C(Nc1ccc(Nc2ncnc3cc(OCCCN4CCOCC4)ccc23)cc1)c1ccccc1
CHEMBL1923007,OCCn1ccc2ncnc(Nc3ccc(Oc4cccc(C(F)(F)F)c4)c(Cl)c3)c21,FLFHZVYTVPANLR-UHFFFAOYSA-N,7.468521082957745,True,c1ccc(Oc2ccc(Nc3ncnc4cc[nH]c34)cc2)cc1
CHEMBL1928949,CCOC(=O)CNc1cccc(Oc2cc(Nc3ccc(OCc4cccc(F)c4)c(Cl)c3)ncn2)c1,FLOZHBPYVLGNOP-UHFFFAOYSA-N,6.431798275933005,True,c1ccc(COc2ccc(Nc3cc(Oc4ccccc4)ncn3)cc2)cc1
CHEMBL596755,COc1cc2ncnc(Nc3ccc(F)c(Cl)c3)c2cc1S(=O)(=O)CCCCCCC(O)=NO,FMDQBAXOPXWFEH-UHFFFAOYSA-N,7.812479279163536,True,c1ccc(Nc2ncnc3ccccc23)cc1
CHEMBL47940,Nc1ncnc2c1c(-c1ccc(Oc3ccccc3)cc1)cn2C1CCCC1,FMETVQKSDIOGPX-UHFFFAOYSA-N,5.494850021680094,False,c1ccc(Oc2ccc(-c3cn(C4CCCC4)c4ncncc34)cc2)cc1
CHEMBL1821877,Clc1ccc(C2CC(c3ccc(Br)cc3)=NN2c2nc(-c3ccccc3)cs2)cc1,FMHBPDHBXGFLSQ-UHFFFAOYSA-N,5.028260409112222,False,c1ccc(C2=NN(c3nc(-c4ccccc4)cs3)C(c3ccccc3)C2)cc1
CHEMBL3628792,Fc1ccc(Nc2ncnc3sc4c(c23)CCCC4)cc1Cl,FMHIYAGUZGTJDC-UHFFFAOYSA-N,5.876148359032914,False,c1ccc(Nc2ncnc3sc4c(c23)CCCC4)cc1
CHEMBL493428,CS(=O)(=O)CCNCCCCOc1ccc2ncnc(Nc3ccc4c(cnn4Cc4cccc(F)c4)c3)c2c1,FMKJJNOFXVDHKH-UHFFFAOYSA-N,7.619788758288394,True,c1ccc(Cn2ncc3cc(Nc4ncnc5ccccc45)ccc32)cc1
CHEMBL473427,Fc1cccc(COc2ccc(Nc3ncnc4cc(-c5cccs5)sc34)cc2Cl)c1,FMSVVUDMNOXYTG-UHFFFAOYSA-N,8.096910013008056,True,c1ccc(COc2ccc(Nc3ncnc4cc(-c5cccs5)sc34)cc2)cc1
CHEMBL73625,Cc1[nH]c2ncnc(Nc3ccccc3Cl)c2c1C,FMTSNECBYBECGH-UHFFFAOYSA-N,4.124360062995832,False,c1ccc(Nc2ncnc3[nH]ccc23)cc1
CHEMBL3954906,C=CC(=O)Nc1cccc(Nc2nc(Nc3ccccc3OC)ncc2Br)c1,FMTXHOXUJYVAMG-UHFFFAOYSA-N,6.698970004336019,True,c1ccc(Nc2ccnc(Nc3ccccc3)n2)cc1
CHEMBL418907,COc1cc(/C=C/[N+](=O)[O-])ccc1OS(=O)(=O)c1ccc(C(=O)O)cc1,FMXXONPXMIWVBT-CMDGGOBGSA-N,5.552841968657781,False,O=S(=O)(Oc1ccccc1)c1ccccc1
CHEMBL109296,CCNc1ncc2cc(-c3c(Cl)cccc3Cl)c(=O)n(C)c2n1,FNBJMQJWFBTPGJ-UHFFFAOYSA-N,5.346787486224656,False,O=c1[nH]c2ncncc2cc1-c1ccccc1
CHEMBL305695,N#CC(C#N)=Cc1ccc(O)cc1,FNCOVSWSZZVFBQ-UHFFFAOYSA-N,3.2518119729937998,False,c1ccccc1
CHEMBL284326,C=CC(=O)Nc1nc2c(Nc3ccc(F)c(Cl)c3)ncnc2cc1OCCCN1CCN(C)CC1,FNDAEXWGUUPCOX-UHFFFAOYSA-N,8.18045606445813,True,c1ccc(Nc2ncnc3cc(OCCCN4CCNCC4)cnc23)cc1
CHEMBL332938,COc1ccc2ncnc(NCc3ccccc3)c2c1,FNDTUROJPCNKSJ-UHFFFAOYSA-N,6.698970004336019,True,c1ccc(CNc2ncnc3ccccc23)cc1
CHEMBL1221700,C=CC(=O)Nc1ccc2ncnc(Nc3ccc(C(C)(C)C)cc3)c2c1,FNFJNUTXQRGXER-UHFFFAOYSA-N,6.161780778092375,False,c1ccc(Nc2ncnc3ccccc23)cc1
CHEMBL590558,C#CCCCCCOc1cc2c(Nc3ccc(F)c(Cl)c3)ncnc2cc1OC,FNGTVKLEDZVBQG-UHFFFAOYSA-N,7.485452247339714,True,c1ccc(Nc2ncnc3ccccc23)cc1
CHEMBL3219127,C=CC(=O)Nc1cccc(N2C(=O)C3CCCCN3C(=O)c3cnc(Nc4ccc(N5CCN(C)CC5)cc4OC)nc32)c1,FNHOMRUJSBDFQG-UHFFFAOYSA-N,8.610833915635467,True,O=C1C2CCCCN2C(=O)c2cnc(Nc3ccc(N4CCNCC4)cc3)nc2N1c1ccccc1
CHEMBL3612593,CCOC(=O)CCCn1c(=O)oc2cc3ncnc(Nc4ccc(OCc5ccc(Cl)cc5)c(Cl)c4)c3cc21,FNNWCJBIPOEPEV-UHFFFAOYSA-N,7.275724130399211,True,O=c1[nH]c2cc3c(Nc4ccc(OCc5ccccc5)cc4)ncnc3cc2o1
CHEMBL356850,Brc1cccc(Nc2ncnc3c2sc2ccccc23)c1,FNWRJIWVXKOMHC-UHFFFAOYSA-N,8.744727494896694,True,c1ccc(Nc2ncnc3c2sc2ccccc23)cc1
CHEMBL496174,Fc1cccc(COc2ccc(Nc3ncnc4cc(C#C[C@H]5CCCN5)sc34)cc2Cl)c1,FNYHTKUCTLSINN-GOSISDBHSA-N,8.154901959985743,True,C(#C[C@H]1CCCN1)c1cc2ncnc(Nc3ccc(OCc4ccccc4)cc3)c2s1
CHEMBL495979,Fc1cccc(COc2ccc(Nc3ncnc4cc(C#C[C@@H]5CCCN5)sc34)cc2Cl)c1,FNYHTKUCTLSINN-SFHVURJKSA-N,6.962573502059376,True,C(#C[C@@H]1CCCN1)c1cc2ncnc(Nc3ccc(OCc4ccccc4)cc3)c2s1
CHEMBL571809,CC(=O)OCN(C)N=Nc1ccc2ncnc(Nc3cccc(Cl)c3)c2c1,FNYQNCJFPUACPB-UHFFFAOYSA-N,6.619788758288394,True,c1ccc(Nc2ncnc3ccccc23)cc1
CHEMBL4061829,OCCc1nc(-c2ccc(F)cc2)c(-c2ccnc3[nH]c(-c4ccccc4)cc23)[nH]1,FOBRPXRJBHDKKT-UHFFFAOYSA-N,7.903089986991944,True,c1ccc(-c2cc3c(-c4[nH]cnc4-c4ccccc4)ccnc3[nH]2)cc1
CHEMBL95774,C=CC(=O)Nc1cc2c(Nc3ccc(F)c(Cl)c3)c(C#N)cnc2cc1OCCCN1CCOCC1,FODAAEGGNDJNFL-UHFFFAOYSA-N,7.096910013008056,True,c1ccc(Nc2ccnc3cc(OCCCN4CCOCC4)ccc23)cc1
CHEMBL4289490,C=C=CC(=O)Nc1cc(Nc2nccc(-c3cn(C)c4cc(Cl)ccc34)n2)c(OC)cc1N(C)CCN(C)C,FOGQCAPRSXEPCR-UHFFFAOYSA-N,7.514278573518419,True,c1ccc(Nc2nccc(-c3c[nH]c4ccccc34)n2)cc1
CHEMBL116595,COc1cc(C=C(C#N)C(N)=O)cc(CSc2ccccc2)c1O,FOGXCBUSKWTDKV-UHFFFAOYSA-N,5.537602002101044,False,c1ccc(CSc2ccccc2)cc1
CHEMBL4228848,C=CC(=O)Nc1cccc(NC(=O)Nc2ccnc(Nc3ccc(C(=O)N4CCOCC4)cc3OC)n2)c1,FOHMSRQIKUEZRX-UHFFFAOYSA-N,6.892790030352131,True,O=C(Nc1ccccc1)Nc1ccnc(Nc2ccc(C(=O)N3CCOCC3)cc2)n1
CHEMBL1821874,Cc1ccc(C2=NN(c3nc(-c4ccc(Cl)cc4)cs3)C(c3ccc(O)cc3)C2)cc1C,FOLBKSQFUPUWKJ-UHFFFAOYSA-N,6.013228265733755,False,c1ccc(C2=NN(c3nc(-c4ccccc4)cs3)C(c3ccccc3)C2)cc1
CHEMBL253292,CCN(CC)CCOc1ccc(Nc2cc(NC(=O)Nc3c(Cl)cccc3Cl)ncn2)cc1,FOMAIMPXVLHOCI-UHFFFAOYSA-N,6.42021640338319,True,O=C(Nc1ccccc1)Nc1cc(Nc2ccccc2)ncn1
CHEMBL3344217,CCC(=O)ON[C@H](CS(C)(=O)=O)c1ccc(-c2ccc3ncnc(Nc4ccc(OCc5cccc(F)c5)c(Cl)c4)c3c2)o1,FOWBUFQXVVPKOE-AREMUKBSSA-N,7.047691990337874,True,c1ccc(COc2ccc(Nc3ncnc4ccc(-c5ccco5)cc34)cc2)cc1
CHEMBL4098444,C=CC(=O)Nc1cc(Nc2[nH]nc3cc(-c4cn(C)c5ccccc45)ccc23)c(OC)cc1N(C)CCN(C)C,FOYVLGNZQPYXSS-UHFFFAOYSA-N,8.318758762624412,True,c1ccc(Nc2[nH]nc3cc(-c4c[nH]c5ccccc45)ccc23)cc1
CHEMBL3753305,C=CC(=O)Nc1cccc(-n2c(=O)cc(-c3ccccc3)c3cnc(Nc4ccc(N5CCN(C)CC5)cc4OC)nc32)c1,FPAUYFFDYRSLII-UHFFFAOYSA-N,7.67778070526608,True,O=c1cc(-c2ccccc2)c2cnc(Nc3ccc(N4CCNCC4)cc3)nc2n1-c1ccccc1
CHEMBL3436357,CCOC(=O)N1CCN(Cc2ccc(-c3ccc4ncnc(Nc5ccc(OCc6cccc(F)c6)c(Cl)c5)c4c3)o2)CC1,FPFVOXIARGRQQR-UHFFFAOYSA-N,7.552841968657781,True,c1ccc(COc2ccc(Nc3ncnc4ccc(-c5ccc(CN6CCNCC6)o5)cc34)cc2)cc1
CHEMBL3916644,CCC(=O)Nc1cc2c(Nc3ccc(Oc4ccc5c(c4)OCO5)cc3)ncnc2cc1OC,FPGRQRNSVWYTAO-UHFFFAOYSA-N,6.293282217663242,False,c1ccc2c(Nc3ccc(Oc4ccc5c(c4)OCO5)cc3)ncnc2c1
CHEMBL3809045,S=C=Nc1ccc2ncnc(Nc3cccc(Br)c3)c2c1,FPJNUSTYUBHFBH-UHFFFAOYSA-N,6.055517327849831,False,c1ccc(Nc2ncnc3ccccc23)cc1
CHEMBL3985894,Nc1nc(Nc2ccccc2)c2c(n1)-c1ccccc1C2,FPMKNIPEOGMYEG-UHFFFAOYSA-N,3.6332036167132697,False,c1ccc(Nc2ncnc3c2Cc2ccccc2-3)cc1
CHEMBL175409,COc1cccc(-c2cn(-c3ccc(CC(=O)NCCO)cc3)c3ncnc(N)c23)c1,FPPFXZVOJMZPIB-UHFFFAOYSA-N,6.096910013008056,False,c1ccc(-c2cn(-c3ccccc3)c3ncncc23)cc1
CHEMBL3297998,CCCCN(c1ccc(OC)cc1)c1nc(C)nc2oc(C)cc12,FPTCDUYOZYIIST-UHFFFAOYSA-N,6.468393368067278,True,c1ccc(Nc2ncnc3occc23)cc1
CHEMBL1910275,Cc1c(C#N)c(NCCO)nc2nc(NCCO)nc(N)c12,FPWNNWBZEMXQNZ-UHFFFAOYSA-N,4.319664486585436,False,c1cnc2ncncc2c1
CHEMBL543669,COc1cc2ncnc(N(C)c3ccccc3)c2cc1OC,FPYMICFLRIEXEX-UHFFFAOYSA-N,5.3979400086720375,False,c1ccc(Nc2ncnc3ccccc23)cc1
CHEMBL139307,C=CC(=O)N(CCCN1CCOCC1)c1ccc2ncnc(Nc3cccc(Br)c3)c2c1,FQAVYQDBRCNTBT-UHFFFAOYSA-N,6.7121982700697735,True,c1ccc(Nc2ncnc3ccc(NCCCN4CCOCC4)cc23)cc1
CHEMBL373207,CCN(CC)CC#CC(=O)Nc1ccc2ncnc(Nc3ccc(F)c(Cl)c3)c2c1,FQGVUAQWOXXERW-UHFFFAOYSA-N,8.508638306165727,True,c1ccc(Nc2ncnc3ccccc23)cc1
CHEMBL4099713,C=CC(=O)N1CCC[C@@H](n2nc(-c3ccccc3)c3c(N)ncnc32)C1,FQHKBIFWCMDDDS-CQSZACIVSA-N,8.0,True,c1ccc(-c2nn([C@@H]3CCCNC3)c3ncncc23)cc1
CHEMBL3086104,C=CC(=O)N1CC[C@H](N2C(=O)N(c3ccccc3)Cc3cnc(Nc4ccc(N5CCN(C)CC5)c(Cl)c4)nc32)C1,FQHRBBXIMFSJRB-DEOSSOPVSA-N,7.448550002027124,True,O=C1N(c2ccccc2)Cc2cnc(Nc3ccc(N4CCNCC4)cc3)nc2N1[C@H]1CCNC1
CHEMBL312753,OCc1ccc(-c2cc3ncnc(Nc4ccc5[nH]ccc5c4)c3s2)cc1,FQINJZOKZQVKKN-UHFFFAOYSA-N,9.0,True,c1ccc(-c2cc3ncnc(Nc4ccc5[nH]ccc5c4)c3s2)cc1
CHEMBL3676363,C=CC(=O)Nc1cc2c(Nc3ccc(Br)c(Cl)c3F)ncnc2cc1OCCNC(=O)CN(C)C,FQIQGTLQUPPSRD-UHFFFAOYSA-N,7.721246399047171,True,c1ccc(Nc2ncnc3ccccc23)cc1
CHEMBL4171115,COc1cc2c(Oc3ccc(NC(=O)NN4C(=O)CSC4c4c(F)cccc4F)c(F)c3)ccnc2cc1OCCCN1CCCC1,FQIRYXKZWMEKES-UHFFFAOYSA-N,6.090443970758825,False,O=C(Nc1ccc(Oc2ccnc3cc(OCCCN4CCCC4)ccc23)cc1)NN1C(=O)CSC1c1ccccc1
CHEMBL137788,CN=NNc1ccc2ncnc(NCc3ccccc3)c2c1,FQLRRCCCCZDFGX-UHFFFAOYSA-N,6.474955192963154,True,c1ccc(CNc2ncnc3ccccc23)cc1
CHEMBL4077419,S=C(Nc1cc(Cl)cc(Cl)c1)Nc1ccc2ncnc(Nc3cccc(Br)c3)c2c1,FQQXXGPMRNGLEN-UHFFFAOYSA-N,6.834755673874689,True,S=C(Nc1ccccc1)Nc1ccc2ncnc(Nc3ccccc3)c2c1
CHEMBL592480,Oc1csc(=NN=Cc2cc(Cl)ccc2O)[nH]1,FQYJEKYABLWPHF-UHFFFAOYSA-N,6.251811972993799,False,C(=NN=c1[nH]ccs1)c1ccccc1
CHEMBL1829274,O=C(Cc1cccc(Br)c1)NS(=O)(=O)c1ccc(Cl)cc1,FQYOEBSXPQCDHZ-UHFFFAOYSA-N,4.672028376376989,False,O=C(Cc1ccccc1)NS(=O)(=O)c1ccccc1
CHEMBL3916927,C=CC(=O)N1CC(Oc2cc3c(Nc4ccc(F)c(Cl)c4)ncnc3cc2OC)C1,FQZKBSZZYWJJDO-UHFFFAOYSA-N,8.886056647693163,True,c1ccc(Nc2ncnc3ccc(OC4CNC4)cc23)cc1
CHEMBL3233786,O=C(/C=C/CN1CCC(F)CC1)Nc1cc2c(Nc3ccc(F)c(Cl)c3)ncnc2s1,FRBVMVNBNRSFNA-OWOJBTEDSA-N,8.397940008672037,True,O=C(/C=C/CN1CCCCC1)Nc1cc2c(Nc3ccccc3)ncnc2s1
CHEMBL4076434,S=C(Nc1ccccc1)Nc1ccc2ncnc(Nc3cccc(Br)c3)c2c1,FRDCQHMUNAXNJF-UHFFFAOYSA-N,7.801342913045577,True,S=C(Nc1ccccc1)Nc1ccc2ncnc(Nc3ccccc3)c2c1
CHEMBL460746,O=C(NC(=S)Nc1ccc(O)c(-c2nc3ccccc3s2)c1)c1ccc([N+](=O)[O-])cc1,FRHDZWLQTMKUPC-UHFFFAOYSA-N,6.552841968657781,True,O=C(NC(=S)Nc1cccc(-c2nc3ccccc3s2)c1)c1ccccc1
CHEMBL1242201,COc1ccc(-c2nn(C3CCCC3)c3ncnc(N)c23)cc1O,FRKWMLCUONAHJH-UHFFFAOYSA-N,6.359518563029578,True,c1ccc(-c2nn(C3CCCC3)c3ncncc23)cc1
CHEMBL3671530,C=CC(=O)Nc1cc2c(Nc3ccc(Br)cc3F)ncnc2cc1OCCNC(=O)C(C)N(C)C,FROYTOQPRFQLJH-UHFFFAOYSA-N,6.903089986991944,True,c1ccc(Nc2ncnc3ccccc23)cc1
CHEMBL4129387,C=CC(=O)Nc1cccc(-n2c(=O)n(C)c(=O)c3cnc(Nc4ccc(N5CCC(N(C)C)CC5)cc4OC)nc32)c1,FRQNTCLJTDRKHI-UHFFFAOYSA-N,7.522878745280337,True,O=c1[nH]c(=O)n(-c2ccccc2)c2nc(Nc3ccc(N4CCCCC4)cc3)ncc12
CHEMBL3040806,c1ccc(-c2cccc(Nc3ncnc4cc5c(cc34)OCCO5)c2)cc1,FSFYBWMHVKFOOV-UHFFFAOYSA-N,7.376750709602099,True,c1ccc(-c2cccc(Nc3ncnc4cc5c(cc34)OCCO5)c2)cc1
CHEMBL3092324,CS(=O)(=O)CCNC(=O)Nc1cc2c(Nc3ccc(F)c(Cl)c3)ncnc2cc1O[C@H]1CCOC1,FSGGHFJAQJIEQT-AWEZNQCLSA-N,7.387216143280264,True,c1ccc(Nc2ncnc3cc(O[C@H]4CCOC4)ccc23)cc1
CHEMBL91748,CN(C)/C=C/C(=O)Nc1ccc2ncnc(Nc3cccc(Br)c3)c2c1,FSGPEDYXNUKDAG-CMDGGOBGSA-N,6.6020599913279625,True,c1ccc(Nc2ncnc3ccccc23)cc1
CHEMBL2336361,O=C(/C=C/c1ccccc1)Nc1ccc(F)cc1,FSGUMUYMSDYGOB-IZZDOVSWSA-N,4.999132278468773,False,O=C(/C=C/c1ccccc1)Nc1ccccc1
CHEMBL403569,O=C(CO)N1CCC[C@H]1COc1cccc2ncnc(Nc3ccc(OCc4ccccn4)c(Cl)c3)c12,FSHWIHXFSFIOAL-FQEVSTJZSA-N,6.485452247339714,True,c1ccc(COc2ccc(Nc3ncnc4cccc(OC[C@@H]5CCCN5)c34)cc2)nc1
CHEMBL249927,O=C(CO)N1CCC[C@@H]1COc1cccc2ncnc(Nc3ccc(OCc4ccccn4)c(Cl)c3)c12,FSHWIHXFSFIOAL-HXUWFJFHSA-N,7.013228265733755,True,c1ccc(COc2ccc(Nc3ncnc4cccc(OC[C@H]5CCCN5)c34)cc2)nc1
CHEMBL208358,CS(=O)(=O)Nc1cccc(C#Cc2cncnc2Nc2ccc(OCc3cccc(F)c3)c(Cl)c2)c1,FSIMWMZEBKRAMX-UHFFFAOYSA-N,6.958607314841775,True,C(#Cc1cncnc1Nc1ccc(OCc2ccccc2)cc1)c1ccccc1
CHEMBL3678957,CC(C)n1c(Nc2ccc(C(F)(F)F)cc2)nc2cnc(Nc3ccc(N4CCN(C)CC4)cc3)nc21,FSMLLEGNJUYKOD-UHFFFAOYSA-N,7.468521082957745,True,c1ccc(Nc2nc3cnc(Nc4ccc(N5CCNCC5)cc4)nc3[nH]2)cc1
CHEMBL3805299,COCCOc1cc2ncnc(Nc3ccc(C)c([N+](=O)[O-])c3)c2c2c1OCCO2,FSRMUDDPGLEQSI-UHFFFAOYSA-N,7.127261172527331,True,c1ccc(Nc2ncnc3ccc4c(c23)OCCO4)cc1
CHEMBL3297893,Cc1nc(Nc2ccc(C(F)(F)F)cc2)c2cc(C)oc2n1,FSSSCYOUDUBIGP-UHFFFAOYSA-N,6.913284336055117,True,c1ccc(Nc2ncnc3occc23)cc1
CHEMBL204268,COc1cc(OC2CCOC2)c2c(Nc3ccc(F)c(Cl)c3)ncnc2c1,FSXRNYHLAZAJJI-UHFFFAOYSA-N,6.7281583934635005,True,c1ccc(Nc2ncnc3cccc(OC4CCOC4)c23)cc1
CHEMBL2335013,Nc1nc(Nc2cccc(C(F)(F)F)c2)c2cc(CCc3ccccn3)[nH]c2n1,FSZWSFUFUGCRLD-UHFFFAOYSA-N,4.714442690992226,False,c1ccc(Nc2ncnc3[nH]c(CCc4ccccn4)cc23)cc1
CHEMBL4288080,C=CC(=O)Nc1ccccc1Nc1nc(Nc2ccc(OCCN3CCOCC3)cc2)ncc1Cl,FTALQWHSBQVWQB-UHFFFAOYSA-N,7.872895201635192,True,c1ccc(Nc2ccnc(Nc3ccc(OCCN4CCOCC4)cc3)n2)cc1
CHEMBL2148046,CC(C)S(=O)(=O)CC(=O)NCCn1ccc2ncnc(Nc3ccc(Oc4cccc(C(F)(F)F)c4)c(Cl)c3)c21,FTBHGTXTGYLDBW-UHFFFAOYSA-N,7.275724130399211,True,c1ccc(Oc2ccc(Nc3ncnc4cc[nH]c34)cc2)cc1
CHEMBL440453,COc1cc(O)c2c(=O)c(-c3cccc(Cl)c3)c[nH]c2c1,FTEDVZPTRHFYOX-UHFFFAOYSA-N,7.42021640338319,True,O=c1c(-c2ccccc2)c[nH]c2ccccc12
CHEMBL4071463,C=CC(=O)Nc1cc(Nc2[nH]nc3cc(-c4cccc(F)c4)ccc23)c(OC)cc1N(C)CCN(C)C,FTEHKFWILQTVDS-UHFFFAOYSA-N,8.301029995663981,True,c1ccc(Nc2[nH]nc3cc(-c4ccccc4)ccc23)cc1
CHEMBL3699611,C=CC(=O)Nc1cccc(Oc2nc(Nc3ccc(N4CCCOCC4)cc3OC)ncc2Cl)c1,FTEJKODFWXJJEP-UHFFFAOYSA-N,8.259637310505756,True,c1ccc(Oc2ccnc(Nc3ccc(N4CCCOCC4)cc3)n2)cc1
CHEMBL1270795,CSc1cn2c(-c3cn[nH]c3)cnc2c(Nc2cc(C)ns2)n1,FTFDOZLQPLTYBX-UHFFFAOYSA-N,5.296880653763922,False,c1cc(Nc2nccn3c(-c4cn[nH]c4)cnc23)sn1
CHEMBL258940,CN1CCC(Nc2ncc3ncnc(Nc4ccc(F)c(Cl)c4)c3n2)CC1,FTFRZXFNZVCRSK-UHFFFAOYSA-N,8.522878745280337,True,c1ccc(Nc2ncnc3cnc(NC4CCNCC4)nc23)cc1
CHEMBL421326,OCCOCCNCc1ccc(-c2cc3nccc(Nc4ccc5[nH]ccc5c4)c3s2)cc1,FTHVRWNSFRDQNV-UHFFFAOYSA-N,8.397940008672037,True,c1ccc(-c2cc3nccc(Nc4ccc5[nH]ccc5c4)c3s2)cc1
CHEMBL91484,COc1cc2ncnc(NC3CC3c3ccccc3)c2cc1OCCCN(C)C,FTIOCMFCDBBOAU-UHFFFAOYSA-N,7.568636235841012,True,c1ccc(C2CC2Nc2ncnc3ccccc23)cc1
CHEMBL1928711,Clc1ccc(CNc2ccc3ncnc(Nc4cccc(Br)c4)c3c2)cc1,FTNWRSGFFBRJTK-UHFFFAOYSA-N,5.785156151952302,False,c1ccc(CNc2ccc3ncnc(Nc4ccccc4)c3c2)cc1
CHEMBL122721,CCCCCCCCCCCCCCNC(=O)c1cc(NCc2cc(O)ccc2O)ccc1O,FTTAXYMXQHBWCO-UHFFFAOYSA-N,4.565431095965801,False,c1ccc(CNc2ccccc2)cc1
CHEMBL162719,CN1CCN(c2cc3c(Nc4cccc(Br)c4)ncnc3cn2)CC1,FTYUEIQBPIWEPZ-UHFFFAOYSA-N,8.193820026016112,True,c1ccc(Nc2ncnc3cnc(N4CCNCC4)cc23)cc1
CHEMBL514436,CS(=O)(=O)CCNCCCCOc1ccc2ncnc(Nc3ccc(OCc4cccc(F)c4)c(Cl)c3)c2c1,FUAWEXVTNBAJGV-UHFFFAOYSA-N,7.568636235841012,True,c1ccc(COc2ccc(Nc3ncnc4ccccc34)cc2)cc1
CHEMBL3671547,CCC(=O)Nc1cc2c(Nc3ccc(Br)cc3F)ncnc2cc1OCCNC(C)=O,FUDZVMAAPBVLTJ-UHFFFAOYSA-N,6.062482107982653,False,c1ccc(Nc2ncnc3ccccc23)cc1
CHEMBL410659,Nc1nccn2c1c(-c1ccc3ccc(-c4ccccc4)nc3c1)nc2[C@H]1C[C@@H](CN2CCC2)C1,FUGZYLOFWXVFQU-OKDJAKQTSA-N,5.017728766960431,False,c1ccc(-c2ccc3ccc(-c4nc([C@H]5C[C@@H](CN6CCC6)C5)n5ccncc45)cc3n2)cc1
CHEMBL490775,CC(NC(=O)C(C)NC(=O)c1ccc(S(=O)(=O)Oc2ccc(/C=C/[N+](=O)[O-])cc2)cc1)C(=O)O,FUJQYXNKCSRFSS-VAWYXSNFSA-N,5.154901959985743,False,O=S(=O)(Oc1ccccc1)c1ccccc1
CHEMBL544067,C=C(CN1CCOCC1)C(=O)c1ccc(OCc2ccccc2)cc1,FUKZQOIBPXLDAJ-UHFFFAOYSA-N,5.958607314841775,False,C=C(CN1CCOCC1)C(=O)c1ccc(OCc2ccccc2)cc1
CHEMBL29641,COc1cc2ncnc(Nc3cccc(SC)c3)c2cc1OC,FUSDVOSGGMBSMK-UHFFFAOYSA-N,6.897223385116559,True,c1ccc(Nc2ncnc3ccccc23)cc1
CHEMBL112925,Nc1ccc(-c2cc(=O)c3cc(N)ccc3o2)cc1,FUTDIJXBLRBDGJ-UHFFFAOYSA-N,5.060480747381382,False,O=c1cc(-c2ccccc2)oc2ccccc12
CHEMBL1094196,COc1ccc(-c2ccc(Cn3cc(CCN)c4cc(OCCc5ccc(O)cc5)ccc43)cc2)cc1,FVGFBWAPMMXCST-UHFFFAOYSA-N,5.903089986991944,False,c1ccc(CCOc2ccc3c(ccn3Cc3ccc(-c4ccccc4)cc3)c2)cc1
CHEMBL2031311,CCOc1cc2ncc(C#N)c(Nc3ccc(OCc4ccccn4)c(Cl)c3)c2cc1NC(=O)CCN(C)C,FVHRPBPPQDUXSJ-UHFFFAOYSA-N,7.903089986991944,True,c1ccc(COc2ccc(Nc3ccnc4ccccc34)cc2)nc1
CHEMBL3655341,COCCN(C/C=C/C(=O)N1CCc2c(sc3ncnc(Nc4ccc(F)c(Cl)c4)c23)C1)CCOC,FVHRXNQLQCFNOX-ONEGZZNKSA-N,9.0,True,c1ccc(Nc2ncnc3sc4c(c23)CCNC4)cc1
CHEMBL4083224,CCC(=O)N1CC[C@H](N2C(=O)N(c3cc(OC)ccc3F)Cc3cnc(Nc4ccc(N5CCCN(C)CC5)c(C)c4)nc32)C1,FVIPOAKQXPTAPE-VWLOTQADSA-N,6.679853713888946,True,O=C1N(c2ccccc2)Cc2cnc(Nc3ccc(N4CCCNCC4)cc3)nc2N1[C@H]1CCNC1
CHEMBL1095957,NCCc1c[nH]c2ccc(OCCc3ccc(O)cc3)cc12,FVMIAPQLQLJTFD-UHFFFAOYSA-N,5.684029654543082,False,c1ccc(CCOc2ccc3[nH]ccc3c2)cc1
CHEMBL1242755,Nc1ncnc2c1c(-c1cnc3ccccc3c1)nn2C1CCCC1,FVPBLAKABVRLRX-UHFFFAOYSA-N,6.267606240177031,False,c1ccc2ncc(-c3nn(C4CCCC4)c4ncncc34)cc2c1
CHEMBL102726,c1ccc(CNc2ncnc3ccccc23)cc1,FVWANTDQRFSCAL-UHFFFAOYSA-N,6.494850021680094,True,c1ccc(CNc2ncnc3ccccc23)cc1
CHEMBL545541,COc1cc2ncnc(NCc3ccccc3)c2cc1OC,FVWVAEZYXLGVIV-UHFFFAOYSA-N,8.198970004336019,True,c1ccc(CNc2ncnc3ccccc23)cc1
CHEMBL336410,O=C(NCc1ccccc1)C(Cc1c([Se][Se]c2[nH]c3ccccc3c2CC(NC(=O)C(F)(F)F)C(=O)NCc2ccccc2)[nH]c2ccccc12)NC(=O)C(F)(F)F,FWFCALLHZITRMJ-UHFFFAOYSA-N,5.154901959985743,False,O=C(CCc1c([Se][Se]c2[nH]c3ccccc3c2CCC(=O)NCc2ccccc2)[nH]c2ccccc12)NCc1ccccc1
CHEMBL7775,CN(c1ccccc1)c1cc2c(cc1Nc1ccccc1)C(=O)NC2=O,FWGDADVNSIYRAD-UHFFFAOYSA-N,5.060480747381382,False,O=C1NC(=O)c2cc(Nc3ccccc3)c(Nc3ccccc3)cc21
CHEMBL305194,C=c1cc(C(=O)O)[nH]c1=Cc1c(O)[nH]c2ncnc(Nc3ccc(F)c(Cl)c3)c12,FWGJXYNVRLAHKP-UHFFFAOYSA-N,7.537602002101044,True,C=c1cc[nH]c1=Cc1c[nH]c2ncnc(Nc3ccccc3)c12
CHEMBL241919,CCOc1cc2ncnc(NC3=CC(=O)C(OCc4cccc(C)c4)=CC3=O)c2cc1NC(=O)/C=C/CN(C)C,FWQHTPQAWDKGBW-JXMROGBWSA-N,7.603800652904264,True,O=C1C=C(OCc2ccccc2)C(=O)C=C1Nc1ncnc2ccccc12
CHEMBL3133901,C=CC(=O)Nc1ccc2ncnc(Nc3c(F)cccc3Br)c2c1,FWRJIMJJWCMNTF-UHFFFAOYSA-N,5.657577319177793,False,c1ccc(Nc2ncnc3ccccc23)cc1
CHEMBL2048908,CC(C)(CO)C(=O)NCCn1ccc2ncnc(Nc3ccc(Oc4cccc5sncc45)c(Cl)c3)c21,FWRVTLDCKFPGCK-UHFFFAOYSA-N,8.154901959985743,True,c1cc(Oc2ccc(Nc3ncnc4cc[nH]c34)cc2)c2cnsc2c1
CHEMBL3360606,COc1cc2c(Nc3ccc(F)c(Cl)c3)ncnc2cc1OCCOCCn1ccnc1[N+](=O)[O-],FWVMKOBBMROUNK-UHFFFAOYSA-N,9.494850021680094,True,c1ccc(Nc2ncnc3cc(OCCOCCn4ccnc4)ccc23)cc1
CHEMBL168661,COc1cccc(-c2cn(C3CCN(CCN(C)CCO)CC3)c3ncnc(N)c23)c1,FWVUUGWQEZWWHV-UHFFFAOYSA-N,6.530177984021837,True,c1ccc(-c2cn(C3CCNCC3)c3ncncc23)cc1
CHEMBL1829275,O=C(Cc1cccc(Br)c1)NS(=O)(=O)c1ccc(Br)cc1,FXAUAGVDMBJSQJ-UHFFFAOYSA-N,4.613857891069181,False,O=C(Cc1ccccc1)NS(=O)(=O)c1ccccc1
CHEMBL3806066,COCCOc1cc2ncnc(Nc3cccc(OC)c3)c2c2c1OCCO2,FXBZQEFBHYYPIF-UHFFFAOYSA-N,6.796151536253765,True,c1ccc(Nc2ncnc3ccc4c(c23)OCCO4)cc1
CHEMBL1242200,COc1cc(Br)cc(-c2nn(C(C)C)c3ncnc(N)c23)c1,FXCRGRHHHOSJRE-UHFFFAOYSA-N,4.958607314841775,False,c1ccc(-c2n[nH]c3ncncc23)cc1
CHEMBL1760057,c1ccc2ncc(Nc3ccnc(Nc4ccc(OCCCN5CCCCC5)cc4)n3)cc2c1,FXDWNCFVVOSWKM-UHFFFAOYSA-N,5.6401645176601125,False,c1ccc2ncc(Nc3ccnc(Nc4ccc(OCCCN5CCCCC5)cc4)n3)cc2c1
CHEMBL2425088,COc1cc2ncnc(Nc3ccc(F)c(Cl)c3)c2cc1OCCN1CC2(CCO2)C1,FXIDWCQHUGMYAY-UHFFFAOYSA-N,6.721246399047171,True,c1ccc(Nc2ncnc3ccc(OCCN4CC5(CCO5)C4)cc23)cc1
CHEMBL3699614,C=CC(=O)Nc1cccc(Nc2nc(Nc3ccc(N4CCN(C(C)=O)CC4)cc3OC)ncc2Br)c1,FXJRSQCZSIOFJL-UHFFFAOYSA-N,7.698970004336019,True,c1ccc(Nc2ccnc(Nc3ccc(N4CCNCC4)cc3)n2)cc1
CHEMBL3678946,CC(C)n1c(Nc2ccccc2)nc2cnc(Nc3ccc(C(=O)NC4CCN(C)CC4)cc3)nc21,FXJYGGNAOIGUCL-UHFFFAOYSA-N,9.0,True,O=C(NC1CCNCC1)c1ccc(Nc2ncc3nc(Nc4ccccc4)[nH]c3n2)cc1
CHEMBL122260,CNC(=O)c1cc(NCc2cc(O)ccc2O)ccc1O,FXOMCQMRHRJJTN-UHFFFAOYSA-N,5.013228265733755,False,c1ccc(CNc2ccccc2)cc1
CHEMBL47173,O=C1Nc2ccccc2/C1=C/c1ccc(-c2cccs2)s1,FXSZWRDLPDUWGV-RAXLEYEMSA-N,4.995678626217358,False,O=C1Nc2ccccc2/C1=C/c1ccc(-c2cccs2)s1
CHEMBL341319,CN(CCO)c1cc2ncnc(Nc3cccc(Br)c3)c2cn1,FXWAFRDJXXFRPI-UHFFFAOYSA-N,8.585026652029182,True,c1ccc(Nc2ncnc3ccncc23)cc1
CHEMBL2322329,CN(C)C/C=C/C(=O)NCCn1ccc2ncnc(Nc3ccc(Oc4cccc(C(F)(F)F)c4)c(Cl)c3)c21,FXXJFJZPESCIJK-QPJJXVBHSA-N,8.337242168318426,True,c1ccc(Oc2ccc(Nc3ncnc4cc[nH]c34)cc2)cc1
CHEMBL277667,CNN1C(=O)c2c(c3c4cccc(O)c4n(C4OC(CO)C(O)C(O)C4O)c3c3[nH]c4c(O)cccc4c23)C1=O,FYCRLNBEUFLEDZ-UHFFFAOYSA-N,4.0,False,O=C1NC(=O)c2c1c1c3ccccc3[nH]c1c1c2c2ccccc2n1C1CCCCO1
CHEMBL4096021,C=CC(=O)Nc1cc(Nc2cc(-c3cn4c5c(cccc35)CCC4)ncn2)c(OC)cc1N(C)CCN(C)C,FYFGRFZDRZIZHF-UHFFFAOYSA-N,8.585026652029182,True,c1ccc(Nc2cc(-c3cn4c5c(cccc35)CCC4)ncn2)cc1
CHEMBL77778,N#CC(C#N)=Cc1ccc(/C=C/C(=O)O)cc1,FYUKHNUSVGJQFX-AATRIKPKSA-N,3.346787486224656,False,c1ccccc1
CHEMBL25450,COc1cc2c(Nc3c(F)cc(Cl)cc3F)ncnc2cc1OCC1CCNCC1,FYZOPODRENDNJN-UHFFFAOYSA-N,6.301029995663981,True,c1ccc(Nc2ncnc3cc(OCC4CCNCC4)ccc23)cc1
CHEMBL3676343,C=CC(=O)Nc1cc2c(Nc3c(F)cc(Br)cc3F)ncnc2cc1OCCNC(=O)CN(C)C,FYZZYOSCIAZCBA-UHFFFAOYSA-N,6.756961951313706,True,c1ccc(Nc2ncnc3ccccc23)cc1
CHEMBL2437474,COc1ccc(-n2c(=O)cnc3cnc(Nc4cccc(N)c4)nc32)cc1,FZEFYHUOKWGELA-UHFFFAOYSA-N,5.416121401501374,False,O=c1cnc2cnc(Nc3ccccc3)nc2n1-c1ccccc1
CHEMBL480356,Cc1[nH]c(Cc2c(O)[nH]c3ccc(C(=O)N=Nc4ccccc4)cc23)c(C)c1CCC(=O)O,FZFLOEWEINLUQM-UHFFFAOYSA-N,5.458420756053419,False,O=C(N=Nc1ccccc1)c1ccc2[nH]cc(Cc3ccc[nH]3)c2c1
CHEMBL114392,C=C(CN1CCOCC1)C(=O)Nc1ccc2ncc(C#N)c(Nc3ccc(F)c(Cl)c3)c2c1,FZGMFMLMNGWHRX-UHFFFAOYSA-N,5.568636235841012,False,C=C(CN1CCOCC1)C(=O)Nc1ccc2nccc(Nc3ccccc3)c2c1
CHEMBL2283257,O=C(/C=C/c1ccccc1)Nc1ccccc1Br,FZGNQEIHILPJBW-ZHACJKMWSA-N,4.802995271976954,False,O=C(/C=C/c1ccccc1)Nc1ccccc1
CHEMBL4129607,C=CC(=O)Nc1cccc(-n2c(=O)n(C(C)C)c(=O)c3cnc(Nc4ccc(N5CCC(N6CCN(C)CC6)CC5)cc4OC)nc32)c1,FZMDYRDIEFUOCL-UHFFFAOYSA-N,7.853871964321762,True,O=c1[nH]c(=O)n(-c2ccccc2)c2nc(Nc3ccc(N4CCC(N5CCNCC5)CC4)cc3)ncc12
CHEMBL3671492,C=CC(=O)Nc1cc2c(Nc3ccc(Br)cc3F)ncnc2cc1OCCN(C)C,FZPKPBLYVQTKPP-UHFFFAOYSA-N,8.045757490560675,True,c1ccc(Nc2ncnc3ccccc23)cc1
CHEMBL430031,CC(C)CON=Cc1c(N)ncnc1Nc1ccc2c(cnn2Cc2cccc(F)c2)c1,FZRBAMDZJYDNRB-UHFFFAOYSA-N,7.494850021680094,True,c1ccc(Cn2ncc3cc(Nc4ccncn4)ccc32)cc1
CHEMBL3906533,CCOC(=O)c1ccc(Nc2nncc3ccccc23)cc1,FZXFZHFLUJFRGT-UHFFFAOYSA-N,8.356547323513812,True,c1ccc(Nc2nncc3ccccc23)cc1
CHEMBL4225565,CN1CCN(c2ccc(Nc3ncc4nc(Sc5ccccc5)n([C@H]5CC[C@H](O)CC5)c4n3)cc2)CC1,GACHVPHWYJEGML-YHBQERECSA-N,6.276544327964814,False,c1ccc(Sc2nc3cnc(Nc4ccc(N5CCNCC5)cc4)nc3n2C2CCCCC2)cc1
CHEMBL383614,Brc1cccc(Nc2ncnc3c2NCc2cc(Br)ccc2O3)c1,GACPHRAIWYJVFZ-UHFFFAOYSA-N,6.0,False,c1ccc(Nc2ncnc3c2NCc2ccccc2O3)cc1
CHEMBL3098322,COc1cc2nc(Cl)nc(Nc3ccc(O)cc3)c2cc1OC,GADDOFDYJUJMFY-UHFFFAOYSA-N,5.366531544420413,False,c1ccc(Nc2ncnc3ccccc23)cc1
CHEMBL3676342,C=CC(=O)Nc1cc2c(Nc3cc(Cl)c(Cl)cc3Cl)ncnc2cc1OCCNC(C)=O,GANZOBRZAGYPGJ-UHFFFAOYSA-N,6.05749589383192,False,c1ccc(Nc2ncnc3ccccc23)cc1
CHEMBL3671569,C=CC(=O)Nc1cc2c(Nc3ccc(Br)cc3F)ncnc2cc1OCCNC(=O)c1ccc[nH]1,GAONTQMLYXNEGT-UHFFFAOYSA-N,6.434152181326482,True,O=C(NCCOc1ccc2c(Nc3ccccc3)ncnc2c1)c1ccc[nH]1
CHEMBL4173032,C=CC(=O)Nc1cc(Nc2nccc(Nc3ccccc3-n3nccn3)n2)c(OC)cc1N1CCN(C)CC1,GAQRUYMOHLJCGQ-UHFFFAOYSA-N,6.758204568704802,True,c1ccc(-n2nccn2)c(Nc2ccnc(Nc3ccc(N4CCNCC4)cc3)n2)c1
CHEMBL3977326,CCC(=O)Nc1cc2c(Nc3ccc4c(ccn4Cc4ccccc4)c3)ncnc2cc1OC,GAYUJMWHGBAPKD-UHFFFAOYSA-N,7.67778070526608,True,c1ccc(Cn2ccc3cc(Nc4ncnc5ccccc45)ccc32)cc1
CHEMBL210378,CN(C(=O)N(CCCl)N=O)c1ccc2ncnc(Nc3cccc(Cl)c3)c2c1,GBANDHWBCXOTHA-UHFFFAOYSA-N,6.690369832574101,True,c1ccc(Nc2ncnc3ccccc23)cc1
CHEMBL327725,CC(=O)C(Nc1cc(O)c(NC(C(=O)O)C(C)O)cc1O)C(=O)O,GBCUHZTZJFNBIW-UHFFFAOYSA-N,4.356547323513812,False,c1ccccc1
CHEMBL3815161,O=C(NCCN1CCOCC1)Nc1ccc2ncnc(Nc3ccc(F)c(Cl)c3)c2c1,GBYAVSVYSJQDNZ-UHFFFAOYSA-N,8.534617148551582,True,O=C(NCCN1CCOCC1)Nc1ccc2ncnc(Nc3ccccc3)c2c1
CHEMBL523059,CC(C)N1CCC(n2cc(CNc3cc(Cl)c4ncc(C#N)c(Nc5ccc(F)c(Cl)c5)c4c3)nn2)CC1,GBYSPHCOZHPPFX-UHFFFAOYSA-N,4.657577319177793,False,c1ccc(Nc2ccnc3ccc(NCc4cn(C5CCNCC5)nn4)cc23)cc1
CHEMBL293251,Cn1c(SSc2c(C(=O)Nc3ccccc3)c3cc(Br)ccc3n2C)c(C(=O)Nc2ccccc2)c2cc(Br)ccc21,GCAJVGAKBPOEBH-UHFFFAOYSA-N,4.943095148663527,False,O=C(Nc1ccccc1)c1c(SSc2[nH]c3ccccc3c2C(=O)Nc2ccccc2)[nH]c2ccccc12
CHEMBL4105329,Cc1[nH]nc2ccc(-c3cc(N[C@@H](CO)c4ccccc4)cnc3-c3cc(Cl)ccc3O)cc12,GCDSDVNITVBCDW-VWLOTQADSA-N,8.508638306165727,True,c1ccc(CNc2cnc(-c3ccccc3)c(-c3ccc4n[nH]cc4c3)c2)cc1
CHEMBL3752074,COc1cc(NC(=O)Nc2ccccn2)cc(-c2cccnc2)c1OC,GCJNDMDPMOVHTQ-UHFFFAOYSA-N,7.311491192343478,True,O=C(Nc1cccc(-c2cccnc2)c1)Nc1ccccn1
CHEMBL4060996,COc1ccc(N(C)c2nc(C)nc3c(Cc4ccccc4)cn(C)c23)cc1,GCKTWBJEXJWFHY-UHFFFAOYSA-N,8.638272163982407,True,c1ccc(Cc2c[nH]c3c(Nc4ccccc4)ncnc23)cc1
CHEMBL2148049,CC(C)(C(=O)NCCn1ccc2ncnc(Nc3ccc(Oc4cccc(C(F)(F)F)c4)c(Cl)c3)c21)S(C)(=O)=O,GCMJIBUKSLVDKY-UHFFFAOYSA-N,7.327902142064282,True,c1ccc(Oc2ccc(Nc3ncnc4cc[nH]c34)cc2)cc1
CHEMBL4080008,C=CC(=O)Nc1cc(Nc2nccc(-c3cn4c5c(cccc35)CCC4)n2)c(OC)cc1N1CC(CN(C)C)C1,GCNPOQDMYIZNHO-UHFFFAOYSA-N,7.935542010773082,True,c1cc2c3c(c1)c(-c1ccnc(Nc4ccc(N5CCC5)cc4)n1)cn3CCC2
CHEMBL4204354,COc1cc(N2CCN(C)CC2)ccc1Nc1ncc(Cl)c(Oc2ccc(N=C=S)cc2)n1,GCTHORYVLNGOSW-UHFFFAOYSA-N,5.043831569524636,False,c1ccc(Oc2ccnc(Nc3ccc(N4CCNCC4)cc3)n2)cc1
CHEMBL301483,CCNC(=O)Nc1nc2nc(NCCCCN(CC)CC)ncc2cc1-c1c(Cl)cccc1Cl,GCTRVFZGBTUDPW-UHFFFAOYSA-N,5.899629454882437,False,c1ccc(-c2cnc3ncncc3c2)cc1
CHEMBL3968417,CN(C)C/C=C/C(=O)Nc1cc2c(Nc3ccc(F)c(Cl)c3)ncnc2cn1,GCUYIMVZVRRUPD-ONEGZZNKSA-N,8.698970004336019,True,c1ccc(Nc2ncnc3cnccc23)cc1
CHEMBL4065984,CCC(=O)N1CC[C@H](N2C(=O)N(c3cc(OC)ccc3F)Cc3cnc(Nc4ccc(N5CCN(C)CC5)c(OC)c4)nc32)C1,GCVJAYSNNQUWJS-QHCPKHFHSA-N,6.221848749616356,False,O=C1N(c2ccccc2)Cc2cnc(Nc3ccc(N4CCNCC4)cc3)nc2N1[C@H]1CCNC1
CHEMBL4209119,COc1cc(N2CCN(C)CC2)ccc1Nc1ncc(Cl)c(Oc2ccc(NC(=O)CCOCc3ccccc3)cc2)n1,GCWJFCPMHSRKSB-UHFFFAOYSA-N,5.962573502059376,False,O=C(CCOCc1ccccc1)Nc1ccc(Oc2ccnc(Nc3ccc(N4CCNCC4)cc3)n2)cc1
CHEMBL3234744,CNc1ncc(C(=O)Nc2cc(C(=O)Nc3ccc(CN4CCN(C)CC4)c(C(F)(F)F)c3)ccc2C)cn1,GDMQQLTUNQPLAX-UHFFFAOYSA-N,6.920818753952375,True,O=C(Nc1cccc(C(=O)Nc2ccc(CN3CCNCC3)cc2)c1)c1cncnc1
CHEMBL1242034,CC(C)n1nc(-c2ccc3nccc(N)c3c2)c2c(N)ncnc21,GDPCGYDMVIPGLD-UHFFFAOYSA-N,4.0,False,c1cnc2ccc(-c3n[nH]c4ncncc34)cc2c1
CHEMBL4241638,CCN(c1ccc(OC)cc1)c1ncnc2occ(C)c12,GDYIJFHOFSZSLG-UHFFFAOYSA-N,7.033858267260968,True,c1ccc(Nc2ncnc3occc23)cc1
CHEMBL3235203,Cc1ccc2nc(Oc3ccc(F)cc3)c(/C=N/NC(=O)Cn3c([N+](=O)[O-])cnc3C)cc2c1,GDZVJYNOYOCFPD-KBKYJPHKSA-N,6.376750709602099,True,O=C(Cn1ccnc1)N/N=C/c1cc2ccccc2nc1Oc1ccccc1
CHEMBL3133895,C=CC(=O)N1CCc2c(sc3ncnc(Nc4cccc(C)c4F)c23)C1,GEJMJYDZLHWEBY-UHFFFAOYSA-N,6.552841968657781,True,c1ccc(Nc2ncnc3sc4c(c23)CCNC4)cc1
CHEMBL3676361,C=CC(=O)Nc1cc2c(Nc3ccc(Br)c(Cl)c3F)ncnc2cc1OCCNC(C)=O,GENOBEOZZLHYRL-UHFFFAOYSA-N,7.886056647693163,True,c1ccc(Nc2ncnc3ccccc23)cc1
CHEMBL522785,COc1cc2nc(Nc3cc(C)[nH]n3)nc(Nc3cccc(-c4nc5ccccc5s4)c3)c2cc1OC,GEPKFPGFWUHVLZ-UHFFFAOYSA-N,5.481486060122112,False,c1cc(Nc2nc(Nc3cc[nH]n3)nc3ccccc23)cc(-c2nc3ccccc3s2)c1
CHEMBL3133755,O=C(Nc1cccc(Nc2ncnc3cc(OCCCN4CCOCC4)ccc23)c1)Nc1ccc(F)c(Cl)c1,GETNIGWOTOBHPR-UHFFFAOYSA-N,5.479516467259208,False,O=C(Nc1ccccc1)Nc1cccc(Nc2ncnc3cc(OCCCN4CCOCC4)ccc23)c1
CHEMBL2348194,C[C@@H](Nc1ncnc2oc(-c3ccccc3)c(-c3ccccc3)c12)c1ccccc1,GEVOOZNHXCBXLI-GOSISDBHSA-N,5.524183586968682,False,c1ccc(CNc2ncnc3oc(-c4ccccc4)c(-c4ccccc4)c23)cc1
CHEMBL1095776,CC(C)c1ccccc1Nc1nc(N)nc2[nH]c(Cc3ccc(Cl)cc3Cl)cc12,GEWZCPIATCKFBZ-UHFFFAOYSA-N,4.015922966097169,False,c1ccc(Cc2cc3c(Nc4ccccc4)ncnc3[nH]2)cc1
CHEMBL2152252,CNC(=O)c1nc(-c2ccc(Cl)c(S(=O)(=O)Nc3cccc(F)c3F)c2)cnc1N,GEYLKEHPEKRUTC-UHFFFAOYSA-N,6.131355561605174,False,O=S(=O)(Nc1ccccc1)c1cccc(-c2cnccn2)c1
CHEMBL2064379,Cc1cc(C)cc(Nc2ncnc3cc4oc(=O)n(CCCN5CCOCC5)c4cc23)c1,GEYZVGCNGAPMHN-UHFFFAOYSA-N,4.1249387366083,False,O=c1oc2cc3ncnc(Nc4ccccc4)c3cc2n1CCCN1CCOCC1
CHEMBL1233882,CC(C)n1nc(-c2ccc3ncccc3c2)c2c(N)ncnc21,GEZALMMCQYDFML-UHFFFAOYSA-N,6.214670164989233,False,c1cnc2ccc(-c3n[nH]c4ncncc34)cc2c1
CHEMBL381541,C=CC(=O)Nc1ccc2c(c1)CNc1c(Nc3cccc(Br)c3)ncnc1O2,GFAHXMGLSFRQDM-UHFFFAOYSA-N,5.2441251443275085,False,c1ccc(Nc2ncnc3c2NCc2ccccc2O3)cc1
CHEMBL1998736,O=C(/C=C/c1ccccc1)Nc1ccccc1F,GFAVMCPSQILRPK-ZHACJKMWSA-N,5.132532512140949,False,O=C(/C=C/c1ccccc1)Nc1ccccc1
CHEMBL3680373,O=C(/C=C/CN1CCCCC1)Nc1cc2c(Nc3ccc(F)c(Cl)c3)ncnc2cc1OCCF,GFMMDHSSOIPFTF-SNAWJCMRSA-N,8.191114132640188,True,O=C(/C=C/CN1CCCCC1)Nc1ccc2ncnc(Nc3ccccc3)c2c1
CHEMBL7917,COc1cc2ncnc(Nc3cccc(Cl)c3)c2cc1OC,GFNNBHLJANVSQV-UHFFFAOYSA-N,7.872363747448347,True,c1ccc(Nc2ncnc3ccccc23)cc1
CHEMBL3930965,COc1cc2ncnc(Nc3ccc(Cc4ccccn4)cc3)c2cc1NC(=O)/C=C/CN1CCCC1,GFPQRHXCPZSHRH-SOFGYWHQSA-N,6.8297382846050425,True,O=C(/C=C/CN1CCCC1)Nc1ccc2ncnc(Nc3ccc(Cc4ccccn4)cc3)c2c1
CHEMBL1172843,C=CC(=O)Nc1cccc(-c2c(-c3ccccc3)oc3ncnc(N[C@H](CO)c4ccccc4)c23)c1,GFTOODFOXIDLNF-HSZRJFAPSA-N,8.154901959985743,True,c1ccc(CNc2ncnc3oc(-c4ccccc4)c(-c4ccccc4)c23)cc1
CHEMBL4176787,COc1cc2ncnc(N3CCCc4ccccc43)c2cc1NC(=O)/C=C/CN(C)C,GFUZPPAKYYHUNX-YRNVUSSQSA-N,7.142667503568731,True,c1ccc2c(c1)CCCN2c1ncnc2ccccc12
CHEMBL1242569,C=CCn1nc(-c2ccc(OCC)c(OC)c2)c2c(N)ncnc21,GGBQGMRDBYCCLW-UHFFFAOYSA-N,5.29413628771608,False,c1ccc(-c2n[nH]c3ncncc23)cc1
CHEMBL3613702,C=CC(=O)Nc1ccc2ncnc(Nc3cc(F)c(Cl)c(Cl)c3)c2c1,GGBRHDVTKTXRBX-UHFFFAOYSA-N,10.431798275933003,True,c1ccc(Nc2ncnc3ccccc23)cc1
CHEMBL206370,COc1ccc2c(c1)CNc1c(Nc3cccc(-c4ccccc4)c3)ncnc1O2,GGBSUWUKBQYWCO-UHFFFAOYSA-N,5.008773924307505,False,c1ccc(-c2cccc(Nc3ncnc4c3NCc3ccccc3O4)c2)cc1
CHEMBL115519,COc1cc(C=C(C#N)C(N)=O)cc(CSc2nc3cc(Cl)ccc3s2)c1O,GGFWNDJYHSAUAY-UHFFFAOYSA-N,5.356547323513812,False,c1ccc(CSc2nc3ccccc3s2)cc1
CHEMBL599728,CCCCCCCCCCOC(=O)COc1cc(O)c2c(=O)cc(-c3ccccc3)oc2c1,GGGQDTFIHHKBEH-UHFFFAOYSA-N,5.507239610973162,False,O=c1cc(-c2ccccc2)oc2ccccc12
CHEMBL93386,O=C(C#CCN1CCOCC1)Nc1ccc2ncnc(Nc3cccc(Br)c3)c2c1,GGHZBUPPNLNXED-UHFFFAOYSA-N,7.698970004336019,True,O=C(C#CCN1CCOCC1)Nc1ccc2ncnc(Nc3ccccc3)c2c1
CHEMBL346770,Cn1c(SSc2c(C(=O)c3ccc(C(=O)O)cc3)c3ccccc3n2C)c(C(=O)c2ccc(C(=O)O)cc2)c2ccccc21,GGISTQYRESWHKH-UHFFFAOYSA-N,5.259637310505756,False,O=C(c1ccccc1)c1c(SSc2[nH]c3ccccc3c2C(=O)c2ccccc2)[nH]c2ccccc12
CHEMBL598611,C#Cc1cccc(Nc2ncnc3cc(OCCCCCCC(O)=NO)c(OC)cc23)c1,GGLLZEGVMRMANJ-UHFFFAOYSA-N,8.086186147616283,True,c1ccc(Nc2ncnc3ccccc23)cc1
CHEMBL256297,CON=Cc1c(N)ncnc1Nc1ccc(OCc2cccc(F)c2)c(Cl)c1,GGPWWEAGMSDXFA-UHFFFAOYSA-N,7.920818753952375,True,c1ccc(COc2ccc(Nc3ccncn3)cc2)cc1
CHEMBL101683,O=C(Nc1ccc(Cl)cc1)c1ccccc1NCc1ccncc1,GGPZCOONYBPZEW-UHFFFAOYSA-N,5.136677139879544,False,O=C(Nc1ccccc1)c1ccccc1NCc1ccncc1
CHEMBL131020,CO[C@H]1[C@@H](N(C)S(C)(=O)=O)C[C@@H]2O[C@@]1(C)n1c3ccccc3c3c4c(c5c6ccccc6n2c5c31)C(=O)NC4,GGQAEINRBKFRGZ-HMUMIOIZSA-N,5.958607314841775,False,O=C1NCc2c1c1c3ccccc3n3c1c1c2c2ccccc2n1C1CCC[C@@H]3O1
CHEMBL2070198,Brc1cccc(Nc2ncnc3ccc(NCc4ccc5c(c4)OCCCO5)cc23)c1,GGUUHEFKRMTXOW-UHFFFAOYSA-N,7.008773924307505,True,c1ccc(Nc2ncnc3ccc(NCc4ccc5c(c4)OCCCO5)cc23)cc1
CHEMBL3814846,CC(=O)Nc1ccc2ncnc(Nc3ccc(OCc4cccc(F)c4)c(Cl)c3)c2c1,GHBSEBSMHLRBTM-UHFFFAOYSA-N,8.402304814074487,True,c1ccc(COc2ccc(Nc3ncnc4ccccc34)cc2)cc1
CHEMBL3806005,COCCOc1cc2ncnc(Nc3ccc(F)cc3)c2c2c1OCCO2,GHDLYUNTQJYIGQ-UHFFFAOYSA-N,6.698319050706424,True,c1ccc(Nc2ncnc3ccc4c(c23)OCCO4)cc1
CHEMBL4214620,COc1cc(N2CCN(C)CC2)ccc1Nc1ncc(Cl)c(Oc2cccc(N=[N+]=[N-])c2)n1,GHORRHODUODRLJ-UHFFFAOYSA-N,5.129011186239425,False,c1ccc(Oc2ccnc(Nc3ccc(N4CCNCC4)cc3)n2)cc1
CHEMBL202421,CCCCN(CC#CC(=O)Nc1cc2c(Nc3ccc(F)c(Cl)c3)ncnc2cn1)CCCC,GHQPLJWMCNPRIH-UHFFFAOYSA-N,7.769551078621726,True,c1ccc(Nc2ncnc3cnccc23)cc1
CHEMBL246356,CNc1ncnc(-c2cccnc2Oc2cc(NC(=O)c3cccc(OC(F)(F)C(F)F)c3)ccc2C)n1,GHRNBCMJJKMYNR-UHFFFAOYSA-N,4.6020599913279625,False,O=C(Nc1cccc(Oc2ncccc2-c2ncncn2)c1)c1ccccc1
CHEMBL4085352,FC(F)(F)c1cccc(NC(=S)Nc2ccc3ncnc(Nc4cccc(Br)c4)c3c2)c1,GHTFRQMATAGSFE-UHFFFAOYSA-N,7.2168113089247425,True,S=C(Nc1ccccc1)Nc1ccc2ncnc(Nc3ccccc3)c2c1
CHEMBL3633934,CCOC(=O)C(C=Nc1ccc2ncnc(Nc3ccc(Oc4cccc(C(F)(F)F)c4)c(Cl)c3)c2c1)C(=O)OCC,GHTLLOINTVOGEI-UHFFFAOYSA-N,7.638272163982407,True,c1ccc(Oc2ccc(Nc3ncnc4ccccc34)cc2)cc1
CHEMBL3233780,CCN(CC)CCN(C)C/C=C/C(=O)Nc1cc2c(Nc3ccc(F)c(Cl)c3)ncnc2s1,GHUWFLVPFJFULA-VOTSOKGWSA-N,6.856985199745905,True,c1ccc(Nc2ncnc3sccc23)cc1
CHEMBL420624,Nc1ccc2c(Nc3cccc(Br)c3)ncnc2c1,GHVBIROTJQDRQB-UHFFFAOYSA-N,10.0,True,c1ccc(Nc2ncnc3ccccc23)cc1
CHEMBL117710,Brc1cccc(Oc2ncnc3ccccc23)c1,GHYKYLGHIXGESB-UHFFFAOYSA-N,6.121478204498794,False,c1ccc(Oc2ncnc3ccccc23)cc1
CHEMBL3967512,C=CC(=O)Nc1cccc(Nc2nc(Nc3ccc(Cn4ccnc4)cc3)ncc2Cl)c1,GHZTXIGBGBRSAD-UHFFFAOYSA-N,8.481486060122112,True,c1ccc(Nc2ccnc(Nc3ccc(Cn4ccnc4)cc3)n2)cc1
CHEMBL591495,CCCCCCCCCCCCCCCCCCCCOC(=O)COc1cc(O)c2c(=O)cc(-c3ccccc3)oc2c1,GIBKNSMHWJEAQM-UHFFFAOYSA-N,5.798876102792621,False,O=c1cc(-c2ccccc2)oc2ccccc12
CHEMBL4126358,C=CC(=O)Nc1cccc(-n2c(=O)n(CC)c(=O)c3cnc(Nc4ccc(N5CCC(N(C)C)CC5)cc4OC)nc32)c1,GIDYHLBDAHGLDP-UHFFFAOYSA-N,8.602059991327963,True,O=c1[nH]c(=O)n(-c2ccccc2)c2nc(Nc3ccc(N4CCCCC4)cc3)ncc12
CHEMBL86531,NS(=O)(=O)c1ccc2[nH]c(O)c(C=c3[nH]c4c(c3=CCC(=O)O)CCCC4)c2c1,GIEXNCMKIOORCR-UHFFFAOYSA-N,4.536107011014093,False,C=c1c2c([nH]c1=Cc1c[nH]c3ccccc13)CCCC2
CHEMBL3759961,COc1cccc(OC)c1-c1cc2c(N[C@H](C)c3ccccc3)ncnc2s1,GINFBUYQPIZQEZ-CQSZACIVSA-N,8.698970004336019,True,c1ccc(CNc2ncnc3sc(-c4ccccc4)cc23)cc1
CHEMBL248864,COc1cc2ncnc(Nc3cccc(C#CC(C)(C)O)c3)c2cc1OC,GIPIRBPYCRHAIJ-UHFFFAOYSA-N,6.686554629573585,True,c1ccc(Nc2ncnc3ccccc23)cc1
CHEMBL4083815,O=c1c2ccccc2nc(-c2ccccc2)n1-c1nnc(-c2ccccc2Cl)s1,GIWXHQOZHZWJPU-UHFFFAOYSA-N,5.140861702705469,False,O=c1c2ccccc2nc(-c2ccccc2)n1-c1nnc(-c2ccccc2)s1
CHEMBL74645,O=C(O)c1cccc(Nc2ncnc3[nH]c4c(c23)CCCC4)c1,GIZBQMSKVMDJML-UHFFFAOYSA-N,4.590066876668706,False,c1ccc(Nc2ncnc3[nH]c4c(c23)CCCC4)cc1
CHEMBL3951434,Cc1cccc2nc(NC(=O)c3cccc(C(F)(F)F)c3)n([C@@H]3CCCCN(C(=O)/C=C/CN(C)C)C3)c12,GJBHMDHRKGITMA-NGANZDCNSA-N,8.661543506395395,True,O=C(Nc1nc2ccccc2n1[C@@H]1CCCCNC1)c1ccccc1
CHEMBL3752363,C=CC(=O)Nc1cccc(-n2c(=O)c(C)cc3cnc(Nc4ccc(N5CCN(C)CC5)cc4OC)nc32)c1,GJBKBHBYRPQQFC-UHFFFAOYSA-N,8.886056647693163,True,O=c1ccc2cnc(Nc3ccc(N4CCNCC4)cc3)nc2n1-c1ccccc1
CHEMBL495733,CS(=O)(=O)N1CCC[C@@H]1C#Cc1cc2ncnc(Nc3ccc(OCc4cccc(F)c4)c(Cl)c3)c2s1,GJDNPLFIVITRLH-HXUWFJFHSA-N,6.920818753952375,True,C(#C[C@H]1CCCN1)c1cc2ncnc(Nc3ccc(OCc4ccccc4)cc3)c2s1
CHEMBL3828021,C#Cc1cccc(Nc2ncnc3ccc(-c4cnn(C)c4)cc23)c1,GJDYHVMPMKOHGG-UHFFFAOYSA-N,8.446116973356126,True,c1ccc(Nc2ncnc3ccc(-c4cn[nH]c4)cc23)cc1
CHEMBL77803,N#CC(=Cc1cc(O)c(O)c(Br)c1)C(=N)C(C#N)C#N,GJJNPOJHPLSZEL-UHFFFAOYSA-N,6.301029995663981,True,c1ccccc1
CHEMBL3622649,C#Cc1cccc(Nc2ncnc3cc(OC4CCN(C)CC4)c(NC(=O)/C=C/CN(C)C)cc23)c1,GJMAXHYYUIHTKT-JXMROGBWSA-N,8.09151498112135,True,c1ccc(Nc2ncnc3cc(OC4CCNCC4)ccc23)cc1
CHEMBL4207305,COc1cc(N2CCN(C)CC2)ccc1Nc1ncc(Cl)c(Oc2cccc(NC(=O)CO)c2)n1,GJWFUQFKMMOYFI-UHFFFAOYSA-N,5.823908740944319,False,c1ccc(Oc2ccnc(Nc3ccc(N4CCNCC4)cc3)n2)cc1
CHEMBL4165894,COc1cc2ncnc(N3CCc4ccccc43)c2cc1NC(=O)/C=C/CN1CCCC1,GJZHHQPHMYGRDQ-RMKNXTFCSA-N,8.522878745280337,True,O=C(/C=C/CN1CCCC1)Nc1ccc2ncnc(N3CCc4ccccc43)c2c1
CHEMBL1173398,CC(=O)N1N=C(c2ccc(C)c(C)c2)CC1c1ccccc1,GKFNUTZJSAHPAE-UHFFFAOYSA-N,4.698102282804792,False,c1ccc(C2=NNC(c3ccccc3)C2)cc1
CHEMBL599863,O=C(CNC(=O)Oc1ccccc1)Nc1ccc2ncnc(Nc3cccc(Br)c3)c2c1,GKIQXUYTWFNMTA-UHFFFAOYSA-N,9.431798275933003,True,O=C(CNC(=O)Oc1ccccc1)Nc1ccc2ncnc(Nc3ccccc3)c2c1
CHEMBL954,CCN(CC)CCOc1ccc(/C(=C(/Cl)c2ccccc2)c2ccccc2)cc1,GKIRPKYJQBWNGO-OCEACIFDSA-N,5.978810700930062,False,C(=C(c1ccccc1)c1ccccc1)c1ccccc1
CHEMBL328879,COc1ccc2ncnc(Nc3ccccc3)c2c1,GKRKTKNUATZSTP-UHFFFAOYSA-N,7.259637310505756,True,c1ccc(Nc2ncnc3ccccc23)cc1
CHEMBL4227201,C=CC(=O)Nc1cc(Nc2ncc3nc(Nc4ccccc4)n(C)c3n2)c(OC)cc1N(C)CCN(C)C,GKRZXPJUTVUXOK-UHFFFAOYSA-N,8.568636235841012,True,c1ccc(Nc2ncc3nc(Nc4ccccc4)[nH]c3n2)cc1
CHEMBL3759478,OC[C@@H](Nc1ncnc2sc(-c3ccccc3)cc12)c1ccccc1,GKSZBFDMOQFVCQ-QGZVFWFLSA-N,8.045757490560675,True,c1ccc(CNc2ncnc3sc(-c4ccccc4)cc23)cc1
CHEMBL1683960,Cc1ncnc(Nc2ccc(OCc3cccc(F)c3)c(Cl)c2)c1-c1cccc(CN2CCOCC2)c1,GKWOYHUYOVPTDE-UHFFFAOYSA-N,6.229147988357855,False,c1ccc(COc2ccc(Nc3ncncc3-c3cccc(CN4CCOCC4)c3)cc2)cc1
CHEMBL3763405,COc1cc2ncnc(Nc3ccc(C(=O)NC45CC6CC(CC(C6)C4)C5)c(Cl)c3)c2cc1OCCCN1CCOCC1,GLDIGKHKFSWTRF-UHFFFAOYSA-N,8.335358024443874,True,O=C(NC12CC3CC(CC(C3)C1)C2)c1ccc(Nc2ncnc3ccc(OCCCN4CCOCC4)cc23)cc1
CHEMBL1821888,Oc1ccc(C2CC(c3ccc(Br)cc3)=NN2c2nc(-c3ccc(Cl)cc3)cs2)cc1,GLKMCUPKQSJJGF-UHFFFAOYSA-N,4.667157733005649,False,c1ccc(C2=NN(c3nc(-c4ccccc4)cs3)C(c3ccccc3)C2)cc1
CHEMBL155389,O=C(Cc1c(S)[nH]c2ccccc12)NCc1ccccc1,GLMJMIXSODYCLK-UHFFFAOYSA-N,4.0,False,O=C(Cc1c[nH]c2ccccc12)NCc1ccccc1
CHEMBL4087921,c1ccc(OCc2nnc(Cc3nc4ccccc4[nH]3)o2)cc1,GLNRSAJLZFLIFA-UHFFFAOYSA-N,4.334419008982047,False,c1ccc(OCc2nnc(Cc3nc4ccccc4[nH]3)o2)cc1
CHEMBL4126654,C=CC(=O)Nc1cccc(-n2c(=O)n(C)c(=O)c3cnc(Nc4ccc(N5CCOCC5)cc4OC)nc32)c1,GLOWZYZDMOCQKB-UHFFFAOYSA-N,7.154901959985743,True,O=c1[nH]c(=O)n(-c2ccccc2)c2nc(Nc3ccc(N4CCOCC4)cc3)ncc12
CHEMBL3219505,CC1(C)OB(c2ccc3ncnc(Nc4ccc(F)c(Cl)c4)c3c2)OC1(C)C,GMDFHONIYXKNAR-UHFFFAOYSA-N,6.2441251443275085,False,c1ccc(Nc2ncnc3ccc(B4OCCO4)cc23)cc1
CHEMBL144159,N#CC(=Cc1ccc(O)c(O)c1)C(=O)NCc1cccc(CNC(=O)C(C#N)=Cc2ccc(O)c(O)c2)c1,GMDJBNDWRYPPBA-UHFFFAOYSA-N,5.795880017344075,False,O=C(C=Cc1ccccc1)NCc1cccc(CNC(=O)C=Cc2ccccc2)c1
CHEMBL1928959,O=C(COc1cc(F)c(F)c(F)c1)Nc1cccc(Oc2cc(Nc3ccc(OCc4cccc(F)c4)c(Cl)c3)ncn2)c1,GMHCEPVFLSLCMH-UHFFFAOYSA-N,6.142064735280571,False,O=C(COc1ccccc1)Nc1cccc(Oc2cc(Nc3ccc(OCc4ccccc4)cc3)ncn2)c1
CHEMBL3799345,O=C(c1ccccc1)c1ccc(NC(=O)c2cc3ccccc3[nH]2)cc1,GMOKHFJBRPDKDT-UHFFFAOYSA-N,4.309803919971486,False,O=C(c1ccccc1)c1ccc(NC(=O)c2cc3ccccc3[nH]2)cc1
CHEMBL3234740,Cc1ccc(C(=O)Nc2ccc(CN3CCN(C)CC3)c(C(F)(F)F)c2)cc1NC(=O)c1cnccn1,GMPJXUDTHSYMFG-UHFFFAOYSA-N,5.4089353929735005,False,O=C(Nc1ccc(CN2CCNCC2)cc1)c1cccc(NC(=O)c2cnccn2)c1
CHEMBL3612573,CCOC(=O)c1ccc(O)c(Nc2ncnc3cc4oc(=O)n(CCOC)c4cc23)c1,GMUDLIKXYBVMPR-UHFFFAOYSA-N,6.356547323513812,True,O=c1[nH]c2cc3c(Nc4ccccc4)ncnc3cc2o1
CHEMBL1821895,COc1ccc(C2=NN(c3nc(-c4ccccc4)cs3)C(c3ccc(O)cc3)C2)cc1,GMUJSMLTQURJDM-UHFFFAOYSA-N,5.271646217978772,False,c1ccc(C2=NN(c3nc(-c4ccccc4)cs3)C(c3ccccc3)C2)cc1
CHEMBL3798556,CC(O)c1ccc(NC(=O)c2cc3ccccc3[nH]2)cc1,GNBBESFWSRSLGI-UHFFFAOYSA-N,4.455931955649724,False,O=C(Nc1ccccc1)c1cc2ccccc2[nH]1
CHEMBL3663937,C=CC(=O)Nc1ccc(F)c(Oc2nc(Nc3ccc(N4CCN(C)CC4)cc3)c(C(N)=O)nc2CC)c1,GNMULHTXVBBKDA-UHFFFAOYSA-N,8.823908740944319,True,c1ccc(Oc2cncc(Nc3ccc(N4CCNCC4)cc3)n2)cc1
CHEMBL3416437,COc1ccccc1-c1cc2c(N[C@H](C)c3ccccn3)ncnc2s1,GNOJTHPAWKLQMI-CYBMUJFWSA-N,6.815308569182401,True,c1ccc(-c2cc3c(NCc4ccccn4)ncnc3s2)cc1
CHEMBL3604931,C=CC(=O)Nc1cccc(Oc2nccc(Nc3cc(C)[nH]n3)n2)c1,GNRYZPQYVFGSTB-UHFFFAOYSA-N,6.045757490560675,False,c1ccc(Oc2nccc(Nc3cc[nH]n3)n2)cc1
CHEMBL4205688,COc1ccc(-c2c3c4cc(OCCN(C)C)c(OCCN(C)C)cc4oc(=O)c3n3ccc4cc(O)c(OC)cc4c23)cc1O,GNXHKZFAVWTHGO-UHFFFAOYSA-N,6.632830511465319,True,O=c1oc2ccccc2c2c(-c3ccccc3)c3c4ccccc4ccn3c12
CHEMBL3676380,C=CC(=O)Nc1cc2c(Nc3ccc(Br)cc3F)ncnc2cc1OCCNC(=O)C(CO)N(C)C,GNZCXFIXXQWSSZ-UHFFFAOYSA-N,6.899629454882437,True,c1ccc(Nc2ncnc3ccccc23)cc1
CHEMBL340660,CCOc1cc2ncnc(Nc3cccc(-c4csc(N)n4)c3)c2cc1OCC,GOHZFDZYDZGWHC-UHFFFAOYSA-N,6.251811972993799,False,c1cc(Nc2ncnc3ccccc23)cc(-c2cscn2)c1
CHEMBL4226562,C=CC(=O)Nc1cccc(NC(=O)Nc2nc(Nc3ccc(N4CCC(N5CCOCC5)CC4)cc3OC)ncc2Cl)c1,GOKFAZOSPCHSOH-UHFFFAOYSA-N,6.193141970481182,False,O=C(Nc1ccccc1)Nc1ccnc(Nc2ccc(N3CCC(N4CCOCC4)CC3)cc2)n1
CHEMBL4288761,CCOC(=O)CCC(=O)Nc1cc(Nc2cccc(Br)c2)ncn1,GONAYGRQNWDQOL-UHFFFAOYSA-N,6.0301183562535,False,c1ccc(Nc2ccncn2)cc1
CHEMBL1203934,COc1cc2ncnc(Nc3ccc(F)cc3)c2cc1OC,GOOMUHBHUSAARV-UHFFFAOYSA-N,7.292429823902063,True,c1ccc(Nc2ncnc3ccccc23)cc1
CHEMBL93544,CN(C)c1cc2ncnc(Nc3cccc(Br)c3)c2cc1[N+](=O)[O-],GOUUCLJKCPCYMJ-UHFFFAOYSA-N,5.698970004336019,False,c1ccc(Nc2ncnc3ccccc23)cc1
CHEMBL225720,CN(C)CCN=NNc1ccc2ncnc(Nc3cccc(Cl)c3)c2c1,GOVBHWZRXMKGIA-UHFFFAOYSA-N,7.431798275933005,True,c1ccc(Nc2ncnc3ccccc23)cc1
CHEMBL271705,Clc1cc(Nc2ncnc3[nH]nc(OCCN4CCOCC4)c23)ccc1OCc1ccccn1,GOWVVIDXCJWUFJ-UHFFFAOYSA-N,9.0,True,c1ccc(COc2ccc(Nc3ncnc4[nH]nc(OCCN5CCOCC5)c34)cc2)nc1
CHEMBL136178,CC(=O)/C=C/C(=O)Nc1ccc2ncnc(Nc3cccc(Br)c3)c2c1,GOZHWVCSXUTKRE-VMPITWQZSA-N,5.983384452442823,False,c1ccc(Nc2ncnc3ccccc23)cc1
CHEMBL3753142,O=C(Nc1cc(-c2cccnc2)cc(C(F)(F)F)c1)Nc1nccs1,GPBSHHPSHXCRCQ-UHFFFAOYSA-N,7.106959888042882,True,O=C(Nc1cccc(-c2cccnc2)c1)Nc1nccs1
CHEMBL3892567,OC[C@@H](Nc1ncnc2oc(-c3ccccc3)cc12)c1ccccc1,GPERDLZLRGFVOX-QGZVFWFLSA-N,8.4089353929735,True,c1ccc(CNc2ncnc3oc(-c4ccccc4)cc23)cc1
CHEMBL340611,CC[N+](C)(C)[C@H]1C[C@@H]2O[C@](C)([C@H]1OC)n1c3ccccc3c3c4c(c5c6ccccc6n2c5c31)C(=O)NC4,GPGZMTPPOHCJRE-HYABQPPKSA-O,7.366531544420413,True,O=C1NCc2c1c1c3ccccc3n3c1c1c2c2ccccc2n1C1CCC[C@@H]3O1
CHEMBL4283823,COc1ccc(Nc2cc(NC(=O)c3ccccc3)ncn2)cc1,GPHGJEXSAYLLDB-UHFFFAOYSA-N,7.091514981121351,True,O=C(Nc1cc(Nc2ccccc2)ncn1)c1ccccc1
CHEMBL31876,CC#CC(=O)Nc1ccc2ncc(C#N)c(Nc3ccc(F)c(Cl)c3)c2c1,GPLSEURFJLQXHR-UHFFFAOYSA-N,6.481222931073225,True,c1ccc(Nc2ccnc3ccccc23)cc1
CHEMBL345862,Cn1c(SSc2c(C(=O)Nc3ccccc3C(=O)O)c3ccccc3n2C)c(C(=O)Nc2ccccc2C(=O)O)c2ccccc21,GPQUWHBSXHDEEV-UHFFFAOYSA-N,4.327902142064283,False,O=C(Nc1ccccc1)c1c(SSc2[nH]c3ccccc3c2C(=O)Nc2ccccc2)[nH]c2ccccc12
CHEMBL196738,CCOC(=O)c1cn2ncnc(Nc3ccc4c(cnn4Cc4ccccc4)c3)c2c1C,GPXPDUOFHSGRBJ-UHFFFAOYSA-N,6.698970004336019,True,c1ccc(Cn2ncc3cc(Nc4ncnn5cccc45)ccc32)cc1
CHEMBL3902576,Nc1nc(Nc2cccc(Br)c2)c2c(n1)-c1ccccc1C2,GPZMBZBFURQTKV-UHFFFAOYSA-N,4.005243055412372,False,c1ccc(Nc2ncnc3c2Cc2ccccc2-3)cc1
CHEMBL2064400,O=c1oc2cc3ncnc(NCc4ccccc4)c3cc2n1CCCN1CCOCC1,GPZYOXSTUTWPHB-UHFFFAOYSA-N,4.187086643357144,False,O=c1oc2cc3ncnc(NCc4ccccc4)c3cc2n1CCCN1CCOCC1
CHEMBL4060320,NP(=O)(OCCCCCOc1ccc2ncnc(Nc3cccc(Br)c3)c2c1)N(CCCl)CCCl,GQKBKXCKNKSJGG-UHFFFAOYSA-N,8.638272163982407,True,c1ccc(Nc2ncnc3ccccc23)cc1
CHEMBL57323,Cc1cccc(C)c1-c1cc2cnc(N)nc2nc1NC(=O)NC(C)(C)C,GQMZTFFTTCUZAW-UHFFFAOYSA-N,6.214670164989233,False,c1ccc(-c2cnc3ncncc3c2)cc1
CHEMBL3827349,c1cnc2ccc(Nc3ncnc4ccc(-c5cnn(C6CCNCC6)c5)cc34)cc2c1,GQNNNKXWKABPNJ-UHFFFAOYSA-N,7.549750891680639,True,c1cnc2ccc(Nc3ncnc4ccc(-c5cnn(C6CCNCC6)c5)cc34)cc2c1
CHEMBL454002,N#CC(C#N)=C(C#N)c1cc(O)cc(O)c1,GQUWDIOBISABKQ-UHFFFAOYSA-N,5.0,False,c1ccccc1
CHEMBL3902778,ON=C(O)CCCCCCn1cc(-c2ccc3ncnc(Nc4ccc(OCc5nccs5)c(Cl)c4)c3c2)nn1,GQWVZXYZPPWMNU-UHFFFAOYSA-N,8.443697499232712,True,c1csc(COc2ccc(Nc3ncnc4ccc(-c5c[nH]nn5)cc34)cc2)n1
CHEMBL2029692,O=C(Cn1c(-c2ccccc2)cc(=O)n2ncnc12)NNC(=S)Nc1ccccc1,GQXANOCFKITZIK-UHFFFAOYSA-N,5.167491087293763,False,O=C(Cn1c(-c2ccccc2)cc(=O)n2ncnc12)NNC(=S)Nc1ccccc1
CHEMBL597752,COc1cc2ncnc(Nc3ccc(F)c(Cl)c3)c2cc1OCCCC(O)=NO,GRAAVPHBSRABFO-UHFFFAOYSA-N,8.10790539730952,True,c1ccc(Nc2ncnc3ccccc23)cc1
CHEMBL1641996,N#Cc1cnc(Nc2cccc(Br)c2)c2cc(NC(=O)c3ccco3)ccc12,GRAWSTNUDRSLLQ-UHFFFAOYSA-N,4.254925208417943,False,O=C(Nc1ccc2ccnc(Nc3ccccc3)c2c1)c1ccco1
CHEMBL3676377,C=CC(=O)Nc1cc2c(Nc3ccc(Br)c(Cl)c3F)ncnc2cc1OC[C@@H](C)NC(=O)CN(C)C,GRBIBILPWGFKCS-CYBMUJFWSA-N,6.543633966870956,True,c1ccc(Nc2ncnc3ccccc23)cc1
CHEMBL3676375,C=CC(=O)Nc1cc2c(Nc3ccc(Br)c(Cl)c3F)ncnc2cc1OCC(C)NC(=O)CN(C)C,GRBIBILPWGFKCS-UHFFFAOYSA-N,7.055517327849831,True,c1ccc(Nc2ncnc3ccccc23)cc1
CHEMBL3676376,C=CC(=O)Nc1cc2c(Nc3ccc(Br)c(Cl)c3F)ncnc2cc1OC[C@H](C)NC(=O)CN(C)C,GRBIBILPWGFKCS-ZDUSSCGKSA-N,7.636388020107855,True,c1ccc(Nc2ncnc3ccccc23)cc1
CHEMBL130163,CO[C@H]1[C@@H](N(C)C(C)=O)C[C@@H]2O[C@@]1(C)n1c3ccccc3c3c4c(c5c6ccccc6n2c5c31)C(=O)NC4,GRENHRYHWHSBLM-VZYCLNPTSA-N,5.585026652029182,False,O=C1NCc2c1c1c3ccccc3n3c1c1c2c2ccccc2n1C1CCC[C@@H]3O1
CHEMBL66031,Brc1cccc(Nc2[nH]cnc3cc4ncnc4cc23)c1,GREUZRHLDKPHIG-UHFFFAOYSA-N,11.096910013008056,True,c1ccc(Nc2[nH]cnc3cc4ncnc4cc23)cc1
CHEMBL3806143,Brc1cccc(Nc2ncnc3cc(OCCCN4CCOCC4)c4c(c23)OCCO4)c1,GRFONYBEYSCDCN-UHFFFAOYSA-N,7.733298033115912,True,c1ccc(Nc2ncnc3cc(OCCCN4CCOCC4)c4c(c23)OCCO4)cc1
CHEMBL1944931,CCOC(=O)c1ccc(NC(=O)CSc2nnc(CNc3ccc(OC)cc3)n2-c2ccccc2)cc1,GRMCXRROEKNGND-UHFFFAOYSA-N,4.0343280287798935,False,O=C(CSc1nnc(CNc2ccccc2)n1-c1ccccc1)Nc1ccccc1
CHEMBL492199,N#CC(C#N)=C(C#N)c1cc(O)c(O)c(O)c1,GRMWJYLSFHIYNJ-UHFFFAOYSA-N,5.522878745280337,False,c1ccccc1
CHEMBL3416590,COc1ccccc1-c1cc2c(N[C@@H](C)c3ccccc3)ncnc2s1,GROHRMFBORBVQD-AWEZNQCLSA-N,5.730487055782084,False,c1ccc(CNc2ncnc3sc(-c4ccccc4)cc23)cc1
CHEMBL3416447,COc1ccccc1-c1cc2c(N[C@H](C)c3ccccc3)ncnc2s1,GROHRMFBORBVQD-CQSZACIVSA-N,8.045757490560675,True,c1ccc(CNc2ncnc3sc(-c4ccccc4)cc23)cc1
CHEMBL3416591,COc1ccccc1-c1cc2c(NC(C)c3ccccc3)ncnc2s1,GROHRMFBORBVQD-UHFFFAOYSA-N,7.721246399047171,True,c1ccc(CNc2ncnc3sc(-c4ccccc4)cc23)cc1
CHEMBL251315,CCOc1cc2ncnc(C#C[C@](C)(Cc3ccccc3)N3CCC(C(=O)O)CC3)c2cc1OCC,GRSVZOBWWBQUNG-GDLZYMKVSA-N,6.1791420105603,False,C(#CC(Cc1ccccc1)N1CCCCC1)c1ncnc2ccccc12
CHEMBL399373,CCOc1cc2ncnc(C#C[C@@](C)(Cc3ccccc3)N3CCC(C(=O)O)CC3)c2cc1OCC,GRSVZOBWWBQUNG-LJAQVGFWSA-N,8.3767507096021,True,C(#CC(Cc1ccccc1)N1CCCCC1)c1ncnc2ccccc12
CHEMBL251314,CCOc1cc2ncnc(C#CC(C)(Cc3ccccc3)N3CCC(C(=O)O)CC3)c2cc1OCC,GRSVZOBWWBQUNG-UHFFFAOYSA-N,7.931814138253838,True,C(#CC(Cc1ccccc1)N1CCCCC1)c1ncnc2ccccc12
CHEMBL1241271,Cc1ccc(-c2nn(C)c3ncnc(N)c23)cc1O,GRWJFKQBVQNWQW-UHFFFAOYSA-N,4.721246399047171,False,c1ccc(-c2n[nH]c3ncncc23)cc1
CHEMBL3753836,COc1cc(NC(=O)Nc2ccncc2)cc(-c2cccnc2)c1OC,GRWQWXAEARWDEU-UHFFFAOYSA-N,6.882430436536172,True,O=C(Nc1ccncc1)Nc1cccc(-c2cccnc2)c1
CHEMBL422292,CCOC(=O)/C=C/C(=O)Nc1cc2c(Nc3cccc(Br)c3)ncnc2cn1,GSAMPEADMMYOLW-VOTSOKGWSA-N,7.292429823902063,True,c1ccc(Nc2ncnc3cnccc23)cc1
CHEMBL3092307,CCN(CC)CCNC(=O)Nc1cc2c(Nc3ccc(F)c(Cl)c3)ncnc2cc1O[C@H]1CCOC1,GSDAGRRLPOIIOT-KRWDZBQOSA-N,6.437707135543525,True,c1ccc(Nc2ncnc3cc(O[C@H]4CCOC4)ccc23)cc1
CHEMBL2048797,OCCn1ccc2ncnc(Nc3ccc(Oc4cccc5[nH]ccc45)c(Cl)c3)c21,GSDQZJWVOBCWHP-UHFFFAOYSA-N,8.508638306165727,True,c1cc(Oc2ccc(Nc3ncnc4cc[nH]c34)cc2)c2cc[nH]c2c1
CHEMBL283088,COc1cc2c(Nc3ccc(Cl)cc3F)ncnc2cc1OCCN1CCN(C)CC1,GSFNVLNOUTVLFC-UHFFFAOYSA-N,6.698970004336019,True,c1ccc(Nc2ncnc3cc(OCCN4CCNCC4)ccc23)cc1
CHEMBL3925959,C=CC(=O)Nc1cccc(Nc2nc(Nc3ccc(OCCCn4cnnn4)cc3)ncc2[N+](=O)[O-])c1,GSJTVPXNEUMNGF-UHFFFAOYSA-N,6.997402019280091,True,c1ccc(Nc2ccnc(Nc3ccc(OCCCn4cnnn4)cc3)n2)cc1
CHEMBL4213741,C=CC(=O)N1CC[C@H](Nc2nc(Nc3ccc(N4CCN(C)CC4)cc3)c3ncn(C(C)C)c3n2)C1,GSLCJCBURXKYPH-FQEVSTJZSA-N,6.552841968657781,True,c1nc2c(Nc3ccc(N4CCNCC4)cc3)nc(N[C@H]3CCNC3)nc2[nH]1
CHEMBL4206312,C=CC(=O)N1CC[C@@H](Nc2nc(Nc3ccc(N4CCN(C)CC4)cc3)c3ncn(C(C)C)c3n2)C1,GSLCJCBURXKYPH-HXUWFJFHSA-N,7.537602002101044,True,c1nc2c(Nc3ccc(N4CCNCC4)cc3)nc(N[C@@H]3CCNC3)nc2[nH]1
CHEMBL1928946,CC(=O)Nc1cccc(Oc2cc(Nc3ccc(OCc4cccc(F)c4)c(Cl)c3)ncn2)c1,GSMUJALDXITLGR-UHFFFAOYSA-N,6.96657624451305,True,c1ccc(COc2ccc(Nc3cc(Oc4ccccc4)ncn3)cc2)cc1
CHEMBL74481,Cc1ccc(Nc2ncnc3[nH]c4c(c23)CCCC4)cc1,GSPQFYBPSWLZAZ-UHFFFAOYSA-N,6.958607314841775,True,c1ccc(Nc2ncnc3[nH]c4c(c23)CCCC4)cc1
CHEMBL53898,N#CC(=Cc1ccc(O)c(O)c1)C(=O)NCCCc1ccccc1,GSQOBTOAOGXIFL-UHFFFAOYSA-N,6.154901959985743,False,O=C(C=Cc1ccccc1)NCCCc1ccccc1
CHEMBL3806110,COCCOc1cc2ncnc(Nc3ccc(F)c(Cl)c3)c2c2c1OCCO2,GSVZKVUECPSJDL-UHFFFAOYSA-N,7.882728704344236,True,c1ccc(Nc2ncnc3ccc4c(c23)OCCO4)cc1
CHEMBL542891,CCOC(=O)C1CCN(CCC(=O)c2ccc(OCc3ccccc3)cc2)CC1,GSXUGPBBKGBXEF-UHFFFAOYSA-N,6.522878745280337,True,O=C(CCN1CCCCC1)c1ccc(OCc2ccccc2)cc1
CHEMBL3671556,C=CC(=O)Nc1cc2c(Nc3ccc(Br)cc3F)ncnc2cc1OCC(CC)NC(C)=O,GTDDUMDJAUSXRI-UHFFFAOYSA-N,7.161150909262744,True,c1ccc(Nc2ncnc3ccccc23)cc1
CHEMBL204335,COc1ccc2c(c1)CNc1c(NCc3ccccc3)ncnc1O2,GTJIBRAODDVZRM-UHFFFAOYSA-N,5.698970004336019,False,c1ccc(CNc2ncnc3c2NCc2ccccc2O3)cc1
CHEMBL3746168,CC(=O)N1N=C(c2ccc(Cl)cc2)CC1c1ccc(C(=O)OC(C)Cn2c([N+](=O)[O-])cnc2C)cc1,GTTKYEXGNWQYRL-UHFFFAOYSA-N,5.033389013318066,False,O=C(OCCn1ccnc1)c1ccc(C2CC(c3ccccc3)=NN2)cc1
CHEMBL1812573,O=C(/C=C/c1cccc([N+](=O)[O-])c1)Nc1ccc2ncnc(Nc3cccc(Cl)c3)c2c1,GTTPNTBBUDXSMN-JXMROGBWSA-N,6.721246399047171,True,O=C(/C=C/c1ccccc1)Nc1ccc2ncnc(Nc3ccccc3)c2c1
CHEMBL280074,Cn1cnc2c(NCc3ccccc3)nc(NCCO)nc21,GTVPOLSIJWJJNY-UHFFFAOYSA-N,3.356547323513812,False,c1ccc(CNc2ncnc3[nH]cnc23)cc1
CHEMBL1242846,COc1ncc(-c2nn(C(C)C)c3ncnc(N)c23)c(OC)n1,GTXKSDZLEOURPP-UHFFFAOYSA-N,4.0,False,c1ncc(-c2n[nH]c3ncncc23)cn1
CHEMBL490570,CC(C)(C)c1cc(C=C(C#N)C(N)=O)cc(C(C)(C)C)c1O,GUBROJUTOMZSOC-UHFFFAOYSA-N,4.301029995663981,False,c1ccccc1
CHEMBL1934622,Cc1ncnc(Nc2ccc(OCc3cccc(F)c3)c(Cl)c2)c1C#Cc1ccc(CNCCS(C)(=O)=O)cc1,GUEGSLQJUWOOEW-UHFFFAOYSA-N,7.657577319177793,True,C(#Cc1cncnc1Nc1ccc(OCc2ccccc2)cc1)c1ccccc1
CHEMBL3671535,C=CC(=O)Nc1cc2c(Nc3ccc(Br)cc3F)ncnc2cc1OCCNC(=O)OC,GUFBSFFWXVLWCF-UHFFFAOYSA-N,6.801342913045577,True,c1ccc(Nc2ncnc3ccccc23)cc1
CHEMBL17157,CC(C)(C)c1ccc(C(O)CCCN2CCC(C(O)(c3ccccc3)c3ccccc3)CC2)cc1,GUGOEEXESWIERI-UHFFFAOYSA-N,5.447818661160664,False,c1ccc(CCCCN2CCC(C(c3ccccc3)c3ccccc3)CC2)cc1
CHEMBL3814182,S=C(NCCN1CCOCC1)Nc1ccc2ncnc(Nc3ccc(Cl)c(Cl)c3)c2c1,GUJCOZPKOPABIC-UHFFFAOYSA-N,8.043351420794796,True,S=C(NCCN1CCOCC1)Nc1ccc2ncnc(Nc3ccccc3)c2c1
CHEMBL3622675,C#Cc1cccc(Nc2ncnc3cc(OCC)c(NC(=O)/C=C/CN(C)C4CC4)cc23)c1,GULNNJGIWQDXHX-JXMROGBWSA-N,8.619788758288394,True,O=C(/C=C/CNC1CC1)Nc1ccc2ncnc(Nc3ccccc3)c2c1
CHEMBL3740614,C=CC(=O)Nc1cccc(Nc2nc(N/N=C/c3ccc(F)cc3F)ncc2Cl)c1,GUNGLHVTYBPXSV-KIBLKLHPSA-N,4.936666641048251,False,C(=N\Nc1nccc(Nc2ccccc2)n1)/c1ccccc1
CHEMBL207037,COc1cc2ncnc(Nc3cccc(Cl)c3F)c2cc1CN1CC(C(N)=O)C1,GVCKAAILNIXCRU-UHFFFAOYSA-N,7.301029995663981,True,c1ccc(Nc2ncnc3ccc(CN4CCC4)cc23)cc1
CHEMBL1914461,Oc1ccc(-c2cc3c(NCc4ccccc4)ncnc3[nH]2)cc1,GVGLTLSHSVZGHM-UHFFFAOYSA-N,8.481486060122112,True,c1ccc(CNc2ncnc3[nH]c(-c4ccccc4)cc23)cc1
CHEMBL4294264,COc1cc2ncnc(Nc3ccc(-c4cc(-c5ccc(Br)cc5)c(C#N)c(N)n4)cc3)c2cc1OC,GVOPMIJWESGYMJ-UHFFFAOYSA-N,5.71331903064507,False,c1ccc(-c2ccnc(-c3ccc(Nc4ncnc5ccccc45)cc3)c2)cc1
CHEMBL2064374,CCOC(=O)c1ccc(Nc2ncnc3cc4oc(=O)n(CCCN5CCOCC5)c4cc23)cc1,GVSVSAQRMKOFQW-UHFFFAOYSA-N,5.236572006437063,False,O=c1oc2cc3ncnc(Nc4ccccc4)c3cc2n1CCCN1CCOCC1
CHEMBL596761,COc1cc2ncnc(NCc3ccccc3)c2cc1OCCCCCCC(O)=NO,GWEFXJQVLISMDM-UHFFFAOYSA-N,7.002613615602686,True,c1ccc(CNc2ncnc3ccccc23)cc1
CHEMBL1094835,COc1ccc(CCOc2ccc3c(c2)c(CCN)cn3CCCCCc2ccc(SC)cc2)cc1,GWILIXWGRREEOE-UHFFFAOYSA-N,5.610833915635467,False,c1ccc(CCCCCn2ccc3cc(OCCc4ccccc4)ccc32)cc1
CHEMBL505626,CCN(CC)C(=O)O[C@H]1CN[C@H](C#Cc2cc3ncnc(Nc4ccc(OCc5cccc(F)c5)c(Cl)c4)c3s2)C1,GWKMIVYJIGCSBU-FYYLOGMGSA-N,7.200659450546418,True,C(#C[C@@H]1CCCN1)c1cc2ncnc(Nc3ccc(OCc4ccccc4)cc3)c2s1
CHEMBL113863,Cn1c(=O)c(-c2c(Cl)cccc2Cl)cc2cnc(NCCCCCC(=O)O)nc21,GWLRNLPJEBRBCZ-UHFFFAOYSA-N,6.0,False,O=c1[nH]c2ncncc2cc1-c1ccccc1
CHEMBL1958035,Cc1ccc(C2CC(c3ccc(Cl)cc3)=NN2c2nc(O)cs2)cc1,GWPSOYYSFJEVCB-UHFFFAOYSA-N,5.175874166083451,False,c1ccc(C2=NN(c3nccs3)C(c3ccccc3)C2)cc1
CHEMBL3663930,C=CC(=O)Nc1cccc(Oc2nc(Nc3cnn(C4CCN(C)CC4)c3)c(C(N)=O)nc2C(C)C)c1,GWYBVGHLDQLEPN-UHFFFAOYSA-N,8.886056647693163,True,c1ccc(Oc2cncc(Nc3cnn(C4CCNCC4)c3)n2)cc1
CHEMBL3098319,COc1cc2nc(Cl)nc(Nc3ccc(N(C)C)cc3)c2cc1OC,GXBRQSCEZSXJAQ-UHFFFAOYSA-N,4.443697499232713,False,c1ccc(Nc2ncnc3ccccc23)cc1
CHEMBL296419,COc1ccc(CCN2CCC(Nc3nc4ccccc4n3Cc3ccc(F)cc3)CC2)cc1,GXDALQBWZGODGZ-UHFFFAOYSA-N,5.217742426336699,False,c1ccc(CCN2CCC(Nc3nc4ccccc4n3Cc3ccccc3)CC2)cc1
CHEMBL1688861,CC(C)(N)c1cc(C(=O)N[C@@H]2CCc3ccc(Oc4ccnc5c4CCC(=O)N5)cc3C2)cc(C(F)(F)F)c1,GXEGTVQATHKFDH-OAQYLSRUSA-N,6.721246399047171,True,O=C1CCc2c(Oc3ccc4c(c3)C[C@H](NC(=O)c3ccccc3)CC4)ccnc2N1
CHEMBL3655349,O=C(/C=C/CNC12CC3CC(CC(C3)C1)C2)N1CCc2c(sc3ncnc(Nc4ccc(Cl)c(Cl)c4)c23)C1,GXLYEAVLPHCXKU-OWOJBTEDSA-N,9.0,True,O=C(/C=C/CNC12CC3CC(CC(C3)C1)C2)N1CCc2c(sc3ncnc(Nc4ccccc4)c23)C1
CHEMBL3234741,Cc1ccc(C(=O)Nc2ccc(CN3CCN(C)CC3)c(C(F)(F)F)c2)cc1NC(=O)c1cncnc1,GXOWLIMDPMBHGK-UHFFFAOYSA-N,5.71669877129645,False,O=C(Nc1cccc(C(=O)Nc2ccc(CN3CCNCC3)cc2)c1)c1cncnc1
CHEMBL2021576,O=C(O)C1OC1C(=O)Nc1ccc2ncnc(Nc3cccc(Br)c3)c2c1,GXPRYGQEWWODAV-UHFFFAOYSA-N,9.305416957817734,True,O=C(Nc1ccc2ncnc(Nc3ccccc3)c2c1)C1CO1
CHEMBL3425656,COc1cc(N2CCN(C)CC2)ccc1Nc1ncc(Cl)c(Oc2cccc(NC(=O)/C(C#N)=C/c3ccc(SC)cc3)c2)n1,GXSDLXKBKLYVBH-HAVVHWLPSA-N,5.318758762624412,False,O=C(/C=C/c1ccccc1)Nc1cccc(Oc2ccnc(Nc3ccc(N4CCNCC4)cc3)n2)c1
CHEMBL420254,CCNc1ccc2c(Nc3cccc(Br)c3)ncnc2c1,GXYLLTHBINHTRN-UHFFFAOYSA-N,7.920818753952375,True,c1ccc(Nc2ncnc3ccccc23)cc1
CHEMBL473428,OCc1ccc(-c2cc3ncnc(Nc4ccc(OCc5cccc(F)c5)c(Cl)c4)c3s2)o1,GYCAMAWPCOYTTF-UHFFFAOYSA-N,8.522878745280337,True,c1ccc(COc2ccc(Nc3ncnc4cc(-c5ccco5)sc34)cc2)cc1
CHEMBL403435,Cc1cc(Nc2ncnc3[nH]nc(OCCN4CCC(O)CC4)c23)ccc1OCc1ccccn1,GYDNMCFYNSRRTC-UHFFFAOYSA-N,7.744727494896693,True,c1ccc(COc2ccc(Nc3ncnc4[nH]nc(OCCN5CCCCC5)c34)cc2)nc1
CHEMBL3357647,CCOc1cc2ncnc(Nc3ccc(Oc4ccc(C)nc4)c(Cl)c3)c2cc1NC(=O)/C(F)=C/CN1CCCCC1,GYFJBUOSPWKVQK-GATIEOLUSA-N,7.421360790031928,True,O=C(/C=C/CN1CCCCC1)Nc1ccc2ncnc(Nc3ccc(Oc4cccnc4)cc3)c2c1
CHEMBL3357648,CCOc1cc2ncnc(Nc3ccc(Oc4ccc(C)nc4)c(Cl)c3)c2cc1NC(=O)/C(F)=C\CN1CCCCC1,GYFJBUOSPWKVQK-OPEKNORGSA-N,7.406713932979542,True,O=C(/C=C\CN1CCCCC1)Nc1ccc2ncnc(Nc3ccc(Oc4cccnc4)cc3)c2c1
CHEMBL3905284,COc1cccc(/C=N/Nc2ncc(Cl)c(Nc3ccccc3S(=O)(=O)C(C)C)n2)c1,GYQWOGHOBIBGDV-WYMPLXKRSA-N,6.221125527997261,False,C(=N\Nc1nccc(Nc2ccccc2)n1)/c1ccccc1
CHEMBL4102822,Cc1cc(Nc2ncc3c(n2)N([C@H]2CCN(C(=O)C4CCCCC4)C2)C(=O)N(c2ccccc2Cl)C3)ccc1N1CCN(C)CC1,GYRWLUXZWNHBAJ-NDEPHWFRSA-N,7.603800652904264,True,O=C(C1CCCCC1)N1CC[C@H](N2C(=O)N(c3ccccc3)Cc3cnc(Nc4ccc(N5CCNCC5)cc4)nc32)C1
CHEMBL4209801,CN1CCN(c2ccc(Nc3cc4c(N5CCCC5)nc(Nc5ccccc5)nc4cn3)nc2)CC1,GYUBFPFWHQQLPK-UHFFFAOYSA-N,8.638272163982407,True,c1ccc(Nc2nc(N3CCCC3)c3cc(Nc4ccc(N5CCNCC5)cn4)ncc3n2)cc1
CHEMBL3604928,Cc1cc(Nc2cc(N3CCN(C)CC3)nc(Oc3ccc([N+](=O)[O-])cc3)n2)[nH]n1,GYXIFIORIDAIKZ-UHFFFAOYSA-N,6.045757490560675,False,c1ccc(Oc2nc(Nc3ccn[nH]3)cc(N3CCNCC3)n2)cc1
CHEMBL3739750,CC(=O)c1nn(-c2ccccc2)cc1C(=O)c1c(C)[nH]c(-c2ccccc2)c1-c1ccccc1,GYXVNTAYSSWZCJ-UHFFFAOYSA-N,5.330683119433887,False,O=C(c1cnn(-c2ccccc2)c1)c1c[nH]c(-c2ccccc2)c1-c1ccccc1
CHEMBL153573,Nc1cc2sc3c(Nc4cccc(Br)c4)ncnc3c2cc1F,GYZDLQGLTSJPMG-UHFFFAOYSA-N,9.0,True,c1ccc(Nc2ncnc3c2sc2ccccc23)cc1
CHEMBL126903,CN(CC(=O)O)c1cc2ncnc(Nc3cccc(Br)c3)c2cn1,GYZRHMIPWQOSOA-UHFFFAOYSA-N,7.795880017344075,True,c1ccc(Nc2ncnc3ccncc23)cc1
CHEMBL2381505,C=CC(=O)Nc1cccc(Oc2nc(Nc3ccc(N4CCN(CC(=O)NCC(C)Oc5no[n+]([O-])c5S(=O)(=O)c5ccccc5)CC4)cc3OC)ncc2Cl)c1,GZIPQVGZKJOSHM-UHFFFAOYSA-N,7.136677139879544,True,O=C(CN1CCN(c2ccc(Nc3nccc(Oc4ccccc4)n3)cc2)CC1)NCCOc1no[nH+]c1S(=O)(=O)c1ccccc1
CHEMBL3957801,CCC(=O)Nc1cc2c(Nc3ccc(F)c(Cl)c3)ncnc2cc1OCCCN1CCOCC1,GZIRRVFQWRHYHQ-UHFFFAOYSA-N,8.045757490560675,True,c1ccc(Nc2ncnc3cc(OCCCN4CCOCC4)ccc23)cc1
CHEMBL1172802,Cc1ncc([N+](=O)[O-])n1CCOC(=O)/C=C/c1ccc(F)cc1,GZMNVFUTIXSVMI-QPJJXVBHSA-N,5.3851027839668655,False,O=C(/C=C/c1ccccc1)OCCn1ccnc1
CHEMBL1241773,CC(=O)c1ccc(-c2nn(C(C)C)c3ncnc(N)c23)cc1,GZMVQSNFLJUEMM-UHFFFAOYSA-N,4.920818753952375,False,c1ccc(-c2n[nH]c3ncncc23)cc1
CHEMBL396079,c1ccc(Cn2ncc3cc(Nc4ncnn5ccc(COC[C@@H]6CNCCO6)c45)ccc32)nc1,GZOONDSECSSONX-QFIPXVFZSA-N,6.301029995663981,True,c1ccc(Cn2ncc3cc(Nc4ncnn5ccc(COC[C@@H]6CNCCO6)c45)ccc32)nc1
CHEMBL4166436,COc1cc(-n2cc(CN3C[C@@H](C)N[C@@H](C)C3)nn2)ccc1Nc1ncc(Cl)c(Nc2ccccc2S(=O)(=O)C(C)C)n1,GZSOMRIONXRGEX-BGYRXZFFSA-N,6.062983892535186,False,c1ccc(Nc2ccnc(Nc3ccc(-n4cc(CN5CCNCC5)nn4)cc3)n2)cc1
CHEMBL3622678,C#Cc1cccc(Nc2ncnc3cc(OCC)c(NC(=O)/C=C/CNC4CC4)cc23)c1,GZYMSFBPJKRTBZ-RMKNXTFCSA-N,8.3767507096021,True,O=C(/C=C/CNC1CC1)Nc1ccc2ncnc(Nc3ccccc3)c2c1
CHEMBL525527,COc1cc2nc(Cl)nc(Nc3ccc(S(=O)(=O)Nc4nccs4)cc3)c2cc1OC,HACJZPRDPDFNEL-UHFFFAOYSA-N,5.013228265733755,False,O=S(=O)(Nc1nccs1)c1ccc(Nc2ncnc3ccccc23)cc1
CHEMBL2324871,NC(=S)N1N=C(c2ccc(Br)cc2)CC1c1ccc2ccccc2c1,HADVGAWGEIOCTD-UHFFFAOYSA-N,6.455931955649724,True,c1ccc(C2=NNC(c3ccc4ccccc4c3)C2)cc1
CHEMBL92709,COc1cc2ncnc(Nc3cc(Br)cc(Br)c3)c2cc1OC,HAHWLTAMVXUGEZ-UHFFFAOYSA-N,6.94692155651658,True,c1ccc(Nc2ncnc3ccccc23)cc1
CHEMBL3787662,C=CC(=O)Nc1cccc(Oc2nc(Nc3ccc(N4CCN(C)CC4)cc3)nc3[nH]ccc23)c1,HAJRCWPFNCVVCY-UHFFFAOYSA-N,8.397940008672037,True,c1ccc(Oc2nc(Nc3ccc(N4CCNCC4)cc3)nc3[nH]ccc23)cc1
CHEMBL37346,Brc1cccc(Nc2ccnc3ccccc23)c1,HANOGSNEKFKCMV-UHFFFAOYSA-N,5.259637310505756,False,c1ccc(Nc2ccnc3ccccc23)cc1
CHEMBL2347966,CN(C)CC(=O)Nc1cccc(-c2c(-c3ccccc3)oc3ncnc(N[C@H](CO)c4ccccc4)c23)c1,HANZKDSBPBFJQB-XMMPIXPASA-N,7.318758762624412,True,c1ccc(CNc2ncnc3oc(-c4ccccc4)c(-c4ccccc4)c23)cc1
CHEMBL3739812,C=CC(=O)Nc1cccc(Nc2nc(N/N=C/c3ccccc3F)ncc2Cl)c1,HANZLWXIEJCPRN-BHGWPJFGSA-N,5.821023052706831,False,C(=N\Nc1nccc(Nc2ccccc2)n1)/c1ccccc1
CHEMBL3814211,NC(=O)Nc1ccc2ncnc(Nc3ccc(F)c(Cl)c3)c2c1,HAQCJWCZBZBVHO-UHFFFAOYSA-N,9.068542129310996,True,c1ccc(Nc2ncnc3ccccc23)cc1
CHEMBL452768,O=C(O[C@H]1CN[C@H](C#Cc2cc3ncnc(Nc4ccc5c(ccn5S(=O)(=O)c5ccsc5)c4)c3s2)C1)N1CCOCC1,HAYQBGMCBFKTMA-IFMALSPDSA-N,6.823908740944319,True,O=C(O[C@H]1CN[C@H](C#Cc2cc3ncnc(Nc4ccc5c(ccn5S(=O)(=O)c5ccsc5)c4)c3s2)C1)N1CCOCC1
CHEMBL349070,CN(C)CCCCNc1cc2c(Nc3cccc(Br)c3)ncnc2cn1,HAZMQKHDVTUCEW-UHFFFAOYSA-N,8.744727494896694,True,c1ccc(Nc2ncnc3cnccc23)cc1
CHEMBL589413,CCCCN(Cc1cccc(Cl)c1O)C(=S)Nc1ccccc1,HBCSFXYVXXYAFA-UHFFFAOYSA-N,4.741841806659206,False,S=C(NCc1ccccc1)Nc1ccccc1
CHEMBL3416597,COc1ccccc1-c1cc2c(NCc3ccncc3)ncnc2s1,HBDOUFVMKNZUHW-UHFFFAOYSA-N,6.96657624451305,True,c1ccc(-c2cc3c(NCc4ccncc4)ncnc3s2)cc1
CHEMBL4100777,C=CC(=O)Nc1cccc(Nc2cc(-c3[nH]c(SC)nc3-c3ccc(F)cc3)ccn2)n1,HBHZLAAINLSPIE-UHFFFAOYSA-N,8.508638306165727,True,c1ccc(-c2nc[nH]c2-c2ccnc(Nc3ccccn3)c2)cc1
CHEMBL3774609,O=C1COc2cc3ncnc(Nc4ccc(Br)cc4)c3cc2N1CCCN1CCOCC1,HBLZQPBMOXMCJN-UHFFFAOYSA-N,6.084125497142308,False,O=C1COc2cc3ncnc(Nc4ccccc4)c3cc2N1CCCN1CCOCC1
CHEMBL387207,CS(=O)(=O)CCNCc1ccc(-c2ccc3ncnc(Nc4ccc(OCc5ccccc5)c(C(F)(F)F)c4)c3c2)o1,HBNMFZZQCIPDOK-UHFFFAOYSA-N,6.795880017344075,True,c1ccc(COc2ccc(Nc3ncnc4ccc(-c5ccco5)cc34)cc2)cc1
CHEMBL2316145,COc1cc(/C=C2\CCC/C(=C\c3cccc(Br)c3)C2=O)cc(OC)c1,HBSBXUHFMSIYDK-BEQMOXJMSA-N,5.167491087293763,False,O=C1/C(=C/c2ccccc2)CCC/C1=C\c1ccccc1
CHEMBL195204,CN1CCC(Oc2cccc3ncnc(Nc4ccc(OCc5cscn5)c(Cl)c4)c23)CC1,HBTRDSONVLGOKS-UHFFFAOYSA-N,6.156144577376839,False,c1cc(OC2CCNCC2)c2c(Nc3ccc(OCc4cscn4)cc3)ncnc2c1
CHEMBL4082884,C=CC(=O)Nc1ccc(OC)c(Nc2cc(-c3[nH]c(SC)nc3C(C)(C)C)ccn2)c1,HBUKEWHDZXYDKQ-UHFFFAOYSA-N,7.795880017344075,True,c1ccc(Nc2cc(-c3cnc[nH]3)ccn2)cc1
CHEMBL13485,C=c1c(C(=O)NCCN(CC)CC)c(C)[nH]c1=Cc1c(O)[nH]c2ccc(Cl)cc12,HBUNDVGEPXMCBH-UHFFFAOYSA-N,5.522878745280337,False,C=c1cc[nH]c1=Cc1c[nH]c2ccccc12
CHEMBL2448066,COc1cc2c(Nc3cc(O)c(Cl)cc3F)ncnc2cc1OCC1CCN(C)CC1,HCAUEIOBSYOQPN-UHFFFAOYSA-N,7.0,True,c1ccc(Nc2ncnc3cc(OCC4CCNCC4)ccc23)cc1
CHEMBL3361128,O=C1C(=Cc2ccc(O)c(O)c2)Oc2ccccc21,HCBULGQMULJTCM-UHFFFAOYSA-N,4.0,False,O=C1C(=Cc2ccccc2)Oc2ccccc21
CHEMBL4088135,C#Cc1cccc(Nc2ncnc3ccc(-c4ccc(CNCCS(C)(=O)=O)o4)cc23)c1,HCDAFYYDNGDVKN-UHFFFAOYSA-N,7.466482137983032,True,c1ccc(Nc2ncnc3ccc(-c4ccco4)cc23)cc1
CHEMBL4207750,CCS(=O)(=O)Nc1cc(-c2ccc3ncnc(Nc4ccc(F)c(Cl)c4)c3c2)cnc1OC,HCDQNNHFLOPNLM-UHFFFAOYSA-N,8.619788758288394,True,c1ccc(Nc2ncnc3ccc(-c4cccnc4)cc23)cc1
CHEMBL192737,COCC(=O)Nc1ccc2ncnc(Nc3cccc(Br)c3)c2c1,HCGUXPNJBCSZTA-UHFFFAOYSA-N,6.7594507517174005,True,c1ccc(Nc2ncnc3ccccc23)cc1
CHEMBL4076405,CCC(=O)N1CC[C@H](N2C(=O)N(c3cc(OC)ccc3F)Cc3cnc(Nc4ccc(N5CCC(N(C)C)CC5)c(C)c4)nc32)C1,HCHMHAYLMSMRRJ-SANMLTNESA-N,6.543633966870956,True,O=C1N(c2ccccc2)Cc2cnc(Nc3ccc(N4CCCCC4)cc3)nc2N1[C@H]1CCNC1
CHEMBL4095071,CCC(=O)N1CC[C@H](N2C(=O)N(c3cc(OC)ccc3F)Cc3cnc(Nc4ccc(N5CCN(C)CC5)cc4)nc32)C1,HCJQCTLLGILCCL-DEOSSOPVSA-N,5.958607314841775,False,O=C1N(c2ccccc2)Cc2cnc(Nc3ccc(N4CCNCC4)cc3)nc2N1[C@H]1CCNC1
CHEMBL2070192,Brc1cccc(Nc2ncnc3ccc(NCc4ccc5c(c4)OCCO5)cc23)c1,HCKKSKAPOHHGNB-UHFFFAOYSA-N,5.991399828238082,False,c1ccc(Nc2ncnc3ccc(NCc4ccc5c(c4)OCCO5)cc23)cc1
CHEMBL3676353,C=CC(=O)Nc1cc2c(Nc3cc(Cl)c(Br)cc3F)ncnc2cc1OCCNC(C)=O,HCNASUOYSCKZNG-UHFFFAOYSA-N,7.823908740944319,True,c1ccc(Nc2ncnc3ccccc23)cc1
CHEMBL377277,COc1cc(OC(C)C)c2c(Nc3ccc(F)c(Cl)c3)ncnc2c1,HCOMHAHJQWPWMM-UHFFFAOYSA-N,5.093234110459273,False,c1ccc(Nc2ncnc3ccccc23)cc1
CHEMBL62701,Cn1c(SSc2c(C(=O)Nc3ccccc3)c3cccnc3n2C)c(C(=O)Nc2ccccc2)c2cccnc21,HCTZFBVISJHBHE-UHFFFAOYSA-N,4.651695136951839,False,O=C(Nc1ccccc1)c1c(SSc2[nH]c3ncccc3c2C(=O)Nc2ccccc2)[nH]c2ncccc12
CHEMBL55379,FC(F)C(F)(F)Oc1cccc(Nc2nccc(-c3c[nH]c4ccccc34)n2)c1,HCZZACRTGWSLPL-UHFFFAOYSA-N,5.7447274948966935,False,c1ccc(Nc2nccc(-c3c[nH]c4ccccc34)n2)cc1
CHEMBL3926657,Nc1ncnc2c1c(-c1ccc(Oc3ccccc3)cc1)nn2C1CCCN(C(=O)C=Cc2c[nH]cn2)C1,HDANHRSDLMCNQU-UHFFFAOYSA-N,6.311936303053656,True,O=C(C=Cc1c[nH]cn1)N1CCCC(n2nc(-c3ccc(Oc4ccccc4)cc3)c3cncnc32)C1
CHEMBL3219348,C=CC(=O)Nc1cccc(N2C(=O)CN(Cc3ccccc3)C(=O)c3cnc(Nc4ccc(N5CCN(C)CC5)cc4OC)nc32)c1,HDDRSIIMSWLFOP-UHFFFAOYSA-N,8.20342566678957,True,O=C1c2cnc(Nc3ccc(N4CCNCC4)cc3)nc2N(c2ccccc2)C(=O)CN1Cc1ccccc1
CHEMBL3416606,COC[C@@H](Nc1ncnc2sc(Br)cc12)c1ccccc1,HDGOAQUIXZSRIO-GFCCVEGCSA-N,6.581698708680255,True,c1ccc(CNc2ncnc3sccc23)cc1
CHEMBL1928709,COc1ccccc1CNc1ccc2ncnc(Nc3cccc(Br)c3)c2c1,HDJABPWIIADTPQ-UHFFFAOYSA-N,4.950007143079858,False,c1ccc(CNc2ccc3ncnc(Nc4ccccc4)c3c2)cc1
CHEMBL4068254,c1ccc(-c2nnc(Cc3nc4ccccc4[nH]3)o2)cc1,HDKMMBRKVCIVNF-UHFFFAOYSA-N,4.497572880015567,False,c1ccc(-c2nnc(Cc3nc4ccccc4[nH]3)o2)cc1
CHEMBL3806292,COc1cc2ncnc(Nc3ccc(F)c(Cl)c3)c2c2c1OCCO2,HDTUBNQMTYLVSV-UHFFFAOYSA-N,7.647817481888637,True,c1ccc(Nc2ncnc3ccc4c(c23)OCCO4)cc1
CHEMBL1934628,Cc1ncnc(Nc2ccc(OCc3cccc(F)c3)c(Cl)c2)c1C#Cc1ccc(CN2CCCC2)s1,HEBKNWWRCIXZSC-UHFFFAOYSA-N,7.522878745280337,True,C(#Cc1cncnc1Nc1ccc(OCc2ccccc2)cc1)c1ccc(CN2CCCC2)s1
CHEMBL4225255,C=CC(=O)Nc1cccc(NC(=O)Nc2ccnc(Nc3ccc(N(C)CCN(C)C)cc3OC)n2)c1,HEGYYHJXZKEXOV-UHFFFAOYSA-N,7.309803919971486,True,O=C(Nc1ccccc1)Nc1ccnc(Nc2ccccc2)n1
CHEMBL291496,Clc1ccc2ncnc(Nc3cccc(Br)c3)c2n1,HEOTUKSOHVSEDI-UHFFFAOYSA-N,7.744727494896693,True,c1ccc(Nc2ncnc3cccnc23)cc1
CHEMBL325949,Nc1cccc(-c2cc(=O)c3c(N)c(O)c(N)cc3o2)c1,HEQIBPLIDSTDLX-UHFFFAOYSA-N,5.107905397309519,False,O=c1cc(-c2ccccc2)oc2ccccc12
CHEMBL489148,COc1cc(C(C#N)=C(C#N)C#N)cc(OC)c1O,HEQXXXOWXLQCGC-UHFFFAOYSA-N,3.045757490560675,False,c1ccccc1
CHEMBL165630,OCCN(CCO)CCNc1cc2c(Nc3cccc(Br)c3)ncnc2cn1,HESSFGACSQOVPK-UHFFFAOYSA-N,9.031517051446064,True,c1ccc(Nc2ncnc3cnccc23)cc1
CHEMBL3671544,C=CC(=O)Nc1cc2c(Nc3ccc(Br)cc3F)ncnc2cc1OCCNC(=O)C(C)CN(C)C,HEYAJCDUBCQMPG-UHFFFAOYSA-N,6.600326278518962,True,c1ccc(Nc2ncnc3ccccc23)cc1
CHEMBL3622623,C=CC(=O)Nc1cc2c(Nc3ccc(OCc4ccccn4)c(Cl)c3)ncnc2cc1O[C@H]1CCOC1,HEZQTKMLVXPHPR-IBGZPJMESA-N,6.869988050328096,True,c1ccc(COc2ccc(Nc3ncnc4cc(O[C@H]5CCOC5)ccc34)cc2)nc1
CHEMBL1242119,Nc1ncnc2c1c(-c1ccc3occc(=O)c3c1)nn2C1CCCC1,HFBMCRRHMRLGSA-UHFFFAOYSA-N,4.0,False,O=c1ccoc2ccc(-c3nn(C4CCCC4)c4ncncc34)cc12
CHEMBL2179119,Oc1ccc(-c2nc(-c3ccc(F)cc3)c(-c3ccnc4[nH]c(-c5ccccc5)cc34)[nH]2)cc1,HFDJAPMETZJFMI-UHFFFAOYSA-N,7.617982957425132,True,c1ccc(-c2cc3c(-c4[nH]c(-c5ccccc5)nc4-c4ccccc4)ccnc3[nH]2)cc1
CHEMBL3671567,C=CC(=O)Nc1cc2c(Nc3ccc(Br)cc3F)ncnc2cc1OCCNC(=O)C1CCCN1,HFETUOIHWSJPSY-UHFFFAOYSA-N,5.709075440617246,False,O=C(NCCOc1ccc2c(Nc3ccccc3)ncnc2c1)C1CCCN1
CHEMBL3774982,O=C1COc2cc3ncnc(Nc4cccc(C(F)(F)F)c4)c3cc2N1CCCN1CCOCC1,HFGAEEMSEWPAET-UHFFFAOYSA-N,6.081340706578176,False,O=C1COc2cc3ncnc(Nc4ccccc4)c3cc2N1CCCN1CCOCC1
CHEMBL3297899,CCN(c1ccc(OC)cc1)c1nc(C)nc2oc(C)cc12,HFGGBALVQWJPIV-UHFFFAOYSA-N,7.150580586203101,True,c1ccc(Nc2ncnc3occc23)cc1
CHEMBL220037,N#Cc1cnc2ccc(NCc3c[nH]cn3)cc2c1Nc1ccc(F)c(Cl)c1,HFOOHVUKODGHBP-UHFFFAOYSA-N,7.522878745280337,True,c1ccc(Nc2ccnc3ccc(NCc4c[nH]cn4)cc23)cc1
CHEMBL3671515,C=CC(=O)Nc1cc2c(Nc3ccc(Br)cc3F)ncnc2cc1OCCN(C)C(C)=O,HFPYKICVHQECPZ-UHFFFAOYSA-N,7.229147988357855,True,c1ccc(Nc2ncnc3ccccc23)cc1
CHEMBL56081,O=[N+]([O-])c1cccc(Nc2nccc(-c3cccnc3)n2)c1,HFQHGGZJZTXYKH-UHFFFAOYSA-N,4.0,False,c1ccc(Nc2nccc(-c3cccnc3)n2)cc1
CHEMBL3237943,Cc1nn(-c2ccc(Cl)cc2)c(Cl)c1C1C(C#N)C(=N)N(c2cccnc2)C2=CC(C)(C)CC(=O)C21,HFRWOIQESKVOHP-UHFFFAOYSA-N,4.618884919290149,False,N=C1CC(c2cnn(-c3ccccc3)c2)C2C(=O)CCC=C2N1c1cccnc1
CHEMBL2385985,CCOc1cc(N)c(C(=O)Nc2ccc(F)c(Cl)c2)cc1NC(=O)c1ccc(CN2CCN(C)CC2)cc1,HFTFYAGYZBMDAL-UHFFFAOYSA-N,6.096910013008056,False,O=C(Nc1cccc(C(=O)Nc2ccccc2)c1)c1ccc(CN2CCNCC2)cc1
CHEMBL1242754,CC(C)n1nc(-c2cnc3ccccc3c2)c2c(N)ncnc21,HGALDAPNHYJZAJ-UHFFFAOYSA-N,6.0,False,c1ccc2ncc(-c3n[nH]c4ncncc34)cc2c1
CHEMBL4086878,C=CC(=O)Nc1ccc(OC)c(Nc2cc(-c3[nH]c(SC)nc3C)ccn2)c1,HGVKJLDGONBKCS-UHFFFAOYSA-N,8.0,True,c1ccc(Nc2cc(-c3cnc[nH]3)ccn2)cc1
CHEMBL399928,CC(O)C#Cc1ccc2ncnc(Nc3ccc(F)c(Cl)c3)c2c1,HGYWASHVHJLXJJ-UHFFFAOYSA-N,7.0245681914907365,True,c1ccc(Nc2ncnc3ccccc23)cc1
CHEMBL513716,NS(=O)(=O)c1ccc(Nc2nc3ncnc(Nc4c(F)cccc4F)c3s2)cc1,HGZQTJZFKROIJB-UHFFFAOYSA-N,6.7281583934635005,True,c1ccc(Nc2nc3ncnc(Nc4ccccc4)c3s2)cc1
CHEMBL589809,O=C(Nc1ccccc1)N(Cc1ccc(F)cc1)Cc1cc(Cl)cc(Cl)c1O,HHAIRBJJFBLIDZ-UHFFFAOYSA-N,5.381951903287908,False,O=C(Nc1ccccc1)N(Cc1ccccc1)Cc1ccccc1
CHEMBL436511,CN1CCC(Oc2cccc3ncnc(Nc4ccc(OCc5cnccn5)c(Cl)c4)c23)CC1,HHHOBSDBLSOFLQ-UHFFFAOYSA-N,6.161150909262744,False,c1cc(OC2CCNCC2)c2c(Nc3ccc(OCc4cnccn4)cc3)ncnc2c1
CHEMBL373882,CNc1ncnc(-c2cccnc2Oc2ccc(F)c(C(=O)Nc3cc(C(F)(F)F)ccc3N(C)CCCN(C)C)c2)n1,HHKGVQGXRGQBBA-UHFFFAOYSA-N,4.6020599913279625,False,O=C(Nc1ccccc1)c1cccc(Oc2ncccc2-c2ncncn2)c1
CHEMBL2381510,C=CC(=O)Nc1cccc(Oc2nc(Nc3ccc(N4CCN(CC(=O)OCCOCCOc5no[n+]([O-])c5S(=O)(=O)c5ccccc5)CC4)cc3OC)ncc2Cl)c1,HHQCBJOVBHTNID-UHFFFAOYSA-N,6.995678626217357,True,O=C(CN1CCN(c2ccc(Nc3nccc(Oc4ccccc4)n3)cc2)CC1)OCCOCCOc1no[nH+]c1S(=O)(=O)c1ccccc1
CHEMBL119987,COc1cc(C=C(C#N)C(N)=O)cc(CSc2ccccc2C(=O)O)c1O,HHSJLHLCRVVXSC-UHFFFAOYSA-N,4.431798275933005,False,c1ccc(CSc2ccccc2)cc1
CHEMBL3663922,CCc1nc(C(N)=O)c(Nc2ccc(N3CCN(C)CC3)cc2)nc1Oc1cccc(NC(=O)/C=C/CN(C)C)c1,HIBWFBVIUFIIAN-JXMROGBWSA-N,8.853871964321762,True,c1ccc(Oc2cncc(Nc3ccc(N4CCNCC4)cc3)n2)cc1
CHEMBL2426283,C=CC(=O)Nc1ccc(Nc2ncc(Cl)c(-c3c[nH]c4ccccc34)n2)cc1,HIDQBJIUUMDHMC-UHFFFAOYSA-N,4.889410289700751,False,c1ccc(Nc2nccc(-c3c[nH]c4ccccc34)n2)cc1
CHEMBL1822061,COc1ccc(C2=NN(c3nc(-c4ccc(Cl)cc4)cs3)C(c3ccc(Cl)cc3)C2)cc1,HIELYTWNWLPBNW-UHFFFAOYSA-N,5.109020403010311,False,c1ccc(C2=NN(c3nc(-c4ccccc4)cs3)C(c3ccccc3)C2)cc1
CHEMBL3086102,C=CC(=O)N1CC[C@H](N2C(=O)N(c3ccccc3)Cc3cnc(Nc4ccc(N5CCN(C)CC5)c(C)c4)nc32)C1,HIGAAWXTGFRHCE-SANMLTNESA-N,8.0,True,O=C1N(c2ccccc2)Cc2cnc(Nc3ccc(N4CCNCC4)cc3)nc2N1[C@H]1CCNC1
CHEMBL309625,N#CC(=Cc1ccc(O)c([N+](=O)[O-])c1)C(=N)C(C#N)C#N,HIHJOMKUCBPNFS-UHFFFAOYSA-N,4.221848749616356,False,c1ccccc1
CHEMBL328277,COc1cc2ncnc(N3CCc4ccccc43)c2cc1OC,HILIXBSGQQWNDX-UHFFFAOYSA-N,6.086186147616283,False,c1ccc2c(c1)CCN2c1ncnc2ccccc12
CHEMBL3930810,C=CC(=O)Nc1cccc(Oc2nc(Nc3cccc(OC)c3OC)ncc2C(F)(F)F)c1,HIMGGUFXIBERNV-UHFFFAOYSA-N,7.698970004336019,True,c1ccc(Nc2nccc(Oc3ccccc3)n2)cc1
CHEMBL213874,COc1cc2ncnc(Nc3cccc(Cl)c3F)c2cc1OCC1CCN(C)CC1,HIOMOLUQMPMYMG-UHFFFAOYSA-N,8.698970004336019,True,c1ccc(Nc2ncnc3ccc(OCC4CCNCC4)cc23)cc1
CHEMBL54091,C=CC(=O)Nc1cc2c(Nc3ccc(F)c(Br)c3)ncnc2cn1,HIONRJFCDLKILS-UHFFFAOYSA-N,9.142667503568733,True,c1ccc(Nc2ncnc3cnccc23)cc1
CHEMBL3759022,COc1cc(CO)ccc1-c1cc2c(NCc3ccccc3)ncnc2s1,HITSFZOVCVGJEC-UHFFFAOYSA-N,8.301029995663981,True,c1ccc(CNc2ncnc3sc(-c4ccccc4)cc23)cc1
CHEMBL242541,Nc1ccc2ncnc(Nc3ccc(F)c(Cl)c3)c2c1,HJAGRTPTIMMQPY-UHFFFAOYSA-N,7.537602002101044,True,c1ccc(Nc2ncnc3ccccc23)cc1
CHEMBL2111784,C[C@H](Nc1cc(-c2sc(C3CCN(C)CC3)nc2-c2ccc(F)cc2)ccn1)c1ccccc1,HJEPFPDXSFKWQH-IBGZPJMESA-N,5.958607314841775,False,c1ccc(CNc2cc(-c3sc(C4CCNCC4)nc3-c3ccccc3)ccn2)cc1
CHEMBL3233792,O=C(/C=C/CN1CCOCC1)Nc1cc2c(Nc3ccc(F)c(Cl)c3)ncnc2s1,HJQXQSGWELLIGJ-OWOJBTEDSA-N,8.522878745280337,True,O=C(/C=C/CN1CCOCC1)Nc1cc2c(Nc3ccccc3)ncnc2s1
CHEMBL589119,CCCCN(CCCC)C(=O)c1ccc(N(CCCl)CCCl)cc1,HJTDMSVRZXFXDK-UHFFFAOYSA-N,4.506123889147177,False,c1ccccc1
CHEMBL1683965,Cc1ncnc(Nc2ccc(OCc3cccc(F)c3)c(Cl)c2)c1C=C(F)C(=O)NCCN1CCOCC1,HJVYBTQSZTWFII-UHFFFAOYSA-N,7.744727494896693,True,O=C(C=Cc1cncnc1Nc1ccc(OCc2ccccc2)cc1)NCCN1CCOCC1
CHEMBL262276,COC(=O)CN1CCC(n2cc(-c3cccc(O)c3)c3c(N)ncnc32)CC1,HKBVCGJVIFGBEX-UHFFFAOYSA-N,6.096910013008056,False,c1ccc(-c2cn(C3CCNCC3)c3ncncc23)cc1
CHEMBL56731,N#CC(=Cc1ccc(O)c(O)c1)C(=O)Nc1ccccc1,HKHOVJYOELRGMV-UHFFFAOYSA-N,5.903089986991944,False,O=C(C=Cc1ccccc1)Nc1ccccc1
CHEMBL3612567,COCCn1c(=O)oc2cc3ncnc(Nc4ccc(OCc5nccc(OCC(F)(F)F)c5C)cc4)c3cc21,HKIZZBSDAWEIPM-UHFFFAOYSA-N,6.468521082957745,True,O=c1[nH]c2cc3c(Nc4ccc(OCc5ccccn5)cc4)ncnc3cc2o1
CHEMBL3360616,COc1cc2c(Nc3ccc(OCc4cccc(F)c4)c(Cl)c3)ncnc2cc1OCCOCCn1ccnc1[N+](=O)[O-],HKJQCLDMJYVJDA-UHFFFAOYSA-N,7.696803942579511,True,c1ccc(COc2ccc(Nc3ncnc4cc(OCCOCCn5ccnc5)ccc34)cc2)cc1
CHEMBL324718,C=CC(=O)Nc1cc2c(Nc3cccc(Br)c3)c(C#N)cnc2cc1OC,HKLOKSUROGEMSK-UHFFFAOYSA-N,6.091514981121351,False,c1ccc(Nc2ccnc3ccccc23)cc1
CHEMBL2437464,C=CC(=O)Nc1cccc(-n2c(=O)cnc3cnc(Nc4ccc(N5CCCC5)cc4)nc32)c1,HKNZEEWNPHTWIR-UHFFFAOYSA-N,8.304518323509802,True,O=c1cnc2cnc(Nc3ccc(N4CCCC4)cc3)nc2n1-c1ccccc1
CHEMBL388978,CN[C@@H]1C[C@H]2O[C@@](C)([C@@H]1OC)n1c3ccccc3c3c4c(c5c6ccccc6n2c5c31)C(=O)NC4,HKSZLNNOFSGOKW-FYTWVXJKSA-N,7.0,True,O=C1NCc2c1c1c3ccccc3n3c1c1c2c2ccccc2n1C1CCC[C@H]3O1
CHEMBL3133909,C=CC(=O)Nc1ccc2ncnc(Nc3ccc(CC)cc3)c2c1,HKVMMGDJWSYACQ-UHFFFAOYSA-N,5.494850021680094,False,c1ccc(Nc2ncnc3ccccc23)cc1
CHEMBL1242659,CCOc1ccc(-c2nn(C3CCCCC3)c3ncnc(N)c23)cc1OC,HKWNGVFHUCRTTQ-UHFFFAOYSA-N,5.935542010773082,False,c1ccc(-c2nn(C3CCCCC3)c3ncncc23)cc1
CHEMBL502015,Nc1nc(Nc2cccc(Br)c2)c2cc(Cc3ccc4ccccc4c3)[nH]c2n1,HLFVKVGHXYAKHL-UHFFFAOYSA-N,5.906578314837764,False,c1ccc(Nc2ncnc3[nH]c(Cc4ccc5ccccc5c4)cc23)cc1
CHEMBL2408826,COc1cc(N2CCC(O)CC2)ccc1Nc1ncc(Cl)c(Oc2ccc(COc3no[n+]([O-])c3S(=O)(=O)c3ccccc3)cc2)n1,HLGCLHNIBXMZNE-UHFFFAOYSA-N,6.6020599913279625,True,O=S(=O)(c1ccccc1)c1[nH+]onc1OCc1ccc(Oc2ccnc(Nc3ccc(N4CCCCC4)cc3)n2)cc1
CHEMBL46946,O=CN=CCc1ccc(O)c(O)c1,HLHLPDQKZORUSE-UHFFFAOYSA-N,5.154901959985743,False,c1ccccc1
CHEMBL127223,CCOc1cc2ncnc(Nc3cccc(-c4cscn4)c3)c2cc1OCC,HLIBFQDRDMBHNC-UHFFFAOYSA-N,7.744727494896693,True,c1cc(Nc2ncnc3ccccc23)cc(-c2cscn2)c1
CHEMBL217090,Clc1ccc2c(c1Nc1ncnc3cc(OCCCN4CCCC4)cc(OC4CCOCC4)c13)OCO2,HLILQABBLFGERM-UHFFFAOYSA-N,6.045757490560675,False,c1cc(Nc2ncnc3cc(OCCCN4CCCC4)cc(OC4CCOCC4)c23)c2c(c1)OCO2
CHEMBL4101719,OCCCc1nc(-c2ccc(F)cc2)c(-c2ccnc3[nH]c(-c4ccccc4)cc23)[nH]1,HLKIWJNLTMGQET-UHFFFAOYSA-N,8.1890957193313,True,c1ccc(-c2cc3c(-c4[nH]cnc4-c4ccccc4)ccnc3[nH]2)cc1
CHEMBL3608432,C=CC(=O)N[C@@H]1CN(c2nc(Nc3cn(C)nc3C)c3ncn(C(C)C)c3n2)C[C@H]1F,HLSFKKBVOPHVAO-UKRRQHHQSA-N,5.211973115904196,False,c1nc2c(Nc3cn[nH]c3)nc(N3CCCC3)nc2[nH]1
CHEMBL3233774,O=C(/C=C/CNCC1COC1)Nc1cc2c(Nc3ccc(F)c(Cl)c3)ncnc2s1,HLSRBPGSLVXDKF-OWOJBTEDSA-N,8.0,True,O=C(/C=C/CNCC1COC1)Nc1cc2c(Nc3ccccc3)ncnc2s1
CHEMBL1947125,CC1(C)CC(C(=O)Nc2ccc3ncnc(Nc4cccc(Cl)c4)c3c2)CC(C)(C)N1[O],HLTYCCLCGLFCRN-UHFFFAOYSA-N,7.187086643357144,True,O=C(Nc1ccc2ncnc(Nc3ccccc3)c2c1)C1CCNCC1
CHEMBL157021,NC(=O)CCc1c(SSc2[nH]c3ccccc3c2CCC(N)=O)[nH]c2ccccc12,HMHMZJJRNBZGQN-UHFFFAOYSA-N,4.795880017344075,False,c1ccc2[nH]c(SSc3cc4ccccc4[nH]3)cc2c1
CHEMBL3966111,C=CC(=O)NCCCn1c(NC(=O)c2cccc(C(F)(F)F)c2)nc2cc(C)ccc21,HMIAIAGVTIVZPZ-UHFFFAOYSA-N,7.301029995663981,True,O=C(Nc1nc2ccccc2[nH]1)c1ccccc1
CHEMBL1821881,Oc1ccc(C2CC(c3ccc(Br)cc3)=NN2c2nc(-c3ccccc3)cs2)cc1,HMIHLMDJPSYUSA-UHFFFAOYSA-N,4.650528200785614,False,c1ccc(C2=NN(c3nc(-c4ccccc4)cs3)C(c3ccccc3)C2)cc1
CHEMBL1242030,CC(C)n1nc(-c2ccc(NS(C)(=O)=O)cc2)c2c(N)ncnc21,HMKCVXALDWCZFL-UHFFFAOYSA-N,4.892790030352131,False,c1ccc(-c2n[nH]c3ncncc23)cc1
CHEMBL504173,CC(C)c1cc(C=C(C#N)C(N)=O)cc(C(C)C)c1O,HMLQHJRJKQDTKW-UHFFFAOYSA-N,6.0,False,c1ccccc1
CHEMBL384711,CS(=O)(=O)CCNCc1ccc(-c2ccc3ncnc(Nc4ccc(OCc5cccc(Br)c5)cc4)c3c2)o1,HMLZGBGVRSDTPO-UHFFFAOYSA-N,7.366531544420413,True,c1ccc(COc2ccc(Nc3ncnc4ccc(-c5ccco5)cc34)cc2)cc1
CHEMBL119033,COc1cccc2ncnc(Nc3cccc(Br)c3)c12,HMMROPZSAUEXBD-UHFFFAOYSA-N,6.856985199745905,True,c1ccc(Nc2ncnc3ccccc23)cc1
CHEMBL3759257,OCc1ccc(-c2cc3c(Nc4ccccc4)ncnc3s2)cc1,HMTNGGQPUKYRKI-UHFFFAOYSA-N,7.67778070526608,True,c1ccc(Nc2ncnc3sc(-c4ccccc4)cc23)cc1
CHEMBL3759096,Cn1nccc1-c1nc(Nc2[nH]nc3ccccc23)c2c(n1)C(C)(C)OC2,HMWMAHXTIWOHMD-UHFFFAOYSA-N,5.522878745280337,False,c1ccc2c(Nc3nc(-c4ccn[nH]4)nc4c3COC4)[nH]nc2c1
CHEMBL507714,COc1cc(N2CCC(N3CCN(S(C)(=O)=O)CC3)CC2)ccc1Nc1nccc(-c2c(-c3cccc(C(=O)Nc4c(F)cccc4F)c3)nc3ccccn23)n1,HMXWMMRCKSDFCV-UHFFFAOYSA-N,7.244125144327507,True,O=C(Nc1ccccc1)c1cccc(-c2nc3ccccn3c2-c2ccnc(Nc3ccc(N4CCC(N5CCNCC5)CC4)cc3)n2)c1
CHEMBL293991,NCCCn1ccc2c(-c3ccnc(Nc4cccc(OC(F)(F)C(F)F)c4)n3)cccc21,HNAIZJDQDDXEGC-UHFFFAOYSA-N,6.275724130399211,False,c1ccc(Nc2nccc(-c3cccc4[nH]ccc34)n2)cc1
CHEMBL1761929,COC(=O)Nc1ccc(Nc2ncnc3cc(OC)c(OC)cc23)cc1,HNEAOQOOUVUUJR-UHFFFAOYSA-N,5.161150909262744,False,c1ccc(Nc2ncnc3ccccc23)cc1
CHEMBL334915,Cn1c([Se][Se]c2c(C(=O)O)c3ccccc3n2C)c(C(=O)O)c2ccccc21,HNEORRPIDMAPCB-UHFFFAOYSA-N,5.455931955649724,False,c1ccc2[nH]c([Se][Se]c3cc4ccccc4[nH]3)cc2c1
CHEMBL3416595,COC[C@@H](Nc1ncnc2sc(-c3ccccc3OC)cc12)c1ccccc1,HNJPFWCZWKABPR-GOSISDBHSA-N,7.638272163982407,True,c1ccc(CNc2ncnc3sc(-c4ccccc4)cc23)cc1
CHEMBL431996,O=C(O)C=Cc1c(Cc2c(O)[nH]c3ccc(C(=O)O)cc23)[nH]c2c1CCCC2,HNPNLQMPXJTXIQ-UHFFFAOYSA-N,4.247951552180561,False,c1ccc2c(Cc3cc4c([nH]3)CCCC4)c[nH]c2c1
CHEMBL1821872,Cc1ccc(C2CC(c3ccc(C)c(C)c3)=NN2c2nc(-c3ccc(Cl)cc3)cs2)cc1,HNTQVCRSRSJXFB-UHFFFAOYSA-N,5.982966660701219,False,c1ccc(C2=NN(c3nc(-c4ccccc4)cs3)C(c3ccccc3)C2)cc1
CHEMBL3814257,CC(=O)Nc1ccc2ncnc(Nc3ccc(F)c(Cl)c3)c2c1,HNTRYOBVOOQKFI-UHFFFAOYSA-N,9.1791420105603,True,c1ccc(Nc2ncnc3ccccc23)cc1
CHEMBL3680378,COc1cc2ncnc(Nc3ccc(F)c(Cl)c3)c2cc1NC(=O)/C=C/CN1CCCCCC1,HNVQCOJZTIBBPB-VOTSOKGWSA-N,7.916139199133427,True,O=C(/C=C/CN1CCCCCC1)Nc1ccc2ncnc(Nc3ccccc3)c2c1
CHEMBL3977504,CN(C)C/C=C/C(=O)Nc1cc2c(Nc3ccc(Oc4ccccc4)cc3)ncnc2cn1,HNYGKXWZBOTZFA-RMKNXTFCSA-N,6.696803942579511,True,c1ccc(Oc2ccc(Nc3ncnc4cnccc34)cc2)cc1
CHEMBL274732,COCCN(C)CCN1CCC(n2cc(-c3cccc(OC)c3)c3c(N)ncnc32)CC1,HNYSHAGTWNOVGB-UHFFFAOYSA-N,6.031517051446064,False,c1ccc(-c2cn(C3CCNCC3)c3ncncc23)cc1
CHEMBL3929448,COc1cc2c(Nc3ccc(NC(=O)Nc4ccc(F)c(Cl)c4)c(Cl)c3)ncnc2cc1OCCCN1CCN(C)CC1,HOMHCFYZXSNWJG-UHFFFAOYSA-N,7.107905397309519,True,O=C(Nc1ccccc1)Nc1ccc(Nc2ncnc3cc(OCCCN4CCNCC4)ccc23)cc1
CHEMBL600048,Cc1cccc(CN(Cc2ccc(F)cc2)C(=O)Nc2ccccc2)c1O,HOMOYDOJHAMLLJ-UHFFFAOYSA-N,4.66334017654558,False,O=C(Nc1ccccc1)N(Cc1ccccc1)Cc1ccccc1
CHEMBL3098318,NS(=O)(=O)c1ccc(Nc2nc(Cl)nc3cc4c(cc23)OCO4)cc1,HOPOBKDALJITRH-UHFFFAOYSA-N,4.460923901207224,False,c1ccc(Nc2ncnc3cc4c(cc23)OCO4)cc1
CHEMBL3633142,C=CC(=O)Nc1cccc(-n2c(=O)ccc3cnc(Nc4ccc(N5CCN(C)CC5)cc4OC)nc32)c1,HOQHLSXELYFJKC-UHFFFAOYSA-N,8.522878745280337,True,O=c1ccc2cnc(Nc3ccc(N4CCNCC4)cc3)nc2n1-c1ccccc1
CHEMBL2442332,COc1cc2c(c(OC)c1)C(=O)N(c1cccc(C(=O)N3CCCCC3)c1)CC2,HORDBRNWPQHDLX-UHFFFAOYSA-N,5.910094888560602,False,O=C(c1cccc(N2CCc3ccccc3C2=O)c1)N1CCCCC1
CHEMBL4293134,CCOc1ccc(Nc2cc(NC(=O)c3ccccc3)ncn2)cc1,HOWQTNUTPZLICX-UHFFFAOYSA-N,6.122628654130226,False,O=C(Nc1cc(Nc2ccccc2)ncn1)c1ccccc1
CHEMBL1928957,O=C(/C=C/c1ccc(F)cc1)Nc1cccc(Oc2cc(Nc3ccc(OCc4cccc(F)c4)c(Cl)c3)ncn2)c1,HOXUUWIOGRJBDT-NTEUORMPSA-N,6.085656842880559,False,O=C(/C=C/c1ccccc1)Nc1cccc(Oc2cc(Nc3ccc(OCc4ccccc4)cc3)ncn2)c1
CHEMBL3622644,CN(C)C/C=C/C(=O)Nc1cc2c(Nc3ccc(OCc4ccccn4)cc3)ncnc2cc1O[C@H]1CCOC1,HOXZIBBLGAMPOL-COIATFDQSA-N,8.045757490560675,True,c1ccc(COc2ccc(Nc3ncnc4cc(O[C@H]5CCOC5)ccc34)cc2)nc1
CHEMBL4083467,Cc1nnc(-n2c(-c3ccccc3)nc3cc(Cl)ccc3c2=O)s1,HOYASKMOPAZIKF-UHFFFAOYSA-N,4.916497380169733,False,O=c1c2ccccc2nc(-c2ccccc2)n1-c1nncs1
CHEMBL555201,COc1cc2ncnc(Nc3ccc(O)cc3)c2cc1OC,HOZUXBLMYUPGPZ-UHFFFAOYSA-N,7.0,True,c1ccc(Nc2ncnc3ccccc23)cc1
CHEMBL337297,CO[C@H]1[C@@H](N(C)C(=O)c2cnccn2)C[C@@H]2O[C@@]1(C)n1c3ccccc3c3c4c(c5c6ccccc6n2c5c31)C(=O)NC4,HPBJQOWLAKYNDM-HWQLMJRHSA-N,5.087246696328677,False,O=C(N[C@@H]1CC2O[C@@H](C1)n1c3ccccc3c3c4c(c5c6ccccc6n2c5c31)CNC4=O)c1cnccn1
CHEMBL609321,C=C=CCOc1cc2c(Nc3cccc(Cl)c3)ncnc2cc1O,HPCAJGIOGMEMOW-UHFFFAOYSA-N,7.772113295386326,True,c1ccc(Nc2ncnc3ccccc23)cc1
CHEMBL4087709,COc1cc2cnnc(Nc3ccc(Cl)cc3F)c2cc1OC,HPCCJDNXFIYPPQ-UHFFFAOYSA-N,6.698970004336019,True,c1ccc(Nc2nncc3ccccc23)cc1
CHEMBL4081252,CCC(=O)N1CC[C@H](N2C(=O)N(c3ccc(OC)cc3)Cc3cnc(Nc4ccc(N5CCN(C)CC5)c(C)c4)nc32)C1,HPEQWSNSVPKPGP-SANMLTNESA-N,6.815308569182401,True,O=C1N(c2ccccc2)Cc2cnc(Nc3ccc(N4CCNCC4)cc3)nc2N1[C@H]1CCNC1
CHEMBL207869,Fc1cccc(COc2ccc(Nc3ncncc3C#Cc3ncccn3)cc2Cl)c1,HPHUGTTXFHEACH-UHFFFAOYSA-N,7.113509274827518,True,C(#Cc1cncnc1Nc1ccc(OCc2ccccc2)cc1)c1ncccn1
CHEMBL544074,C=C(CN1CCCCC1)C(=O)c1ccc(OCc2ccccc2)cc1,HPILIWSVVOWOSP-UHFFFAOYSA-N,5.958607314841775,False,C=C(CN1CCCCC1)C(=O)c1ccc(OCc2ccccc2)cc1
CHEMBL31745,CC#CC(=O)Nc1cnc2ncc(C#N)c(Nc3cccc(Br)c3)c2c1,HPIMRCZSRFWHDE-UHFFFAOYSA-N,5.202995747738671,False,c1ccc(Nc2ccnc3ncccc23)cc1
CHEMBL596059,COc1cc(-c2nc3ccccc3s2)ccc1Nc1ncnc2cc(OC)c(OC)cc12,HPJSNEQIUZAEBL-UHFFFAOYSA-N,7.200659450546418,True,c1ccc2sc(-c3ccc(Nc4ncnc5ccccc45)cc3)nc2c1
CHEMBL3655344,CC(C)N(C)C/C=C/C(=O)N1Cc2sc3ncnc(Nc4ccc(Cl)c(Cl)c4)c3c2C1,HPLAILWNQKGFFP-SNAWJCMRSA-N,8.853871964321762,True,c1ccc(Nc2ncnc3sc4c(c23)CNC4)cc1
CHEMBL3098315,COc1cc2nc(Cl)nc(Nc3ccc(S(C)(=O)=O)cc3)c2cc1OC,HPMSJOFQAVARBL-UHFFFAOYSA-N,4.211124884224583,False,c1ccc(Nc2ncnc3ccccc23)cc1
CHEMBL4126630,C=CC(=O)Nc1cccc(-n2c(=O)n(C(C)C)c(=O)c3cnc(Nc4ccc(N5CCN(C)CC5)c(C)c4)nc32)c1,HPMZWNAUYGUQTC-UHFFFAOYSA-N,9.0,True,O=c1[nH]c(=O)n(-c2ccccc2)c2nc(Nc3ccc(N4CCNCC4)cc3)ncc12
CHEMBL3612591,CCOC(=O)CCCn1c(=O)oc2cc3ncnc(Nc4ccc(OCc5ccccn5)cc4)c3cc21,HPPBJFNZDCQMHH-UHFFFAOYSA-N,5.638272163982407,False,O=c1[nH]c2cc3c(Nc4ccc(OCc5ccccn5)cc4)ncnc3cc2o1
CHEMBL4224932,C=CC(=O)Nc1cccc(NC(=O)Nc2ccnc(Nc3ccc(N4CCC(N5CCN(C)CC5)CC4)cc3OC)n2)c1,HPTVFLBBUVVNJG-UHFFFAOYSA-N,7.096910013008056,True,O=C(Nc1ccccc1)Nc1ccnc(Nc2ccc(N3CCC(N4CCNCC4)CC3)cc2)n1
CHEMBL3910422,C=CC(=O)Nc1cccc(Nc2nc(Nc3ccc(OC)cc3OC)ncc2Br)c1,HPWXLWYAEGDGKI-UHFFFAOYSA-N,7.187086643357144,True,c1ccc(Nc2ccnc(Nc3ccccc3)n2)cc1
CHEMBL3979264,COc1cc2c(Nc3ccc(NC(=O)Nc4ccccc4)c(Cl)c3)ncnc2cc1OCCCN1CCN(C)CC1,HQHBKFFDVBPVBM-UHFFFAOYSA-N,7.853871964321762,True,O=C(Nc1ccccc1)Nc1ccc(Nc2ncnc3cc(OCCCN4CCNCC4)ccc23)cc1
CHEMBL329183,O=[N+]([O-])c1ccc2c(Nc3cccc(F)c3)ncnc2c1,HQIGZYYYFPXURI-UHFFFAOYSA-N,5.214670164989233,False,c1ccc(Nc2ncnc3ccccc23)cc1
CHEMBL4086000,C=CC(=O)Nc1cccc(-n2c(=O)cc(C)c3cnc(Nc4ccc(N5CCN(C)CC5)nc4)nc32)c1,HQJGUOBOSQTPHO-UHFFFAOYSA-N,8.853871964321762,True,O=c1ccc2cnc(Nc3ccc(N4CCNCC4)nc3)nc2n1-c1ccccc1
CHEMBL2316144,COc1cc(/C=C2\CCC/C(=C\c3ccccc3Br)C2=O)cc(OC)c1,HQTAAPOMNNDGNN-YAUBYZHOSA-N,5.096910013008056,False,O=C1/C(=C/c2ccccc2)CCC/C1=C\c1ccccc1
CHEMBL500072,O=C(O[C@H]1CN[C@H](C#Cc2cc3ncnc(Nc4ccc5c(cnn5Cc5cc(F)ccc5F)c4)c3s2)C1)N1CCOCC1,HRADRJGXRLBLGD-ISKFKSNPSA-N,7.481486060122112,True,O=C(O[C@H]1CN[C@H](C#Cc2cc3ncnc(Nc4ccc5c(cnn5Cc5ccccc5)c4)c3s2)C1)N1CCOCC1
CHEMBL1683956,CCc1ncnc(Nc2ccc(OCc3cccc(F)c3)c(Cl)c2)c1C,HREKDLNKESWDHN-UHFFFAOYSA-N,6.1938200260161125,False,c1ccc(COc2ccc(Nc3ccncn3)cc2)cc1
CHEMBL372246,C=CC(=O)Nc1cc2c(Nc3cc(Cl)c(Cl)cc3F)ncnc2cc1N1CCN(C)CC1,HRFSIOJQIYPVAI-UHFFFAOYSA-N,5.221848749616356,False,c1ccc(Nc2ncnc3cc(N4CCNCC4)ccc23)cc1
CHEMBL1812561,O=C(/C=C/c1ccccc1)Nc1ccc2ncnc(Nc3cccc(Cl)c3)c2c1,HRHPFAVRIJPTSA-FMIVXFBMSA-N,5.442492798094342,False,O=C(/C=C/c1ccccc1)Nc1ccc2ncnc(Nc3ccccc3)c2c1
CHEMBL1630109,ON=C(O)/C=C/c1cccc(-c2ccc3ncnc(Nc4ccc(OCc5cccc(F)c5)c(Cl)c4)c3c2)c1,HRIQVCCRXNQUAH-KPKJPENVSA-N,7.744727494896693,True,c1ccc(COc2ccc(Nc3ncnc4ccc(-c5ccccc5)cc34)cc2)cc1
CHEMBL247709,Fc1cccc(COc2ccc(Nc3ncnn4ccc(CN5CCCNCC5)c34)cc2Cl)c1,HRJCFUJRPZRZAO-UHFFFAOYSA-N,7.318758762624412,True,c1ccc(COc2ccc(Nc3ncnn4ccc(CN5CCCNCC5)c34)cc2)cc1
CHEMBL3216699,NC1CCc2c(c3cc(OCCc4ccc(O)cc4)ccc3n2CCCCCc2ccccn2)C1,HRJXHKGZTPPKQX-UHFFFAOYSA-N,5.642065152999546,False,c1ccc(CCOc2ccc3c(c2)c2c(n3CCCCCc3ccccn3)CCCC2)cc1
CHEMBL53665,C=CC(=O)Nc1ccc2ncnc(Nc3ccc(F)c(Br)c3)c2n1,HRLHWOFWUMHHIP-UHFFFAOYSA-N,8.920818753952375,True,c1ccc(Nc2ncnc3cccnc23)cc1
CHEMBL3676372,C=CC(=O)Nc1cc2c(Nc3ccc(Br)c(Cl)c3)ncnc2cc1OCCNC(=O)CN(C)C,HRMPHPPMLURQFC-UHFFFAOYSA-N,7.1249387366083,True,c1ccc(Nc2ncnc3ccccc23)cc1
CHEMBL3908303,C[C@@H](Nc1ncnc2oc(-c3ccccc3)cc12)c1ccccc1,HRQYQGYRFXRHAR-CQSZACIVSA-N,7.958607314841775,True,c1ccc(CNc2ncnc3oc(-c4ccccc4)cc23)cc1
CHEMBL1242287,Nc1ncnc2c1c(-c1ccc(Br)c(O)c1)nn2C1CCC1,HRRMXIICSWVXIS-UHFFFAOYSA-N,6.489454989793388,True,c1ccc(-c2nn(C3CCC3)c3ncncc23)cc1
CHEMBL4169489,CN1CCN(CC(=O)Nc2ccc3ncnc(Nc4cccc(Br)c4)c3c2)CC1,HSBRPTHAKYMYMI-UHFFFAOYSA-N,7.494850021680094,True,O=C(CN1CCNCC1)Nc1ccc2ncnc(Nc3ccccc3)c2c1
CHEMBL3237945,CCOC(=O)C1C(=N)N(c2cccnc2)C2=C(C(=O)CCC2)C1c1c(C)nn(-c2ccc(C)cc2)c1Cl,HSGOHZRNKZWERA-UHFFFAOYSA-N,6.040958607678906,False,N=C1CC(c2cnn(-c3ccccc3)c2)C2=C(CCCC2=O)N1c1cccnc1
CHEMBL592617,N#CCC(=O)Nc1ccc2ncnc(Nc3cccc(Br)c3)c2c1,HSPDFXQOPBEBRB-UHFFFAOYSA-N,9.769551078621726,True,c1ccc(Nc2ncnc3ccccc23)cc1
CHEMBL382862,Brc1ccc2c(c1)CNc1c(Nc3ccccc3)ncnc1O2,HSRXRBPVKROIEI-UHFFFAOYSA-N,5.0,False,c1ccc(Nc2ncnc3c2NCc2ccccc2O3)cc1
CHEMBL591440,CCCCN(Cc1cc(Cl)cc(Cl)c1O)C(=S)Nc1ccccc1,HSYMTXUHTDJFRK-UHFFFAOYSA-N,4.608183076386752,False,S=C(NCc1ccccc1)Nc1ccccc1
CHEMBL278287,Cc1ccc(N(C)C(=O)c2ccccc2)cc1Nc1nccc(-c2cccnc2)n1,HTCQGVPSEDIYST-UHFFFAOYSA-N,4.309803919971486,False,O=C(Nc1cccc(Nc2nccc(-c3cccnc3)n2)c1)c1ccccc1
CHEMBL2316142,COc1cc(/C=C2\CCC/C(=C\c3ccccc3Cl)C2=O)cc(OC)c1,HTECUFCXSIPTNC-YAUBYZHOSA-N,5.823908740944319,False,O=C1/C(=C/c2ccccc2)CCC/C1=C\c1ccccc1
CHEMBL380247,CS(=O)(=O)CCNCc1ccc(-c2ccc3ncnc(Nc4ccc(OCc5ccccc5)c(Cl)c4)c3c2)o1,HTIFVTQSFKUCDX-UHFFFAOYSA-N,7.744727494896693,True,c1ccc(COc2ccc(Nc3ncnc4ccc(-c5ccco5)cc34)cc2)cc1
CHEMBL1916897,Cc1ccc(F)cc1Nc1nc2cc(Cl)c(N(C)C(=O)/C=C/CN(C)C)cc2n2cncc12,HTKJLSGFOXVZRI-AATRIKPKSA-N,8.474955192963154,True,c1ccc(Nc2nc3ccccc3n3cncc23)cc1
CHEMBL3297816,Cc1nc(Nc2ccccc2)c2cc(C)oc2n1,HTNOBSCJRZGDSX-UHFFFAOYSA-N,6.946153573147747,True,c1ccc(Nc2ncnc3occc23)cc1
CHEMBL3633775,NC(=O)Nc1ccc2ncnc(Nc3ccc(Oc4ccc(Cl)c(Cl)c4)c(Cl)c3)c2c1,HTNWEOHOYGRLPU-UHFFFAOYSA-N,6.265200170411153,False,c1ccc(Oc2ccc(Nc3ncnc4ccccc34)cc2)cc1
CHEMBL1016,CCOc1nc2cccc(C(=O)O)c2n1Cc1ccc(-c2ccccc2-c2nn[nH]n2)cc1,HTQMVQVXFRQIKW-UHFFFAOYSA-N,5.484536811626732,False,c1ccc(-c2nn[nH]n2)c(-c2ccc(Cn3cnc4ccccc43)cc2)c1
CHEMBL162053,CN(C)CCN(C)c1cc2c(Nc3cccc(Br)c3)ncnc2cn1,HTUBDSNBHLULPF-UHFFFAOYSA-N,8.09151498112135,True,c1ccc(Nc2ncnc3cnccc23)cc1
CHEMBL285063,C=CC(=O)Nc1ccc2ncnc(Nc3cccc(Br)c3)c2c1,HTUBKQUPEREOGA-UHFFFAOYSA-N,8.568636235841012,True,c1ccc(Nc2ncnc3ccccc23)cc1
CHEMBL3133906,C=CC(=O)Nc1ccc2ncnc(Nc3ccc(OC)cc3OC)c2c1,HTWQUJPHCWCSKV-UHFFFAOYSA-N,6.031050319018657,False,c1ccc(Nc2ncnc3ccccc23)cc1
CHEMBL25579,COc1cc2c(Nc3ccc(Cl)cc3F)ncnc2cc1OCCN(C)c1ccncc1,HTZZYCNEQVCJJB-UHFFFAOYSA-N,6.522878745280337,True,c1ccc(Nc2ncnc3cc(OCCNc4ccncc4)ccc23)cc1
CHEMBL3545308,C=CC(=O)Nc1cccc(Nc2nc(Nc3ccc(N4CCN(C(C)=O)CC4)cc3OC)ncc2C(F)(F)F)c1,HUFOZJXAKZVRNJ-UHFFFAOYSA-N,8.698970004336019,True,c1ccc(Nc2ccnc(Nc3ccc(N4CCNCC4)cc3)n2)cc1
CHEMBL3676370,C=CC(=O)Nc1cc2c(Nc3ccc(Br)c(Cl)c3F)ncnc2cc1OCCNC(=O)CCOC,HUFVZUNTJJLXLG-UHFFFAOYSA-N,7.67778070526608,True,c1ccc(Nc2ncnc3ccccc23)cc1
CHEMBL382823,COCCN(Cc1cc2c(Nc3cccc(Cl)c3F)ncnc2cc1OC)C(C)C(N)=O,HUJDKQUEMHEAKI-UHFFFAOYSA-N,8.0,True,c1ccc(Nc2ncnc3ccccc23)cc1
CHEMBL4099008,C=CC(=O)N1CCC(Cn2c(=O)cc(C)c3cnc(Nc4ccc(N5CCN(C)CC5)cc4OC)nc32)C1,HULPGUFJHOGFAV-UHFFFAOYSA-N,7.195179321278838,True,O=c1ccc2cnc(Nc3ccc(N4CCNCC4)cc3)nc2n1CC1CCNC1
CHEMBL3221555,CCOC(=O)Nc1cc(Nc2ncnc3cc(OC)c(OC)cc23)ccc1C,HUNVSJNFAWGLIM-UHFFFAOYSA-N,5.301029995663981,False,c1ccc(Nc2ncnc3ccccc23)cc1
CHEMBL3980793,C=CC(=O)N1CC[C@H](Oc2cc3c(Nc4ccc(F)c(Cl)c4F)ncnc3cc2OC)CC1C(=O)NCCOC,HUPLQXTZJKDURX-OOJLDXBWSA-N,8.42021640338319,True,c1ccc(Nc2ncnc3ccc(OC4CCNCC4)cc23)cc1
CHEMBL1088348,CC1=NC(NCc2ccccc2)=NC(c2ccc(O)cc2O)C1C(=O)Nc1ccc(C)cc1,HUQAFLHLFALZQW-UHFFFAOYSA-N,4.628932137728263,False,O=C(Nc1ccccc1)C1C=NC(NCc2ccccc2)=NC1c1ccccc1
CHEMBL3633928,NC(=O)Nc1ccc2ncnc(Nc3ccc(OCc4cccc(F)c4)c(Cl)c3)c2c1,HUROJPARIBKVDY-UHFFFAOYSA-N,7.00436480540245,True,c1ccc(COc2ccc(Nc3ncnc4ccccc34)cc2)cc1
CHEMBL3234756,CCc1ccc(C(=O)Nc2ccc(CN3CCN(C)CC3)c(C(F)(F)F)c2)cc1NC(=O)c1cnc2[nH]ccc2c1,HUSRTGBJPIPAKE-UHFFFAOYSA-N,7.00436480540245,True,O=C(Nc1ccc(CN2CCNCC2)cc1)c1cccc(NC(=O)c2cnc3[nH]ccc3c2)c1
CHEMBL401251,COCCOc1cc2ncc(C#N)c(N[C@@H]3C[C@H]3c3ccccc3)c2cc1OC,HUVCXVMEQIZCIY-FXAWDEMLSA-N,7.277366077466188,True,c1ccc([C@@H]2C[C@H]2Nc2ccnc3ccccc23)cc1
CHEMBL169920,CN(C)C(=O)CN1CCC(n2cc(-c3cccc(O)c3)c3c(N)ncnc32)CC1,HUZDGCVNDDSQGA-UHFFFAOYSA-N,6.301029995663981,True,c1ccc(-c2cn(C3CCNCC3)c3ncncc23)cc1
CHEMBL1257795,N#Cc1ccc2c(c1)C(c1ccccc1F)=Nc1c[nH]nc1N2,HVAQMHFWXFSGJF-UHFFFAOYSA-N,4.962573502059376,False,c1ccc(C2=Nc3c[nH]nc3Nc3ccccc32)cc1
CHEMBL76116,Cc1[nH]c2ncnc(Oc3cccc(Cl)c3)c2c1C,HVDALGYOLPTPBQ-UHFFFAOYSA-N,5.6020599913279625,False,c1ccc(Oc2ncnc3[nH]ccc23)cc1
CHEMBL3965948,O=C(CBr)OCCn1c(=O)oc2cc3ncnc(Nc4ccc(N5CCOCC5)c(Cl)c4)c3cc21,HVDZCCXJWIROKH-UHFFFAOYSA-N,8.0,True,O=c1[nH]c2cc3c(Nc4ccc(N5CCOCC5)cc4)ncnc3cc2o1
CHEMBL3655345,CN(C)C/C=C/C(=O)N1Cc2sc3ncnc(Nc4ccc(OCc5cccc(F)c5)c(Cl)c4)c3c2C1,HVEVWNBOUFTSIY-QPJJXVBHSA-N,8.301029995663981,True,c1ccc(COc2ccc(Nc3ncnc4sc5c(c34)CNC5)cc2)cc1
CHEMBL3355873,COc1cc2ncnc(Nc3ccc(F)c(Cl)c3)c2cc1OCCn1ccnc1[N+](=O)[O-],HVFMZQWDMHJYLI-UHFFFAOYSA-N,8.515700160653214,True,c1ccc(Nc2ncnc3ccc(OCCn4ccnc4)cc23)cc1
CHEMBL260861,COc1cc(Nc2nn3c(N[C@H](CO)Cc4ccccc4)cc(C4CC4)nc3c2C(N)=O)cc(OC)c1,HVKVREKLPAMYHA-IBGZPJMESA-N,5.619788758288394,False,c1ccc(CCNc2cc(C3CC3)nc3cc(Nc4ccccc4)nn23)cc1
CHEMBL255656,CON=Cc1c(N)ncnc1Nc1ccc2c(cnn2Cc2cccc(Cl)c2)c1,HVLLPZIYFHPUMI-UHFFFAOYSA-N,7.638272163982407,True,c1ccc(Cn2ncc3cc(Nc4ccncn4)ccc32)cc1
CHEMBL32079,C=CC(=O)Nc1cc2c(Nc3ccc(F)c(Cl)c3)ncnc2cc1OCCOCCCCO,HVRIYPDAXABTLC-UHFFFAOYSA-N,8.769551078621726,True,c1ccc(Nc2ncnc3ccccc23)cc1
CHEMBL3633941,CCNC(=O)Nc1ccc(C(=O)Nc2ccc3ncnc(Nc4ccc(F)c(Cl)c4)c3c2)cc1,HVRYIRJKLABXOI-UHFFFAOYSA-N,7.508638306165727,True,O=C(Nc1ccc2ncnc(Nc3ccccc3)c2c1)c1ccccc1
CHEMBL1242289,CCOc1ccc(-c2nn(C3CCCC3)c3ncnc(N)c23)cc1O,HVUAYFFHDRNLOX-UHFFFAOYSA-N,6.114638779968487,False,c1ccc(-c2nn(C3CCCC3)c3ncncc23)cc1
CHEMBL1830278,NC(=S)NN=C(C=Cc1ccc(F)cc1)c1ccc(Br)cc1,HVVSAIWFDYFCSC-UHFFFAOYSA-N,5.66354026615147,False,N=C(C=Cc1ccccc1)c1ccccc1
CHEMBL1956886,Nc1nc(Nc2cccc(Br)c2)c2cc(Cc3ccc(Cl)c(Cl)c3)[nH]c2n1,HVYYWYVBZRALDO-UHFFFAOYSA-N,4.703993330686328,False,c1ccc(Cc2cc3c(Nc4ccccc4)ncnc3[nH]2)cc1
CHEMBL1272223,C=CC(=O)N1CCc2c(sc3ncnc(N[C@H](CC)c4ccccc4)c23)C1,HWDOWDDBEOZIIE-MRXNPFEDSA-N,7.337242168318426,True,c1ccc(CNc2ncnc3sc4c(c23)CCNC4)cc1
CHEMBL3800262,CC(=O)c1cccc(NC(=O)c2cc3ccccc3[nH]2)c1,HWDZTPJUIVHFEY-UHFFFAOYSA-N,4.2441251443275085,False,O=C(Nc1ccccc1)c1cc2ccccc2[nH]1
CHEMBL1928708,Oc1ccc(CNc2ccc3ncnc(Nc4cccc(Br)c4)c3c2)cc1,HWFVSJRQDJIDSV-UHFFFAOYSA-N,6.060480747381382,False,c1ccc(CNc2ccc3ncnc(Nc4ccccc4)c3c2)cc1
CHEMBL3633151,C=CC(=O)Nc1cccc(-n2c(=O)cc(C)c3cnc(Nc4ccc(N(C)CCN(C)C)cc4OC)nc32)c1,HWOFXAPUPWNIIO-UHFFFAOYSA-N,8.221848749616356,True,O=c1ccc2cnc(Nc3ccccc3)nc2n1-c1ccccc1
CHEMBL286343,C=CC(=O)Nc1cc2c(Nc3cccc(Br)c3)ncnc2cc1OCCCn1ccnc1,HWQPAHSRLNVGKB-UHFFFAOYSA-N,8.522878745280337,True,c1ccc(Nc2ncnc3cc(OCCCn4ccnc4)ccc23)cc1
CHEMBL1645472,NC1CCN(Cc2ccn3ncnc(Nc4cccc(F)c4)c23)CC1,HWTNQKRGLLXUKG-UHFFFAOYSA-N,7.494850021680094,True,c1ccc(Nc2ncnn3ccc(CN4CCCCC4)c23)cc1
CHEMBL2047024,C#Cc1cccc(NC(=O)c2cc(NC(=O)CCCCCCC(O)=NO)ccc2O)c1,HWVGUGDECFASCK-UHFFFAOYSA-N,5.647817481888637,False,O=C(Nc1ccccc1)c1ccccc1
CHEMBL3754803,C=CC(=O)Nc1cccc(-n2c(=O)cc(C)c3cnc(Nc4ccc(N5CCN(C)CC5)cc4C)nc32)c1,HWYGNESKQHUAQN-UHFFFAOYSA-N,7.628932137728263,True,O=c1ccc2cnc(Nc3ccc(N4CCNCC4)cc3)nc2n1-c1ccccc1
CHEMBL3805260,CCOC(C)Oc1cc2ncnc(Nc3ccc(C)c([N+](=O)[O-])c3)c2c2c1OCCO2,HWZKUDPVOFVABK-UHFFFAOYSA-N,6.439734602137285,True,c1ccc(Nc2ncnc3ccc4c(c23)OCCO4)cc1
CHEMBL3219129,C=CC(=O)Nc1cccc(N2C(=O)C(C(C)C)N(C)C(=O)c3cnc(Nc4ccc(N5CCN(C)CC5)cc4OC)nc32)c1,HXABAPFOIPDXTC-UHFFFAOYSA-N,7.605023280445436,True,O=C1NCC(=O)N(c2ccccc2)c2nc(Nc3ccc(N4CCNCC4)cc3)ncc21
CHEMBL522116,CSCc1cc(C=C2C(=O)Nc3ccccc32)cc(CSC)c1O,HXAVERUVVZQIGE-UHFFFAOYSA-N,6.3979400086720375,True,O=C1Nc2ccccc2C1=Cc1ccccc1
CHEMBL4071170,S=C(NCc1ccc(Cl)cc1)Nc1ccc2ncnc(Nc3cccc(Br)c3)c2c1,HXCCVHJPYCRHIK-UHFFFAOYSA-N,7.548213564475709,True,S=C(NCc1ccccc1)Nc1ccc2ncnc(Nc3ccccc3)c2c1
CHEMBL1830271,NC(=S)NN=C(C=Cc1ccc(OCc2ccccc2)cc1)c1ccccc1,HXCJXZPPLZOZHP-UHFFFAOYSA-N,6.154901959985743,False,N=C(C=Cc1ccc(OCc2ccccc2)cc1)c1ccccc1
CHEMBL3671534,C=CC(=O)Nc1cc2c(Nc3ccc(Br)cc3F)ncnc2cc1OCCNC(=O)CCN,HXCZCEAQVPKCAF-UHFFFAOYSA-N,6.58838029403677,True,c1ccc(Nc2ncnc3ccccc23)cc1
CHEMBL253969,NC(=O)c1c(OCc2c(F)cc(Br)cc2F)nsc1NC(=O)NCCCCN1CCCC1,HXHAJRMTJXHJJZ-UHFFFAOYSA-N,5.232591796771347,False,O=C(NCCCCN1CCCC1)Nc1cc(OCc2ccccc2)ns1
CHEMBL2029441,C=CC(=O)Nc1cccc(N2C(=O)N(c3ccc(OCc4ccccc4)cc3)Cc3cnc(Nc4ccc(N5CCN(C)CC5)cc4OC)nc32)c1,HXIOWWFZWFQOMH-UHFFFAOYSA-N,8.777283528852417,True,O=C1N(c2ccc(OCc3ccccc3)cc2)Cc2cnc(Nc3ccc(N4CCNCC4)cc3)nc2N1c1ccccc1
CHEMBL3936642,O=C(CBr)OCCn1c(=O)oc2cc3ncnc(Nc4ccc(OCc5cccc(F)c5)c(Cl)c4)c3cc21,HXJTXNQQLJWMEZ-UHFFFAOYSA-N,7.113509274827518,True,O=c1[nH]c2cc3c(Nc4ccc(OCc5ccccc5)cc4)ncnc3cc2o1
CHEMBL474524,COc1cc2ncnc(-c3c[nH]c4cc(F)c(Cl)cc34)c2cc1OCCCN1CCOCC1,HXKNWYUOIAOBMC-UHFFFAOYSA-N,6.47755576649368,True,c1ccc2c(-c3ncnc4ccc(OCCCN5CCOCC5)cc34)c[nH]c2c1
CHEMBL414631,COCOC#CC(=O)Nc1ccc2ncc(C#N)c(Nc3cccc(Br)c3)c2c1,HXKRMSOKTIQJRY-UHFFFAOYSA-N,6.481486060122112,True,c1ccc(Nc2ccnc3ccccc23)cc1
CHEMBL403785,C[C@@H](COc1cccc2ncnc(Nc3ccc(OCc4ccccn4)c(Cl)c3)c12)N(C)C(=O)CO,HXMKNGQXLJHQDQ-KRWDZBQOSA-N,5.58838029403677,False,c1ccc(COc2ccc(Nc3ncnc4ccccc34)cc2)nc1
CHEMBL250130,C[C@H](COc1cccc2ncnc(Nc3ccc(OCc4ccccn4)c(Cl)c3)c12)N(C)C(=O)CO,HXMKNGQXLJHQDQ-QGZVFWFLSA-N,8.522878745280337,True,c1ccc(COc2ccc(Nc3ncnc4ccccc34)cc2)nc1
CHEMBL3358006,C[C@@H]1CN(c2nc(C(F)(F)F)no2)CCN1c1ncc(OCc2ccc(CS(C)(=O)=O)cc2F)cn1,HXNOCBIFNWVJLT-CYBMUJFWSA-N,5.6777807052660805,False,c1ccc(COc2cnc(N3CCN(c4ncno4)CC3)nc2)cc1
CHEMBL3805280,COCCOc1cc2ncnc(Nc3ccc(F)c(C#N)c3)c2c2c1OCCO2,HXQGOXYMNOCPIV-UHFFFAOYSA-N,6.411392195257314,True,c1ccc(Nc2ncnc3ccc4c(c23)OCCO4)cc1
CHEMBL1914662,Oc1ccc(-c2cc3c(NCc4ccc(F)cc4)ncnc3[nH]2)cc1,HXQMBTCDQFEKSL-UHFFFAOYSA-N,7.585026652029182,True,c1ccc(CNc2ncnc3[nH]c(-c4ccccc4)cc23)cc1
CHEMBL552859,C=C(CN(C)C)C(=O)c1ccc(OCc2ccccc2)cc1,HXXAYPIGMDAGIS-UHFFFAOYSA-N,6.7447274948966935,True,c1ccc(COc2ccccc2)cc1
CHEMBL3805236,C#Cc1cccc(Nc2ncnc3cc(OC)c4c(c23)OCCO4)c1,HYAOSZCIKQDSNH-UHFFFAOYSA-N,7.962573502059376,True,c1ccc(Nc2ncnc3ccc4c(c23)OCCO4)cc1
CHEMBL2385983,CCOc1cc(N)c(C(=O)Nc2ccc(F)c(Cl)c2)cc1NC(=O)/C=C/CN(C)C,HYFRIENBZLGTIC-AATRIKPKSA-N,5.346787486224656,False,O=C(Nc1ccccc1)c1ccccc1
CHEMBL328245,CCCN(CC#CC(=O)Nc1ccc2ncnc(Nc3cccc(Br)c3)c2c1)CCC,HYIYITLSLFGRPG-UHFFFAOYSA-N,7.207608310501746,True,c1ccc(Nc2ncnc3ccccc23)cc1
CHEMBL2385969,CN1CCN(Cc2ccc(C(=O)Nc3ccc(-c4cncc(C#N)c4Nc4ccc(OCc5cccc(F)c5)c(Cl)c4)cc3)cc2)CC1,HYJUKBJZOYYOGM-UHFFFAOYSA-N,5.6020599913279625,False,O=C(Nc1ccc(-c2cnccc2Nc2ccc(OCc3ccccc3)cc2)cc1)c1ccc(CN2CCNCC2)cc1
CHEMBL1172916,Cc1ccc(C2CC(c3ccc(Cl)c(Cl)c3)=NN2C(N)=S)cc1,HYKGIFCAVSPOCM-UHFFFAOYSA-N,5.131943638176958,False,c1ccc(C2=NNC(c3ccccc3)C2)cc1
CHEMBL2048788,CC(C)(C)NC(=O)c1cccc(Oc2ccc(Nc3ncnc4ccn(CCO)c34)cc2Cl)c1,HYMYAHJTTZILBA-UHFFFAOYSA-N,7.481486060122112,True,c1ccc(Oc2ccc(Nc3ncnc4cc[nH]c34)cc2)cc1
CHEMBL1945647,Cc1ccc(S(=O)(=O)NC(=O)c2ccc(C)nc2Cl)cc1,HYSDNMWSBYIISH-UHFFFAOYSA-N,4.823330067331851,False,O=C(NS(=O)(=O)c1ccccc1)c1cccnc1
CHEMBL366580,Brc1cccc(Nc2[nH]cnc3cc4cnnc4cc23)c1,HYTOHIKPHBONQO-UHFFFAOYSA-N,9.468521082957745,True,c1ccc(Nc2[nH]cnc3cc4cnnc4cc23)cc1
CHEMBL3894623,COc1cc2c(Nc3ccc(NC(=O)Nc4cccc(Cl)c4)cc3)ncnc2cc1OCc1ccccc1,HYVNDSYVYRZXAP-UHFFFAOYSA-N,5.3326404538169125,False,O=C(Nc1ccccc1)Nc1ccc(Nc2ncnc3cc(OCc4ccccc4)ccc23)cc1
CHEMBL3699596,C=CC(=O)Nc1cccc(Oc2nc(Nc3ccc(N4CCN(C(=O)OC)CC4)cc3OC)ncc2C(F)(F)F)c1,HYWICFNCOAZGSB-UHFFFAOYSA-N,8.259637310505756,True,c1ccc(Oc2ccnc(Nc3ccc(N4CCNCC4)cc3)n2)cc1
CHEMBL161895,Cc1cccc(Nc2ncnc3cnc(NCCc4c[nH]cn4)cc23)c1,HYWSAKRCBCFZNH-UHFFFAOYSA-N,8.886056647693163,True,c1ccc(Nc2ncnc3cnc(NCCc4c[nH]cn4)cc23)cc1
CHEMBL257859,Clc1cc(Nc2ncnc3[nH]nc(OCCCN4CCOCC4)c23)ccc1OCc1ccccn1,HYWZCMMMRGRRRF-UHFFFAOYSA-N,7.795880017344075,True,c1ccc(COc2ccc(Nc3ncnc4[nH]nc(OCCCN5CCOCC5)c34)cc2)nc1
CHEMBL1172823,NC(=S)N1N=C(c2ccc(Br)c(Br)c2)CC1c1ccc(F)cc1,HZBFCVQTWRSCGU-UHFFFAOYSA-N,5.049635145623877,False,c1ccc(C2=NNC(c3ccccc3)C2)cc1
CHEMBL3357641,CN(C)C/C=C(\F)C(=O)Nc1cc2c(Nc3ccc(F)c(Cl)c3)ncnc2cc1O[C@H]1CCOC1,HZBHTRUJNPPRNW-KAZCASEASA-N,8.2580609222708,True,c1ccc(Nc2ncnc3cc(O[C@H]4CCOC4)ccc23)cc1
CHEMBL3357642,CN(C)C/C=C(/F)C(=O)Nc1cc2c(Nc3ccc(F)c(Cl)c3)ncnc2cc1O[C@H]1CCOC1,HZBHTRUJNPPRNW-PVYRDDNUSA-N,7.58838029403677,True,c1ccc(Nc2ncnc3cc(O[C@H]4CCOC4)ccc23)cc1
CHEMBL205454,COc1ccc2c(c1)CNc1c(Nc3ccc(Cl)cc3)ncnc1O2,HZBPYMDEPLTVAO-UHFFFAOYSA-N,5.236572006437063,False,c1ccc(Nc2ncnc3c2NCc2ccccc2O3)cc1
CHEMBL501705,CCS(=O)(=O)N[C@H]1CN[C@H](C#Cc2cc3ncnc(Nc4ccc(OCc5cccc(F)c5)c(Cl)c4)c3s2)C1,HZCGTIZXDADJDG-TZIWHRDSSA-N,7.301029995663981,True,C(#C[C@@H]1CCCN1)c1cc2ncnc(Nc3ccc(OCc4ccccc4)cc3)c2s1
CHEMBL4293734,C=C=CC(=O)Nc1cc(Nc2nccc(-c3cn(C)c4ccccc34)n2)c(OC)cc1N1CCC(N(C)C)CC1,HZDWGCSFYUCUQB-UHFFFAOYSA-N,9.0,True,c1ccc2c(-c3ccnc(Nc4ccc(N5CCCCC5)cc4)n3)c[nH]c2c1
CHEMBL3759900,COc1cc(C=O)ccc1-c1cc2c(NCc3ccccc3)ncnc2s1,HZJBPOLPUNPWEP-UHFFFAOYSA-N,8.221848749616356,True,c1ccc(CNc2ncnc3sc(-c4ccccc4)cc23)cc1
CHEMBL3604927,Cc1cc(Nc2cc(N3CCN(C)CC3)nc(Oc3cccc([N+](=O)[O-])c3)n2)[nH]n1,HZKIIUFULFKKEU-UHFFFAOYSA-N,5.4089353929735005,False,c1ccc(Oc2nc(Nc3ccn[nH]3)cc(N3CCNCC3)n2)cc1
CHEMBL3746642,CC(=O)N1N=C(c2ccc([N+](=O)[O-])cc2)CC1c1ccc(C(=O)OC(C)Cn2c([N+](=O)[O-])cnc2C)cc1,HZKRIAYPKCGAPE-UHFFFAOYSA-N,5.838631997765026,False,O=C(OCCn1ccnc1)c1ccc(C2CC(c3ccccc3)=NN2)cc1
CHEMBL3982602,C=CC(=O)N1CCC(n2c(NC(=O)c3cccc(C(F)(F)F)c3)nc3cc(C)ccc32)CC1,HZMZQDASGBQWAM-UHFFFAOYSA-N,4.783570169123749,False,O=C(Nc1nc2ccccc2n1C1CCNCC1)c1ccccc1
CHEMBL1958215,Cc1ccc(C2=NN(c3nc(O)cs3)C(c3ccc(Br)cc3)C2)cc1,HZRHRWXQWZWELB-UHFFFAOYSA-N,6.619788758288394,True,c1ccc(C2=NN(c3nccs3)C(c3ccccc3)C2)cc1
CHEMBL3416439,C#Cc1cccc(Nc2ncnc3sc(Br)cc23)c1,HZRJJOQMJFPVPP-UHFFFAOYSA-N,7.638272163982407,True,c1ccc(Nc2ncnc3sccc23)cc1
CHEMBL2325096,Fc1ccc(C2=NN(c3ccccc3)C(c3ccc4ccccc4c3)C2)cc1,HZSFWOABFOFUGI-UHFFFAOYSA-N,6.522878745280337,True,c1ccc(C2=NN(c3ccccc3)C(c3ccc4ccccc4c3)C2)cc1
CHEMBL52472,COc1ccc2ncncc2c1,HZUCGIFQFAMADM-UHFFFAOYSA-N,7.522878745280337,True,c1ccc2ncncc2c1
CHEMBL4242522,CCc1ccc(N(C)c2ncnc3occ(C)c23)cc1,HZYHQHCKBTWZMB-UHFFFAOYSA-N,8.397940008672037,True,c1ccc(Nc2ncnc3occc23)cc1
CHEMBL3233771,COCCNC/C=C/C(=O)Nc1cc2c(Nc3ccc(F)c(Cl)c3)ncnc2s1,IACLWEVYVPVQAK-NSCUHMNNSA-N,5.982966660701219,False,c1ccc(Nc2ncnc3sccc23)cc1
CHEMBL122785,O=S(=O)(O)c1cc(NCc2cc(O)ccc2O)ccc1O,IAGBIZJZJUQADZ-UHFFFAOYSA-N,4.987162775294828,False,c1ccc(CNc2ccccc2)cc1
CHEMBL597914,CCCCCCCCCCCCNC(=O)COc1cc(O)c2c(=O)cc(-c3ccccc3)oc2c1,IAGJQFPVZNCGIJ-UHFFFAOYSA-N,5.896196279044043,False,O=c1cc(-c2ccccc2)oc2ccccc12
CHEMBL204625,Nc1ccccc1C#Cc1cncnc1Nc1ccc(OCc2cccc(F)c2)c(Cl)c1,IARDESHMMYHYBU-UHFFFAOYSA-N,7.200659450546418,True,C(#Cc1cncnc1Nc1ccc(OCc2ccccc2)cc1)c1ccccc1
CHEMBL1958032,Oc1csc(N2N=C(c3ccc(Cl)cc3)CC2c2ccc(F)cc2)n1,IARLBHSZNIZUSF-UHFFFAOYSA-N,4.8474059220725305,False,c1ccc(C2=NN(c3nccs3)C(c3ccccc3)C2)cc1
CHEMBL3233763,CN(C)CCCN(C)CC(=O)Nc1cc2c(Nc3ccc(F)c(Cl)c3)ncnc2s1,IASJFAFPMHBSJO-UHFFFAOYSA-N,5.282163132513075,False,c1ccc(Nc2ncnc3sccc23)cc1
CHEMBL160207,CN(C)C(=O)c1c(SSc2c(C(=O)N(C)C)c3ccccc3n2C)n(C)c2ccccc12,IBCFESZMYOEIBK-UHFFFAOYSA-N,4.673664139071248,False,c1ccc2[nH]c(SSc3cc4ccccc4[nH]3)cc2c1
CHEMBL1950289,O[C@H]1CC[C@H](Nc2ncc3nc(Nc4c(F)cc(F)cc4F)n([C@H]4CCOC4)c3n2)CC1,IBGLGMOPHJQDJB-IHRRRGAJSA-N,6.42021640338319,True,c1ccc(Nc2nc3cnc(NC4CCCCC4)nc3n2[C@H]2CCOC2)cc1
CHEMBL598306,CCCCCCCCCCCCCCOC(=O)COc1cc(O)c2c(=O)cc(-c3ccccc3)oc2c1,IBHLXNGSNVBLIQ-UHFFFAOYSA-N,5.995678626217357,False,O=c1cc(-c2ccccc2)oc2ccccc12
CHEMBL149512,Brc1cccc(Nc2ncnc3c2oc2ccccc23)c1,IBILPMVWJIFCOY-UHFFFAOYSA-N,6.130768280269024,False,c1ccc(Nc2ncnc3c2oc2ccccc23)cc1
CHEMBL3961553,OC[C@@H](Nc1ncnc2oc(-c3ccc(O)cc3)cc12)c1ccccc1,IBMWBDJHLOWFPJ-QGZVFWFLSA-N,8.698970004336019,True,c1ccc(CNc2ncnc3oc(-c4ccccc4)cc23)cc1
CHEMBL3953210,COc1ccc(-c2cc3c(N[C@H](C)c4cccc(F)c4)ncnc3o2)cc1,IBMXICUELWPXBV-CYBMUJFWSA-N,7.619788758288394,True,c1ccc(CNc2ncnc3oc(-c4ccccc4)cc23)cc1
CHEMBL4281413,O=C(Nc1cc(Nc2ccc(Cl)cc2)ncn1)c1ccc(F)cc1,IBORCYYLTJHDOD-UHFFFAOYSA-N,5.851089006890644,False,O=C(Nc1cc(Nc2ccccc2)ncn1)c1ccccc1
CHEMBL1241769,Nc1ncnc2c1c(-c1ccc(Cl)c(O)c1)nn2CC1CCCN1,IBSCAHNKEHRFKF-UHFFFAOYSA-N,5.027797161620935,False,c1ccc(-c2nn(CC3CCCN3)c3ncncc23)cc1
CHEMBL1630113,Nc1ccccc1NC(=O)/C=C/c1ccc(-c2ccc3ncnc(Nc4ccc(OCc5cccc(F)c5)c(Cl)c4)c3c2)o1,IBUAKKIEDFKTKJ-RVDMUPIBSA-N,7.585026652029182,True,O=C(/C=C/c1ccc(-c2ccc3ncnc(Nc4ccc(OCc5ccccc5)cc4)c3c2)o1)Nc1ccccc1
CHEMBL3759848,COc1cc2c(Nc3ccc(NC(=O)c4cccc(Cl)c4)cc3)ncnc2cc1OCCN1CCCCC1,IBYFQHBVYWWLLA-UHFFFAOYSA-N,6.522878745280337,True,O=C(Nc1ccc(Nc2ncnc3cc(OCCN4CCCCC4)ccc23)cc1)c1ccccc1
CHEMBL1242663,CC(C)n1nc(-c2cc3ccccc3nc2Cl)c2c(N)ncnc21,ICDLHJHOKRQIIV-UHFFFAOYSA-N,4.0,False,c1ccc2ncc(-c3n[nH]c4ncncc34)cc2c1
CHEMBL3680374,O=C(/C=C/CN1CCCCC1)Nc1cc2c(Nc3ccc(F)c(Cl)c3)ncnc2cc1OCC(F)F,ICDUDMAKDBBZOT-SNAWJCMRSA-N,8.005682847330363,True,O=C(/C=C/CN1CCCCC1)Nc1ccc2ncnc(Nc3ccccc3)c2c1
CHEMBL3098321,CNS(=O)(=O)c1ccc(Nc2nc(Cl)nc3cc(OC)c(OC)cc23)cc1,ICNWLCWFTRGJDM-UHFFFAOYSA-N,5.787812395596042,False,c1ccc(Nc2ncnc3ccccc23)cc1
CHEMBL1241482,Nc1ncnc2c1c(-c1ccc(F)c(O)c1)nn2Cc1ocnc1-c1ccccc1,ICPHLXAHKNXIGM-UHFFFAOYSA-N,4.0,False,c1ccc(-c2ncoc2Cn2nc(-c3ccccc3)c3cncnc32)cc1
CHEMBL1928716,Oc1ccccc1CNc1ccc2ncnc(Nc3cccc(Cl)c3)c2c1,ICQAMXDCJTUNAQ-UHFFFAOYSA-N,5.450996737974212,False,c1ccc(CNc2ccc3ncnc(Nc4ccccc4)c3c2)cc1
CHEMBL111197,COc1cccc(Nc2ncc3cc(-c4c(Cl)cccc4Cl)c(=O)n(C)c3n2)c1,IDCFPJHKTOPZHU-UHFFFAOYSA-N,7.522878745280337,True,O=c1[nH]c2nc(Nc3ccccc3)ncc2cc1-c1ccccc1
CHEMBL4285894,Cc1oc2ncnc(Nc3cccc(Br)c3)c2c1C(=O)O,IDDDPBUECDBNJX-UHFFFAOYSA-N,6.123782159408358,False,c1ccc(Nc2ncnc3occc23)cc1
CHEMBL3647970,CN(C)C/C=C/C(=O)N1CCC[C@@H](n2nc(-c3ccc(Oc4ccccc4)cc3)c3c(N)ncnc32)C1,IDIZKFVKMFGLPN-FTUXVVSKSA-N,7.311580177997289,True,c1ccc(Oc2ccc(-c3nn([C@@H]4CCCNC4)c4ncncc34)cc2)cc1
CHEMBL3954370,O=C(Nc1nc2ccccc2n1[C@H]1CC[C@H](O)CC1)c1cccc(C(F)(F)F)c1,IDJUAWMLSORTJP-WKILWMFISA-N,6.585026652029182,True,O=C(Nc1nc2ccccc2n1C1CCCCC1)c1ccccc1
CHEMBL188386,OCCCCNc1cncc(-c2cncc(Nc3cccc(Cl)c3)n2)c1,IDNNHUIRPPFJBA-UHFFFAOYSA-N,5.130768280269024,False,c1ccc(Nc2cncc(-c3cccnc3)n2)cc1
CHEMBL485320,Nc1nc(Nc2cccc(Br)c2)c2cc(CCc3ccccc3)[nH]c2n1,IDPINEYUDSPLGM-UHFFFAOYSA-N,6.522878745280337,True,c1ccc(CCc2cc3c(Nc4ccccc4)ncnc3[nH]2)cc1
CHEMBL334801,CN(C)CCCNC(=O)/C=C/C(=O)Nc1cc2c(Nc3cccc(Br)c3)ncnc2cn1,IDQAZRHOHYFAOQ-BQYQJAHWSA-N,7.244125144327507,True,c1ccc(Nc2ncnc3cnccc23)cc1
CHEMBL3678959,CC(C)n1c(NC2CCCCC2)nc2cnc(Nc3ccc(N4CCN(C)CC4)cc3)nc21,IDRLVNWZKKHTGY-UHFFFAOYSA-N,7.823908740944319,True,c1cc(N2CCNCC2)ccc1Nc1ncc2nc(NC3CCCCC3)[nH]c2n1
CHEMBL424093,Brc1cccc(Nc2ncnc3ccc(N=NNCc4ccccc4)cc23)c1,IEJGXNCMVRIUTE-UHFFFAOYSA-N,7.602059991327962,True,c1ccc(CNN=Nc2ccc3ncnc(Nc4ccccc4)c3c2)cc1
CHEMBL4103440,COc1ccc(-c2nnc(-n3c(-c4ccccc4)nc4cc(Cl)ccc4c3=O)s2)cc1,IEKNZXAZPJJHMT-UHFFFAOYSA-N,7.67778070526608,True,O=c1c2ccccc2nc(-c2ccccc2)n1-c1nnc(-c2ccccc2)s1
CHEMBL54788,Fc1ccc2ncnc(Nc3cccc(Br)c3)c2n1,IEMOICPYMPGBAD-UHFFFAOYSA-N,7.356547323513812,True,c1ccc(Nc2ncnc3cccnc23)cc1
CHEMBL3353404,C=CC(=O)Nc1cc(Nc2ncc(Cl)c(-c3cnn4ccccc34)n2)c(OC)cc1N(C)CCN(C)C,IEPKZTQXMCCRFJ-UHFFFAOYSA-N,6.221848749616356,False,c1ccc(Nc2nccc(-c3cnn4ccccc34)n2)cc1
CHEMBL592710,O=C(Nc1ccccc1Cl)c1ccc(N(CCCl)CCCl)cc1,IEYXXRSUGCKRPU-UHFFFAOYSA-N,5.024108863598207,False,O=C(Nc1ccccc1)c1ccccc1
CHEMBL3962343,C=CC(=O)Nc1cccc(Nc2nc(Nc3ccc(NC(C)C)cc3OC)ncc2Cl)c1,IEZFFFOOLULQBR-UHFFFAOYSA-N,8.301029995663981,True,c1ccc(Nc2ccnc(Nc3ccccc3)n2)cc1
CHEMBL78206,CC(C)(C)NC(=O)c1ccc(S(=O)(=O)Oc2ccc(/C=C/[N+](=O)[O-])cc2)cc1,IEZHNBSSJDTKIY-OUKQBFOZSA-N,5.886056647693163,False,O=S(=O)(Oc1ccccc1)c1ccccc1
CHEMBL3966129,Clc1ccc(C(C=Cc2ccccc2)=NNc2nncc3ccccc23)cc1,IFAAYTNDJIPJBZ-UHFFFAOYSA-N,8.200659450546418,True,C(=Cc1ccccc1)C(=NNc1nncc2ccccc12)c1ccccc1
CHEMBL1173105,COc1cc(OC)cc(C2CC(c3ccc(C)c(C)c3)=NN2C(C)=O)c1,IFBBHVRVNLEUFC-UHFFFAOYSA-N,4.761702932124607,False,c1ccc(C2=NNC(c3ccccc3)C2)cc1
CHEMBL3335244,COc1cc(Br)c(Br)c(C=Nc2ccc3[nH]c(=O)[nH]c3c2)c1O,IFGPRLKBEQJZAK-UHFFFAOYSA-N,4.052223291535261,False,O=c1[nH]c2ccc(N=Cc3ccccc3)cc2[nH]1
CHEMBL4084847,NP(=O)(OCCOc1ccc2ncnc(Nc3cccc(Br)c3)c2c1)N(CCCl)CCCl,IFGRZKHRJZWZKC-UHFFFAOYSA-N,8.366531544420413,True,c1ccc(Nc2ncnc3ccccc23)cc1
CHEMBL291514,COc1cc2ncnc(Nc3ccc(F)c(Cl)c3)c2cc1OCCCN1CCCCC1,IFIRBZOPPUFQRQ-UHFFFAOYSA-N,7.102372908709558,True,c1ccc(Nc2ncnc3ccc(OCCCN4CCCCC4)cc23)cc1
CHEMBL4085842,C=CC(=O)Nc1cc(Nc2cc(-c3cn(C)c4ccccc34)ncn2)c(OC)cc1N(C)CCN(C)C,IFOIDOQJOBWHQI-UHFFFAOYSA-N,8.795880017344075,True,c1ccc(Nc2cc(-c3c[nH]c4ccccc34)ncn2)cc1
CHEMBL49120,CCN(CC)CCOc1ccc(Nc2ncc3cc(-c4c(Cl)cccc4Cl)c(=O)n(C)c3n2)cc1,IFPPYSWJNWHOLQ-UHFFFAOYSA-N,6.455931955649724,True,O=c1[nH]c2nc(Nc3ccccc3)ncc2cc1-c1ccccc1
CHEMBL474543,Clc1ccc2c(Nc3ccc(-c4nc5ccccc5s4)cc3)ccnc2c1,IFTCXKUSJMWVRD-UHFFFAOYSA-N,5.275724130399211,False,c1ccc2sc(-c3ccc(Nc4ccnc5ccccc45)cc3)nc2c1
CHEMBL155607,NC(=O)CCc1c(S)[nH]c2ccccc12,IFTGCWCVWKQAJP-UHFFFAOYSA-N,4.657577319177793,False,c1ccc2[nH]ccc2c1
CHEMBL3939588,COc1cc2c(Nc3ccc(NC(=O)Nc4ccc(C)c(C)c4)c(Cl)c3)ncnc2cc1OCCN1CCCCC1,IFXUZZCWTCUKMY-UHFFFAOYSA-N,6.087777943467584,False,O=C(Nc1ccccc1)Nc1ccc(Nc2ncnc3cc(OCCN4CCCCC4)ccc23)cc1
CHEMBL2029691,O=C(Cc1ccc(F)cc1)Nc1cc(SC[C@@H](O)CO)cc([N+](=O)[O-])c1,IFYGYPZZXIKBMR-HNNXBMFYSA-N,4.313363730737707,False,O=C(Cc1ccccc1)Nc1ccccc1
CHEMBL287007,CN(C)Cc1c[nH]c2cc3ncnc(Nc4cccc(Br)c4)c3cc12,IGDHQJMAOBJFFR-UHFFFAOYSA-N,8.585026652029182,True,c1ccc(Nc2ncnc3cc4[nH]ccc4cc23)cc1
CHEMBL472743,COc1cc(NC(=O)/C=C/CN2CCOCC2)cc2c(Nc3cccc(Br)c3)ccnc12,IGFGOGKMSDOPMO-ZZXKWVIFSA-N,5.268411234813261,False,O=C(/C=C/CN1CCOCC1)Nc1ccc2nccc(Nc3ccccc3)c2c1
CHEMBL2048791,OCCn1ccc2ncnc(Nc3ccc(Oc4ccc5[nH]c(O)cc5c4)c(Cl)c3)c21,IGFKANFJGLNSMJ-UHFFFAOYSA-N,6.017728766960431,False,c1nc(Nc2ccc(Oc3ccc4[nH]ccc4c3)cc2)c2[nH]ccc2n1
CHEMBL3746557,CC(=O)N1N=C(c2ccc(C(F)(F)F)cc2)CC1c1ccc(C(=O)OCCn2c([N+](=O)[O-])cnc2C)cc1,IGJWJUSLCTWOTR-UHFFFAOYSA-N,6.585026652029182,True,O=C(OCCn1ccnc1)c1ccc(C2CC(c3ccccc3)=NN2)cc1
CHEMBL355816,O=C(O)CNc1cc2c(Nc3cccc(Br)c3)ncnc2cn1,IGLQVXWYTLQQLP-UHFFFAOYSA-N,9.55284196865778,True,c1ccc(Nc2ncnc3cnccc23)cc1
CHEMBL245667,NCCCOCc1ccn2ncnc(Nc3ccc4c(cnn4Cc4cccc(F)c4)c3)c12,IGODIYJKZLOCRX-UHFFFAOYSA-N,7.1938200260161125,True,c1ccc(Cn2ncc3cc(Nc4ncnn5cccc45)ccc32)cc1
CHEMBL3133899,C=CC(=O)N1CCc2c(sc3ncnc(Nc4ccc(CC)cc4)c23)C1,IGTJYNJVGNSKLF-UHFFFAOYSA-N,6.886056647693163,True,c1ccc(Nc2ncnc3sc4c(c23)CCNC4)cc1
CHEMBL1094492,COc1ccc(CCCCCn2c3c(c4cc(OCCc5ccc(O)cc5)ccc42)CC(N)CC3)cc1,IGTPBMXPVDBCHU-UHFFFAOYSA-N,5.863279432843593,False,c1ccc(CCCCCn2c3c(c4cc(OCCc5ccccc5)ccc42)CCCC3)cc1
CHEMBL3983586,Cc1ccc(C(C=Cc2ccc(F)cc2)=NNc2nncc3ccccc23)cc1,IGXWHXJCDUCSBX-UHFFFAOYSA-N,8.187086643357144,True,C(=Cc1ccccc1)C(=NNc1nncc2ccccc12)c1ccccc1
CHEMBL3655340,CN1CCC[C@H]1/C=C/C(=O)N1CCc2c(sc3ncnc(Nc4ccc(F)c(Cl)c4)c23)C1,IHAMQXNCAXXWHB-ZKKXHLJNSA-N,9.0,True,O=C(/C=C/[C@@H]1CCCN1)N1CCc2c(sc3ncnc(Nc4ccccc4)c23)C1
CHEMBL257814,CON=Cc1c(N)ncnc1Nc1ccc2c(c1)CCN2Cc1cccc(F)c1,IHENPELYHGNHBT-UHFFFAOYSA-N,7.244125144327507,True,c1ccc(CN2CCc3cc(Nc4ccncn4)ccc32)cc1
CHEMBL1172915,COc1ccc(C2CC(c3ccc(Cl)c(Cl)c3)=NN2C(N)=S)cc1,IHEPFUCGBHRUNZ-UHFFFAOYSA-N,5.241088107602026,False,c1ccc(C2=NNC(c3ccccc3)C2)cc1
CHEMBL2312645,COc1ccccc1CNc1ncc(C(=O)NC2CCN(C)CC2)c(NC2CCCC2)n1,IHJZXCJKSRQJCM-UHFFFAOYSA-N,4.522878745280337,False,O=C(NC1CCNCC1)c1cnc(NCc2ccccc2)nc1NC1CCCC1
CHEMBL2335376,Nc1nc(Nc2cccc(Br)c2)c2cc(CCc3ccccn3)[nH]c2n1,IHMGTTHADPULSV-UHFFFAOYSA-N,6.522878745280337,True,c1ccc(Nc2ncnc3[nH]c(CCc4ccccn4)cc23)cc1
CHEMBL590876,Oc1ccc(C=NN=c2[nH]c(O)cs2)cc1,IHOZUQVCUARQLW-UHFFFAOYSA-N,5.326979092871104,False,C(=NN=c1[nH]ccs1)c1ccccc1
CHEMBL94062,O=C(C#CCO)Nc1ccc2ncnc(Nc3cccc(Br)c3)c2c1,IHZHFIKEGVXLHF-UHFFFAOYSA-N,8.698970004336019,True,c1ccc(Nc2ncnc3ccccc23)cc1
CHEMBL172517,CCOc1cc(O)c2c(=O)cc(-c3ccccc3)oc2c1,IIBZPBNMVWOFEQ-UHFFFAOYSA-N,4.497572880015567,False,O=c1cc(-c2ccccc2)oc2ccccc12
CHEMBL3954587,C=CC(=O)N1CC(Oc2cc3c(Nc4cccc(Cl)c4F)ncnc3cc2OC)C1,IIFQNOCMFDBNKE-UHFFFAOYSA-N,8.221848749616356,True,c1ccc(Nc2ncnc3ccc(OC4CNC4)cc23)cc1
CHEMBL2385987,CCOc1ccc(C(=O)Nc2ccc(OCc3ccccn3)c(Cl)c2)cc1NC(=O)c1ccc(CN2CCN(C)CC2)cc1,IIKPZXNHNNUOAD-UHFFFAOYSA-N,5.455931955649724,False,O=C(Nc1cccc(C(=O)Nc2ccc(OCc3ccccn3)cc2)c1)c1ccc(CN2CCNCC2)cc1
CHEMBL135142,O=C(/C=C/C(F)(F)F)Nc1ccc2ncnc(Nc3cccc(Br)c3)c2c1,IINXAWRVTBPNCW-VOTSOKGWSA-N,7.455931955649724,True,c1ccc(Nc2ncnc3ccccc23)cc1
CHEMBL597304,CCCCCCCCNC(=O)COc1cc(O)c2c(=O)cc(-c3ccccc3)oc2c1,IIOFDVULDRDNMC-UHFFFAOYSA-N,5.273272790973428,False,O=c1cc(-c2ccccc2)oc2ccccc12
CHEMBL2385974,CCOc1cc([N+](=O)[O-])c(C(=O)Nc2ccc(OCc3ccccn3)c(Cl)c2)cc1NC(=O)/C=C/CN(C)C,IIVNGIXEDCYEJP-VQHVLOKHSA-N,6.070581074285707,False,O=C(Nc1ccc(OCc2ccccn2)cc1)c1ccccc1
CHEMBL57690,c1ccc(Nc2nccc(-c3cccnc3)n2)cc1,IJAJKPWVXDRQIB-UHFFFAOYSA-N,4.0,False,c1ccc(Nc2nccc(-c3cccnc3)n2)cc1
CHEMBL3903707,C=CC(=O)Nc1cccc(Nc2nc(Nc3ccccc3OC)ncc2Cl)c1,IJBMVFJGJFRXOX-UHFFFAOYSA-N,6.187086643357144,False,c1ccc(Nc2ccnc(Nc3ccccc3)n2)cc1
CHEMBL205284,Fc1cccc(COc2ccc(Nc3ncncc3C#Cc3cc[nH]n3)cc2Cl)c1,IJCQFRPHONNGRV-UHFFFAOYSA-N,7.376750709602099,True,C(#Cc1cncnc1Nc1ccc(OCc2ccccc2)cc1)c1cc[nH]n1
CHEMBL4203001,CN(CCO)c1nc(Nc2ccccc2)nc2cnc(Nc3ccc(N4CCC(N(C)C)CC4)cn3)cc12,IJCZZZUGGVWJSH-UHFFFAOYSA-N,7.289882634888183,True,c1ccc(Nc2ncc3cc(Nc4ccc(N5CCCCC5)cn4)ncc3n2)cc1
CHEMBL3263374,Oc1csc(N2N=C(c3ccccc3)CC2c2ccc3ccccc3c2)n1,IJFBHGXLWRHEKO-UHFFFAOYSA-N,5.199970640755866,False,c1ccc(C2=NN(c3nccs3)C(c3ccc4ccccc4c3)C2)cc1
CHEMBL247024,N#Cc1cnc2ccc(-c3ccc(CN4CCOCC4)cc3)cc2c1N[C@@H]1C[C@H]1c1ccccc1,IJICIGXZTZGSSZ-LITSAYRRSA-N,5.596879478824182,False,c1ccc([C@@H]2C[C@H]2Nc2ccnc3ccc(-c4ccc(CN5CCOCC5)cc4)cc23)cc1
CHEMBL3092304,C#CCNC(=O)Nc1cc2c(Nc3ccc(F)c(Cl)c3)ncnc2cc1O[C@H]1CCOC1,IJIPMONKZNYTTI-AWEZNQCLSA-N,6.634512015109101,True,c1ccc(Nc2ncnc3cc(O[C@H]4CCOC4)ccc23)cc1
CHEMBL1173653,Cc1ccc(/C=C/C(=O)OCCn2c([N+](=O)[O-])cnc2C)cc1,IJUNVQOREZBHKC-BQYQJAHWSA-N,5.090979145788844,False,O=C(/C=C/c1ccccc1)OCCn1ccnc1
CHEMBL520839,CCOc1cc(C=C(C#N)C(N)=O)cc(CSc2ccc(C)cc2)c1O,IJYHDNYPTQOLNF-UHFFFAOYSA-N,4.698970004336019,False,c1ccc(CSc2ccccc2)cc1
CHEMBL4083916,CCC(=O)N1CC[C@H](N2C(=O)N(c3cc(OC)ccc3F)Cc3cnc(Nc4ccc(N5CCN(C)CC5)c(C(C)C)c4)nc32)C1,IJZAEIXTZMXNMM-VWLOTQADSA-N,6.437707135543525,True,O=C1N(c2ccccc2)Cc2cnc(Nc3ccc(N4CCNCC4)cc3)nc2N1[C@H]1CCNC1
CHEMBL1172603,CC(=O)N1N=C(c2ccc(C)c(C)c2)CC1c1ccc(F)cc1,IKAISWCNBSSXHG-UHFFFAOYSA-N,4.80799040734633,False,c1ccc(C2=NNC(c3ccccc3)C2)cc1
CHEMBL345294,Brc1cccc(Nc2ncnc3ccsc23)c1,IKDNMRVPNRIVPS-UHFFFAOYSA-N,7.958607314841775,True,c1ccc(Nc2ncnc3ccsc23)cc1
CHEMBL496388,N#Cc1cnc2c(Cl)cc(NCc3c[nH]nn3)cc2c1Nc1ccc(F)c(Cl)c1,IKMGVUYZBWHRNX-UHFFFAOYSA-N,6.0,False,c1ccc(Nc2ccnc3ccc(NCc4c[nH]nn4)cc23)cc1
CHEMBL381306,Brc1ccc2c(c1)CNc1c(NCc3ccccc3)ncnc1O2,IKNBLPJKSTZMSC-UHFFFAOYSA-N,5.221848749616356,False,c1ccc(CNc2ncnc3c2NCc2ccccc2O3)cc1
CHEMBL3753461,C=CC(=O)Nc1cccc(-n2c(=O)cc(C)c3c(C)nc(Nc4ccc(N5CCN(C)CC5)cc4OC)nc32)c1,IKPAGBVWKQJVOI-UHFFFAOYSA-N,6.552841968657781,True,O=c1ccc2cnc(Nc3ccc(N4CCNCC4)cc3)nc2n1-c1ccccc1
CHEMBL3678956,CC(C)n1c(Nc2ccc(C(=O)Nc3cccc(F)c3)cc2)nc2cnc(Nc3ccc(N4CCN(C)CC4)cc3)nc21,IKULNRLYMKMRGA-UHFFFAOYSA-N,6.931814138253838,True,O=C(Nc1ccccc1)c1ccc(Nc2nc3cnc(Nc4ccc(N5CCNCC5)cc4)nc3[nH]2)cc1
CHEMBL1934624,Cc1ncnc(Nc2ccc(OCc3cccc(F)c3)c(Cl)c2)c1C#Cc1ccc(CN2CCCC2)cc1,IKVDAZUYVVSZPS-UHFFFAOYSA-N,8.045757490560675,True,C(#Cc1cncnc1Nc1ccc(OCc2ccccc2)cc1)c1ccc(CN2CCCC2)cc1
CHEMBL207815,COCCN1CC(C(N)=O)(N(C)Cc2cc3c(Nc4cccc(Cl)c4F)ncnc3cc2OC)C1,IKXPVMNZZLUFCI-UHFFFAOYSA-N,8.221848749616356,True,c1ccc(Nc2ncnc3ccc(CNC4CNC4)cc23)cc1
CHEMBL3765425,COc1cc2ncnc(Nc3ccc(C(=O)NC45CC6CC(CC(C6)C4)C5)c(C#N)c3)c2cc1OCCCN1CCOCC1,ILELYGJULOBWTL-UHFFFAOYSA-N,8.243363891754152,True,O=C(NC12CC3CC(CC(C3)C1)C2)c1ccc(Nc2ncnc3ccc(OCCCN4CCOCC4)cc23)cc1
CHEMBL589259,CC(C)(C)NC(=O)c1ccc(N(CCCl)CCCl)cc1,ILJUMURTXHBGOA-UHFFFAOYSA-N,4.50265561898242,False,c1ccccc1
CHEMBL308048,N#CC(=Cc1ccc(O)cc1)C(N)=O,ILLYSIXRHPOKIQ-UHFFFAOYSA-N,3.096910013008056,False,c1ccccc1
CHEMBL3775897,Cc1cccc(Nc2ncnc3cc4c(cc23)N(CCCN2CCCCC2)C(=O)CO4)c1,ILMWZZFUIORGEQ-UHFFFAOYSA-N,6.340844719059371,True,O=C1COc2cc3ncnc(Nc4ccccc4)c3cc2N1CCCN1CCCCC1
CHEMBL514942,COc1cc2ncnc(Nc3ccc(-c4nc5ccccc5s4)cc3C)c2cc1OC,ILOAUSWXRCKWFH-UHFFFAOYSA-N,6.619788758288394,True,c1ccc2sc(-c3ccc(Nc4ncnc5ccccc45)cc3)nc2c1
CHEMBL1241946,CC(=O)c1cccc(-c2nn(C(C)C)c3ncnc(N)c23)c1,ILURHKUMGMVIKK-UHFFFAOYSA-N,5.552841968657781,False,c1ccc(-c2n[nH]c3ncncc23)cc1
CHEMBL1830269,NC(=S)NN=C(C=Cc1ccc([N+](=O)[O-])cc1)c1ccccc1,ILVOMMRNKIWJHI-UHFFFAOYSA-N,5.804100347590767,False,N=C(C=Cc1ccccc1)c1ccccc1
CHEMBL3237934,COc1cc(N2CCN(C)CC2)ccc1Nc1ncc(Cl)c(Oc2cccc(NC(=O)CCN3CCN(C)CC3)c2)n1,ILYBFMOXMXGGJH-UHFFFAOYSA-N,5.1283103343144845,False,O=C(CCN1CCNCC1)Nc1cccc(Oc2ccnc(Nc3ccc(N4CCNCC4)cc3)n2)c1
CHEMBL3655351,CN(C/C=C/C(=O)N1CCc2c(sc3ncnc(Nc4cc(O)c(Cl)c(Cl)c4)c23)C1)C(C)(C)C,IMDIVOQCLUSJJU-AATRIKPKSA-N,9.0,True,c1ccc(Nc2ncnc3sc4c(c23)CCNC4)cc1
CHEMBL1641995,N#Cc1cnc(Nc2cccc(Br)c2)c2cc(NC(=O)C3CCC(=O)N3)ccc12,IMDWAIJBGFJDSL-UHFFFAOYSA-N,5.657577319177793,False,O=C1CCC(C(=O)Nc2ccc3ccnc(Nc4ccccc4)c3c2)N1
CHEMBL3758990,COC(=O)c1cccc(-c2cc3c(N[C@H](C)c4ccccc4)ncnc3s2)c1OC,IMFSRMUJOCEGFM-CQSZACIVSA-N,8.045757490560675,True,c1ccc(CNc2ncnc3sc(-c4ccccc4)cc23)cc1
CHEMBL93966,Nc1ccc2c(Nc3cccc(F)c3)ncnc2c1,IMISPZIADMWUAH-UHFFFAOYSA-N,8.698970004336019,True,c1ccc(Nc2ncnc3ccccc23)cc1
CHEMBL3622673,C#Cc1cccc(Nc2ncnc3cc(OCC)c(NC(=O)/C=C/CN4CCCCC4)cc23)c1,IMLBZWHQWRDARS-FMIVXFBMSA-N,8.214670164989233,True,O=C(/C=C/CN1CCCCC1)Nc1ccc2ncnc(Nc3ccccc3)c2c1
CHEMBL1093100,Cc1ccc(Sc2cccc3[nH]c4nc(N)nc(N)c4c23)cc1,IMNBYLUXBBXZIY-UHFFFAOYSA-N,4.982549270489464,False,c1ccc(Sc2cccc3[nH]c4ncncc4c23)cc1
CHEMBL3325477,CCOC(=O)C1C(=N)N(c2cccnc2)C2=C(C(=O)CCC2)C1c1cc2ccccc2n2nnnc12,IMOGEQTUKNEJRS-UHFFFAOYSA-N,7.045757490560675,True,N=C1CC(c2cc3ccccc3n3nnnc23)C2=C(CCCC2=O)N1c1cccnc1
CHEMBL1946843,CN(C)c1nc(NN=Cc2cc(Br)c(O)c(Br)c2O)nc(Nc2ccc(F)cc2)n1,IMPPWUONJDONQO-UHFFFAOYSA-N,4.586700235918748,False,C(=NNc1ncnc(Nc2ccccc2)n1)c1ccccc1
CHEMBL126456,CCOc1cc2ncnc(Nc3cccc(-c4csc(C)n4)c3)c2cc1OCC,IMZBSZFOSHTOBQ-UHFFFAOYSA-N,5.318758762624412,False,c1cc(Nc2ncnc3ccccc23)cc(-c2cscn2)c1
CHEMBL128027,CCOc1cc2nc(C)nc(Nc3cccc(-c4csc(C)n4)c3)c2cc1OCC,INMBKJSYCMSQID-UHFFFAOYSA-N,5.045757490560675,False,c1cc(Nc2ncnc3ccccc23)cc(-c2cscn2)c1
CHEMBL91811,CC(C)N(C)CC#CC(=O)Nc1ccc2ncnc(Nc3cccc(Br)c3)c2c1,INNDLQJCKYFJTJ-UHFFFAOYSA-N,7.070581074285707,True,c1ccc(Nc2ncnc3ccccc23)cc1
CHEMBL347282,Nc1ccc2sc3c(Nc4cccc(C(F)(F)F)c4)ncnc3c2c1,INSDTUVLNWKIRF-UHFFFAOYSA-N,7.327902142064282,True,c1ccc(Nc2ncnc3c2sc2ccccc23)cc1
CHEMBL27688,C=CC(=O)Nc1cc2c(Nc3cccc(C)c3)ncnc2cc1OCCCN1CCOCC1,INXWPZVQQRCXEC-UHFFFAOYSA-N,8.823908740944319,True,c1ccc(Nc2ncnc3cc(OCCCN4CCOCC4)ccc23)cc1
CHEMBL4225863,C=CC(=O)Nc1cc(Nc2ncc3ncn(-c4ccc(F)cc4)c3n2)c(OC)cc1N(C)CCN(C)C,INXYUCPKPPDNFK-UHFFFAOYSA-N,8.494850021680094,True,c1ccc(Nc2ncc3ncn(-c4ccccc4)c3n2)cc1
CHEMBL126996,CCOc1cc2ncnc(Nc3cccc(-c4cocn4)c3)c2cc1OCC,IOCCYZUACQGGIM-UHFFFAOYSA-N,6.142667503568731,False,c1cc(Nc2ncnc3ccccc23)cc(-c2cocn2)c1
CHEMBL437197,COc1cc2ncnc(Nc3cccc(C#CCCCO)c3)c2cc1OC,IOCMISOXJROINT-UHFFFAOYSA-N,5.865631615396621,False,c1ccc(Nc2ncnc3ccccc23)cc1
CHEMBL4097594,C=CC(=O)Nc1cc(Nc2[nH]nc3ccc(-c4ccc(F)cc4)cc23)c(OC)cc1N(C)CCN(C)C,IOFPXKOUVACVHI-UHFFFAOYSA-N,8.698970004336019,True,c1ccc(Nc2[nH]nc3ccc(-c4ccccc4)cc23)cc1
CHEMBL326044,COc1cc(C=C(C#N)C(N)=O)cc(CSCCCC(=O)O)c1O,IOIKLYGLEHRULX-UHFFFAOYSA-N,4.221848749616356,False,c1ccccc1
CHEMBL3787344,Cc1cc(C(=O)Nc2nc3cccc(Cl)c3n2[C@@H]2CCCCN(C(=O)/C=C/CN(C)C)C2)ccn1,IOMMMLWIABWRKL-WUTDNEBXSA-N,7.602059991327962,True,O=C(Nc1nc2ccccc2n1[C@@H]1CCCCNC1)c1ccncc1
CHEMBL1929305,Nc1ccccc1-c1nnc(SCc2ccccc2)o1,IORJIPAMCFZHNF-UHFFFAOYSA-N,5.821023052706831,False,c1ccc(CSc2nnc(-c3ccccc3)o2)cc1
CHEMBL4072928,S=C(Nc1ccc(Cl)c(Cl)c1)Nc1ccc2ncnc(Nc3cccc(Br)c3)c2c1,IOUMFXYNKGJRCF-UHFFFAOYSA-N,6.875821944525325,True,S=C(Nc1ccccc1)Nc1ccc2ncnc(Nc3ccccc3)c2c1
CHEMBL1947124,CC1(C)CC(C(=O)Nc2ccc3ncnc(Nc4ccc(F)c(Cl)c4)c3c2)CC(C)(C)N1[O],IOVAIZPMGLENIU-UHFFFAOYSA-N,7.823908740944319,True,O=C(Nc1ccc2ncnc(Nc3ccccc3)c2c1)C1CCNCC1
CHEMBL3436359,CC(=O)N1CCN(Cc2ccc(-c3ccc4ncnc(Nc5ccc(OCc6cccc(F)c6)c(Cl)c5)c4c3)o2)CC1,IOWFCZSAGHCMTJ-UHFFFAOYSA-N,7.943095148663527,True,c1ccc(COc2ccc(Nc3ncnc4ccc(-c5ccc(CN6CCNCC6)o5)cc34)cc2)cc1
CHEMBL543661,COc1cc(Nc2ncnc3cc(OC)c(OC)cc23)cc(OC)c1,IOZJLZBMTWUYKE-UHFFFAOYSA-N,5.522878745280337,False,c1ccc(Nc2ncnc3ccccc23)cc1
CHEMBL2325102,NC(=S)N1N=C(c2ccccc2)CC1c1cccc2ccccc12,IPBTVEGUKBCCDA-UHFFFAOYSA-N,5.651695136951839,False,c1ccc(C2=NNC(c3cccc4ccccc34)C2)cc1
CHEMBL594661,COc1cc2ncnc(Nc3ccc(-c4nc5ccccc5s4)cc3F)c2cc1OCCCN1CCN(C)CC1,IPIWNOAWKGRYOY-UHFFFAOYSA-N,5.346787486224656,False,c1ccc2sc(-c3ccc(Nc4ncnc5ccc(OCCCN6CCNCC6)cc45)cc3)nc2c1
CHEMBL3759780,COc1cc(F)ccc1-c1cc2c(N[C@H](C)c3ccccc3)ncnc2s1,IPSJVIXRVFIWCU-CYBMUJFWSA-N,8.221848749616356,True,c1ccc(CNc2ncnc3sc(-c4ccccc4)cc23)cc1
CHEMBL447230,COc1cc2ncnc(N(C)c3cccc(Br)c3)c2cc1OC,IPWGDOZPSOZFOD-UHFFFAOYSA-N,6.818156412055227,True,c1ccc(Nc2ncnc3ccccc23)cc1
CHEMBL3633942,CCOC(=O)C(C=NC(=O)Nc1ccc(C(=O)Nc2ccc3ncnc(Nc4ccc(F)c(Cl)c4)c3c2)cc1)C(=O)OCC,IQBRGLWFYKADCE-UHFFFAOYSA-N,5.835647144215563,False,O=C(Nc1ccc2ncnc(Nc3ccccc3)c2c1)c1ccccc1
CHEMBL1958220,COc1ccc(C2=NN(c3nc(O)cs3)C(c3ccc(Cl)cc3)C2)cc1,IQHQBPXIDRMFMS-UHFFFAOYSA-N,5.271646217978772,False,c1ccc(C2=NN(c3nccs3)C(c3ccccc3)C2)cc1
CHEMBL1821868,Cc1ccc(C2=NN(c3nc(-c4ccccc4)cs3)C(c3ccc([N+](=O)[O-])cc3)C2)cc1C,IQMDGCPCDZCCJY-UHFFFAOYSA-N,5.414539270491499,False,c1ccc(C2=NN(c3nc(-c4ccccc4)cs3)C(c3ccccc3)C2)cc1
CHEMBL129825,CN(C)CCCCNc1cc2ncnc(Nc3cccc(Br)c3)c2cn1,IQMLUMTUZSQCPT-UHFFFAOYSA-N,8.130768280269024,True,c1ccc(Nc2ncnc3ccncc23)cc1
CHEMBL169065,COC(=O)CN1CCC(n2cc(-c3cccc(OC)c3)c3c(N)ncnc32)CC1,IQMVMHITWPJRIL-UHFFFAOYSA-N,5.832682665251824,False,c1ccc(-c2cn(C3CCNCC3)c3ncncc23)cc1
CHEMBL3353411,C=CC(=O)Nc1cc(Nc2nccc(-c3c[nH]c4ccccc34)n2)c(OC)cc1N(C)CCN(C)C,IQNVEOMHJHBNHC-UHFFFAOYSA-N,5.698970004336019,False,c1ccc(Nc2nccc(-c3c[nH]c4ccccc34)n2)cc1
CHEMBL3972605,CCC(=O)Nc1cc2c(Nc3ccc(C(O)c4ccccc4)cc3)ncnc2cc1OC,IQOJCGLNXTVHOS-UHFFFAOYSA-N,6.464705879957229,True,c1ccc(Cc2ccc(Nc3ncnc4ccccc34)cc2)cc1
CHEMBL2018758,CCCCOC(=O)Nc1ccc(Nc2ncnc3cc(OC)c(OC)cc23)cc1C,IQOOKGNLIGNDSW-UHFFFAOYSA-N,5.119186407719209,False,c1ccc(Nc2ncnc3ccccc23)cc1
CHEMBL2381507,C=CC(=O)Nc1cccc(Oc2nc(Nc3ccc(N4CCN(CC(=O)OCCCOc5no[n+]([O-])c5S(=O)(=O)c5ccccc5)CC4)cc3OC)ncc2Cl)c1,IQPRWACFMCVAAN-UHFFFAOYSA-N,7.00436480540245,True,O=C(CN1CCN(c2ccc(Nc3nccc(Oc4ccccc4)n3)cc2)CC1)OCCCOc1no[nH+]c1S(=O)(=O)c1ccccc1
CHEMBL1928293,C#Cc1cccc(Nc2ncnc3sc(C(=O)c4cc5ccccc5[nH]4)cc23)c1,IQQUFFPEUPNLMU-UHFFFAOYSA-N,7.7281583934635005,True,O=C(c1cc2ccccc2[nH]1)c1cc2c(Nc3ccccc3)ncnc2s1
CHEMBL3663936,C=CC(=O)N1CCC[C@@H](Oc2nc(Nc3ccc(N4CCC(N5CCN(C)CC5)CC4)c(C)c3)c(C(N)=O)nc2CC)C1,IQUSBNFTZLAHTF-RUZDIDTESA-N,8.920818753952375,True,c1cc(N2CCC(N3CCNCC3)CC2)ccc1Nc1cncc(O[C@@H]2CCCNC2)n1
CHEMBL177053,Brc1cccc(Nc2ncnc3cc4ncsc4cc23)c1,IRGSEHJOWJXKPV-UHFFFAOYSA-N,7.356547323513812,True,c1ccc(Nc2ncnc3cc4ncsc4cc23)cc1
CHEMBL206483,Cc1cccc(-n2ncc3c(NCc4ccc5c(c4)OCO5)ncnc32)c1,IRLOMICYHIARJL-UHFFFAOYSA-N,4.823908740944319,False,c1ccc(-n2ncc3c(NCc4ccc5c(c4)OCO5)ncnc32)cc1
CHEMBL4204566,C=CC(=O)N[C@H]1CN(c2nc(Nc3cnn(C)c3)c3ncn(C(C)C)c3n2)C[C@@H]1F,IRMHXRHXLFRZFM-KBPBESRZSA-N,6.146910470148134,False,c1nc2c(Nc3cn[nH]c3)nc(N3CCCC3)nc2[nH]1
CHEMBL3608429,C=CC(=O)N[C@@H]1CN(c2nc(Nc3cnn(C)c3)c3ncn(C(C)C)c3n2)C[C@H]1F,IRMHXRHXLFRZFM-ZIAGYGMSSA-N,8.154901959985743,True,c1nc2c(Nc3cn[nH]c3)nc(N3CCCC3)nc2[nH]1
CHEMBL214487,CC(C)S(=O)(=O)CCNCc1ccc(-c2ccc3ncnc(Nc4ccc(OCc5cccc(F)c5)c(Cl)c4)c3c2)o1,IRPQLCLTIKGBTQ-UHFFFAOYSA-N,7.744727494896693,True,c1ccc(COc2ccc(Nc3ncnc4ccc(-c5ccco5)cc34)cc2)cc1
CHEMBL48760,CC(C)c1ccc(/C=C2/C(=O)Nc3ccccc32)cc1,IRQQWCZKCUQNSO-LFIBNONCSA-N,4.732828271596986,False,O=C1Nc2ccccc2/C1=C\c1ccccc1
CHEMBL2325109,NC(=S)N1N=C(c2ccccc2)CC1c1ccc2ccccc2c1,IRZMVHVAKKIUEZ-UHFFFAOYSA-N,5.521433504406156,False,c1ccc(C2=NNC(c3ccc4ccccc4c3)C2)cc1
CHEMBL598798,C#Cc1cc(Nc2ncnc3cc(OC)c(OCCCCCCC(O)=NO)cc23)ccc1F,ISCACOSJZYPVNU-UHFFFAOYSA-N,7.540607512240769,True,c1ccc(Nc2ncnc3ccccc23)cc1
CHEMBL203645,CCCC#CC(=O)Nc1cc2c(Nc3ccc(F)c(Cl)c3)ncnc2cn1,ISEHGRGNSOYPTL-UHFFFAOYSA-N,8.769551078621726,True,c1ccc(Nc2ncnc3cnccc23)cc1
CHEMBL1914663,Oc1ccc(-c2cc3c(NCc4ccccc4F)ncnc3[nH]2)cc1,ISJAQPZCEZACPS-UHFFFAOYSA-N,7.346787486224656,True,c1ccc(CNc2ncnc3[nH]c(-c4ccccc4)cc23)cc1
CHEMBL2047029,C#Cc1cccc(NC(=O)c2cc(OCCCCCCC(O)=NO)ccc2O)c1,ISLKJNNRZPTFNN-UHFFFAOYSA-N,6.045757490560675,False,O=C(Nc1ccccc1)c1ccccc1
CHEMBL2048796,OCCn1ccc2ncnc(Nc3ccc(Oc4cccc5[nH]c(O)cc45)c(Cl)c3)c21,ISMBATMIYZOBHD-UHFFFAOYSA-N,8.522878745280337,True,c1cc(Oc2ccc(Nc3ncnc4cc[nH]c34)cc2)c2cc[nH]c2c1
CHEMBL3092297,O=C(Nc1cc2c(Nc3ccc(F)c(Cl)c3)ncnc2cc1O[C@H]1CCOC1)N1CCC(F)CC1,ISQFLEUXHWNACR-INIZCTEOSA-N,6.155522824254319,False,O=C(Nc1cc2c(Nc3ccccc3)ncnc2cc1O[C@H]1CCOC1)N1CCCCC1
CHEMBL3917723,COC(=O)CNC(=O)c1ccc(Nc2ncnc3cc(OCCN4CCCCC4)c(OC)cc23)cc1,ISUVLTISVOPDLS-UHFFFAOYSA-N,5.002569926202529,False,c1ccc(Nc2ncnc3cc(OCCN4CCCCC4)ccc23)cc1
CHEMBL401443,OC1CCN(Cc2ccn3ncnc(Nc4ccc5c(cnn5Cc5cccc(F)c5)c4)c23)CC1,ISWJWVDIXBDXGN-UHFFFAOYSA-N,7.167491087293763,True,c1ccc(Cn2ncc3cc(Nc4ncnn5ccc(CN6CCCCC6)c45)ccc32)cc1
CHEMBL499345,Nc1nc(Nc2cccc(Br)c2)c2cc(Cc3ccccc3Cl)[nH]c2n1,ISXTVMIMVFTRIL-UHFFFAOYSA-N,5.3655227298392685,False,c1ccc(Cc2cc3c(Nc4ccccc4)ncnc3[nH]2)cc1
CHEMBL2087353,Brc1cccc(Nc2ncnc3cc4c(cc23)OCCOCCO4)c1,ITIUGXULOLVCPV-UHFFFAOYSA-N,7.259637310505756,True,c1ccc(Nc2ncnc3cc4c(cc23)OCCOCCO4)cc1
CHEMBL31570,C=CC(=O)Nc1nc2c(Nc3ccc(F)c(Cl)c3)ncnc2cc1OCCOC,ITJFSLJZVPCUFT-UHFFFAOYSA-N,9.013228265733757,True,c1ccc(Nc2ncnc3cccnc23)cc1
CHEMBL1233881,COc1ccc(-c2nn(C3CCC3)c3ncnc(N)c23)cc1OC,ITOYZJGFTNTKKR-UHFFFAOYSA-N,5.638272163982407,False,c1ccc(-c2nn(C3CCC3)c3ncncc23)cc1
CHEMBL3133904,C=CC(=O)Nc1ccc2ncnc(Nc3cccc(C)c3F)c2c1,ITQFZYHSSUVBRB-UHFFFAOYSA-N,3.9546770212133424,False,c1ccc(Nc2ncnc3ccccc23)cc1
CHEMBL195218,CONC(=O)c1cc(Nc2ncnn3cc(NC(=O)OCCCS(C)(=O)=O)c(C(C)C)c23)c(F)cc1F,ITQSJZWWFWDOKJ-UHFFFAOYSA-N,5.376750709602099,False,c1ccc(Nc2ncnn3cccc23)cc1
CHEMBL39337,Brc1cccc(Nc2[nH]cnc3cc4nncc4cc23)c1,ITSIYXXFKIBQNX-UHFFFAOYSA-N,9.356547323513812,True,c1ccc(Nc2[nH]cnc3cc4nncc4cc23)cc1
CHEMBL1229592,C=CC(=O)Nc1cccc(Oc2nc(Nc3ccc(N4CCN(C)CC4)cc3OC)ncc2Cl)c1,ITTRLTNMFYIYPA-UHFFFAOYSA-N,8.209011524911183,True,c1ccc(Oc2ccnc(Nc3ccc(N4CCNCC4)cc3)n2)cc1
CHEMBL456758,COC[C@@H]1CCCN1N=Cc1c(N)ncnc1Nc1ccc2c(cnn2Cc2cccc(F)c2)c1,ITVLSWHERKANSP-NRFANRHFSA-N,7.585026652029182,True,C(=NN1CCCC1)c1cncnc1Nc1ccc2c(cnn2Cc2ccccc2)c1
CHEMBL515664,COC[C@H]1CCCN1N=Cc1c(N)ncnc1Nc1ccc2c(cnn2Cc2cccc(F)c2)c1,ITVLSWHERKANSP-OAQYLSRUSA-N,7.508638306165727,True,C(=NN1CCCC1)c1cncnc1Nc1ccc2c(cnn2Cc2ccccc2)c1
CHEMBL3752139,C=CC(=O)Nc1cccc(-n2c(=O)cc(N(C)C)c3cnc(Nc4ccc(N5CCN(C)CC5)cc4OC)nc32)c1,ITWMMRVAYBEPLR-UHFFFAOYSA-N,7.022276394711152,True,O=c1ccc2cnc(Nc3ccc(N4CCNCC4)cc3)nc2n1-c1ccccc1
CHEMBL3758278,COc1cc(C(N)=O)ccc1-c1cc2c(N[C@H](C)c3ccccc3)ncnc2s1,ITWPODZEFMSAEW-CYBMUJFWSA-N,8.698970004336019,True,c1ccc(CNc2ncnc3sc(-c4ccccc4)cc23)cc1
CHEMBL1271507,CN1CCN(C/C=C/C(=O)N2CCc3c(sc4ncnc(N[C@H](CO)c5ccccc5)c34)C2)CC1,IUBKYBMKRBNWRR-WKOQKXSESA-N,7.050609993355087,True,O=C(/C=C/CN1CCNCC1)N1CCc2c(sc3ncnc(NCc4ccccc4)c23)C1
CHEMBL4088617,Nc1nc(N)c2c(n1)[nH]c1cccc(Sc3cccc4ccccc34)c12,IUCBNZCMMDEDRD-UHFFFAOYSA-N,3.776504059037605,False,c1ccc2c(Sc3cccc4[nH]c5ncncc5c34)cccc2c1
CHEMBL452716,O=C(O[C@H]1CN[C@H](C#Cc2cc3ncnc(Nc4ccc5c(Oc6ccccn6)cccc5c4)c3s2)C1)N1CCOCC1,IUDNEWGUEHBBOQ-ISKFKSNPSA-N,5.978810700930062,False,O=C(O[C@H]1CN[C@H](C#Cc2cc3ncnc(Nc4ccc5c(Oc6ccccn6)cccc5c4)c3s2)C1)N1CCOCC1
CHEMBL355891,COC(=O)CN1CCC(n2cc(-c3cccc(OC)c3)c3c(N)ncnc32)C1,IUHCHNLQYCBXNR-UHFFFAOYSA-N,6.080921907623926,False,c1ccc(-c2cn(C3CCNC3)c3ncncc23)cc1
CHEMBL3814882,O=C(NCCN1CCCCC1)Nc1ccc2ncnc(Nc3cccc(Br)c3)c2c1,IUIZAFLRGSJNCN-UHFFFAOYSA-N,9.112382699664265,True,O=C(NCCN1CCCCC1)Nc1ccc2ncnc(Nc3ccccc3)c2c1
CHEMBL310740,OCCNCc1ccc(-c2cc3nccc(Nc4ccc5[nH]ccc5c4)c3s2)cc1,IUNORHVEZRZFIC-UHFFFAOYSA-N,8.698970004336019,True,c1ccc(-c2cc3nccc(Nc4ccc5[nH]ccc5c4)c3s2)cc1
CHEMBL162981,Brc1cccc(Nc2ncnc3cnc(NCCCn4ccnc4)cc23)c1,IUQWETRSDSASNL-UHFFFAOYSA-N,8.769551078621726,True,c1ccc(Nc2ncnc3cnc(NCCCn4ccnc4)cc23)cc1
CHEMBL3622676,C#Cc1cccc(Nc2ncnc3cc(O[C@H]4CCOC4)c(NC(=O)/C=C/CNC4CC4)cc23)c1,IUUHKMMSPMWKTL-XBGMYJNYSA-N,8.2518119729938,True,O=C(/C=C/CNC1CC1)Nc1cc2c(Nc3ccccc3)ncnc2cc1O[C@H]1CCOC1
CHEMBL3903713,C(=Cc1ccccc1)C(=NNc1nncc2ccccc12)c1ccccc1,IUZQUGLOCXBWCX-UHFFFAOYSA-N,8.2518119729938,True,C(=Cc1ccccc1)C(=NNc1nncc2ccccc12)c1ccccc1
CHEMBL205676,Fc1ccc(Nc2ncnc3c2NCc2cc(Cl)ccc2O3)cc1Cl,IVJCIKOHVJLJMM-UHFFFAOYSA-N,6.0,False,c1ccc(Nc2ncnc3c2NCc2ccccc2O3)cc1
CHEMBL3133911,C=CC(=O)Nc1ccc2ncnc(Nc3ccc(S(=O)(=O)N=C(N)N)cc3)c2c1,IVNHADUIIBLSJE-UHFFFAOYSA-N,4.273272790973428,False,c1ccc(Nc2ncnc3ccccc23)cc1
CHEMBL361322,c1ccc(Cc2nc3cc(Nc4ncnc5nn6ccccc6c45)ccc3[nH]2)cc1,IVNIGGUBKAEFHI-UHFFFAOYSA-N,5.300162274132754,False,c1ccc(Cc2nc3cc(Nc4ncnc5nn6ccccc6c45)ccc3[nH]2)cc1
CHEMBL1241491,Nc1ncnc2c1c(-c1ccc3occc3c1)nn2C1CCCC1,IVPZQVJSLCFTTO-UHFFFAOYSA-N,6.2403321553103694,False,c1ncc2c(-c3ccc4occc4c3)nn(C3CCCC3)c2n1
CHEMBL72393,Brc1cccc(Nc2ncnc3[nH]c4c(c23)CCCC4)c1,IVQMCCDVGIYFDZ-UHFFFAOYSA-N,7.337242168318426,True,c1ccc(Nc2ncnc3[nH]c4c(c23)CCCC4)cc1
CHEMBL3759980,C[C@@H](Nc1ncnc2sc(-c3ccc(C(=O)O)cc3)cc12)c1ccccc1,IVSHHGRRDLCTLF-CYBMUJFWSA-N,7.721246399047171,True,c1ccc(CNc2ncnc3sc(-c4ccccc4)cc23)cc1
CHEMBL74432,CNC(=O)c1ccc(S(=O)(=O)Oc2ccc(/C=C/[N+](=O)[O-])cc2)cc1,IVVVNPXXLPLCJM-ZHACJKMWSA-N,6.3979400086720375,True,O=S(=O)(Oc1ccccc1)c1ccccc1
CHEMBL2064382,CCOc1ccc(Nc2ncnc3cc4oc(=O)n(CCCN5CCOCC5)c4cc23)cc1,IVYMBPMGUJIIIK-UHFFFAOYSA-N,5.853871964321762,False,O=c1oc2cc3ncnc(Nc4ccccc4)c3cc2n1CCCN1CCOCC1
CHEMBL1828875,O=C(Cc1ccc(Br)cc1)NS(=O)(=O)c1ccccc1,IVYRMPKFFMKMCU-UHFFFAOYSA-N,4.749336080536756,False,O=C(Cc1ccccc1)NS(=O)(=O)c1ccccc1
CHEMBL32844,C=CC(=O)Nc1cc2c(Nc3cccc(Br)c3)ncnc2cc1OCCCN1CCN(C)CC1,IWAYNBDAXAGXQK-UHFFFAOYSA-N,8.769551078621726,True,c1ccc(Nc2ncnc3cc(OCCCN4CCNCC4)ccc23)cc1
CHEMBL208594,CNc1ccc2ncnc(Nc3cccc(C)c3)c2c1,IWBVCRRXSCJLQC-UHFFFAOYSA-N,7.958607314841775,True,c1ccc(Nc2ncnc3ccccc23)cc1
CHEMBL3092314,CCN(CC)CCCNC(=O)Nc1cc2c(Nc3ccc(F)c(Cl)c3)ncnc2cc1O[C@H]1CCOC1,IWDBZVDOUJFIND-SFHVURJKSA-N,7.494850021680094,True,c1ccc(Nc2ncnc3cc(O[C@H]4CCOC4)ccc23)cc1
CHEMBL1242199,Nc1ncnc2c1c(-c1cc(O)cc(F)c1)nn2C1CCCC1,IWGLXKVBQSBQMC-UHFFFAOYSA-N,6.124360062995832,False,c1ccc(-c2nn(C3CCCC3)c3ncncc23)cc1
CHEMBL1821896,COc1ccc(C2=NN(c3nc(-c4ccccc4)cs3)C(c3ccc([N+](=O)[O-])cc3)C2)cc1,IWHMPMPSXVTDKW-UHFFFAOYSA-N,5.06398920428479,False,c1ccc(C2=NN(c3nc(-c4ccccc4)cs3)C(c3ccccc3)C2)cc1
CHEMBL4283061,CCOC(=O)CCCC(=O)Nc1cc(Nc2cccc(Cl)c2)ncn1,IWKOLMIPDOEQSK-UHFFFAOYSA-N,7.568636235841012,True,c1ccc(Nc2ccncn2)cc1
CHEMBL207247,CC(=O)NCc1cccc(C#Cc2cncnc2Nc2ccc(OCc3cccc(F)c3)c(Cl)c2)c1,IWKYADYEFPLAEG-UHFFFAOYSA-N,7.221848749616356,True,C(#Cc1cncnc1Nc1ccc(OCc2ccccc2)cc1)c1ccccc1
CHEMBL293250,Cn1c(SSc2c(C(=O)Nc3ccccc3)c3cc(O)ccc3n2C)c(C(=O)Nc2ccccc2)c2cc(O)ccc21,IWMOCSLVFAOWEJ-UHFFFAOYSA-N,4.392544976785332,False,O=C(Nc1ccccc1)c1c(SSc2[nH]c3ccccc3c2C(=O)Nc2ccccc2)[nH]c2ccccc12
CHEMBL2029700,Nc1[nH]n2c(=O)cc(-c3ccccc3)nc2c1N=Nc1ccc2c(c1)OCO2,IXEOKKGXQGCMGS-UHFFFAOYSA-N,5.275724130399211,False,O=c1cc(-c2ccccc2)nc2c(N=Nc3ccc4c(c3)OCO4)c[nH]n12
CHEMBL4171543,C=CC(=O)Nc1ccc(-c2ccc(NC(=O)Nc3cccc(Cl)c3)cc2)cn1,IXIJKXSIADDKHR-UHFFFAOYSA-N,8.060480747381382,True,O=C(Nc1ccccc1)Nc1ccc(-c2cccnc2)cc1
CHEMBL77782,CN(C)CCc1ccc(-c2cc3ncnc(Nc4ccc5[nH]ccc5c4)c3s2)cc1,IXKNBAGOTATIPL-UHFFFAOYSA-N,8.301029995663981,True,c1ccc(-c2cc3ncnc(Nc4ccc5[nH]ccc5c4)c3s2)cc1
CHEMBL4071474,C=CC(=O)N1CC[C@H](N2C(=O)N(c3ccccc3Cl)Cc3cnc(Nc4ccc(N5CCN(C)CC5)c(C)c4)nc32)C1,IXNQTDAAUVFZQN-DEOSSOPVSA-N,9.30102999566398,True,O=C1N(c2ccccc2)Cc2cnc(Nc3ccc(N4CCNCC4)cc3)nc2N1[C@H]1CCNC1
CHEMBL570918,CN(N=Nc1ccc2ncnc(Nc3cccc(Cl)c3)c2c1)C(=O)OCCCl,IXOOKZDXBGVSQT-UHFFFAOYSA-N,6.301029995663981,True,c1ccc(Nc2ncnc3ccccc23)cc1
CHEMBL132169,COc1ccc(C(=O)N(C)[C@H]2C[C@@H]3O[C@](C)([C@H]2OC)n2c4ccccc4c4c5c(c6c7ccccc7n3c6c42)C(=O)NC5)cc1,IXOVKVHWGKDXKQ-HRWXUNOHSA-N,5.443697499232712,False,O=C(N[C@@H]1CC2O[C@@H](C1)n1c3ccccc3c3c4c(c5c6ccccc6n2c5c31)CNC4=O)c1ccccc1
CHEMBL3628816,Clc1ccc2c(c1)SCc1cnc(Nc3ccccc3)nc1-2,IXOZLNXGNORHSV-UHFFFAOYSA-N,4.674074044228534,False,c1ccc(Nc2ncc3c(n2)-c2ccccc2SC3)cc1
CHEMBL1242117,Cn1nc(-c2ccc3occc(=O)c3c2)c2c(N)ncnc21,IXPOSFVTGQUOAI-UHFFFAOYSA-N,5.0,False,O=c1ccoc2ccc(-c3n[nH]c4ncncc34)cc12
CHEMBL3655352,O=C(/C=C/CN1CCCOCC1)N1CCCc2c(sc3ncnc(Nc4ccc(Cl)c(Cl)c4)c23)C1,IXUDUNWMTNELOE-GORDUTHDSA-N,9.0,True,O=C(/C=C/CN1CCCOCC1)N1CCCc2c(sc3ncnc(Nc4ccccc4)c23)C1
CHEMBL4289577,O=C(Nc1ccc(Oc2ccnc3[nH]ccc23)c(F)c1)c1cc2cccnc2n(-c2ccc(F)cc2)c1=O,IXULLLZCNUKGBJ-UHFFFAOYSA-N,6.198733529510379,False,O=C(Nc1ccc(Oc2ccnc3[nH]ccc23)cc1)c1cc2cccnc2n(-c2ccccc2)c1=O
CHEMBL3960853,C[C@@H](Nc1ncnc2oc(-c3ccc(NCCN4CCOCC4)cc3)cc12)c1ccccc1,IXWNBJIHUPTSDI-LJQANCHMSA-N,8.958607314841775,True,c1ccc(CNc2ncnc3oc(-c4ccc(NCCN5CCOCC5)cc4)cc23)cc1
CHEMBL596754,COc1cc2ncnc(Nc3ccc(F)c(Cl)c3)c2cc1SCCCCCCC(O)=NO,IXWWFHBAOSNFBD-UHFFFAOYSA-N,8.701146923590294,True,c1ccc(Nc2ncnc3ccccc23)cc1
CHEMBL186747,COc1cc2ncnc(Nc3ccc(C)c(NC(=O)c4ccccc4)c3)c2cc1OC,IYBAQZSLFMVGQZ-UHFFFAOYSA-N,5.494850021680094,False,O=C(Nc1cccc(Nc2ncnc3ccccc23)c1)c1ccccc1
CHEMBL521887,Cc1ccc(NC(=O)c2ccc(CN3CCN(C)CC3)cc2)cc1-c1ccc2ccncc2c1,IYCITBYBDPSBBJ-UHFFFAOYSA-N,6.154901959985743,False,O=C(Nc1cccc(-c2ccc3ccncc3c2)c1)c1ccc(CN2CCNCC2)cc1
CHEMBL466614,CCNC(=O)O[C@@H]1CN[C@H](C#Cc2cc3ncnc(Nc4ccc(OCc5cccc(F)c5)c(Cl)c4)c3s2)C1,IYINYGZMZPUBOK-CTNGQTDRSA-N,6.903089986991944,True,C(#C[C@@H]1CCCN1)c1cc2ncnc(Nc3ccc(OCc4ccccc4)cc3)c2s1
CHEMBL461869,CCNC(=O)O[C@@H]1CN[C@@H](C#Cc2cc3ncnc(Nc4ccc(OCc5cccc(F)c5)c(Cl)c4)c3s2)C1,IYINYGZMZPUBOK-FPOVZHCZSA-N,7.301029995663981,True,C(#C[C@H]1CCCN1)c1cc2ncnc(Nc3ccc(OCc4ccccc4)cc3)c2s1
CHEMBL466174,CCNC(=O)O[C@H]1CN[C@@H](C#Cc2cc3ncnc(Nc4ccc(OCc5cccc(F)c5)c(Cl)c4)c3s2)C1,IYINYGZMZPUBOK-PZJWPPBQSA-N,7.494850021680094,True,C(#C[C@H]1CCCN1)c1cc2ncnc(Nc3ccc(OCc4ccccc4)cc3)c2s1
CHEMBL512076,CCNC(=O)O[C@H]1CN[C@H](C#Cc2cc3ncnc(Nc4ccc(OCc5cccc(F)c5)c(Cl)c4)c3s2)C1,IYINYGZMZPUBOK-TZIWHRDSSA-N,7.494850021680094,True,C(#C[C@@H]1CCCN1)c1cc2ncnc(Nc3ccc(OCc4ccccc4)cc3)c2s1
CHEMBL3133754,COc1cc2ncnc(Nc3cccc(NC(=O)Nc4cccc(C)c4)c3)c2cc1OCCCN1CCOCC1,IYMACANHMZIKLK-UHFFFAOYSA-N,5.628932137728263,False,O=C(Nc1ccccc1)Nc1cccc(Nc2ncnc3ccc(OCCCN4CCOCC4)cc23)c1
CHEMBL3981041,CCC(=O)Nc1cc2c(Nc3ccc4c(ccn4S(=O)(=O)c4ccccc4)c3)ncnc2cc1OC,IYNUCTYYDUIRAG-UHFFFAOYSA-N,6.896196279044043,True,O=S(=O)(c1ccccc1)n1ccc2cc(Nc3ncnc4ccccc34)ccc21
CHEMBL3416626,C#Cc1cccc(Nc2ncnc3sc(-c4ccccc4OC)cc23)c1,IYTYCLFNTIYRQB-UHFFFAOYSA-N,7.744727494896693,True,c1ccc(Nc2ncnc3sc(-c4ccccc4)cc23)cc1
CHEMBL1242845,Cc1nn(-c2ccccc2)nc1Cn1nc(-c2ccc(F)c(O)c2)c2c(N)ncnc21,IYVUNPAVFASLSV-UHFFFAOYSA-N,4.0,False,c1ccc(-c2nn(Cc3cnn(-c4ccccc4)n3)c3ncncc23)cc1
CHEMBL1929304,O=[N+]([O-])c1ccccc1-c1nnc(SCc2ccccc2)o1,IYVWYIATVWHVEH-UHFFFAOYSA-N,4.4165744995934935,False,c1ccc(CSc2nnc(-c3ccccc3)o2)cc1
CHEMBL3814812,Fc1cccc(COc2ccc(Nc3ncnc4ccc(NC(=S)NCCCN5CCOCC5)cc34)cc2Cl)c1,IYWCOZMVACEZGO-UHFFFAOYSA-N,8.823908740944319,True,S=C(NCCCN1CCOCC1)Nc1ccc2ncnc(Nc3ccc(OCc4ccccc4)cc3)c2c1
CHEMBL4062543,C=CC(=O)NCCSc1nc(-c2ccccc2)c(-c2ccnc(Nc3ccccc3)c2)[nH]1,IYWUOJLLJSBKSB-UHFFFAOYSA-N,7.537602002101044,True,c1ccc(Nc2cc(-c3[nH]cnc3-c3ccccc3)ccn2)cc1
CHEMBL1830257,NC(=S)NN=C(C=Cc1ccccc1F)c1ccccc1,IYXBOIUCIHUDMS-UHFFFAOYSA-N,4.650528200785614,False,N=C(C=Cc1ccccc1)c1ccccc1
CHEMBL3740923,O=c1[nH]nc(-c2c[nH]c(-c3ccccc3)c2-c2ccccc2)c2cn(-c3ccccc3)nc12,IYYCUVORCTVISW-UHFFFAOYSA-N,5.443697499232712,False,O=c1[nH]nc(-c2c[nH]c(-c3ccccc3)c2-c2ccccc2)c2cn(-c3ccccc3)nc12
CHEMBL77100,CCCCNC(=O)c1ccc(S(=O)(=O)Oc2ccc(/C=C/[N+](=O)[O-])cc2)cc1,IYYHYDARBKIAKE-WYMLVPIESA-N,5.318758762624412,False,O=S(=O)(Oc1ccccc1)c1ccccc1
CHEMBL4081732,N#CCCSc1nc(-c2ccc(F)cc2)c(-c2ccnc(Nc3ccccc3)c2)[nH]1,IZGLJWSFZFSIQD-UHFFFAOYSA-N,7.397940008672037,True,c1ccc(Nc2cc(-c3[nH]cnc3-c3ccccc3)ccn2)cc1
CHEMBL2426288,COc1ccc(NC(=O)/C=C/CN(C)C)cc1Nc1ncc(Cl)c(-c2cnn3ccccc23)n1,IZHDXWHHMHQBQI-SOFGYWHQSA-N,4.638272163982407,False,c1ccc(Nc2nccc(-c3cnn4ccccc34)n2)cc1
CHEMBL52765,Nc1ccc2ncnc(Nc3cccc(Br)c3)c2c1,IZQHULBHKPGOAP-UHFFFAOYSA-N,7.356547323513812,True,c1ccc(Nc2ncnc3ccccc23)cc1
CHEMBL3890751,CCOc1cc2ncnc(Nc3ccc4c(ccn4S(=O)(=O)c4ccccc4)c3)c2cc1NC(=O)/C=C/CN1CCCC1,IZRQFKYNXNFFQT-DHZHZOJOSA-N,7.443697499232712,True,O=C(/C=C/CN1CCCC1)Nc1ccc2ncnc(Nc3ccc4c(ccn4S(=O)(=O)c4ccccc4)c3)c2c1
CHEMBL3912361,O=C(CCl)OCCn1c(=O)oc2cc3ncnc(Nc4ccc(N5CCCCC5)c(Cl)c4)c3cc21,IZTHTJXMNUPBNG-UHFFFAOYSA-N,6.619788758288394,True,O=c1[nH]c2cc3c(Nc4ccc(N5CCCCC5)cc4)ncnc3cc2o1
CHEMBL332333,c1ccc(Nc2ncnc3[nH]nc(Nc4ccccc4)c23)cc1,IZWVMBDZDRQDDZ-UHFFFAOYSA-N,7.236572006437063,True,c1ccc(Nc2ncnc3[nH]nc(Nc4ccccc4)c23)cc1
CHEMBL4227812,C=CC(=O)Nc1cccc(NC(=O)Nc2ccnc(Nc3ccc(OC)cc3OC)n2)c1,IZXAWICOIQJFFX-UHFFFAOYSA-N,6.458420756053419,True,O=C(Nc1ccccc1)Nc1ccnc(Nc2ccccc2)n1
CHEMBL3969056,CN(C)C/C=C/C(=O)Nc1cc2c(Nc3ccc(Cc4ccccn4)cc3)ncnc2cn1,JABKEJXCSLSSEV-FNORWQNLSA-N,6.517126416391246,True,c1ccc(Cc2ccc(Nc3ncnc4cnccc34)cc2)nc1
CHEMBL2442324,COc1cc(OC)c2c(=O)n(-c3cccc(C(=O)N4CCCCC4)c3)ccc2c1,JAGUKLMIBWSNES-UHFFFAOYSA-N,5.673664139071249,False,O=C(c1cccc(-n2ccc3ccccc3c2=O)c1)N1CCCCC1
CHEMBL1365395,Cc1ccc2c(C)nc(Nc3nc(=O)cc(CSc4nnnn4-c4ccccc4)[nH]3)nc2c1,JAIWPTBQSVSBST-UHFFFAOYSA-N,5.406713932979542,False,O=c1cc(CSc2nnnn2-c2ccccc2)[nH]c(Nc2ncc3ccccc3n2)n1
CHEMBL385471,COc1cc2ncnc(Nc3cc(Cl)ccc3F)c2cc1OCC1CCN(C)CC1,JARRHXQJNGEMMS-UHFFFAOYSA-N,8.045757490560675,True,c1ccc(Nc2ncnc3ccc(OCC4CCNCC4)cc23)cc1
CHEMBL2029438,C=CC(=O)Nc1cccc(N2C(=O)N(Cc3ccccc3)Cc3cnc(Nc4ccc(N5CCN(C)CC5)cc4OC)nc32)c1,JARUUYXHPLGHLF-UHFFFAOYSA-N,9.537602002101044,True,O=C1N(Cc2ccccc2)Cc2cnc(Nc3ccc(N4CCNCC4)cc3)nc2N1c1ccccc1
CHEMBL3759203,COc1cc2c(Nc3ccc(NC(=O)c4ccccc4Cl)cc3)ncnc2cc1OCc1ccccc1,JASSTMZJDQXQFP-UHFFFAOYSA-N,6.136677139879544,False,O=C(Nc1ccc(Nc2ncnc3cc(OCc4ccccc4)ccc23)cc1)c1ccccc1
CHEMBL538507,Cc1ccc(SCC(CN(C)C)C(=O)c2ccc(OCc3ccccc3)cc2)cc1C,JAWVVQKVYZUJTE-UHFFFAOYSA-N,5.6777807052660805,False,O=C(CCSc1ccccc1)c1ccc(OCc2ccccc2)cc1
CHEMBL3740850,C#Cc1cccc(Nc2ncnc3cc(OCCOC(=O)C(C)c4ccc5cc(OC)ccc5c4)c(OCCOC)cc23)c1,JBAKNRRHHNECIM-UHFFFAOYSA-N,7.142667503568731,True,O=C(Cc1ccc2ccccc2c1)OCCOc1ccc2c(Nc3ccccc3)ncnc2c1
CHEMBL3953593,C=CC(=O)Nc1cccc(Nc2nc(Nc3ccc(OCCCn4ccnc4)cc3)ncc2[N+](=O)[O-])c1,JBBIIMLWRGELNC-UHFFFAOYSA-N,7.391473966422806,True,c1ccc(Nc2ccnc(Nc3ccc(OCCCn4ccnc4)cc3)n2)cc1
CHEMBL55729,Nc1ccc2cncnc2c1,JBFKTGKPNDZSPY-UHFFFAOYSA-N,10.0,True,c1ccc2ncncc2c1
CHEMBL119977,Clc1cccc(Nc2ncnc3[nH]nc(-c4ccccc4)c23)c1,JBHXXYIRQFVFOU-UHFFFAOYSA-N,7.721246399047171,True,c1ccc(Nc2ncnc3[nH]nc(-c4ccccc4)c23)cc1
CHEMBL2179124,Fc1ccc(-c2[nH]c(-c3ccccc3)nc2-c2ccnc3[nH]ccc23)cc1,JBLFPGGFDBDDSL-UHFFFAOYSA-N,6.199970640755866,False,c1ccc(-c2nc(-c3ccnc4[nH]ccc34)c(-c3ccccc3)[nH]2)cc1
CHEMBL514016,Clc1ccc2c(Nc3ccc(-c4nc5ccccc5s4)c(Cl)c3)ncnc2c1,JBMGNUFDDDRKSW-UHFFFAOYSA-N,6.096910013008056,False,c1ccc2sc(-c3ccc(Nc4ncnc5ccccc45)cc3)nc2c1
CHEMBL4092491,CC(C)C(NC(=O)OC(C)(C)C)C(=O)Nc1ccc2ncnc(Nc3cccc(C(F)(F)F)c3)c2c1,JBOWGDDXNMVXGT-UHFFFAOYSA-N,5.99097425791309,False,c1ccc(Nc2ncnc3ccccc23)cc1
CHEMBL1958031,Oc1csc(N2N=C(c3ccc(Cl)cc3)CC2c2ccccc2)n1,JBPRGFOBDNXFFR-UHFFFAOYSA-N,5.272458742971444,False,c1ccc(C2=NN(c3nccs3)C(c3ccccc3)C2)cc1
CHEMBL3752129,COc1cc(NC(=O)Nc2nccs2)cc(-c2cn(C)cn2)c1OC,JBQQBZKFRAJJGL-UHFFFAOYSA-N,6.441291429466834,True,O=C(Nc1cccc(-c2c[nH]cn2)c1)Nc1nccs1
CHEMBL300083,Nc1cc2ncnc(NCc3ccccc3)c2cn1,JBRBEQRTMVYDCU-UHFFFAOYSA-N,6.238072161579471,False,c1ccc(CNc2ncnc3ccncc23)cc1
CHEMBL3904787,COC(=O)CNC(=O)c1ccc(Nc2ncnc3cc(OCCCN4CCOCC4)c(OC)cc23)cc1,JBZOSUQWTMOZNC-UHFFFAOYSA-N,6.117475462045119,False,c1ccc(Nc2ncnc3cc(OCCCN4CCOCC4)ccc23)cc1
CHEMBL4225191,C=CC(=O)Nc1cccc(NC(=O)Nc2ccnc(Nc3ccc(N4CCC(N(C)C)CC4)cc3OC)n2)c1,JCCQBCUPVBAGMJ-UHFFFAOYSA-N,7.346787486224656,True,O=C(Nc1ccccc1)Nc1ccnc(Nc2ccc(N3CCCCC3)cc2)n1
CHEMBL440873,FC(F)(F)c1cccc(Nc2ncnc3[nH]c4c(c23)CCCC4)c1,JCCYHFCPFOFIMP-UHFFFAOYSA-N,6.443697499232712,True,c1ccc(Nc2ncnc3[nH]c4c(c23)CCCC4)cc1
CHEMBL305246,C=c1cc(C(=O)N2CCN(C)CC2)[nH]c1=Cc1c(O)[nH]c2ncnc(Nc3ccc(F)c(Cl)c3)c12,JCDBAPVOEWJRIM-UHFFFAOYSA-N,8.55284196865778,True,C=c1cc(C(=O)N2CCNCC2)[nH]c1=Cc1c[nH]c2ncnc(Nc3ccccc3)c12
CHEMBL3753235,C=CC(=O)Nc1cccc(-n2c(=O)c(-c3ccccc3)cc3cnc(Nc4ccc(N5CCN(C)CC5)cc4OC)nc32)c1,JCEMICPRKZFLLO-UHFFFAOYSA-N,9.69897000433602,True,O=c1c(-c2ccccc2)cc2cnc(Nc3ccc(N4CCNCC4)cc3)nc2n1-c1ccccc1
CHEMBL441518,CN(C)CC=CC(=O)Nc1cnc2ncc(C#N)c(Nc3cccc(Br)c3)c2c1,JCGLOUUPTKEXIO-UHFFFAOYSA-N,5.689604105989774,False,c1ccc(Nc2ccnc3ncccc23)cc1
CHEMBL3237944,CCOC(=O)C1C(=N)N(c2cccnc2)C2=C(C(=O)CCC2)C1c1c(C)nn(-c2ccccc2)c1Cl,JCJCJMBPYDVDOP-UHFFFAOYSA-N,5.679853713888946,False,N=C1CC(c2cnn(-c3ccccc3)c2)C2=C(CCCC2=O)N1c1cccnc1
CHEMBL1276179,CN1C[C@@H]2C[C@H]1CN2c1cc(F)c(-c2ccnc3c(-c4cccc5[nH]ncc45)c(-c4ccncc4)nn23)c(F)c1,JCJSAFZMXVQVBR-PMACEKPBSA-N,6.761953896871205,True,c1cc(-c2c(-c3ccncc3)nn3c(-c4ccc(N5C[C@@H]6C[C@H]5CN6)cc4)ccnc23)c2cn[nH]c2c1
CHEMBL312482,c1cc(Nc2ccc3[nH]ccc3c2)c2sc(-c3ccc(CN4CCOCC4)cc3)cc2n1,JCKSFAJUCQVQOF-UHFFFAOYSA-N,7.522878745280337,True,c1cc(Nc2ccc3[nH]ccc3c2)c2sc(-c3ccc(CN4CCOCC4)cc3)cc2n1
CHEMBL4175045,C=CC(=O)Nc1cc(Nc2nccc(Nc3ccccc3-c3ccn(C)n3)n2)c(OC)cc1N(C)CCN(C)C,JCKWXUSOUYEUJF-UHFFFAOYSA-N,8.387216143280265,True,c1ccc(Nc2nccc(Nc3ccccc3-c3cc[nH]n3)n2)cc1
CHEMBL382186,CS(=O)(=O)Nc1ccc2c(c1)CNc1c(Nc3cccc(Br)c3)ncnc1O2,JCKYGUUVRSHCJN-UHFFFAOYSA-N,5.3872161432802645,False,c1ccc(Nc2ncnc3c2NCc2ccccc2O3)cc1
CHEMBL3633929,CC(=O)Nc1ccc2ncnc(Nc3ccc(OCc4ccccn4)c(Cl)c3)c2c1,JCMIPNLNEAFFHI-UHFFFAOYSA-N,8.522878745280337,True,c1ccc(COc2ccc(Nc3ncnc4ccccc34)cc2)nc1
CHEMBL1242662,CC(C)n1nc(-c2ccc3cc(O)ccc3c2)c2c(N)ncnc21,JCMWWPAJCOQLAF-UHFFFAOYSA-N,7.055517327849831,True,c1ccc2cc(-c3n[nH]c4ncncc34)ccc2c1
CHEMBL3219508,COc1cc2ncnc(Nc3ccc(F)c(Cl)c3)c2cc1B(O)O,JCPTUEQWBLSUEB-UHFFFAOYSA-N,6.292429823902063,False,c1ccc(Nc2ncnc3ccccc23)cc1
CHEMBL3676338,C=CC(=O)Nc1cc2c(Nc3cccc(Cl)c3F)ncnc2cc1OCCNC(=O)CN(C)C,JCPZKXGIFPYHHJ-UHFFFAOYSA-N,6.0343280287798935,False,c1ccc(Nc2ncnc3ccccc23)cc1
CHEMBL202398,CCCCN(CC#CC(=O)Nc1ccc2ncnc(Nc3ccc(F)c(Cl)c3)c2c1)CCCC,JCUNURGXJBYRFK-UHFFFAOYSA-N,7.397940008672037,True,c1ccc(Nc2ncnc3ccccc23)cc1
CHEMBL3671554,C=CC(=O)Nc1cc2c(Nc3ccc(Br)cc3F)ncnc2cc1OCCCNCC(C)=O,JCZWCPLKQPNPTP-UHFFFAOYSA-N,7.585026652029182,True,c1ccc(Nc2ncnc3ccccc23)cc1
CHEMBL3973601,COc1ccc(-c2cc3c(N[C@H](C)c4ccc(F)cc4)ncnc3o2)cc1,JDAADPSQUJZOJL-CYBMUJFWSA-N,7.568636235841012,True,c1ccc(CNc2ncnc3oc(-c4ccccc4)cc23)cc1
CHEMBL3964033,ON=C(O)CCCCCn1cc(-c2ccc3ncnc(Nc4ccc(OCc5cccc(F)c5)c(Cl)c4)c3c2)nn1,JDBWHHHWEABNEC-UHFFFAOYSA-N,8.721246399047171,True,c1ccc(COc2ccc(Nc3ncnc4ccc(-c5c[nH]nn5)cc34)cc2)cc1
CHEMBL4162530,CCC/C=C/C(=O)Nc1cc2c(N3CCCc4ccccc43)ncnc2cc1OC,JDCXOQKEPCGFLF-LFYBBSHMSA-N,7.481486060122112,True,c1ccc2c(c1)CCCN2c1ncnc2ccccc12
CHEMBL584714,CC=C1C(=NC(=O)OCC2CCCNC2)NC2N=CN=C(Nc3ccc4c(cnn4Cc4ccccc4)c3)C12,JDIKQDIBEXONIZ-UHFFFAOYSA-N,7.42021640338319,True,C=C1C(=NC(=O)OCC2CCCNC2)NC2N=CN=C(Nc3ccc4c(cnn4Cc4ccccc4)c3)C12
CHEMBL1241485,COc1cc(-c2nn(C(C)C)c3ncnc(N)c23)ccc1N,JDOVRLNHIYWZKZ-UHFFFAOYSA-N,5.414539270491499,False,c1ccc(-c2n[nH]c3ncncc23)cc1
CHEMBL2048910,CC(C)(C)C(=O)NCCn1ccc2ncnc(Nc3ccc(Oc4cccc5sncc45)c(Cl)c3)c21,JDRIEMWAOXMCLE-UHFFFAOYSA-N,7.67778070526608,True,c1cc(Oc2ccc(Nc3ncnc4cc[nH]c34)cc2)c2cnsc2c1
CHEMBL1241684,CC(C)n1nc(-c2cc3cc(C=O)ccc3s2)c2c(N)ncnc21,JDRPVJJOYKLLFH-UHFFFAOYSA-N,4.0,False,c1ccc2sc(-c3n[nH]c4ncncc34)cc2c1
CHEMBL4091166,O=C(Nc1ccc2nccc(Nc3cccc(Cl)c3)c2c1)C1CCC2(CC1)OCC1(OO2)C2CC3CC(C2)CC1C3,JDUVITZLJUDMKX-UHFFFAOYSA-N,6.771086594005312,True,O=C(Nc1ccc2nccc(Nc3ccccc3)c2c1)C1CCC2(CC1)OCC1(OO2)C2CC3CC(C2)CC1C3
CHEMBL338449,CO[C@H]1[C@@H](N(C)C(=O)OC(C)(C)C)C[C@@H]2O[C@@]1(C)n1c3ccccc3c3c4c(c5c6ccccc6n2c5c31)C(=O)NC4,JDZXLEPJWLCESI-XYRIACETSA-N,4.8696662315049934,False,O=C1NCc2c1c1c3ccccc3n3c1c1c2c2ccccc2n1C1CCC[C@@H]3O1
CHEMBL3092316,CCN(CC)CCN(C)C(=O)Nc1cc2c(Nc3ccc(F)c(Cl)c3)ncnc2cc1O[C@H]1CCOC1,JEBVEZSMXJHGOF-SFHVURJKSA-N,6.296708621881338,False,c1ccc(Nc2ncnc3cc(O[C@H]4CCOC4)ccc23)cc1
CHEMBL3237947,CCOC(=O)C1C(=N)N(c2cccnc2)C2=C(C(=O)CC(C)(C)C2)C1c1c(C)nn(-c2ccccc2)c1Cl,JEERPPJLKDJRAM-UHFFFAOYSA-N,4.951558196449596,False,N=C1CC(c2cnn(-c3ccccc3)c2)C2=C(CCCC2=O)N1c1cccnc1
CHEMBL4129902,C=CC(=O)Nc1cccc(-n2c(=O)n(C(C)C)c(=O)c3cnc(Nc4ccc(N(C)CCN(C)C)cc4OC)nc32)c1,JELNKXSFJXDCGG-UHFFFAOYSA-N,7.795880017344075,True,O=c1[nH]c(=O)n(-c2ccccc2)c2nc(Nc3ccccc3)ncc12
CHEMBL4112924,CO[C@@H]1COC2C1OC[C@H]2Oc1cc2ncnc(Nc3ccc(F)c(Cl)c3)c2cc1NC(=O)/C=C/CN(C)C,JEMSOXTWRRHLSY-IEYCOXKTSA-N,9.397940008672036,True,c1ccc(Nc2ncnc3cc(O[C@@H]4COC5CCOC54)ccc23)cc1
CHEMBL3918330,C/C=C/C(=O)Nc1cc2c(Nc3ccc(F)c(Cl)c3)ncnc2cc1OCCCN1CCOCC1,JEWUEUCNKZKAGM-DUXPYHPUSA-N,7.657577319177793,True,c1ccc(Nc2ncnc3cc(OCCCN4CCOCC4)ccc23)cc1
CHEMBL3957416,CCOc1cc2ncnc(Nc3ccc(NS(=O)(=O)c4ccccc4)cc3)c2cc1NC(=O)/C=C/CN1CCOCC1,JEXCBQDTESMXHL-RMKNXTFCSA-N,7.161150909262744,True,O=C(/C=C/CN1CCOCC1)Nc1ccc2ncnc(Nc3ccc(NS(=O)(=O)c4ccccc4)cc3)c2c1
CHEMBL4208673,CN1CCN(c2nc(Nc3ccc(F)cc3)nc3cnc(Nc4ccc(N5CCC(N(C)C)CC5)cn4)cc23)CC1,JEYJLOYXIIJIPP-UHFFFAOYSA-N,7.458420756053419,True,c1ccc(Nc2nc(N3CCNCC3)c3cc(Nc4ccc(N5CCCCC5)cn4)ncc3n2)cc1
CHEMBL92356,CCN1CCN(CC#CC(=O)Nc2ccc3ncnc(Nc4cccc(Br)c4)c3c2)CC1,JEZCURNCWCILAV-UHFFFAOYSA-N,7.187086643357144,True,O=C(C#CCN1CCNCC1)Nc1ccc2ncnc(Nc3ccccc3)c2c1
CHEMBL3958006,O=C(/C=C/CN1CCOCC1)Nc1cc2c(Nc3ccc(F)c(Cl)c3)ncnc2cn1,JFBQFAKGLQJGIL-OWOJBTEDSA-N,7.920818753952375,True,O=C(/C=C/CN1CCOCC1)Nc1cc2c(Nc3ccccc3)ncnc2cn1
CHEMBL1204262,CCOc1cc2ncnc(Nc3cccc(I)c3)c2cc1OCC,JFCHPYHJJFGZSB-UHFFFAOYSA-N,9.193820026016112,True,c1ccc(Nc2ncnc3ccccc23)cc1
CHEMBL4277822,C=CC(=O)Nc1cccc(Oc2nc(Nc3ccc(CC(=O)N4CCOCC4)cc3)ncc2Cl)c1,JFCNNUXZPAQFEF-UHFFFAOYSA-N,6.997833938243492,True,O=C(Cc1ccc(Nc2nccc(Oc3ccccc3)n2)cc1)N1CCOCC1
CHEMBL3953221,C=CC(=O)N[C@H]1CCC[C@@H](n2c(NC(=O)c3cccc(C(F)(F)F)c3)nc3cc(C)ccc32)C1,JFCPIPVOYQAKKQ-RBUKOAKNSA-N,8.397940008672037,True,O=C(Nc1nc2ccccc2n1C1CCCCC1)c1ccccc1
CHEMBL3973973,C=CC(=O)N[C@@H]1CCC[C@@H](n2c(NC(=O)c3cccc(C(F)(F)F)c3)nc3cc(C)ccc32)C1,JFCPIPVOYQAKKQ-RTBURBONSA-N,7.221848749616356,True,O=C(Nc1nc2ccccc2n1C1CCCCC1)c1ccccc1
CHEMBL1641989,CN(C)CCCC(=O)Nc1ccc2c(C#N)cnc(Nc3cccc(Br)c3)c2c1,JFEJSBHDIHUJSI-UHFFFAOYSA-N,5.3872161432802645,False,c1ccc(Nc2nccc3ccccc23)cc1
CHEMBL1907944,COc1cc2c(Nc3ccc(Br)cc3F)ncnc2cc1OC[C@H]1CCCN(C)C1,JFGLOXKNWPNMQT-AWEZNQCLSA-N,7.0,True,c1ccc(Nc2ncnc3cc(OC[C@H]4CCCNC4)ccc23)cc1
CHEMBL1907764,COc1cc2c(Nc3ccc(Br)cc3F)ncnc2cc1OC[C@@H]1CCCN(C)C1,JFGLOXKNWPNMQT-CQSZACIVSA-N,6.698970004336019,True,c1ccc(Nc2ncnc3cc(OC[C@@H]4CCCNC4)ccc23)cc1
CHEMBL290106,Oc1c(Cl)cc(Cl)cc1Sc1cc(Cl)cc(Cl)c1O,JFIOVJDNOJYLKP-UHFFFAOYSA-N,6.211831628858832,False,c1ccc(Sc2ccccc2)cc1
CHEMBL1821897,COc1ccc(C2=NN(c3nc(-c4ccc(Cl)cc4)cs3)C(c3ccc(F)cc3)C2)cc1,JFISUIGTIFMMMJ-UHFFFAOYSA-N,5.294992040666664,False,c1ccc(C2=NN(c3nc(-c4ccccc4)cs3)C(c3ccccc3)C2)cc1
CHEMBL3355887,COc1cc2ncnc(Nc3ccc(F)c(Cl)c3)c2cc1OCCn1c([N+](=O)[O-])cnc1C,JFJFWDRBLCGADI-UHFFFAOYSA-N,8.309803919971486,True,c1ccc(Nc2ncnc3ccc(OCCn4ccnc4)cc23)cc1
CHEMBL1241947,Cc1cc(-c2nn(C(C)C)c3ncnc(N)c23)sc1C=O,JFJRIADKVAOEDG-UHFFFAOYSA-N,5.00436480540245,False,c1csc(-c2n[nH]c3ncncc23)c1
CHEMBL205149,COc1cc(OC2CCNCC2)c2c(Nc3ccc(F)c(Cl)c3)ncnc2c1,JFJUDTHJJPEOAI-UHFFFAOYSA-N,8.0,True,c1ccc(Nc2ncnc3cccc(OC4CCNCC4)c23)cc1
CHEMBL256295,Nc1ncnc(Nc2ccc3c(cnn3Cc3cccc(F)c3)c2)c1C=NO,JFOADMWQXWRMGB-UHFFFAOYSA-N,7.920818753952375,True,c1ccc(Cn2ncc3cc(Nc4ccncn4)ccc32)cc1
CHEMBL394333,NCCOCc1ccn2ncnc(Nc3ccc4c(cnn4Cc4cccc(F)c4)c3)c12,JFPGALAHAHQULC-UHFFFAOYSA-N,7.045757490560675,True,c1ccc(Cn2ncc3cc(Nc4ncnn5cccc45)ccc32)cc1
CHEMBL3114690,C#Cc1cccc(Nc2ncnc3cc4c(cc23)N(C(=O)/C=C/CN(C)C)CCO4)c1,JFSSINHNDHIGOR-RMKNXTFCSA-N,8.522878745280337,True,c1ccc(Nc2ncnc3cc4c(cc23)NCCO4)cc1
CHEMBL3416628,O=c1nc2c(=C(O)Nc3ccc(CN4CCCC4)cc3)sc3ncnc(c32)n1-c1ccc(F)c(Cl)c1,JFVSWDKWHIEVLG-UHFFFAOYSA-N,8.154901959985743,True,O=c1nc2c(=CNc3ccc(CN4CCCC4)cc3)sc3ncnc(c32)n1-c1ccccc1
CHEMBL3263965,COc1cc2c(Oc3ccc(NS(=O)(=O)c4cc(-c5ccsc5)ccc4F)cc3F)ccnc2cc1OCCCN1CCN(C)CC1,JGBFZYXPJYFPPR-UHFFFAOYSA-N,6.242603971206975,False,O=S(=O)(Nc1ccc(Oc2ccnc3cc(OCCCN4CCNCC4)ccc23)cc1)c1cccc(-c2ccsc2)c1
CHEMBL3622652,O=C1CCN(C/C=C/C(=O)Nc2cc3c(Nc4ccc(F)c(Cl)c4)ncnc3cc2O[C@H]2CCOC2)CC1,JGIWEGURDZFEGD-SNDJDQCESA-N,6.283829652140146,False,O=C1CCN(C/C=C/C(=O)Nc2cc3c(Nc4ccccc4)ncnc3cc2O[C@H]2CCOC2)CC1
CHEMBL162223,Brc1cccc(Nc2ncnc3cnc(NCCc4ccccn4)cc23)c1,JGLPCRUFWFOQKT-UHFFFAOYSA-N,8.920818753952375,True,c1ccc(Nc2ncnc3cnc(NCCc4ccccn4)cc23)cc1
CHEMBL3922922,CCOc1cc2ncnc(Nc3ccc(OCc4ccccn4)cc3)c2cc1NC(=O)/C=C/CN1CCN(C)CC1,JGLZFCYSDWVBJK-SOFGYWHQSA-N,6.785156151952302,True,O=C(/C=C/CN1CCNCC1)Nc1ccc2ncnc(Nc3ccc(OCc4ccccn4)cc3)c2c1
CHEMBL3758762,C[C@@H](Nc1ncnc2sc(-c3ccc(C(N)=O)cc3)cc12)c1ccccc1,JGNXXXKYBVWYEJ-CYBMUJFWSA-N,8.154901959985743,True,c1ccc(CNc2ncnc3sc(-c4ccccc4)cc23)cc1
CHEMBL384407,CS(=O)(=O)CCN(CC#N)Cc1ccc(-c2ccc3ncnc(Nc4ccc(OCc5cccc(F)c5)c(Cl)c4)c3c2)o1,JGUKCUUOQNQOBB-UHFFFAOYSA-N,7.568636235841012,True,c1ccc(COc2ccc(Nc3ncnc4ccc(-c5ccco5)cc34)cc2)cc1
CHEMBL3797606,C=CC(=O)Nc1cccc(Oc2nc(Nc3ccc(N4CCN(C)CC4)cc3OC)ncc2SC)c1,JGVSJOHBWPEWKW-UHFFFAOYSA-N,6.566070234391535,True,c1ccc(Oc2ccnc(Nc3ccc(N4CCNCC4)cc3)n2)cc1
CHEMBL3753874,C=CC(=O)Nc1cccc(-n2c(=O)cc(CCC)c3cnc(Nc4ccc(N5CCN(C)CC5)cc4OC)nc32)c1,JHNKOTINEQSIRM-UHFFFAOYSA-N,7.7495799976911055,True,O=c1ccc2cnc(Nc3ccc(N4CCNCC4)cc3)nc2n1-c1ccccc1
CHEMBL3806222,Fc1ccc(Nc2ncnc3cc(OC4CCOCC4)c4c(c23)OCCO4)cc1Cl,JHORFMWVOBDQIU-UHFFFAOYSA-N,7.230622673923861,True,c1ccc(Nc2ncnc3cc(OC4CCOCC4)c4c(c23)OCCO4)cc1
CHEMBL3815163,S=C(NCCN1CCOCC1)Nc1ccc2ncnc(Nc3cccc(Br)c3)c2c1,JHRFCGXRLWMAKU-UHFFFAOYSA-N,8.742321425130816,True,S=C(NCCN1CCOCC1)Nc1ccc2ncnc(Nc3ccccc3)c2c1
CHEMBL380889,COc1cc2ncnc(Nc3cccc(Cl)c3F)c2cc1CN(C)C(CN(C)C)C(N)=O,JHUDBCRALFDNOD-UHFFFAOYSA-N,7.301029995663981,True,c1ccc(Nc2ncnc3ccccc23)cc1
CHEMBL3604926,Cc1cc(Nc2cc(N3CCN(C)CC3)nc(Oc3ccccc3[N+](=O)[O-])n2)[nH]n1,JHVMOSZMDRINOY-UHFFFAOYSA-N,5.795880017344075,False,c1ccc(Oc2nc(Nc3ccn[nH]3)cc(N3CCNCC3)n2)cc1
CHEMBL293261,O=C(CCc1c(SSc2[nH]c3ccccc3c2CCC(=O)NCc2ccccc2)[nH]c2ccccc12)NCc1ccccc1,JIEAIEPFEUNUQF-UHFFFAOYSA-N,6.070581074285707,False,O=C(CCc1c(SSc2[nH]c3ccccc3c2CCC(=O)NCc2ccccc2)[nH]c2ccccc12)NCc1ccccc1
CHEMBL3752448,C=CC(=O)Nc1cccc(-n2c(=O)cc(C3CC3)c3cnc(Nc4ccc(N5CCN(C)CC5)cc4OC)nc32)c1,JIGMYAOWLPJYDW-UHFFFAOYSA-N,8.0,True,O=c1cc(C2CC2)c2cnc(Nc3ccc(N4CCNCC4)cc3)nc2n1-c1ccccc1
CHEMBL172652,Brc1cccc(Nc2[nH]cnc3cc4nnnc4cc23)c1,JIGSWKKATSTUQN-UHFFFAOYSA-N,8.387216143280265,True,c1ccc(Nc2[nH]cnc3cc4nnnc4cc23)cc1
CHEMBL393787,O[C@@H]1CNCCN(Cc2ccn3ncnc(Nc4ccc5c(cnn5Cc5cccc(F)c5)c4)c23)C1,JIGUCXPMOHEAMU-HSZRJFAPSA-N,6.698970004336019,True,c1ccc(Cn2ncc3cc(Nc4ncnn5ccc(CN6CCCNCC6)c45)ccc32)cc1
CHEMBL233325,O[C@H]1CNCCN(Cc2ccn3ncnc(Nc4ccc5c(cnn5Cc5cccc(F)c5)c4)c23)C1,JIGUCXPMOHEAMU-QHCPKHFHSA-N,7.585026652029182,True,c1ccc(Cn2ncc3cc(Nc4ncnn5ccc(CN6CCCNCC6)c45)ccc32)cc1
CHEMBL2437466,C=CC(=O)Nc1cccc(-n2c(=O)cnc3cnc(Nc4ccc(NC(C)=O)cc4)nc32)c1,JIJDVLXBQGQRQM-UHFFFAOYSA-N,8.343901797987169,True,O=c1cnc2cnc(Nc3ccccc3)nc2n1-c1ccccc1
CHEMBL483108,Nc1nc(Nc2ccc(F)c(Br)c2)c2cc(CCc3ccccc3)[nH]c2n1,JIKRLFBUNSLPFP-UHFFFAOYSA-N,4.642065152999546,False,c1ccc(CCc2cc3c(Nc4ccccc4)ncnc3[nH]2)cc1
CHEMBL3622677,C#Cc1cccc(Nc2ncnc3cc(OC)c(NC(=O)/C=C/CNC4CC4)cc23)c1,JIKYFUDCMJVAKP-VMPITWQZSA-N,8.102372908709558,True,O=C(/C=C/CNC1CC1)Nc1ccc2ncnc(Nc3ccccc3)c2c1
CHEMBL3921710,CCCCn1c(O)cs/c1=N/Nc1nncc2ccccc12,JILRMKMGHDCUJP-XDJHFCHBSA-N,7.638272163982407,True,c1ccc2c(N/N=c3\[nH]ccs3)nncc2c1
CHEMBL3085377,CCN(CC)[C@@](C)(C#Cc1ncnc2cc(OC)c(OC)cc12)c1ccccc1,JISATZHCUTWAMQ-DEOSSOPVSA-N,5.136677139879544,False,C(#Cc1ncnc2ccccc12)Cc1ccccc1
CHEMBL490780,CCOc1cc(C=C2CCNC2=O)cc(CSc2ccccc2)c1O,JJABWYFSIMYYRT-UHFFFAOYSA-N,6.045757490560675,False,O=C1NCCC1=Cc1cccc(CSc2ccccc2)c1
CHEMBL3740930,Cc1[nH]c(-c2ccccc2)c(-c2ccccc2)c1C(=O)c1cn(-c2ccccc2)nc1C(=O)Nc1ccccc1,JJCCJOXLGQVFLN-UHFFFAOYSA-N,5.448550002027124,False,O=C(c1cn(-c2ccccc2)nc1C(=O)Nc1ccccc1)c1c[nH]c(-c2ccccc2)c1-c1ccccc1
CHEMBL3233770,O=C(CCl)Nc1cc2c(Nc3ccc(F)c(Cl)c3)ncnc2s1,JJDBWQCXAZVDEE-UHFFFAOYSA-N,7.397940008672037,True,c1ccc(Nc2ncnc3sccc23)cc1
CHEMBL203295,COc1cc(OC2CCN(C)CC2)c2c(Nc3ccc(F)c(Cl)c3)ncnc2c1,JJGWQXMAOXKYNE-UHFFFAOYSA-N,7.67778070526608,True,c1ccc(Nc2ncnc3cccc(OC4CCNCC4)c23)cc1
CHEMBL394056,COCc1ccn2ncnc(Nc3ccc4c(cnn4Cc4cccc(F)c4)c3)c12,JJHHXMMEZIIKRB-UHFFFAOYSA-N,6.468521082957745,True,c1ccc(Cn2ncc3cc(Nc4ncnn5cccc45)ccc32)cc1
CHEMBL203661,O=C(C#CCCN1CCOCC1)Nc1cc2c(Nc3ccc(F)c(Cl)c3)ncnc2cn1,JJHXVSSJRMTBMC-UHFFFAOYSA-N,8.886056647693163,True,O=C(C#CCCN1CCOCC1)Nc1cc2c(Nc3ccccc3)ncnc2cn1
CHEMBL55425,CCN(CC)CCCOc1cc2c(Nc3ccc(F)c(Cl)c3)ncnc2cc1OC,JJKSOLDGGFGXJF-UHFFFAOYSA-N,7.244125144327507,True,c1ccc(Nc2ncnc3ccccc23)cc1
CHEMBL76958,O=C(O)c1ccc(S(=O)(=O)Oc2ccc(/C=C/[N+](=O)[O-])cc2)cc1,JJLJZGDGOYIKBT-MDZDMXLPSA-N,6.0,False,O=S(=O)(Oc1ccccc1)c1ccccc1
CHEMBL2437462,C=CC(=O)Nc1cccc(-n2c(=O)cnc3cnc(Nc4ccc(N5CCN(C)CC5)cc4)nc32)c1,JJQDZMPHVLCCFS-UHFFFAOYSA-N,9.169411331314857,True,O=c1cnc2cnc(Nc3ccc(N4CCNCC4)cc3)nc2n1-c1ccccc1
CHEMBL3233782,O=C(/C=C/CN1CC(O)C1)Nc1cc2c(Nc3ccc(F)c(Cl)c3)ncnc2s1,JKABMGXBBVXKDI-OWOJBTEDSA-N,7.42021640338319,True,O=C(/C=C/CN1CCC1)Nc1cc2c(Nc3ccccc3)ncnc2s1
CHEMBL345109,CN(C)CCCNC(=O)/C=C/C(=O)Nc1ccc2ncnc(Nc3cccc(Br)c3)c2c1,JKAXXKYYTNYYGM-MDZDMXLPSA-N,7.229147988357855,True,c1ccc(Nc2ncnc3ccccc23)cc1
CHEMBL4105442,C=CC(=O)Nc1cccc(Nc2nc(Nc3ccc(C=Cc4ccc(C)cc4C)cc3)ncc2Cl)c1,JKEIWZNOYUZICO-UHFFFAOYSA-N,8.167491087293763,True,C(=Cc1ccc(Nc2nccc(Nc3ccccc3)n2)cc1)c1ccccc1
CHEMBL4290812,C=C=CC(=O)Nc1cc(Nc2nccc(-c3cn(C)c4ccccc34)n2)c(OC)cc1N1CCN(C)CC1,JKEMXAWDMZULEV-UHFFFAOYSA-N,9.522878745280336,True,c1ccc2c(-c3ccnc(Nc4ccc(N5CCNCC5)cc4)n3)c[nH]c2c1
CHEMBL3676386,C=CC(=O)Nc1cc2c(Nc3ccc(Br)c(Cl)c3F)ncnc2cc1OCCNC(=S)NCC,JKFAFNGFEBNHQY-UHFFFAOYSA-N,7.167491087293763,True,c1ccc(Nc2ncnc3ccccc23)cc1
CHEMBL2029690,Cc1ccc(N2NC(=O)C(=Cc3ccc(-c4cc([N+](=O)[O-])ccc4O)o3)C2=O)cc1C,JKFICPIMSFBOJJ-UHFFFAOYSA-N,4.129011186239425,False,O=C1NN(c2ccccc2)C(=O)C1=Cc1ccc(-c2ccccc2)o1
CHEMBL590878,Oc1cc(O)c2cc(O)c(-c3cc(O)c(O)c(O)c3)[o+]c2c1,JKHRCGUTYDNCLE-UHFFFAOYSA-O,8.202732459169283,True,c1ccc(-c2ccc3ccccc3[o+]2)cc1
CHEMBL391181,COc1cn2ncnc(Nc3ccc4c(cnn4Cc4cccc(F)c4)c3)c2c1CN1CCC(N)CC1,JKJHAFYDAMDTAT-UHFFFAOYSA-N,7.397940008672037,True,c1ccc(Cn2ncc3cc(Nc4ncnn5ccc(CN6CCCCC6)c45)ccc32)cc1
CHEMBL3604912,C=CC(=O)Nc1cccc(-c2nc(Nc3cc[nH]n3)c3ccccc3n2)c1,JKMKOWWGHUKUTE-UHFFFAOYSA-N,5.958607314841775,False,c1ccc(-c2nc(Nc3cc[nH]n3)c3ccccc3n2)cc1
CHEMBL3087197,C=CC(=O)N1CC[C@H](N2C(=O)N(c3ccccc3)Cc3cnc(Nc4ccccc4)nc32)C1,JKMKVANXOAOXAM-NRFANRHFSA-N,6.628193541492584,True,O=C1N(c2ccccc2)Cc2cnc(Nc3ccccc3)nc2N1[C@H]1CCNC1
CHEMBL500217,O=C(O[C@H]1CN[C@H](C#Cc2cc3ncnc(Nc4ccc5c(ccn5Cc5ccccc5)c4)c3s2)C1)N1CCOCC1,JKMMLNQHOCOLSR-AOYPEHQESA-N,7.045757490560675,True,O=C(O[C@H]1CN[C@H](C#Cc2cc3ncnc(Nc4ccc5c(ccn5Cc5ccccc5)c4)c3s2)C1)N1CCOCC1
CHEMBL162142,Brc1cccc(Nc2ncnc3cnc(NCCc4c[nH]cn4)cc23)c1,JKSUBOCXWXIPAH-UHFFFAOYSA-N,9.10790539730952,True,c1ccc(Nc2ncnc3cnc(NCCc4c[nH]cn4)cc23)cc1
CHEMBL432416,Nc1ccc(-c2cc(=O)c3cc(N)c(O)cc3o2)cc1,JKXGGRIZDZVVAH-UHFFFAOYSA-N,4.85078088734462,False,O=c1cc(-c2ccccc2)oc2ccccc12
CHEMBL2032377,C=CC(=O)Nc1cccc(N2C(=O)N(C)Cc3cnc(Nc4ccc(N(C)C)cc4OC)nc32)c1,JKYJOELEQGFEIS-UHFFFAOYSA-N,8.30189945437661,True,O=C1NCc2cnc(Nc3ccccc3)nc2N1c1ccccc1
CHEMBL212250,O=S(=O)(CCOCc1ccc(-c2ccc3ncnc(Nc4ccc(OCc5cccc(F)c5)c(Cl)c4)c3c2)o1)c1ccccc1,JLBVWHHVKVXOOR-UHFFFAOYSA-N,7.602059991327962,True,O=S(=O)(CCOCc1ccc(-c2ccc3ncnc(Nc4ccc(OCc5ccccc5)cc4)c3c2)o1)c1ccccc1
CHEMBL3676367,C=CC(=O)Nc1cc2c(Nc3ccc(Br)c(Cl)c3F)ncnc2cc1OCCNC(=O)CCN1CCCCC1,JLRRXORWMUQGQX-UHFFFAOYSA-N,7.920818753952375,True,O=C(CCN1CCCCC1)NCCOc1ccc2c(Nc3ccccc3)ncnc2c1
CHEMBL592707,Cc1ccc(C=NN=c2[nH]c(O)cs2)cc1,JLSKRXIRKVRVCD-UHFFFAOYSA-N,5.486782399932061,False,C(=NN=c1[nH]ccs1)c1ccccc1
CHEMBL3671537,C=CC(=O)Nc1cc2c(Nc3ccc(Br)cc3F)ncnc2cc1OCC(=O)NCCN(CC)CC,JLWNHWBYVLABOU-UHFFFAOYSA-N,6.185752404268079,False,c1ccc(Nc2ncnc3ccccc23)cc1
CHEMBL3967962,O=C(/C=C/CN1CCCC1)Nc1cc2c(Nc3ccc(Cc4ccccn4)cc3)ncnc2cn1,JLWZRGNJHZVVKD-FNORWQNLSA-N,6.392544976785331,True,O=C(/C=C/CN1CCCC1)Nc1cc2c(Nc3ccc(Cc4ccccn4)cc3)ncnc2cn1
CHEMBL126372,OCC(O)CNc1cc2ncnc(Nc3cccc(Br)c3)c2cn1,JLXPNVOGDZTOJF-UHFFFAOYSA-N,9.036212172654444,True,c1ccc(Nc2ncnc3ccncc23)cc1
CHEMBL3647422,COCCOc1cc2ncnc(Nc3ccc(F)c(Cl)c3)c2cc1NC(=O)/C=C/[C@H]1CCCN1C,JLZPLOMYCANQFI-DBWMJRBXSA-N,8.698970004336019,True,O=C(/C=C/[C@H]1CCCN1)Nc1ccc2ncnc(Nc3ccccc3)c2c1
CHEMBL3952953,COCCOc1cc2ncnc(Nc3ccc(F)c(Cl)c3)c2cc1NC(=O)/C=C/[C@@H]1CCCN1C,JLZPLOMYCANQFI-JKNJVXJCSA-N,8.698970004336019,True,O=C(/C=C/[C@@H]1CCCN1)Nc1ccc2ncnc(Nc3ccccc3)c2c1
CHEMBL3613691,CN(C)c1ccc(/C=C/C(=O)c2ccc3ncc(C(N)=O)c(Nc4ccc(Cl)cc4)c3c2)cc1,JMDDILOQKYWRNN-LHHJGKSTSA-N,5.277119389313061,False,O=C(/C=C/c1ccccc1)c1ccc2nccc(Nc3ccccc3)c2c1
CHEMBL12131,Cc1cc(C(C#N)c2ccc(Cl)cc2)c(Cl)cc1NC(=O)c1cc(I)cc(I)c1O,JMPFSEBWVLAJKM-UHFFFAOYSA-N,6.248720896016658,False,O=C(Nc1ccc(Cc2ccccc2)cc1)c1ccccc1
CHEMBL56281,N#CC(C#N)=Cc1cccnc1,JMPHHFYSCUHMAL-UHFFFAOYSA-N,3.647817481888637,False,c1ccncc1
CHEMBL356324,N#C/C(=C\c1ccc(O)c(O)c1)S(=O)(=O)/C(C#N)=C/c1ccc(O)c(O)c1,JMRYQFOYVAUPPK-ACFHMISVSA-N,6.42021640338319,True,O=S(=O)(C=Cc1ccccc1)/C=C/c1ccccc1
CHEMBL3741219,CN(C)C/C=C/C(=O)Nc1cccc(Nc2nc(N/N=C/c3cn(Cc4ccccc4)c4ccccc34)ncc2Cl)c1,JMURYEMKBCTGOW-RFIBRHTFSA-N,6.055517327849831,False,C(=N\Nc1nccc(Nc2ccccc2)n1)/c1cn(Cc2ccccc2)c2ccccc12
CHEMBL3655353,N#Cc1cnc2sc3c(c2c1Nc1ccc(Cl)c(Cl)c1)CCN(C(=O)/C=C/CN1CCCOCC1)C3,JMUZSSQPGDQMCG-HNQUOIGGSA-N,8.366531544420413,True,O=C(/C=C/CN1CCCOCC1)N1CCc2c(sc3nccc(Nc4ccccc4)c23)C1
CHEMBL24137,COc1cc2c(Nc3ccc(Cl)cc3F)ncnc2cc1OCCCN1CCOCC1,JNAHSSCHKKAPHI-UHFFFAOYSA-N,7.0,True,c1ccc(Nc2ncnc3cc(OCCCN4CCOCC4)ccc23)cc1
CHEMBL3746268,CC(=O)N1N=C(c2ccc(C)cc2)CC1c1ccc(C(=O)OCCn2c([N+](=O)[O-])cnc2C)cc1,JNBDLDLZBBRMKI-UHFFFAOYSA-N,4.961777361631282,False,O=C(OCCn1ccnc1)c1ccc(C2CC(c3ccccc3)=NN2)cc1
CHEMBL258270,CC(=O)N1CCN(CCOc2[nH]nc3ncnc(Nc4ccc(OCc5ccccn5)c(Cl)c4)c23)CC1,JNCKWWADGCZZGL-UHFFFAOYSA-N,8.522878745280337,True,c1ccc(COc2ccc(Nc3ncnc4n[nH]c(OCCN5CCNCC5)c34)cc2)nc1
CHEMBL1945446,O=C(NS(=O)(=O)c1ccc(F)cc1)c1cncc(Br)c1,JNTAUNZKYOUARJ-UHFFFAOYSA-N,5.485452247339714,False,O=C(NS(=O)(=O)c1ccccc1)c1cccnc1
CHEMBL1504817,O=C1NN(c2ccc(F)c(Cl)c2)C(=O)/C1=C\c1cccc(OC(=O)c2cccs2)c1,JNUIQGKVFFMDLX-GDNBJRDFSA-N,5.455931955649724,False,O=C1NN(c2ccccc2)C(=O)/C1=C\c1cccc(OC(=O)c2cccs2)c1
CHEMBL447720,O=C(O[C@H]1CN[C@H](C#Cc2cc3ncnc(Nc4ccc5c(ccn5CCc5ccccc5)c4)c3s2)C1)N1CCOCC1,JOAKGRBKTPJXHB-XNMGPUDCSA-N,5.500312917381596,False,O=C(O[C@H]1CN[C@H](C#Cc2cc3ncnc(Nc4ccc5c(ccn5CCc5ccccc5)c4)c3s2)C1)N1CCOCC1
CHEMBL4091921,S=C(NCc1ccccc1)Nc1ccc2ncnc(Nc3cccc(Cl)c3)c2c1,JODAQGCFLXRTNK-UHFFFAOYSA-N,7.943095148663527,True,S=C(NCc1ccccc1)Nc1ccc2ncnc(Nc3ccccc3)c2c1
CHEMBL168382,COc1cccc(-c2cn(C3CCCC3)c3ncnc(N)c23)c1,JOEZGPVMIDNCJZ-UHFFFAOYSA-N,6.337242168318426,True,c1ccc(-c2cn(C3CCCC3)c3ncncc23)cc1
CHEMBL206347,COc1ccc2c(c1)Oc1ncnc(Nc3ccc(F)c(Cl)c3)c1NC2,JOFQQHKMORZRGK-UHFFFAOYSA-N,6.0,False,c1ccc(Nc2ncnc3c2NCc2ccccc2O3)cc1
CHEMBL2087358,Clc1cccc(Nc2ncnc3cc4c(cc23)OCCOCCOCCO4)c1,JOFVJRWULICIKS-UHFFFAOYSA-N,8.698970004336019,True,c1ccc(Nc2ncnc3cc4c(cc23)OCCOCCOCCO4)cc1
CHEMBL1173783,Cc1ncc([N+](=O)[O-])n1CCOC(=O)/C=C/c1ccc(OCc2ccccc2)cc1,JONMXSMABKQCRS-FMIVXFBMSA-N,5.896196279044043,False,O=C(/C=C/c1ccc(OCc2ccccc2)cc1)OCCn1ccnc1
CHEMBL545006,O=C(CCN1CCCCC1)c1ccc(OCc2ccccc2)cc1,JONUISOVEOMAKX-UHFFFAOYSA-N,5.7447274948966935,False,O=C(CCN1CCCCC1)c1ccc(OCc2ccccc2)cc1
CHEMBL542755,COc1cccc2sc3c(Nc4cccc(Br)c4)ncnc3c12,JOSIZTUFKBPVNZ-UHFFFAOYSA-N,7.698970004336019,True,c1ccc(Nc2ncnc3c2sc2ccccc23)cc1
CHEMBL399735,COc1cc2ncnc(Nc3cccc(C#Cc4ccccc4)c3)c2cc1OC,JOSUBHKXGLAWFP-UHFFFAOYSA-N,6.03574036980315,False,C(#Cc1cccc(Nc2ncnc3ccccc23)c1)c1ccccc1
CHEMBL1958026,Oc1csc(N2N=C(c3ccc(F)cc3)CC2c2ccc(F)cc2)n1,JOTVNLULGGLFMD-UHFFFAOYSA-N,4.771599641296995,False,c1ccc(C2=NN(c3nccs3)C(c3ccccc3)C2)cc1
CHEMBL435054,Cn1c(SSc2c(C(=O)Nc3ccccn3)c3ccccc3n2C)c(C(=O)Nc2ccccn2)c2ccccc21,JOWCTFPLEOLXDX-UHFFFAOYSA-N,4.327902142064283,False,O=C(Nc1ccccn1)c1c(SSc2[nH]c3ccccc3c2C(=O)Nc2ccccn2)[nH]c2ccccc12
CHEMBL498249,CO[C@H](C)c1c(O)cc2c(O)c3c(c(O)c2c1O)=C(O)C(=O)C(=O)C=3,JOXXDIVVDAPAFN-RXMQYKEDSA-N,4.3872161432802645,False,O=C1C=c2cc3ccccc3cc2=CC1=O
CHEMBL345837,Cn1c(SSc2c(C(=O)Nc3cccc(C(=O)O)c3)c3ccccc3n2C)c(C(=O)Nc2cccc(C(=O)O)c2)c2ccccc21,JPAWWDLYFWRPSM-UHFFFAOYSA-N,4.920818753952375,False,O=C(Nc1ccccc1)c1c(SSc2[nH]c3ccccc3c2C(=O)Nc2ccccc2)[nH]c2ccccc12
CHEMBL3344218,CCCCC(=O)ON[C@H](CS(C)(=O)=O)c1ccc(-c2ccc3ncnc(Nc4ccc(OCc5cccc(F)c5)c(Cl)c4)c3c2)o1,JPDVCJYBXBQWPC-MUUNZHRXSA-N,7.032452023781138,True,c1ccc(COc2ccc(Nc3ncnc4ccc(-c5ccco5)cc34)cc2)cc1
CHEMBL4213082,C=CC(=O)Nc1ccc(Oc2nc(Nc3ccc(N4CCN(C)CC4)cc3OC)ncc2Cl)cc1,JPEBHFDPUUEBJJ-UHFFFAOYSA-N,5.549750891680639,False,c1ccc(Oc2ccnc(Nc3ccc(N4CCNCC4)cc3)n2)cc1
CHEMBL136058,O=C(/C=C/C(=O)Nc1cc2c(Nc3cccc(Br)c3)ncnc2cn1)NCCCN1CCOCC1,JPHMUYSWHKPNKF-AATRIKPKSA-N,8.05551732784983,True,O=C(/C=C/C(=O)Nc1cc2c(Nc3ccccc3)ncnc2cn1)NCCCN1CCOCC1
CHEMBL93464,C/C=C/C(=O)Nc1ccc2ncnc(Nc3cccc(Br)c3)c2c1,JPHUTKJINPEEPQ-DUXPYHPUSA-N,8.060480747381382,True,c1ccc(Nc2ncnc3ccccc23)cc1
CHEMBL329642,C/C=C\C(=O)Nc1ccc2ncnc(Nc3cccc(Br)c3)c2c1,JPHUTKJINPEEPQ-RQOWECAXSA-N,6.570247719997592,True,c1ccc(Nc2ncnc3ccccc23)cc1
CHEMBL2442320,COc1cc(OC)c2c(=O)n(-c3ccc(F)c(Cl)c3)ccc2c1,JPIQUKAEWPKLLC-UHFFFAOYSA-N,5.260427655549908,False,O=c1c2ccccc2ccn1-c1ccccc1
CHEMBL31369,C=CC(=O)Nc1ccc2ncnc(Nc3ccc(OCCN(C)C)c(Br)c3)c2c1,JPJSAJWYSOMBPM-UHFFFAOYSA-N,7.568636235841012,True,c1ccc(Nc2ncnc3ccccc23)cc1
CHEMBL1645467,NC1CCN(Cc2ccn3ncnc(Nc4ccccc4)c23)CC1,JPKXJWBKGYESKN-UHFFFAOYSA-N,7.397940008672037,True,c1ccc(Nc2ncnn3ccc(CN4CCCCC4)c23)cc1
CHEMBL432428,N#CC(=Cc1cc(O)c(O)c(CSCc2ccccc2)c1)C(N)=O,JPNQHDIBDBJKGZ-UHFFFAOYSA-N,6.026872146400301,False,c1ccc(CSCc2ccccc2)cc1
CHEMBL255865,CON=Cc1c(N)ncnc1Nc1ccc2c(cnn2Cc2cccc(C#N)c2)c1,JPNWTWIZJFXVAS-UHFFFAOYSA-N,7.698970004336019,True,c1ccc(Cn2ncc3cc(Nc4ccncn4)ccc32)cc1
CHEMBL590109,NCCn1cc(-c2cc(-c3cc4ccccc4s3)c3[nH]ncc3c2)c2nc(N)ncc21,JPOSFPUHBHRUAX-UHFFFAOYSA-N,6.026872146400301,False,c1ccc2sc(-c3cc(-c4c[nH]c5cncnc45)cc4cn[nH]c34)cc2c1
CHEMBL1821882,O=[N+]([O-])c1ccc(C2CC(c3ccc(Br)cc3)=NN2c2nc(-c3ccccc3)cs2)cc1,JPQMBINQJXXPIY-UHFFFAOYSA-N,4.803547458296611,False,c1ccc(C2=NN(c3nc(-c4ccccc4)cs3)C(c3ccccc3)C2)cc1
CHEMBL3818062,COc1cc2ncnc(Nc3ccc(F)c(Cl)c3)c2cc1NC(=O)C1NC(=O)O[C@@H]1C,JPUWTGYAJVCPPC-SUSUGVNDSA-N,7.396206295863037,True,O=C1NC(C(=O)Nc2ccc3ncnc(Nc4ccccc4)c3c2)CO1
CHEMBL3814447,C#Cc1cccc(Nc2ncnc3ccc(NC(N)=O)cc23)c1,JPUXGMPWGVEAMX-UHFFFAOYSA-N,8.653647025549361,True,c1ccc(Nc2ncnc3ccccc23)cc1
CHEMBL137635,CN(c1ccccc1)c1ncnc2ccc(N=NNCc3ccccn3)cc12,JQGXTUPDMJBRGY-UHFFFAOYSA-N,5.031517051446064,False,c1ccc(Nc2ncnc3ccc(N=NNCc4ccccn4)cc23)cc1
CHEMBL357570,CCNc1cc2sc3c(Nc4cccc(Br)c4)ncnc3c2cc1F,JQKNNKZQNBHDRC-UHFFFAOYSA-N,8.102372908709558,True,c1ccc(Nc2ncnc3c2sc2ccccc23)cc1
CHEMBL4078120,C=CC(=O)Nc1cc(C)cc(-n2c(=O)cc(C)c3cnc(Nc4ccc(N5CCN(C)CC5)cc4OC)nc32)c1,JQNVYTSRHCHZTG-UHFFFAOYSA-N,8.744727494896694,True,O=c1ccc2cnc(Nc3ccc(N4CCNCC4)cc3)nc2n1-c1ccccc1
CHEMBL1929302,c1ccc(CSc2nnc(-c3ccccc3)o2)cc1,JQQURXNULCDCHO-UHFFFAOYSA-N,4.779107750780481,False,c1ccc(CSc2nnc(-c3ccccc3)o2)cc1
CHEMBL3234755,CN1CCN(Cc2ccc(NC(=O)c3cccc(NC(=O)c4cnc5[nH]ccc5c4)c3)cc2C(F)(F)F)CC1,JQWHOTXNAZAESI-UHFFFAOYSA-N,6.167491087293763,False,O=C(Nc1ccc(CN2CCNCC2)cc1)c1cccc(NC(=O)c2cnc3[nH]ccc3c2)c1
CHEMBL2325088,c1ccc(C2=NN(c3ccccc3)C(c3cccc4ccccc34)C2)cc1,JQWZMXNLCJLCOJ-UHFFFAOYSA-N,5.598599459218455,False,c1ccc(C2=NN(c3ccccc3)C(c3cccc4ccccc34)C2)cc1
CHEMBL4096988,CCC(=O)N1CC[C@H](N2C(=O)N(c3cc(OC)ccc3F)Cc3cnc(Nc4ccc(N5C[C@H]6CN(C)C[C@H]6C5)c(C)c4)nc32)C1,JRBHAMSQIVUWKS-GSLIJJQTSA-N,6.665546248849069,True,O=C1N(c2ccccc2)Cc2cnc(Nc3ccc(N4C[C@H]5CNC[C@H]5C4)cc3)nc2N1[C@H]1CCNC1
CHEMBL3763627,COc1cc2ncnc(Nc3ccc(C(=O)NC45CC6CC(CC(C6)C4)C5)cc3)c2cc1OCCCN1CCOCC1,JRGVLAVWVKFVTO-UHFFFAOYSA-N,8.267606240177031,True,O=C(NC12CC3CC(CC(C3)C1)C2)c1ccc(Nc2ncnc3ccc(OCCCN4CCOCC4)cc23)cc1
CHEMBL2029426,C=CC(=O)Nc1cccc(N2C(=O)N(C)Cc3cnc(Nc4ccccc4)nc32)c1,JRIQEYXFGMOIRI-UHFFFAOYSA-N,8.158015195409886,True,O=C1NCc2cnc(Nc3ccccc3)nc2N1c1ccccc1
CHEMBL1080812,Cc1c(C(=O)NCCN2CCOCC2)[nH]c2cnnc(Nc3ccc(OCc4ccccn4)c(Cl)c3)c12,JROJOBDTYUBCFO-UHFFFAOYSA-N,6.061980902523789,False,O=C(NCCN1CCOCC1)c1cc2c(Nc3ccc(OCc4ccccn4)cc3)nncc2[nH]1
CHEMBL135592,CN=NNc1ccc2ncnc(N(C)c3ccccc3)c2c1,JROZUEGHQKCIHO-UHFFFAOYSA-N,5.096910013008056,False,c1ccc(Nc2ncnc3ccccc23)cc1
CHEMBL3805383,CC(C)Oc1cc2ncnc(Nc3ccc(F)c([N+](=O)[O-])c3)c2c2c1OCCO2,JRRBFBKACYJFKD-UHFFFAOYSA-N,7.0835460514500745,True,c1ccc(Nc2ncnc3ccc4c(c23)OCCO4)cc1
CHEMBL3740582,Cc1[nH]c(-c2ccccc2)c(-c2ccccc2)c1-c1nnc(C)c2nn(-c3ccccc3)cc12,JRSZALGWRNBPBW-UHFFFAOYSA-N,5.410050398674292,False,c1ccc(-c2[nH]cc(-c3nncc4nn(-c5ccccc5)cc34)c2-c2ccccc2)cc1
CHEMBL3758946,OCc1ccc(-c2cc3c(NCc4ccccc4)ncnc3s2)cc1,JRTODMUHCBYSOI-UHFFFAOYSA-N,7.318758762624412,True,c1ccc(CNc2ncnc3sc(-c4ccccc4)cc23)cc1
CHEMBL2018765,CCN(CC)CCOc1cc2ncnc(Nc3ccc(F)c(Cl)c3)c2cc1OC,JRUBCGWWMQRPLB-UHFFFAOYSA-N,5.00436480540245,False,c1ccc(Nc2ncnc3ccccc23)cc1
CHEMBL3671478,C=CC(=O)Nc1cc2c(Nc3ccc(Br)cc3F)ncnc2cc1OCC1CCN(C(N)=O)CC1,JRVWLHJZBRHYIL-UHFFFAOYSA-N,7.823908740944319,True,c1ccc(Nc2ncnc3cc(OCC4CCNCC4)ccc23)cc1
CHEMBL926,CC(CCc1ccc(O)cc1)NCCc1ccc(O)c(O)c1,JRWZLRBJNMZMFE-UHFFFAOYSA-N,5.255628772668139,False,c1ccc(CCCNCCc2ccccc2)cc1
CHEMBL2064384,O=c1oc2cc3ncnc(Nc4ccc(OCc5ccc(Cl)cc5)cc4)c3cc2n1CCCN1CCOCC1,JSGQKTYZIOFSIG-UHFFFAOYSA-N,6.00436480540245,False,O=c1oc2cc3ncnc(Nc4ccc(OCc5ccccc5)cc4)c3cc2n1CCCN1CCOCC1
CHEMBL1242286,COCOc1cc(-c2nn(C(C)C)c3ncnc(N)c23)ccc1Br,JSGRAJRLMWHOTJ-UHFFFAOYSA-N,5.364516253185088,False,c1ccc(-c2n[nH]c3ncncc23)cc1
CHEMBL172973,COc1cccc(-c2cn(-c3ccccc3)c3ncnc(N)c23)c1,JSPJGKUIWGWCRE-UHFFFAOYSA-N,6.301029995663981,True,c1ccc(-c2cn(-c3ccccc3)c3ncncc23)cc1
CHEMBL3663935,C=CC(=O)N1CCC[C@@H](Oc2nc(Nc3ccc(N4CCC(N5CCN(C)CC5)CC4)cc3)c(C(N)=O)nc2CC)C1,JSVPZRBHIKMSLF-RUZDIDTESA-N,8.886056647693163,True,c1cc(N2CCC(N3CCNCC3)CC2)ccc1Nc1cncc(O[C@@H]2CCCNC2)n1
CHEMBL1242757,CC(C)n1nc(-c2cccc3[nH]ccc23)c2c(N)ncnc21,JSXBAKOSLFZFQZ-UHFFFAOYSA-N,5.337242168318426,False,c1cc(-c2n[nH]c3ncncc23)c2cc[nH]c2c1
CHEMBL3932784,C=CC(=O)N1CC[C@H](Oc2cc3c(Nc4ccc(F)c(Cl)c4F)ncnc3cc2OC)CC1C(=O)NCCSC,JSZJNBJBHUULGX-OOJLDXBWSA-N,8.853871964321762,True,c1ccc(Nc2ncnc3ccc(OC4CCNCC4)cc23)cc1
CHEMBL4176629,NS(=O)(=O)c1ccc(-n2c(SCC(=O)Nc3ccc([N+](=O)[O-])cc3[N+](=O)[O-])nc3cc4ccccc4cc3c2=O)cc1,JSZXDRLZCGZCFN-UHFFFAOYSA-N,7.221848749616356,True,O=C(CSc1nc2cc3ccccc3cc2c(=O)n1-c1ccccc1)Nc1ccccc1
CHEMBL1173816,CC(=O)N1N=C(c2ccc(Cl)c(Cl)c2)CC1c1ccc(Br)cc1,JTFRWVFFXGWODA-UHFFFAOYSA-N,4.734003629504921,False,c1ccc(C2=NNC(c3ccccc3)C2)cc1
CHEMBL3741960,Cc1c(C(=O)c2coc3ccc(O)cc23)[nH]c(-c2ccccc2)c1-c1ccccc1,JTHSZQJPFPCLSA-UHFFFAOYSA-N,5.435333935747911,False,O=C(c1cc(-c2ccccc2)c(-c2ccccc2)[nH]1)c1coc2ccccc12
CHEMBL569880,C=CC(=O)N1CCCC1C(=O)Nc1cc2c(Nc3ccc(F)c(Cl)c3F)ncnc2cc1OCCOC,JTLHPKSZESHKCP-UHFFFAOYSA-N,8.045757490560675,True,O=C(Nc1ccc2ncnc(Nc3ccccc3)c2c1)C1CCCN1
CHEMBL420059,COc1cc2ncnc(NC3CC3c3ccccc3)c2cc1OCCN1CCOCC1,JTPOSZWOSHLBFK-UHFFFAOYSA-N,6.522878745280337,True,c1ccc(C2CC2Nc2ncnc3ccc(OCCN4CCOCC4)cc23)cc1
CHEMBL3972981,CC[C@@H](Nc1ncnc2oc(-c3ccc(OC)cc3)cc12)c1ccccc1,JTPYUJWYCFGJSX-LJQANCHMSA-N,7.657577319177793,True,c1ccc(CNc2ncnc3oc(-c4ccccc4)cc23)cc1
CHEMBL3092318,O=C(Nc1cc2c(Nc3ccc(F)c(Cl)c3)ncnc2cc1O[C@H]1CCOC1)N1CC(O)C1,JTRXGTLYGPZLRF-AWEZNQCLSA-N,6.265200170411153,False,O=C(Nc1cc2c(Nc3ccccc3)ncnc2cc1O[C@H]1CCOC1)N1CCC1
CHEMBL4080720,COc1cc2ncnc(Nc3ccc(F)c(Cl)c3)c2cc1OCCCOP(N)(=O)N(CCCl)CCCl,JTZXTHGTQRHIRO-UHFFFAOYSA-N,9.30102999566398,True,c1ccc(Nc2ncnc3ccccc23)cc1
CHEMBL415738,Cc1cccc(Nc2cc(NCCO)ncn2)c1,JUAWTNMXJGPKET-UHFFFAOYSA-N,9.0,True,c1ccc(Nc2ccncn2)cc1
CHEMBL4071058,CC(C)(C)OC(=O)NCC(=O)Nc1ccc2ncnc(Nc3cccc(Br)c3)c2c1,JUBMOVBFVJPSAO-UHFFFAOYSA-N,8.494850021680094,True,c1ccc(Nc2ncnc3ccccc23)cc1
CHEMBL3355888,COc1cc2ncnc(Nc3ccc(F)c(Cl)c3)c2cc1OCCCn1c([N+](=O)[O-])cnc1C,JUDAYKXYGKKYTB-UHFFFAOYSA-N,8.46470587995723,True,c1ccc(Nc2ncnc3ccc(OCCCn4ccnc4)cc23)cc1
CHEMBL1173319,CC(=O)N1N=C(c2ccc(C)c(C)c2)CC1c1ccc(C)cc1,JUIDUMLDDCXYKB-UHFFFAOYSA-N,4.757210190521324,False,c1ccc(C2=NNC(c3ccccc3)C2)cc1
CHEMBL4205469,COc1cc(N2CCN(C)CC2)ccc1Nc1ncc(Cl)c(Oc2ccc(N)cc2)n1,JUIFJZHSTLKWMT-UHFFFAOYSA-N,5.132532512140949,False,c1ccc(Oc2ccnc(Nc3ccc(N4CCNCC4)cc3)n2)cc1
CHEMBL120319,Clc1cccc(Nc2[nH]nc3ncnc(Nc4cccc(Br)c4)c23)c1,JUKRBPQFJFOIDS-UHFFFAOYSA-N,6.886056647693163,True,c1ccc(Nc2ncnc3n[nH]c(Nc4ccccc4)c23)cc1
CHEMBL207246,COc1cc2ncnc(Nc3cccc(Cl)c3F)c2cc1CN1CCC1C(N)=O,JUVXXGGZNUXNLD-UHFFFAOYSA-N,7.154901959985743,True,c1ccc(Nc2ncnc3ccc(CN4CCC4)cc23)cc1
CHEMBL3676351,C=CC(=O)Nc1cc2c(Nc3cc(C(=O)NOC)c(Br)cc3F)ncnc2cc1OCCNC(C)=O,JVCLZAIVGDIVLO-UHFFFAOYSA-N,5.0,False,c1ccc(Nc2ncnc3ccccc23)cc1
CHEMBL59145,N#CC(=Cc1ccc(O)c(O)c1)C(=O)c1ccccc1Cl,JVRJGQNWQLITMA-UHFFFAOYSA-N,5.8124792791635365,False,O=C(C=Cc1ccccc1)c1ccccc1
CHEMBL36967,Brc1cccc(Nc2[nH]cnc3cc4ncc(CN5CCOCC5)c4cc23)c1,JVUGREYZAIHOCI-UHFFFAOYSA-N,8.318758762624412,True,c1ccc(Nc2[nH]cnc3cc4ncc(CN5CCOCC5)c4cc23)cc1
CHEMBL1928945,Nc1cccc(Oc2cc(Nc3ccc(OCc4cccc(F)c4)c(Cl)c3)ncn2)c1,JVUPYBZTROENBO-UHFFFAOYSA-N,6.325138859262188,True,c1ccc(COc2ccc(Nc3cc(Oc4ccccc4)ncn3)cc2)cc1
CHEMBL4226254,C=CC(=O)Nc1cccc(NC(=O)Nc2nc(Nc3ccc(N4CCC(N5CCOCC5)CC4)cc3OC)ncc2C(F)(F)F)c1,JVWAVNBPUABHNZ-UHFFFAOYSA-N,6.568636235841012,True,O=C(Nc1ccccc1)Nc1ccnc(Nc2ccc(N3CCC(N4CCOCC4)CC3)cc2)n1
CHEMBL3622617,C#Cc1cccc(Nc2ncnc3cc(OCCOC)c(NC(=O)C=C)cc23)c1,JVYVRTDXSDBWOT-UHFFFAOYSA-N,8.744727494896694,True,c1ccc(Nc2ncnc3ccccc23)cc1
CHEMBL2064389,O=c1oc2cc3ncnc(Nc4ccc(F)c(F)c4)c3cc2n1CCCN1CCOCC1,JWCDLHQKCFXQIY-UHFFFAOYSA-N,6.2441251443275085,False,O=c1oc2cc3ncnc(Nc4ccccc4)c3cc2n1CCCN1CCOCC1
CHEMBL2437467,C=CC(=O)Nc1cccc(-n2c(=O)cnc3cnc(Nc4ccc(C(N)=O)cc4)nc32)c1,JWNAINYXINYHML-UHFFFAOYSA-N,8.401209493236886,True,O=c1cnc2cnc(Nc3ccccc3)nc2n1-c1ccccc1
CHEMBL180022,CCOc1cc2ncc(C#N)c(Nc3ccc(OCc4ccccn4)c(Cl)c3)c2cc1NC(=O)/C=C/CN(C)C,JWNPDZNEKVCWMY-VQHVLOKHSA-N,10.096910013008056,True,c1ccc(COc2ccc(Nc3ccnc4ccccc34)cc2)nc1
CHEMBL326280,COCC#CC(=O)Nc1cc2c(Nc3cccc(Br)c3)c(C#N)cnc2cc1OC,JWORJWFEXVTKPW-UHFFFAOYSA-N,6.102372908709558,False,c1ccc(Nc2ccnc3ccccc23)cc1
CHEMBL301359,c1ccc2ncncc2c1,JWVCLYRUEFBMGU-UHFFFAOYSA-N,7.568636235841012,True,c1ccc2ncncc2c1
CHEMBL1172855,NC(=S)N1N=C(c2ccc(Br)c(Br)c2)CC1c1ccc(Br)cc1,JWXWBUDZDHYIFH-UHFFFAOYSA-N,4.997402019280091,False,c1ccc(C2=NNC(c3ccccc3)C2)cc1
CHEMBL346846,COc1ccc2c(c1)sc1c(Nc3cccc(Br)c3)ncnc12,JXAMULRNCBZFDI-UHFFFAOYSA-N,7.096910013008056,True,c1ccc(Nc2ncnc3c2sc2ccccc23)cc1
CHEMBL138691,C=CC(=O)N(CCN(C)C)c1cc2c(Nc3cccc(Br)c3)ncnc2cn1,JXKNVASLVHCEQV-UHFFFAOYSA-N,5.641684359917804,False,c1ccc(Nc2ncnc3cnccc23)cc1
CHEMBL4104515,COc1ccc2c(c1)CCCN2c1nc(C)nc2c(Cc3ccccc3)cn(C)c12,JXMVENNOZUEFQY-UHFFFAOYSA-N,8.309803919971486,True,c1ccc(Cc2c[nH]c3c(N4CCCc5ccccc54)ncnc23)cc1
CHEMBL3360609,C#Cc1cccc(Nc2ncnc3cc(OCCCCCn4ccnc4[N+](=O)[O-])c(OC)cc23)c1,JXNSKQIOTGMCHY-UHFFFAOYSA-N,9.327902142064282,True,c1ccc(Nc2ncnc3cc(OCCCCCn4ccnc4)ccc23)cc1
CHEMBL4079829,Nc1nc(N)c2c(n1)[nH]c1cccc(Sc3ccc(Cl)cc3)c12,JXOABOHWBCZGNI-UHFFFAOYSA-N,5.080921907623926,False,c1ccc(Sc2cccc3[nH]c4ncncc4c23)cc1
CHEMBL171545,Nc1ncnc2c1c(-c1cccc(O)c1)cn2C1CCNC1,JXOIAMLUKJBNFR-UHFFFAOYSA-N,5.815308569182401,False,c1ccc(-c2cn(C3CCNC3)c3ncncc23)cc1
CHEMBL3234748,Cc1ccc(C(=O)Nc2ccc(CN3CCN(C)CC3)c(C(F)(F)F)c2)cc1NC(=O)c1cnc(NC2CCCC2)nc1,JXOIGPHKYOVJJX-UHFFFAOYSA-N,7.481486060122112,True,O=C(Nc1cccc(C(=O)Nc2ccc(CN3CCNCC3)cc2)c1)c1cnc(NC2CCCC2)nc1
CHEMBL2283255,O=C(/C=C/c1ccccc1)Nc1ccc(Cl)cc1Cl,JXOXDCYKZKTSHE-RMKNXTFCSA-N,4.791289980093599,False,O=C(/C=C/c1ccccc1)Nc1ccccc1
CHEMBL578044,CC=C1C(=NC(=O)OCCC2CCNCC2)NC2N=CN=C(Nc3ccc4c(cnn4Cc4ccccc4)c3)C12,JXSKGZUSLVDLFH-UHFFFAOYSA-N,7.356547323513812,True,C=C1C(=NC(=O)OCCC2CCNCC2)NC2N=CN=C(Nc3ccc4c(cnn4Cc4ccccc4)c3)C12
CHEMBL4204983,CN(C)CCN(C)c1nc(Nc2ccc(F)cc2)nc2cnc(Nc3ccc(N4CCC(N(C)C)CC4)cn3)cc12,JXWUGFRZIZQNSN-UHFFFAOYSA-N,7.607303046740334,True,c1ccc(Nc2ncc3cc(Nc4ccc(N5CCCCC5)cn4)ncc3n2)cc1
CHEMBL368278,CCn1cnc2c(Nc3cccc(Cl)c3)nc(N[C@H]3CCC[C@@H](N)C3)nc21,JXZIZOIXGMUPSK-HIFRSBDPSA-N,5.275724130399211,False,c1ccc(Nc2nc(NC3CCCCC3)nc3[nH]cnc23)cc1
CHEMBL126483,CCOc1cc2nc(CC)nc(Nc3cccc(-c4csc(C)n4)c3)c2cc1OCC,JXZOGXXITGINEQ-UHFFFAOYSA-N,5.031517051446064,False,c1cc(Nc2ncnc3ccccc23)cc(-c2cscn2)c1
CHEMBL3989970,C=CC(=O)N[C@@H]1CN(c2nc(Nc3cn(C)nc3OC)c3ncn(C)c3n2)C[C@H]1F,JYIUNVOCEFIUIU-GHMZBOCLSA-N,7.920818753952375,True,c1nc2c(Nc3cn[nH]c3)nc(N3CCCC3)nc2[nH]1
CHEMBL1928954,O=C(/C=C/c1ccccc1)Nc1cccc(Oc2cc(Nc3ccc(OCc4cccc(F)c4)c(Cl)c3)ncn2)c1,JYPMMJJOYSIIGV-NTCAYCPXSA-N,5.777023550106609,False,O=C(/C=C/c1ccccc1)Nc1cccc(Oc2cc(Nc3ccc(OCc4ccccc4)cc3)ncn2)c1
CHEMBL606403,CC(C)c1nsc(C(=O)Nc2ccc3ncnc(Nc4cccc(Br)c4)c3c2)n1,JYRQQTDGMXEQRW-UHFFFAOYSA-N,6.889410289700751,True,O=C(Nc1ccc2ncnc(Nc3ccccc3)c2c1)c1ncns1
CHEMBL1928944,O=[N+]([O-])c1cccc(Oc2cc(Nc3ccc(OCc4cccc(F)c4)c(Cl)c3)ncn2)c1,JYTZVBGBNXZMGQ-UHFFFAOYSA-N,5.919373513078194,False,c1ccc(COc2ccc(Nc3cc(Oc4ccccc4)ncn3)cc2)cc1
CHEMBL3237948,CCOC(=O)C1C(=N)N(c2cccnc2)C2=C(C(=O)CC(C)(C)C2)C1c1c(C)nn(-c2ccc(C)cc2)c1Cl,JYZUDXSFEOFRIZ-UHFFFAOYSA-N,6.292429823902063,False,N=C1CC(c2cnn(-c3ccccc3)c2)C2=C(CCCC2=O)N1c1cccnc1
CHEMBL3263968,COc1cc2c(Oc3ccc(NS(=O)(=O)c4cccc(-c5cccs5)c4)cc3F)ccnc2cc1OCCCN1CCN(C)CC1,JZHLJSQRMBQYME-UHFFFAOYSA-N,5.97798426018228,False,O=S(=O)(Nc1ccc(Oc2ccnc3cc(OCCCN4CCNCC4)ccc23)cc1)c1cccc(-c2cccs2)c1
CHEMBL39355,Brc1cccc(Nc2ncnc3cc4c(cnn4CCCN4CCOCC4)cc23)c1,JZIOODYWXRIKDF-UHFFFAOYSA-N,8.05551732784983,True,c1ccc(Nc2ncnc3cc4c(cnn4CCCN4CCOCC4)cc23)cc1
CHEMBL3758939,C[C@@H](Nc1ncnc2sc(-c3cccc(C(N)=O)c3)cc12)c1ccccc1,JZOZYQWUEDKSAF-CYBMUJFWSA-N,8.301029995663981,True,c1ccc(CNc2ncnc3sc(-c4ccccc4)cc23)cc1
CHEMBL3647421,CCOc1cc2ncnc(Nc3ccc(F)c(Cl)c3)c2cc1NC(=O)/C=C/[C@@H]1CCCN1C,JZQOPZNZLUYLTR-DYLHUKMJSA-N,8.397940008672037,True,O=C(/C=C/[C@@H]1CCCN1)Nc1ccc2ncnc(Nc3ccccc3)c2c1
CHEMBL3647423,CCOc1cc2ncnc(Nc3ccc(F)c(Cl)c3)c2cc1NC(=O)/C=C/[C@H]1CCCN1C,JZQOPZNZLUYLTR-MNDMWVCDSA-N,8.096910013008056,True,O=C(/C=C/[C@H]1CCCN1)Nc1ccc2ncnc(Nc3ccccc3)c2c1
CHEMBL377250,[O-][S+]1CCN(Cc2ccc(-c3ccc4ncnc(Nc5ccc(OCc6cccc(F)c6)c(C(F)(F)F)c5)c4c3)o2)CC1,JZWRJCKVZCYRLF-UHFFFAOYSA-N,7.050609993355087,True,c1ccc(COc2ccc(Nc3ncnc4ccc(-c5ccc(CN6CC[SH+]CC6)o5)cc34)cc2)cc1
CHEMBL347659,COC(=O)c1ccc(CNC(=O)c2c(SSc3c(C(=O)NCc4ccc(C(=O)OC)cc4)c4ccccc4n3C)n(C)c3ccccc23)cc1,JZYBVZISBBJZHT-UHFFFAOYSA-N,4.886056647693163,False,O=C(NCc1ccccc1)c1c(SSc2[nH]c3ccccc3c2C(=O)NCc2ccccc2)[nH]c2ccccc12
CHEMBL1241486,COc1cc(-c2nn(C(C)C)c3ncnc(N)c23)ccc1NC(C)CO,KAANTKMOHHINMM-UHFFFAOYSA-N,5.274088367704952,False,c1ccc(-c2n[nH]c3ncncc23)cc1
CHEMBL3919183,CCC(=O)Nc1cc2c(Nc3ccc4c(cnn4Cc4ccccn4)c3)ncnc2cc1OC,KABLMFMHWJFKIW-UHFFFAOYSA-N,7.026872146400302,True,c1ccc(Cn2ncc3cc(Nc4ncnc5ccccc45)ccc32)nc1
CHEMBL4167162,O=C(CN1CCCC1)Nc1ccc2ncnc(Nc3ccc(Cl)cc3)c2c1,KACVTFYRRAYVJS-UHFFFAOYSA-N,7.494850021680094,True,O=C(CN1CCCC1)Nc1ccc2ncnc(Nc3ccccc3)c2c1
CHEMBL1822066,COc1ccc(C2=NN(c3nc(-c4ccc(Cl)cc4)cs3)C(c3ccc([N+](=O)[O-])cc3)C2)cc1,KAIPUKWGKWACRM-UHFFFAOYSA-N,5.074172425375258,False,c1ccc(C2=NN(c3nc(-c4ccccc4)cs3)C(c3ccccc3)C2)cc1
CHEMBL519757,Fc1cccc(COc2ccc(Nc3ncnc4sc(-c5ccc(CNCc6ccccc6)o5)cc34)cc2Cl)c1,KAJJGLKWPUKTKG-UHFFFAOYSA-N,7.267606240177031,True,c1ccc(CNCc2ccc(-c3cc4c(Nc5ccc(OCc6ccccc6)cc5)ncnc4s3)o2)cc1
CHEMBL3917698,CN(C)C/C=C/C(=O)N1CCC(n2nc(-c3ccc(Oc4ccccc4)cc3)c3c(N)ncnc32)CC1,KAKJQMPMDALLHT-RMKNXTFCSA-N,6.570732333566832,True,c1ccc(Oc2ccc(-c3nn(C4CCNCC4)c4ncncc34)cc2)cc1
CHEMBL1641994,CCOC(=O)Nc1ccc2c(C#N)cnc(Nc3cccc(Br)c3)c2c1,KALBEVISAZNDOS-UHFFFAOYSA-N,4.892790030352131,False,c1ccc(Nc2nccc3ccccc23)cc1
CHEMBL3647973,C=CC(=O)N1CCC(n2nc(-c3ccc(Oc4ccccc4)cc3)c3c(N)ncnc32)CC1,KALPRSFUZYGTNU-UHFFFAOYSA-N,7.215382707367125,True,c1ccc(Oc2ccc(-c3nn(C4CCNCC4)c4ncncc34)cc2)cc1
CHEMBL391521,CN(CCO)Cc1ccn2ncnc(Nc3ccc4c(cnn4Cc4cccc(F)c4)c3)c12,KAQAVWVXKVKDIM-UHFFFAOYSA-N,6.958607314841775,True,c1ccc(Cn2ncc3cc(Nc4ncnn5cccc45)ccc32)cc1
CHEMBL4090083,NP(=O)(OCCCCOc1ccc2ncnc(Nc3cccc(Br)c3)c2c1)N(CCCl)CCCl,KAQHUJGJYUUQSI-UHFFFAOYSA-N,8.130768280269024,True,c1ccc(Nc2ncnc3ccccc23)cc1
CHEMBL3671562,C=CC(=O)Nc1cc2c(Nc3ccc(Br)cc3F)ncnc2cc1OCCNC(=O)c1cccs1,KARDRLFZPWJXEI-UHFFFAOYSA-N,7.327902142064282,True,O=C(NCCOc1ccc2c(Nc3ccccc3)ncnc2c1)c1cccs1
CHEMBL1828871,Cc1ccc(S(=O)(=O)NC(=O)Cc2ccc(Cl)cc2)cc1,KARUNYWUPUPXDW-UHFFFAOYSA-N,4.8623294627632445,False,O=C(Cc1ccccc1)NS(=O)(=O)c1ccccc1
CHEMBL166765,Nc1ncnc2c1c(-c1ccc(O)cc1)cn2C1CCC1,KAUYVUREAPHUSF-UHFFFAOYSA-N,6.221848749616356,False,c1ccc(-c2cn(C3CCC3)c3ncncc23)cc1
CHEMBL604914,O=C(COc1ccccc1)Nc1ccc2ncnc(Nc3cccc(Br)c3)c2c1,KAVYNTVJFQWLDL-UHFFFAOYSA-N,8.033858267260968,True,O=C(COc1ccccc1)Nc1ccc2ncnc(Nc3ccccc3)c2c1
CHEMBL441279,COCOCC#CC(=O)Nc1ccc2ncc(C#N)c(Nc3cccc(Br)c3)c2c1,KBBWAZYDYIKZBH-UHFFFAOYSA-N,6.481486060122112,True,c1ccc(Nc2ccnc3ccccc23)cc1
CHEMBL207445,COCCC(C(N)=O)N(C)Cc1cc2c(Nc3cccc(Cl)c3F)ncnc2cc1OC,KBHNVEWVXSQNJH-UHFFFAOYSA-N,8.0,True,c1ccc(Nc2ncnc3ccccc23)cc1
CHEMBL3671528,C=CC(=O)Nc1cc2c(Nc3ccc(Br)cc3F)ncnc2cc1OCCNC(=O)CN(C)CC,KBHOZTNSGNVWQF-UHFFFAOYSA-N,6.703334809738469,True,c1ccc(Nc2ncnc3ccccc23)cc1
CHEMBL604992,COc1cc2c(Nc3ccc(-c4nc5ccc(F)cc5s4)cc3)ncnc2cc1OCCCN1CCN(C)CC1,KBJCTAIADOTYHC-UHFFFAOYSA-N,6.136677139879544,False,c1ccc2sc(-c3ccc(Nc4ncnc5cc(OCCCN6CCNCC6)ccc45)cc3)nc2c1
CHEMBL3933568,COc1cc2c(Nc3ccc(NC(=O)Nc4ccccc4C)cc3)ncnc2cc1OCCCN1CCN(C)CC1,KBRSAVVLRQLAOA-UHFFFAOYSA-N,6.29929628285498,False,O=C(Nc1ccccc1)Nc1ccc(Nc2ncnc3cc(OCCCN4CCNCC4)ccc23)cc1
CHEMBL425738,CCOC(=O)c1cc2c(Nc3ccc4c(cnn4Cc4ccccc4)c3)ncnn2c1,KBVZETYUCGGMRC-UHFFFAOYSA-N,6.920818753952375,True,c1ccc(Cn2ncc3cc(Nc4ncnn5cccc45)ccc32)cc1
CHEMBL4068814,CC(=O)c1ccccc1-c1nnc(Cc2nc3ccccc3[nH]2)o1,KCFCLUVAFZLFIE-UHFFFAOYSA-N,4.184422251675732,False,c1ccc(-c2nnc(Cc3nc4ccccc4[nH]3)o2)cc1
CHEMBL3896779,O=C(/C=C/CN1CCCC1)Nc1cc2c(Nc3ccc(Oc4ccccc4)cc3)ncnc2cn1,KCHHPNMKOHRFDK-RMKNXTFCSA-N,6.7447274948966935,True,O=C(/C=C/CN1CCCC1)Nc1cc2c(Nc3ccc(Oc4ccccc4)cc3)ncnc2cn1
CHEMBL4099445,C=CC(=O)Nc1cc(Nc2nccc(-c3cn4c5c(cccc35)CCC4)n2)c(OC)cc1N1CCN(C)CC1,KCJAGFYOSRXDBS-UHFFFAOYSA-N,7.191789027075778,True,c1cc2c3c(c1)c(-c1ccnc(Nc4ccc(N5CCNCC5)cc4)n1)cn3CCC2
CHEMBL2316158,COc1cc(/C=C2\CCC/C(=C\c3ccc(S(C)(=O)=O)cc3)C2=O)cc(OC)c1,KCKFFUAUNCDZHZ-GDAWTGGTSA-N,5.721246399047171,False,O=C1/C(=C/c2ccccc2)CCC/C1=C\c1ccccc1
CHEMBL3604938,CCC(=O)Nc1cccc(Oc2nc(Nc3[nH]nc4ccccc34)cc(N3CCN(C)CC3)n2)c1,KCNQTQGWGMNITR-UHFFFAOYSA-N,5.065501548756432,False,c1ccc(Oc2nc(Nc3[nH]nc4ccccc34)cc(N3CCNCC3)n2)cc1
CHEMBL57170,COc1ccc(C=C(C#N)C#N)cc1F,KCRDGGROWVQVJO-UHFFFAOYSA-N,3.096910013008056,False,c1ccccc1
CHEMBL3805325,C#Cc1cccc(Nc2ncnc3cc(OCC4CCCO4)c4c(c23)OCCO4)c1,KCRPGGNYGKRTRF-UHFFFAOYSA-N,7.5638373529592435,True,c1ccc(Nc2ncnc3cc(OCC4CCCO4)c4c(c23)OCCO4)cc1
CHEMBL3752365,C=CC(=O)Nc1cccc(-n2c(=O)cc(C)c3cnc(Nc4ccc(N5CCN(C)CC5)cc4OC(C)C)nc32)c1,KCSPSTCXDZCZFY-UHFFFAOYSA-N,7.107905397309519,True,O=c1ccc2cnc(Nc3ccc(N4CCNCC4)cc3)nc2n1-c1ccccc1
CHEMBL3892960,C=CC(=O)NC1CCC(n2c(NC(=O)c3cccc(C(F)(F)F)c3)nc3cc(C)ccc32)C1,KCXAARFVDZJDBF-UHFFFAOYSA-N,5.166852888087215,False,O=C(Nc1nc2ccccc2n1C1CCCC1)c1ccccc1
CHEMBL3671494,C=CC(=O)Nc1cc2c(Nc3ccc(Br)cc3F)ncnc2cc1OCCNC(=O)C1CC1,KDCWCHYNUNBAEU-UHFFFAOYSA-N,8.096910013008056,True,O=C(NCCOc1ccc2c(Nc3ccccc3)ncnc2c1)C1CC1
CHEMBL1812555,COc1ccccc1/C=C/C(=O)Nc1ccc2ncnc(Nc3cccc(Br)c3)c2c1,KDDYLGLHDRAPQM-FMIVXFBMSA-N,5.112945621949043,False,O=C(/C=C/c1ccccc1)Nc1ccc2ncnc(Nc3ccccc3)c2c1
CHEMBL3754564,C=CC(=O)Nc1cccc(-n2c(=O)cc(C)c3cnc(Nc4ccc(N5CCN(C)CC5)cc4OCC)nc32)c1,KDHUBWDTIWMZCH-UHFFFAOYSA-N,7.958607314841775,True,O=c1ccc2cnc(Nc3ccc(N4CCNCC4)cc3)nc2n1-c1ccccc1
CHEMBL331026,COc1cc(C=C(C#N)C(N)=O)cc(CSc2nc3ccccc3[nH]2)c1O,KDPPKUHLJVHJSQ-UHFFFAOYSA-N,4.1249387366083,False,c1ccc(CSc2nc3ccccc3[nH]2)cc1
CHEMBL523586,NC[C@H](Cc1cccc(F)c1)NC(=O)c1cc(Br)c(-c2ccnc3[nH]ccc23)s1,KEBMSGAJMPWLNS-AWEZNQCLSA-N,5.0,False,O=C(NCCc1ccccc1)c1ccc(-c2ccnc3[nH]ccc23)s1
CHEMBL3940089,C=CC(=O)N1CCC(Oc2cc3c(Nc4ccc(F)c(Cl)c4F)ncnc3cc2OCCC)CC1,KEDULXWYBUCCKH-UHFFFAOYSA-N,9.154901959985745,True,c1ccc(Nc2ncnc3ccc(OC4CCNCC4)cc23)cc1
CHEMBL145266,COc1cc(C=C(C#N)C(=O)NCCCCNC(=O)C(C#N)=Cc2cc(OC)c(O)c([N+](=O)[O-])c2)cc([N+](=O)[O-])c1O,KELGROZXKWYKRA-UHFFFAOYSA-N,3.950781977329818,False,O=C(C=Cc1ccccc1)NCCCCNC(=O)C=Cc1ccccc1
CHEMBL3676352,C=CC(=O)Nc1cc2c(Nc3cc(OC)c(Cl)cc3Cl)ncnc2cc1OCCNC(C)=O,KEOKRCKVDHLVOO-UHFFFAOYSA-N,7.376750709602099,True,c1ccc(Nc2ncnc3ccccc23)cc1
CHEMBL3929922,CC#CC(=O)N1CCC[C@H](n2nc(-c3ccc(Oc4ccccc4)cc3)c3c(N)ncnc32)C1,KEOXYNOFRLIAAM-IBGZPJMESA-N,6.361211332842602,True,c1ccc(Oc2ccc(-c3nn([C@H]4CCCNC4)c4ncncc34)cc2)cc1
CHEMBL4106607,CC#CC(=O)N1CCC[C@@H](n2nc(-c3ccc(Oc4ccccc4)cc3)c3c(N)ncnc32)C1,KEOXYNOFRLIAAM-LJQANCHMSA-N,6.361211332842602,True,c1ccc(Oc2ccc(-c3nn([C@@H]4CCCNC4)c4ncncc34)cc2)cc1
CHEMBL1243254,CCOc1cc2ncc(C#N)c(Nc3ccc(F)c(Cl)c3)c2cc1NC(=O)/C=C/CN(C)Cc1ccc(F)cc1,KEPKJFBNFMUYMW-SNAWJCMRSA-N,9.244125144327509,True,O=C(/C=C/CNCc1ccccc1)Nc1ccc2nccc(Nc3ccccc3)c2c1
CHEMBL316064,COc1cc2ncnc(Nc3cccc(C(F)(F)F)c3)c2cc1OC,KEQCEKUDWPXRRQ-UHFFFAOYSA-N,9.619788758288394,True,c1ccc(Nc2ncnc3ccccc23)cc1
CHEMBL1934629,Cc1ncnc(Nc2ccc(OCc3cccc(F)c3)c(Cl)c2)c1C#Cc1ncc(CN2CCCC2)s1,KERGPNUFPFTXOL-UHFFFAOYSA-N,7.130768280269024,True,C(#Cc1cncnc1Nc1ccc(OCc2ccccc2)cc1)c1ncc(CN2CCCC2)s1
CHEMBL1914669,C[C@@H](Nc1ncnc2[nH]c(-c3ccc(Br)cc3)cc12)c1ccccc1,KETBEMFWCZDXFS-CYBMUJFWSA-N,7.200659450546418,True,c1ccc(CNc2ncnc3[nH]c(-c4ccccc4)cc23)cc1
CHEMBL230232,N#Cc1cnc2c(Br)cc(NCc3c[nH]nn3)cc2c1Nc1ccc(F)c(Cl)c1,KEZDJRADZYWSSG-UHFFFAOYSA-N,6.0,False,c1ccc(Nc2ccnc3ccc(NCc4c[nH]nn4)cc23)cc1
CHEMBL1242209,Cc1ccc2ccc(-c3nn(C(C)C)c4ncnc(N)c34)cc2n1,KFBBXKBRSICFJT-UHFFFAOYSA-N,4.7447274948966935,False,c1cnc2cc(-c3n[nH]c4ncncc34)ccc2c1
CHEMBL50344,CNc1ccc2ncnc(Nc3cccc(Br)c3)c2c1,KFBKCZIAECRELC-UHFFFAOYSA-N,8.397940008672037,True,c1ccc(Nc2ncnc3ccccc23)cc1
CHEMBL1928315,O=C(c1cc2ccccc2s1)c1cc2c(Nc3ccc(F)c(Cl)c3)ncnc2s1,KFCRTTVBDHATAJ-UHFFFAOYSA-N,7.966576244513051,True,O=C(c1cc2ccccc2s1)c1cc2c(Nc3ccccc3)ncnc2s1
CHEMBL53753,CNc1cc2c(Nc3cccc(Br)c3)ncnc2cn1,KFHMLBXBRCITHF-UHFFFAOYSA-N,11.096910013008056,True,c1ccc(Nc2ncnc3cnccc23)cc1
CHEMBL128467,O=S(=O)(O)CCNc1cc2ncnc(Nc3cccc(Br)c3)c2cn1,KFKHOLUDECOBTE-UHFFFAOYSA-N,8.853871964321762,True,c1ccc(Nc2ncnc3ccncc23)cc1
CHEMBL3628906,Cc1cc(Oc2ncnc3sc4c(c23)CCCC4)ccc1NC(=O)Nc1cccc(Br)c1,KFLIEZCTIPHBCO-UHFFFAOYSA-N,5.482804102050025,False,O=C(Nc1ccccc1)Nc1ccc(Oc2ncnc3sc4c(c23)CCCC4)cc1
CHEMBL321494,CSc1nc(-c2ccc(F)cc2)c(-c2ccnc(Nc3ccccc3)c2)[nH]1,KFULDVUYUMOVAX-UHFFFAOYSA-N,6.886056647693163,True,c1ccc(Nc2cc(-c3[nH]cnc3-c3ccccc3)ccn2)cc1
CHEMBL3416631,OCCN1CCN(Cc2ccc(-c3cc4c(N[C@H](CO)c5ccccc5)ncnc4s3)cc2)CC1,KFXGCMOQRGMXNN-XMMPIXPASA-N,6.221848749616356,False,c1ccc(CNc2ncnc3sc(-c4ccc(CN5CCNCC5)cc4)cc23)cc1
CHEMBL4094959,C=CC(=O)N1CCC[C@@H](n2nc(-c3cn(C)c4ccccc34)c3c(N)ncnc32)C1,KFYRXHYWURCCBT-CQSZACIVSA-N,8.698970004336019,True,c1ccc2c(-c3nn([C@@H]4CCCNC4)c4ncncc34)c[nH]c2c1
CHEMBL4105621,C=CC(=O)Nc1cc(Cl)cc(-n2c(=O)cc(C)c3cnc(Nc4ccc(N5CCN(C)CC5)cc4OC)nc32)c1,KFZFISVIQSCUCO-UHFFFAOYSA-N,9.221848749616356,True,O=c1ccc2cnc(Nc3ccc(N4CCNCC4)cc3)nc2n1-c1ccccc1
CHEMBL225930,ClCCN(CCN=NNc1ccc2ncnc(Nc3cccc(Cl)c3)c2c1)c1ccc(Cl)cc1,KFZQAVCLGQSQOZ-UHFFFAOYSA-N,5.657577319177793,False,c1ccc(NCCN=NNc2ccc3ncnc(Nc4ccccc4)c3c2)cc1
CHEMBL3978161,C=CC(=O)Nc1cccc(Oc2nc(Nc3ccccc3OC)ncc2C(F)(F)F)c1,KGGXRCWBXUHQBM-UHFFFAOYSA-N,6.698970004336019,True,c1ccc(Nc2nccc(Oc3ccccc3)n2)cc1
CHEMBL122245,COc1ccc(CNc2[nH]nc3ncnc(Nc4cccc(Cl)c4)c23)cc1,KGHAUONMJSXUDW-UHFFFAOYSA-N,8.154901959985743,True,c1ccc(CNc2[nH]nc3ncnc(Nc4ccccc4)c23)cc1
CHEMBL598007,O=C(Nc1ccc2ncnc(Nc3cccc(Br)c3)c2c1)C1O[C@H]1CN1CCCCC1,KGIFCCDXPXCPKK-BGERDNNASA-N,8.906578314837764,True,O=C(Nc1ccc2ncnc(Nc3ccccc3)c2c1)C1O[C@H]1CN1CCCCC1
CHEMBL4289728,N=c1oc2ccccc2cc1C(=O)N=Nc1c(O)[nH]c2ccc(S(=O)(=O)N3CCOCC3)cc12,KGOFSPQDAHQUQR-UHFFFAOYSA-N,6.688246138944246,True,N=c1oc2ccccc2cc1C(=O)N=Nc1c[nH]c2ccc(S(=O)(=O)N3CCOCC3)cc12
CHEMBL153518,CCN(CC)CCn1c2ccc(OC)cc2c2c(Nc3cccc(Br)c3)ncnc21,KGOOHLRXQJDOJF-UHFFFAOYSA-N,5.369572124974976,False,c1ccc(Nc2ncnc3[nH]c4ccccc4c23)cc1
CHEMBL1077068,CC1=NC(Nc2ccc(S(=O)(=O)Nc3ncccn3)cc2)=NC(c2ccc(O)cc2O)C1C(=O)Nc1cccc([N+](=O)[O-])c1,KGRJGNLGCSVYGU-UHFFFAOYSA-N,4.054039296422431,False,O=C(Nc1ccccc1)C1C=NC(Nc2ccc(S(=O)(=O)Nc3ncccn3)cc2)=NC1c1ccccc1
CHEMBL293913,Cn1c(SSc2c(C(=O)Nc3ccccc3)c3ccc(O)cc3n2C)c(C(=O)Nc2ccccc2)c2ccc(O)cc21,KGVFYDBDTHRCJU-UHFFFAOYSA-N,4.356547323513812,False,O=C(Nc1ccccc1)c1c(SSc2[nH]c3ccccc3c2C(=O)Nc2ccccc2)[nH]c2ccccc12
CHEMBL3233791,CC(C)N1CCN(C/C=C/C(=O)Nc2cc3c(Nc4ccc(F)c(Cl)c4)ncnc3s2)CC1,KGXQLGRCQSUQHW-ONEGZZNKSA-N,7.468521082957745,True,O=C(/C=C/CN1CCNCC1)Nc1cc2c(Nc3ccccc3)ncnc2s1
CHEMBL593911,COc1cc2ncnc(Nc3ccc(-c4nc5ccccc5s4)c(OC)c3)c2cc1OCCCN1CCN(C)CC1,KHEXPUZMPCBDCB-UHFFFAOYSA-N,7.823908740944319,True,c1ccc2sc(-c3ccc(Nc4ncnc5ccc(OCCCN6CCNCC6)cc45)cc3)nc2c1
CHEMBL181275,Fc1ccc(Nc2ncnc3nn4ccccc4c23)cc1Cl,KHIJZOQIPUVEBP-UHFFFAOYSA-N,6.698970004336019,True,c1ccc(Nc2ncnc3nn4ccccc4c23)cc1
CHEMBL3904966,C=CC(=O)N1CC[C@H](Oc2cc3c(Nc4ccc(Br)c(Cl)c4F)ncnc3cc2OC)C1,KHLSAEXBMBBGNT-LBPRGKRZSA-N,8.0,True,c1ccc(Nc2ncnc3ccc(O[C@H]4CCNC4)cc23)cc1
CHEMBL4168254,CN(C)C/C=C/C(=O)Nc1cc2c(N3CCc4ccccc43)ncnc2cc1O[C@@H]1CCOC1,KHMXQKACLGIYMG-MTCRFPMVSA-N,8.301029995663981,True,c1ccc2c(c1)CCN2c1ncnc2cc(O[C@@H]3CCOC3)ccc12
CHEMBL3088218,Cc1ncc([N+](=O)[O-])n1C/C(=N/NC(=O)c1ccncc1)c1ccc(Br)cc1,KHNKXWKPVCUSKW-JWGURIENSA-N,5.086716098239581,False,O=C(N/N=C(/Cn1ccnc1)c1ccccc1)c1ccncc1
CHEMBL4064475,C=CC(=O)Nc1cccc(-n2c(=O)cc(C)c3cnc(Nc4cnn(C5CCN(C)CC5)c4)nc32)c1,KHOYQSYTAMJNTQ-UHFFFAOYSA-N,8.744727494896694,True,O=c1ccc2cnc(Nc3cnn(C4CCNCC4)c3)nc2n1-c1ccccc1
CHEMBL205798,CC(=O)Nc1cccc(C#Cc2cncnc2Nc2ccc(OCc3cccc(F)c3)c(Cl)c2)c1,KHQLMFFPQINCMZ-UHFFFAOYSA-N,7.920818753952375,True,C(#Cc1cncnc1Nc1ccc(OCc2ccccc2)cc1)c1ccccc1
CHEMBL598406,COc1cc2ncnc(N[C@@H](C)c3ccc(F)cc3)c2cc1OCCCCCCC(O)=NO,KHRPCRNETLJSDS-INIZCTEOSA-N,6.901010360598823,True,c1ccc(CNc2ncnc3ccccc23)cc1
CHEMBL2309506,COc1cc2ncnc(N[C@H](C)c3ccc(F)cc3)c2cc1OCCCCCCC(O)=NO,KHRPCRNETLJSDS-MRXNPFEDSA-N,7.0,True,c1ccc(CNc2ncnc3ccccc23)cc1
CHEMBL3219503,COc1cc2ncnc(Nc3ccc(F)c(Cl)c3)c2cc1B1OC(C)(C)C(C)(C)O1,KHVNXPIYGOSLLQ-UHFFFAOYSA-N,6.2839966563652006,False,c1ccc(Nc2ncnc3ccc(B4OCCO4)cc23)cc1
CHEMBL3699604,C=CC(=O)Nc1cccc(Nc2nc(Nc3ccc(N4CCN(C(=O)OC)CC4)cc3OC)ncc2C(F)(F)F)c1,KHVUCJNBJOOTNT-UHFFFAOYSA-N,7.698970004336019,True,c1ccc(Nc2ccnc(Nc3ccc(N4CCNCC4)cc3)n2)cc1
CHEMBL597200,O=C(COc1ccc(F)cc1)Nc1ccc2ncnc(Nc3cccc(Br)c3)c2c1,KHWGVPOXFZQODO-UHFFFAOYSA-N,8.074172425375258,True,O=C(COc1ccccc1)Nc1ccc2ncnc(Nc3ccccc3)c2c1
CHEMBL4289083,COc1ccc(-c2c(C#N)c(N)n(N=C3C(=O)Nc4ccc(S(=O)(=O)N5CCOCC5)cc43)c(=O)c2C#N)cc1,KHYZKBJXOMWJCB-UHFFFAOYSA-N,5.714217726220605,False,O=C1Nc2ccc(S(=O)(=O)N3CCOCC3)cc2C1=Nn1ccc(-c2ccccc2)cc1=O
CHEMBL4079553,COc1cc2ncnc(Nc3ccc(F)c(Cl)c3)c2cc1OCCCN1C[C@H](O)[C@@H](O)[C@H](O)[C@H]1CO,KIBHUVGIDZSKMM-IYRWYFENSA-N,7.970210529168144,True,c1ccc(Nc2ncnc3ccc(OCCCN4CCCCC4)cc23)cc1
CHEMBL1917092,COC(=O)c1ccc2c(c1)S(=O)(=O)N=S2c1ccc(Br)cc1,KIFVNEIUOPEMEX-UHFFFAOYSA-N,6.0,False,O=S1(=O)N=S(c2ccccc2)c2ccccc21
CHEMBL3963620,COc1cc2c(Nc3ccc(Cl)c(Cl)c3)ncnc2cc1OCc1csc(-c2ccc(Cl)cc2)n1,KIHIMMDNUNDKTJ-UHFFFAOYSA-N,7.301029995663981,True,c1ccc(Nc2ncnc3cc(OCc4csc(-c5ccccc5)n4)ccc23)cc1
CHEMBL3818563,CCOc1cc2ncnc(N[C@@H](C)c3ccccc3)c2cc1NC(=O)C1COC(=O)N1,KIKYDYDKITYLHU-FVRDMJKUSA-N,8.2580609222708,True,O=C1NC(C(=O)Nc2ccc3ncnc(NCc4ccccc4)c3c2)CO1
CHEMBL3948267,O=C(/C=C/CN1CCCC1)Nc1cc2c(Nc3ccc4c(cnn4Cc4ccccc4)c3)ncnc2cn1,KIMIFWRATWXZEO-RMKNXTFCSA-N,7.244125144327507,True,O=C(/C=C/CN1CCCC1)Nc1cc2c(Nc3ccc4c(cnn4Cc4ccccc4)c3)ncnc2cn1
CHEMBL4105526,C=CC(=O)Nc1ccc(OC)c(Nc2cc(-c3[nH]c(SC)nc3C3CC3)ccn2)c1,KINJDOYURKOJNZ-UHFFFAOYSA-N,8.130768280269024,True,c1ccc(Nc2cc(-c3[nH]cnc3C3CC3)ccn2)cc1
CHEMBL3133894,C=CC(=O)Nc1ccc2ncnc(NC3CCCCC3)c2c1,KIOLWXYZBXHLAS-UHFFFAOYSA-N,5.552841968657781,False,c1ccc2c(NC3CCCCC3)ncnc2c1
CHEMBL4071012,C=CC(=O)NCCSc1nc(-c2ccc(F)cc2)c(-c2ccnc(Nc3ccccc3)c2)[nH]1,KIRCCODEAPBPMW-UHFFFAOYSA-N,7.42021640338319,True,c1ccc(Nc2cc(-c3[nH]cnc3-c3ccccc3)ccn2)cc1
CHEMBL205870,C#Cc1cncnc1Nc1ccc(OCc2cccc(F)c2)c(Cl)c1,KIUAMDPDOOLKMH-UHFFFAOYSA-N,7.070581074285707,True,c1ccc(COc2ccc(Nc3ccncn3)cc2)cc1
CHEMBL416191,COc1cc2c(Nc3c(F)cc(Br)cc3F)ncnc2cc1OCC1CCN(C)CC1,KIWKXIDEBINNAK-UHFFFAOYSA-N,6.522878745280337,True,c1ccc(Nc2ncnc3cc(OCC4CCNCC4)ccc23)cc1
CHEMBL1242753,CCOc1cc(-c2nn(CCO)c3ncnc(N)c23)ccc1OC,KIWLNXLVLDAZRB-UHFFFAOYSA-N,5.096367483915762,False,c1ccc(-c2n[nH]c3ncncc23)cc1
CHEMBL4208712,COc1cc(N2CCN(C)CC2)ccc1Nc1ncc(Cl)c(Oc2ccccc2NC(=O)CCO)n1,KIWWMQZDDHWGPB-UHFFFAOYSA-N,6.187086643357144,False,c1ccc(Oc2ccnc(Nc3ccc(N4CCNCC4)cc3)n2)cc1
CHEMBL3699619,C=CC(=O)Nc1cccc(Oc2nc(Nc3ccc(N4CCN(C(=O)OC(C)(C)C)CC4)cc3OC)ncc2Cl)c1,KJCFRHMSJIYOPR-UHFFFAOYSA-N,6.698970004336019,True,c1ccc(Oc2ccnc(Nc3ccc(N4CCNCC4)cc3)n2)cc1
CHEMBL206029,CS(=O)(=O)CCNC(=O)NCc1cccc(C#Cc2cncnc2Nc2ccc(OCc3cccc(F)c3)c(Cl)c2)n1,KJDFHCUXSFQUTK-UHFFFAOYSA-N,7.823908740944319,True,C(#Cc1cncnc1Nc1ccc(OCc2ccccc2)cc1)c1ccccn1
CHEMBL3678960,C=CC(=O)Nc1cccc(Nc2ncc3nc(Nc4ccccc4)n(C(C)C)c3n2)c1,KJFSEEWSSQIOAL-UHFFFAOYSA-N,8.698970004336019,True,c1ccc(Nc2ncc3nc(Nc4ccccc4)[nH]c3n2)cc1
CHEMBL337027,CO[C@H]1[C@@H](N(C)C(=O)CCC(=O)O)C[C@@H]2O[C@@]1(C)n1c3ccccc3c3c4c(c5c6ccccc6n2c5c31)C(=O)NC4,KJGUOQMSLKZPAT-DQRCINHVSA-N,6.795880017344075,True,O=C1NCc2c1c1c3ccccc3n3c1c1c2c2ccccc2n1C1CCC[C@@H]3O1
CHEMBL483313,Nc1nc(Nc2ccc(Cl)cc2F)c2cc(CCc3ccccc3)[nH]c2n1,KJOGVLRVAKVBOJ-UHFFFAOYSA-N,5.8794260687941495,False,c1ccc(CCc2cc3c(Nc4ccccc4)ncnc3[nH]2)cc1
CHEMBL1272167,C=CS(=O)(=O)N1CCc2c(sc3ncnc(N[C@H](CO)c4ccccc4)c23)C1,KJSBVTTXMQLESA-OAHLLOKOSA-N,7.040958607678906,True,c1ccc(CNc2ncnc3sc4c(c23)CCNC4)cc1
CHEMBL308498,CC(C)(CO)NCc1ccc(-c2cc3ncnc(Nc4ccc5[nH]ccc5c4)c3s2)cc1,KJTNEZSZMBPREH-UHFFFAOYSA-N,9.0,True,c1ccc(-c2cc3ncnc(Nc4ccc5[nH]ccc5c4)c3s2)cc1
CHEMBL3622621,C=CC(=O)Nc1cc2c(Nc3ccc(OCc4cccc(F)c4)c(Cl)c3)ncnc2cc1O[C@H]1CCOC1,KJWFTBOQRPCFQT-FQEVSTJZSA-N,6.251501873386263,False,c1ccc(COc2ccc(Nc3ncnc4cc(O[C@H]5CCOC5)ccc34)cc2)cc1
CHEMBL3655347,CC(C)N(C)C/C=C/C(=O)N1CCc2c(oc3ncnc(Nc4ccc(F)c(Cl)c4)c23)C1,KKAZCEHVMNTCEU-SNAWJCMRSA-N,9.0,True,c1ccc(Nc2ncnc3oc4c(c23)CCNC4)cc1
CHEMBL65063,Nc1ncnc2c1cnn2-c1ccccc1,KKDPIZPUTYIBFX-UHFFFAOYSA-N,5.568636235841012,False,c1ccc(-n2ncc3cncnc32)cc1
CHEMBL3425661,COc1cc(N2CCN(C)CC2)ccc1Nc1ncc(Cl)c(Oc2cccc(NC(=O)/C(C#N)=C/c3ccncc3)c2)n1,KKHTVOVHPASEPI-CJLVFECKSA-N,5.060480747381382,False,O=C(/C=C/c1ccncc1)Nc1cccc(Oc2ccnc(Nc3ccc(N4CCNCC4)cc3)n2)c1
CHEMBL1095761,Nc1nc(Nc2cccc(Br)c2)c2cc(Cc3ccc(Cl)cc3Cl)[nH]c2n1,KKIBGZAKMLYCDQ-UHFFFAOYSA-N,6.698970004336019,True,c1ccc(Cc2cc3c(Nc4ccccc4)ncnc3[nH]2)cc1
CHEMBL52418,CC(=O)Nc1cc2ncnc(Nc3cccc(Br)c3)c2cn1,KKLFLZHHIPZMHQ-UHFFFAOYSA-N,7.537602002101044,True,c1ccc(Nc2ncnc3ccncc23)cc1
CHEMBL4070053,NP(=O)(OCCCC(=O)Oc1ccc2ncnc(Nc3cccc(Br)c3)c2c1)N(CCCl)CCCl,KKNXUMNCAJWDKL-UHFFFAOYSA-N,8.481486060122112,True,c1ccc(Nc2ncnc3ccccc23)cc1
CHEMBL1241771,CC(C)n1nc(-c2ccc(C#N)c(F)c2)c2c(N)ncnc21,KKPLVYMQNDOYMQ-UHFFFAOYSA-N,5.050609993355087,False,c1ccc(-c2n[nH]c3ncncc23)cc1
CHEMBL2029694,CCOc1ccc(-c2cc(C(F)(F)F)c(C#N)c(SCC(=O)NCC(=O)O)n2)cc1,KKPSVRBMKZDYCS-UHFFFAOYSA-N,5.075720713938118,False,c1ccc(-c2ccccn2)cc1
CHEMBL137422,CNC(=O)c1c([Se][Se]c2c(C(=O)NC)c3ccccc3n2C)n(C)c2ccccc12,KKTAXCWCKSLCHF-UHFFFAOYSA-N,5.214670164989233,False,c1ccc2[nH]c([Se][Se]c3cc4ccccc4[nH]3)cc2c1
CHEMBL2385964,Cc1ncc(C#N)c(Nc2ccc(OCc3ccccn3)c(Cl)c2)c1C#Cc1ccc(CNCCS(C)(=O)=O)o1,KKWFWVKVLSWPSQ-UHFFFAOYSA-N,5.823908740944319,False,C(#Cc1cnccc1Nc1ccc(OCc2ccccn2)cc1)c1ccco1
CHEMBL3944027,C=CC(=O)Nc1cccc(Oc2nc(Nc3ccc(OC)c(OC)c3OC)ncc2Cl)c1,KKXHOHZIJWZIMH-UHFFFAOYSA-N,7.698970004336019,True,c1ccc(Nc2nccc(Oc3ccccc3)n2)cc1
CHEMBL1173601,NC(=S)N1N=C(c2ccc(Cl)c(Cl)c2)CC1c1ccccc1Br,KKXQNAGTKHZSRD-UHFFFAOYSA-N,5.191789027075778,False,c1ccc(C2=NNC(c3ccccc3)C2)cc1
CHEMBL176309,Nc1ncnc2c1c(-c1cccc(Cl)c1)cn2-c1ccccc1,KKYWVNPRFIJNKB-UHFFFAOYSA-N,6.154901959985743,False,c1ccc(-c2cn(-c3ccccc3)c3ncncc23)cc1
CHEMBL203132,Nc1ccc2c(c1)CNc1c(Nc3cccc(Br)c3)ncnc1O2,KLALEUZAQNFFBL-UHFFFAOYSA-N,5.769551078621726,False,c1ccc(Nc2ncnc3c2NCc2ccccc2O3)cc1
CHEMBL234577,CN1CCCN(Cc2ccn3ncnc(Nc4ccc5c(cnn5Cc5cccc(F)c5)c4)c23)CC1,KLBORDPMVQMMRO-UHFFFAOYSA-N,6.886056647693163,True,c1ccc(Cn2ncc3cc(Nc4ncnn5ccc(CN6CCCNCC6)c45)ccc32)cc1
CHEMBL479,CSc1ccc2c(c1)N(CCC1CCCCN1C)c1ccccc1S2,KLBQZWRITKRQQV-UHFFFAOYSA-N,5.530619864150075,False,c1ccc2c(c1)Sc1ccccc1N2CCC1CCCCN1
CHEMBL2425735,O=C(CCCN1CCCCC1)Nc1ccc2ncnc(Nc3cccc(Br)c3)c2c1,KLBYVSOKDTXAPK-UHFFFAOYSA-N,7.8696662315049934,True,O=C(CCCN1CCCCC1)Nc1ccc2ncnc(Nc3ccccc3)c2c1
CHEMBL3676350,C=CC(=O)Nc1cc2c(Nc3ccc(OCc4cccnc4)c(Cl)c3)ncnc2cc1OCCNC(C)=O,KLGKOFYRMVUFIH-UHFFFAOYSA-N,6.099086932262331,False,c1cncc(COc2ccc(Nc3ncnc4ccccc34)cc2)c1
CHEMBL332096,Nc1ccc2ncnc(NCc3ccccc3)c2c1,KLOMJHRLJJRYDX-UHFFFAOYSA-N,6.29413628771608,False,c1ccc(CNc2ncnc3ccccc23)cc1
CHEMBL451523,COc1c(NC(=O)Nc2ccc(-c3ccc(CN4CCOCC4)nc3)c3ccccc23)cc(C(C)(C)C)cc1NS(C)(=O)=O,KLPFPTSVYVEKOL-UHFFFAOYSA-N,5.267606240177031,False,O=C(Nc1ccccc1)Nc1ccc(-c2ccc(CN3CCOCC3)nc2)c2ccccc12
CHEMBL1241241,CC(C)n1nc(-c2ccc(O)cc2)c2c(N)ncnc21,KLQFKOVDEHUNHU-UHFFFAOYSA-N,6.035269078946371,False,c1ccc(-c2n[nH]c3ncncc23)cc1
CHEMBL1242378,C[C@H](CN)n1nc(-c2ccc(F)c(O)c2)c2c(N)ncnc21,KLQFQJDEPBUNAK-SSDOTTSWSA-N,4.0,False,c1ccc(-c2n[nH]c3ncncc23)cc1
CHEMBL1242468,C[C@@H](CN)n1nc(-c2ccc(F)c(O)c2)c2c(N)ncnc21,KLQFQJDEPBUNAK-ZETCQYMHSA-N,4.585026652029182,False,c1ccc(-c2n[nH]c3ncncc23)cc1
CHEMBL3416629,C#Cc1cccc(-n2c(=O)nc3c(=C(O)Nc4ccc(CN5CCCC5)cc4)sc4ncnc2c43)c1,KLQKHAHWAORSAJ-UHFFFAOYSA-N,7.585026652029182,True,O=c1nc2c(=CNc3ccc(CN4CCCC4)cc3)sc3ncnc(c32)n1-c1ccccc1
CHEMBL203936,COc1ccc2ncnc(Nc3ccc(F)c(Cl)c3)c2c1OC1CCN(C)CC1,KLRDWNMMZDDJGS-UHFFFAOYSA-N,6.647817481888637,True,c1ccc(Nc2ncnc3cccc(OC4CCNCC4)c23)cc1
CHEMBL3950023,C[C@@H](Nc1ncnc2[nH]c(-c3ccc(NC(=O)CCNCC(O)=NO)cc3)cc12)c1ccccc1,KLTNJALIVRYAOC-MRXNPFEDSA-N,7.0,True,c1ccc(CNc2ncnc3[nH]c(-c4ccccc4)cc23)cc1
CHEMBL206003,NCc1cccc(C#Cc2cncnc2Nc2ccc(OCc3cccc(F)c3)c(Cl)c2)n1,KLTQGAMYJOKNCI-UHFFFAOYSA-N,7.67778070526608,True,C(#Cc1cncnc1Nc1ccc(OCc2ccccc2)cc1)c1ccccn1
CHEMBL590559,C=C=CCCCCCOc1cc2c(Nc3ccc(F)c(Cl)c3)ncnc2cc1O,KLWRCYQROACQNJ-UHFFFAOYSA-N,8.351639989019068,True,c1ccc(Nc2ncnc3ccccc23)cc1
CHEMBL93545,Nc1cc2ncnc(Nc3cccc(Br)c3)c2cc1[N+](=O)[O-],KLWXDJHZDQENNS-UHFFFAOYSA-N,7.275724130399211,True,c1ccc(Nc2ncnc3ccccc23)cc1
CHEMBL3087200,C=CC(=O)N1CC[C@H](N2C(=O)N(C3CCCCC3)Cc3cnc(Nc4ccc(N5CCN(C)CC5)cc4OC)nc32)C1,KLXWCPIRHYKNRS-VWLOTQADSA-N,7.367542707815276,True,O=C1N(C2CCCCC2)Cc2cnc(Nc3ccc(N4CCNCC4)cc3)nc2N1[C@H]1CCNC1
CHEMBL204570,OCc1cccc(C#Cc2cncnc2Nc2ccc(OCc3cccc(F)c3)c(Cl)c2)n1,KLYDITFOXCQQER-UHFFFAOYSA-N,7.397940008672037,True,C(#Cc1cncnc1Nc1ccc(OCc2ccccc2)cc1)c1ccccn1
CHEMBL3926558,C=CC(=O)N1CC(Oc2cc3c(N[C@H](C)c4ccccc4)ncnc3cc2OC)C1,KMAWLBPQKPGVFL-OAHLLOKOSA-N,8.221848749616356,True,c1ccc(CNc2ncnc3ccc(OC4CNC4)cc23)cc1
CHEMBL4086559,C=CC(=O)Nc1cc(Nc2ncnc(-c3cn(C)c4ccccc34)c2OC)c(OC)cc1N(C)CCN(C)C,KMDNWAUDOVJOOM-UHFFFAOYSA-N,6.67264106561367,True,c1ccc(Nc2cc(-c3c[nH]c4ccccc34)ncn2)cc1
CHEMBL1095464,Cc1ccccc1Cc1cc2c(Nc3cccc(Br)c3)nc(N)nc2[nH]1,KMDRWXNIHZDMQA-UHFFFAOYSA-N,5.040958607678906,False,c1ccc(Cc2cc3c(Nc4ccccc4)ncnc3[nH]2)cc1
CHEMBL3360608,C#Cc1cccc(Nc2ncnc3cc(OCCCCn4ccnc4[N+](=O)[O-])c(OC)cc23)c1,KMEXVVGZNMJBQL-UHFFFAOYSA-N,9.585026652029182,True,c1ccc(Nc2ncnc3cc(OCCCCn4ccnc4)ccc23)cc1
CHEMBL77524,COc1ccc(/C=C(\C#N)C(=O)O)cc1,KMHNRJDDHTZZDZ-RMKNXTFCSA-N,3.079354998593212,False,c1ccccc1
CHEMBL2333985,COc1cc2ncnc(Nc3ccc(C(C)(F)F)cc3)c2cc1OC,KMKJCARZYATNHK-UHFFFAOYSA-N,5.327902142064282,False,c1ccc(Nc2ncnc3ccccc23)cc1
CHEMBL332612,Nc1ccc(Nc2[nH]nc3ncnc(Nc4cccc(Cl)c4)c23)cc1,KMXFOTQAKQWIOA-UHFFFAOYSA-N,8.301029995663981,True,c1ccc(Nc2ncnc3n[nH]c(Nc4ccccc4)c23)cc1
CHEMBL2448065,COc1cc2c(Nc3ccc(Cl)cc3F)ncnc2cc1OCC1CCN(C)CC1,KNAJKXGUAHBQTI-UHFFFAOYSA-N,6.522878745280337,True,c1ccc(Nc2ncnc3cc(OCC4CCNCC4)ccc23)cc1
CHEMBL204164,C=CC(=O)Nc1ccc2c(c1)CNc1c(Nc3ccc(F)c(Cl)c3)ncnc1O2,KNFFQVJLBXYTKR-UHFFFAOYSA-N,5.309803919971486,False,c1ccc(Nc2ncnc3c2NCc2ccccc2O3)cc1
CHEMBL3754709,COc1cc(NC(=O)Nc2nccs2)cc(-c2cccnc2)c1OC,KNHKFZXMTYARSM-UHFFFAOYSA-N,6.498776367194819,True,O=C(Nc1cccc(-c2cccnc2)c1)Nc1nccs1
CHEMBL3747281,CC(=O)N1N=C(c2ccc(F)cc2)CC1c1ccc(C(=O)OCCn2c([N+](=O)[O-])cnc2C)cc1,KNPKMRVTWSOBDS-UHFFFAOYSA-N,5.29929628285498,False,O=C(OCCn1ccnc1)c1ccc(C2CC(c3ccccc3)=NN2)cc1
CHEMBL4071180,CN(C)C/C=C/C(=O)NCCSc1nc(-c2ccc(F)cc2)c(-c2ccnc(Nc3ccccc3)c2)[nH]1,KNRRLYBLHHQBTM-RMKNXTFCSA-N,7.744727494896693,True,c1ccc(Nc2cc(-c3[nH]cnc3-c3ccccc3)ccn2)cc1
CHEMBL2031312,CCOc1cc2ncc(C#N)c(Nc3ccc(OCc4ccccn4)c(Cl)c3)c2cc1NC(=O)CCN1CCCCC1,KNUFYYKLIKWKII-UHFFFAOYSA-N,7.605548319173783,True,O=C(CCN1CCCCC1)Nc1ccc2nccc(Nc3ccc(OCc4ccccn4)cc3)c2c1
CHEMBL312451,CC(NC(=O)c1ccc(S(=O)(=O)Oc2ccc(/C=C/[N+](=O)[O-])cc2)cc1)C(=O)NC(C)C(=O)OC(C)(C)C,KNWYXKACVOBABE-CCEZHUSRSA-N,4.3979400086720375,False,O=S(=O)(Oc1ccccc1)c1ccccc1
CHEMBL138940,O=C(/C=C/C(=O)Nc1cc2c(Nc3ccc(F)c(Cl)c3)ncnc2cn1)NCCCN1CCOCC1,KNXXEFGLJICDBL-SNAWJCMRSA-N,7.853871964321762,True,O=C(/C=C/C(=O)Nc1cc2c(Nc3ccccc3)ncnc2cn1)NCCCN1CCOCC1
CHEMBL2333999,COc1cc2ncnc(Nc3ccc(F)c(Cl)c3)c2cc1OCCBr,KOBGVRFQJWPUFX-UHFFFAOYSA-N,7.742321425130815,True,c1ccc(Nc2ncnc3ccccc23)cc1
CHEMBL257873,Cc1ccc(Oc2ccc(Nc3ncnc4[nH]nc(OCCN5CCC(O)CC5)c34)cc2F)cn1,KOBKLBFNTIJTTR-UHFFFAOYSA-N,5.844663962534938,False,c1cncc(Oc2ccc(Nc3ncnc4[nH]nc(OCCN5CCCCC5)c34)cc2)c1
CHEMBL3086105,C=CC(=O)N1CC[C@H](N2C(=O)N(c3ccccc3)Cc3cnc(Nc4ccc(N5CCN(C)CC5)c(F)c4)nc32)C1,KOEKPENHENCDPT-DEOSSOPVSA-N,7.767003889607846,True,O=C1N(c2ccccc2)Cc2cnc(Nc3ccc(N4CCNCC4)cc3)nc2N1[C@H]1CCNC1
CHEMBL176705,COc1ccc(-c2cn(-c3ccccc3)c3ncnc(N)c23)cc1,KOFGCEDKGQUYDQ-UHFFFAOYSA-N,6.455931955649724,True,c1ccc(-c2cn(-c3ccccc3)c3ncncc23)cc1
CHEMBL1242029,COc1cccc(-c2nn(C(C)C)c3ncnc(N)c23)c1,KOICAHGTHMWKIZ-UHFFFAOYSA-N,5.853871964321762,False,c1ccc(-c2n[nH]c3ncncc23)cc1
CHEMBL204467,OCc1ccc(C#Cc2cncnc2Nc2ccc(OCc3cccc(F)c3)c(Cl)c2)o1,KOKYNLBDBNLOPA-UHFFFAOYSA-N,7.481486060122112,True,C(#Cc1cncnc1Nc1ccc(OCc2ccccc2)cc1)c1ccco1
CHEMBL3622664,CCOc1cc2ncnc(Nc3ccc(F)c(Cl)c3)c2cc1NC(=O)/C=C/CNC1CC1,KOMMDNGJCLCAHZ-ONEGZZNKSA-N,9.045757490560677,True,O=C(/C=C/CNC1CC1)Nc1ccc2ncnc(Nc3ccccc3)c2c1
CHEMBL207410,CNC(=O)c1cccc(C#Cc2cncnc2Nc2ccc(OCc3cccc(F)c3)c(Cl)c2)c1,KOOYTOMPIPMGEP-UHFFFAOYSA-N,7.102372908709558,True,C(#Cc1cncnc1Nc1ccc(OCc2ccccc2)cc1)c1ccccc1
CHEMBL402553,Clc1cc(Nc2ncnc3[nH]nc(OCCN4CCCC4)c23)ccc1OCc1ccccn1,KOQXIMMOAUHZFN-UHFFFAOYSA-N,8.096910013008056,True,c1ccc(COc2ccc(Nc3ncnc4[nH]nc(OCCN5CCCC5)c34)cc2)nc1
CHEMBL4091276,C=CC(=O)Nc1cccc(-n2c(=O)cc(C)c3cnc(Nc4ccc(N5CCN(C)C(C)C5)cc4OC)nc32)c1,KOSYHFYRKSADPR-UHFFFAOYSA-N,8.920818753952375,True,O=c1ccc2cnc(Nc3ccc(N4CCNCC4)cc3)nc2n1-c1ccccc1
CHEMBL3676384,C=CC(=O)Nc1cc2c(Nc3ccc(Br)c(Cl)c3F)ncnc2cc1OCCNC(=O)NCC,KOVLLCNIJRZXSU-UHFFFAOYSA-N,8.096910013008056,True,c1ccc(Nc2ncnc3ccccc23)cc1
CHEMBL158797,Cn1c(SSc2c(C(=O)NCC(O)CO)c3ccccc3n2C)c(C(=O)NCC(O)CO)c2ccccc21,KPBMHVLQNHPHLP-UHFFFAOYSA-N,4.366531544420414,False,c1ccc2[nH]c(SSc3cc4ccccc4[nH]3)cc2c1
CHEMBL4206585,CCS(=O)(=O)Nc1cc(-c2ccc3ncnc(Nc4cccc(C(=O)OC)c4)c3c2)cnc1OC,KPFSIXJFIXKKJO-UHFFFAOYSA-N,6.388276691992658,True,c1ccc(Nc2ncnc3ccc(-c4cccnc4)cc23)cc1
CHEMBL2441567,CN(C)C/C=C/C(=O)N1CCOc2cc3ncnc(Nc4ccc(OCc5cccc(F)c5)c(Cl)c4)c3cc21,KPLGROMQFNWKJK-QPJJXVBHSA-N,5.442492798094342,False,c1ccc(COc2ccc(Nc3ncnc4cc5c(cc34)NCCO5)cc2)cc1
CHEMBL369014,CCOC(=O)c1ccc(-c2cn(-c3ccccc3)c3ncnc(N)c23)cc1,KPNHRZBBKFZVMF-UHFFFAOYSA-N,5.886056647693163,False,c1ccc(-c2cn(-c3ccccc3)c3ncncc23)cc1
CHEMBL3806172,CCOC(C)Oc1cc2ncnc(Nc3ccc(F)c([N+](=O)[O-])c3)c2c2c1OCCO2,KPOWUQIMHGWQLY-UHFFFAOYSA-N,6.633950790199765,True,c1ccc(Nc2ncnc3ccc4c(c23)OCCO4)cc1
CHEMBL3219130,C=CC(=O)Nc1cccc(N2C(=O)C(C(C)CC)N(C)C(=O)c3cnc(Nc4ccc(N5CCN(C)CC5)cc4OC)nc32)c1,KPSAQFTWIFWIHN-UHFFFAOYSA-N,7.99225222199926,True,O=C1NCC(=O)N(c2ccccc2)c2nc(Nc3ccc(N4CCNCC4)cc3)ncc21
CHEMBL3899132,CCOc1cc2ncnc(Nc3ccc4c(ccn4S(=O)(=O)c4ccccc4)c3)c2cc1NC(=O)/C=C/CN(C)C,KPSPYNLYPZNCGV-DHZHZOJOSA-N,7.42021640338319,True,O=S(=O)(c1ccccc1)n1ccc2cc(Nc3ncnc4ccccc34)ccc21
CHEMBL2347960,CN(C)CCCC(=O)Nc1cccc(-c2c(-c3ccccc3)oc3ncnc(N[C@H](CO)c4ccccc4)c23)c1,KPTUKIAZZFDEOC-AREMUKBSSA-N,7.537602002101044,True,c1ccc(CNc2ncnc3oc(-c4ccccc4)c(-c4ccccc4)c23)cc1
CHEMBL126893,CN(C)CCCNc1cc2ncnc(Nc3cccc(Br)c3)c2cn1,KQABJETUKXUAAM-UHFFFAOYSA-N,8.05551732784983,True,c1ccc(Nc2ncnc3ccncc23)cc1
CHEMBL123045,O=[N+]([O-])c1cc(NCc2cc(O)ccc2O)ccc1O,KQASNDUBXLWVEB-UHFFFAOYSA-N,5.267606240177031,False,c1ccc(CNc2ccccc2)cc1
CHEMBL422758,COc1cc2c(Nc3c(F)cc(Cl)cc3F)ncnc2cc1OCC1CCN(C)CC1,KQEHWOWUWGAOSR-UHFFFAOYSA-N,6.346787486224656,True,c1ccc(Nc2ncnc3cc(OCC4CCNCC4)ccc23)cc1
CHEMBL125920,CCOc1cc2ncnc(Nc3cccc(-c4cc[nH]n4)c3)c2cc1OCC,KQEIKIGFBVHSFM-UHFFFAOYSA-N,7.958607314841775,True,c1cc(Nc2ncnc3ccccc23)cc(-c2cc[nH]n2)c1
CHEMBL326318,COc1cc(C=C(C#N)C(N)=O)cc(CSCc2ccccc2)c1O,KQOKTNOLEYYOGF-UHFFFAOYSA-N,5.709965388637482,False,c1ccc(CSCc2ccccc2)cc1
CHEMBL2448067,COc1cc2c(Nc3ccc(Cl)cc3F)ncnc2cc1OCCCN1CCCC1,KQVFLNYZDGJFNM-UHFFFAOYSA-N,7.0,True,c1ccc(Nc2ncnc3cc(OCCCN4CCCC4)ccc23)cc1
CHEMBL363130,Cc1ccsc1C(=O)n1nc(Nc2ccc(S(N)(=O)=O)cc2)nc1N,KQWTXAWKBUUOMU-UHFFFAOYSA-N,5.075720713938118,False,O=C(c1cccs1)n1cnc(Nc2ccccc2)n1
CHEMBL1094784,FC(F)(F)c1cccc(Nc2ncnc3[nH]c(Cc4ccc(Cl)cc4Cl)cc23)c1,KREFSQWWLAZRAY-UHFFFAOYSA-N,4.480172006224281,False,c1ccc(Cc2cc3c(Nc4ccccc4)ncnc3[nH]2)cc1
CHEMBL597492,COc1cc(C2=C(c3c[nH]c4ccc(I)cc34)C(=O)NC2=O)cc(OC)c1OC,KRICMVKKVCDVBV-UHFFFAOYSA-N,5.772627557710363,False,O=C1NC(=O)C(c2c[nH]c3ccccc23)=C1c1ccccc1
CHEMBL3628818,Clc1ccc(Nc2ncc3c(n2)-c2ccc(Cl)cc2SC3)cc1,KRPKPDYONWEWGV-UHFFFAOYSA-N,4.34008379993015,False,c1ccc(Nc2ncc3c(n2)-c2ccccc2SC3)cc1
CHEMBL53121,Fc1cc2c(Nc3cccc(Br)c3)ncnc2cn1,KRRHOFYUUHSVEQ-UHFFFAOYSA-N,6.906578314837764,True,c1ccc(Nc2ncnc3cnccc23)cc1
CHEMBL3233776,O=C(/C=C/CNCc1ncccn1)Nc1cc2c(Nc3ccc(F)c(Cl)c3)ncnc2s1,KRYUJFIVSZMANE-HNQUOIGGSA-N,8.096910013008056,True,O=C(/C=C/CNCc1ncccn1)Nc1cc2c(Nc3ccccc3)ncnc2s1
CHEMBL3969628,O=C(CBr)OCCn1c(=O)oc2cc3ncnc(Nc4ccc(N5CCCCC5)c(Cl)c4)c3cc21,KRZUYDHNTSGCKX-UHFFFAOYSA-N,6.735182176990463,True,O=c1[nH]c2cc3c(Nc4ccc(N5CCCCC5)cc4)ncnc3cc2o1
CHEMBL1929556,COc1ccc(OC)c(Cc2cc3c(Nc4ccc(Cl)cc4F)nc(N)nc3[nH]2)c1,KSAQJLKGTOUMMC-UHFFFAOYSA-N,3.948076083953893,False,c1ccc(Cc2cc3c(Nc4ccccc4)ncnc3[nH]2)cc1
CHEMBL4098587,CC(C)(C)OC(=O)NCC(=O)Nc1ccc2ncnc(Nc3ccc(F)c(Cl)c3)c2c1,KSBFUSYTGPBKLZ-UHFFFAOYSA-N,7.769551078621726,True,c1ccc(Nc2ncnc3ccccc23)cc1
CHEMBL287289,CN(C)CCCn1ccc2cc3c(Nc4cccc(Br)c4)ncnc3cc21,KSESIAIRSPHRBJ-UHFFFAOYSA-N,7.67778070526608,True,c1ccc(Nc2ncnc3cc4[nH]ccc4cc23)cc1
CHEMBL1928950,N#CCC(=O)Nc1cccc(Oc2cc(Nc3ccc(OCc4cccc(F)c4)c(Cl)c3)ncn2)c1,KSGFHOXKNWEUSE-UHFFFAOYSA-N,7.318758762624412,True,c1ccc(COc2ccc(Nc3cc(Oc4ccccc4)ncn3)cc2)cc1
CHEMBL255237,COCCON=Cc1c(N)ncnc1Nc1ccc2c(cnn2Cc2cccc(F)c2)c1,KSGYKTRNRCPDHT-UHFFFAOYSA-N,7.853871964321762,True,c1ccc(Cn2ncc3cc(Nc4ccncn4)ccc32)cc1
CHEMBL4216551,COc1cc(N2CCN(C)CC2)ccc1Nc1ncc(Cl)c(Oc2ccc(NC(=O)/C=C/CN(C)C)cc2)n1,KSJZGAARSPDRCW-AATRIKPKSA-N,5.09312646527793,False,c1ccc(Oc2ccnc(Nc3ccc(N4CCNCC4)cc3)n2)cc1
CHEMBL200976,COC(=O)c1c(OCCN2CCCCC2)c2ccccc2c2oc3c(c12)C(=O)c1ccccc1C3=O,KSKXCLMAVSEKHS-UHFFFAOYSA-N,5.552841968657781,False,O=C1c2ccccc2C(=O)c2c1oc1c2cc(OCCN2CCCCC2)c2ccccc21
CHEMBL4082362,C=CC(=O)Nc1ccc(OC)c(Nc2cc(-c3[nH]c(SC)nc3C3CCCC3)ccn2)c1,KSQRHRFMTBDJJJ-UHFFFAOYSA-N,8.346787486224656,True,c1ccc(Nc2cc(-c3[nH]cnc3C3CCCC3)ccn2)cc1
CHEMBL4103464,O=C(NCc1ccccc1)Nc1ccc2ncnc(Nc3cccc(Br)c3)c2c1,KSRUPTRACAQHLQ-UHFFFAOYSA-N,8.050609993355087,True,O=C(NCc1ccccc1)Nc1ccc2ncnc(Nc3ccccc3)c2c1
CHEMBL7914,Cc1ccc(Nc2cc3c(cc2Nc2ccc(C)cc2)C(=O)NC3=O)cc1,KSZXNFIEZNOXCC-UHFFFAOYSA-N,5.6020599913279625,False,O=C1NC(=O)c2cc(Nc3ccccc3)c(Nc3ccccc3)cc21
CHEMBL461113,Nc1ncnc(Nc2ccc(OCc3ccccc3)c(Cl)c2)c1C(=O)OCCN1CCOCC1,KTEDMAIKTUKLAP-UHFFFAOYSA-N,6.823908740944319,True,O=C(OCCN1CCOCC1)c1cncnc1Nc1ccc(OCc2ccccc2)cc1
CHEMBL3360604,COc1cc2c(Nc3ccc(F)c(Cl)c3)ncnc2cc1OCCCCCn1ccnc1[N+](=O)[O-],KTFMGSFLXBDJDF-UHFFFAOYSA-N,9.2839966563652,True,c1ccc(Nc2ncnc3cc(OCCCCCn4ccnc4)ccc23)cc1
CHEMBL3746473,CC(=O)N1N=C(c2ccc([N+](=O)[O-])cc2)CC1c1ccc(C(=O)OCCn2c([N+](=O)[O-])cnc2C)cc1,KTIOIWKPYJUSTA-UHFFFAOYSA-N,6.221848749616356,False,O=C(OCCn1ccnc1)c1ccc(C2CC(c3ccccc3)=NN2)cc1
CHEMBL1945447,O=C(NS(=O)(=O)c1ccc(Br)cc1)c1cncc(Br)c1,KTKIBNBEIMRNSC-UHFFFAOYSA-N,5.681936665037238,False,O=C(NS(=O)(=O)c1ccccc1)c1cccnc1
CHEMBL3804886,Fc1cccc(Nc2ncnc3cc(OCCCN4CCOCC4)c4c(c23)OCCO4)c1,KTTDTUIJRYQELA-UHFFFAOYSA-N,7.076341578206694,True,c1ccc(Nc2ncnc3cc(OCCCN4CCOCC4)c4c(c23)OCCO4)cc1
CHEMBL1242293,CC(C)n1nc(-c2cnc3[nH]ccc3c2)c2c(N)ncnc21,KTTGLAHMSDMRLJ-UHFFFAOYSA-N,6.42021640338319,True,c1ncc2c(-c3cnc4[nH]ccc4c3)n[nH]c2n1
CHEMBL2047022,O=C(CCCCCC(O)=NO)Nc1ccc(O)c(C(=O)Nc2ccc(Cl)c(C(F)(F)F)c2)c1,KTWPQASCVGONHE-UHFFFAOYSA-N,5.85078088734462,False,O=C(Nc1ccccc1)c1ccccc1
CHEMBL1094194,CSc1ccc(CCCCCn2cc(CCN)c3cc(OCCc4ccc(O)cc4)ccc32)cc1,KTYVAFOTAYILKZ-UHFFFAOYSA-N,5.71669877129645,False,c1ccc(CCCCCn2ccc3cc(OCCc4ccccc4)ccc32)cc1
CHEMBL3416627,COc1ccccc1-c1cc2c(Nc3ccc(OCc4cccc(F)c4)c(Cl)c3)ncnc2s1,KUAZPPABFXYUGW-UHFFFAOYSA-N,6.657577319177793,True,c1ccc(COc2ccc(Nc3ncnc4sc(-c5ccccc5)cc34)cc2)cc1
CHEMBL347668,O=C(CCc1c(SSc2[nH]c3ccccc3c2CCC(=O)NCc2ccc(C(=O)O)c(O)c2)[nH]c2ccccc12)NCc1ccc(C(=O)O)c(O)c1,KUKWJPKUERJESV-UHFFFAOYSA-N,5.070581074285707,False,O=C(CCc1c(SSc2[nH]c3ccccc3c2CCC(=O)NCc2ccccc2)[nH]c2ccccc12)NCc1ccccc1
CHEMBL1242566,Nc1ncnc2c1c(-c1ccc(F)c(O)c1)nn2C1CCC1,KUMLEJXITHSWSP-UHFFFAOYSA-N,5.537602002101044,False,c1ccc(-c2nn(C3CCC3)c3ncncc23)cc1
CHEMBL2385981,CCOc1cc(N)c(C(=O)Nc2ccc(OCc3cccc(F)c3)c(Cl)c2)cc1NC(=O)c1ccc(CN2CCN(C)CC2)cc1,KUMUCDJXWXYHEV-UHFFFAOYSA-N,5.301029995663981,False,O=C(Nc1cccc(C(=O)Nc2ccc(OCc3ccccc3)cc2)c1)c1ccc(CN2CCNCC2)cc1
CHEMBL379017,COc1cc(OC2CCN(S(C)(=O)=O)CC2)c2c(Nc3ccc(F)c(Cl)c3)ncnc2c1,KUQKYMFIGLVQMY-UHFFFAOYSA-N,5.017683530307934,False,c1ccc(Nc2ncnc3cccc(OC4CCNCC4)c23)cc1
CHEMBL2325093,Cc1ccc(C2=NN(c3ccccc3)C(c3cccc4ccccc34)C2)cc1,KURMNYSHIPGJRW-UHFFFAOYSA-N,6.698970004336019,True,c1ccc(C2=NN(c3ccccc3)C(c3cccc4ccccc34)C2)cc1
CHEMBL1242114,COc1ccc(-c2nn(C(C)C)c3ncnc(N)c23)cc1O,KUUKOPMICNKRGE-UHFFFAOYSA-N,5.6595558851598815,False,c1ccc(-c2n[nH]c3ncncc23)cc1
CHEMBL3699591,C=CC(=O)Nc1cccc(Oc2nc(Nc3ccc(N4CCOCC4)cc3OC(F)F)ncc2C(F)(F)F)c1,KUYLULOJVXLEOJ-UHFFFAOYSA-N,7.187086643357144,True,c1ccc(Oc2ccnc(Nc3ccc(N4CCOCC4)cc3)n2)cc1
CHEMBL1645464,Cn1ncc2cc(Nc3ncnn4ccc(CN5CCC(N)CC5)c34)ccc21,KVCFBSPPQNDXTQ-UHFFFAOYSA-N,6.022276394711152,False,c1nc(Nc2ccc3[nH]ncc3c2)c2c(CN3CCCCC3)ccn2n1
CHEMBL3739587,CC(=O)c1nn(-c2ccc(Cl)cc2)cc1C(=O)c1c(C)[nH]c(-c2ccccc2)c1-c1ccccc1,KVFDSGCJLHAQKA-UHFFFAOYSA-N,5.348721986001856,False,O=C(c1cnn(-c2ccccc2)c1)c1c[nH]c(-c2ccccc2)c1-c1ccccc1
CHEMBL144842,N#CC(=Cc1ccc(O)c(O)c1)C(=O)NCCCCCNC(=O)C(C#N)=Cc1ccc(O)c(O)c1,KVIXQTKOWBEGMT-UHFFFAOYSA-N,6.154901959985743,False,O=C(C=Cc1ccccc1)NCCCCCNC(=O)C=Cc1ccccc1
CHEMBL4280174,C=CC(=O)Nc1ccccc1Nc1nc(Nc2ccc(CN3CCOCC3)cc2)ncc1Cl,KVJLISUNVFUYME-UHFFFAOYSA-N,7.815308569182401,True,c1ccc(Nc2ccnc(Nc3ccc(CN4CCOCC4)cc3)n2)cc1
CHEMBL3297898,COc1ccc(N(C)c2nc(C)nc3oc(C)cc23)cc1,KVMLMFRXRZLEGU-UHFFFAOYSA-N,7.125407895065626,True,c1ccc(Nc2ncnc3occc23)cc1
CHEMBL497863,Nc1ncnc(Nc2ccc3c(cnn3Cc3cccc(F)c3)c2)c1C=NNCC(F)(F)F,KVQIKILPEUOSQA-UHFFFAOYSA-N,7.2839966563652,True,c1ccc(Cn2ncc3cc(Nc4ccncn4)ccc32)cc1
CHEMBL24944,O=C(Nc1ccc(Br)cc1)c1cc(Br)cc(Br)c1O,KVSKGMLNBAPGKH-UHFFFAOYSA-N,5.524764777395872,False,O=C(Nc1ccccc1)c1ccccc1
CHEMBL1094195,NCCc1cn(Cc2ccc(-c3cccc(C(F)(F)F)c3)cc2)c2ccc(OCCc3ccc(O)cc3)cc12,KVZGXHXBYQNWHP-UHFFFAOYSA-N,5.954677021213342,False,c1ccc(CCOc2ccc3c(ccn3Cc3ccc(-c4ccccc4)cc3)c2)cc1
CHEMBL3133897,C=CC(=O)N1CCc2c(sc3ncnc(Nc4ccc(Br)c(C)c4)c23)C1,KWCKYCVYQBCQEN-UHFFFAOYSA-N,5.356547323513812,False,c1ccc(Nc2ncnc3sc4c(c23)CCNC4)cc1
CHEMBL3219128,C=CC(=O)Nc1cccc(N2C(=O)C(C)N(C)C(=O)c3cnc(Nc4ccc(N5CCN(C)CC5)cc4OC)nc32)c1,KWCSAJCODOPDPD-UHFFFAOYSA-N,7.65521487736734,True,O=C1NCC(=O)N(c2ccccc2)c2nc(Nc3ccc(N4CCNCC4)cc3)ncc21
CHEMBL3604930,Cc1cc(Nc2cc(N3CCN(C)CC3)nc(Oc3ccc(N)cc3)n2)[nH]n1,KWFNPPHHKZGWMQ-UHFFFAOYSA-N,5.853871964321762,False,c1ccc(Oc2nc(Nc3ccn[nH]3)cc(N3CCNCC3)n2)cc1
CHEMBL255438,Nc1ncnc(Nc2ccc3c(cnn3Cc3cccc(F)c3)c2)c1C=NOCc1ccccc1,KWGOTWZNNOUINW-UHFFFAOYSA-N,7.638272163982407,True,C(=NOCc1ccccc1)c1cncnc1Nc1ccc2c(cnn2Cc2ccccc2)c1
CHEMBL4072874,C=CC(=O)Nc1cccc(-c2c[nH]c3nccc(-c4[nH]c(-c5ccccc5)nc4-c4ccc(F)cc4)c23)c1,KWUKSDIUXPBEQQ-UHFFFAOYSA-N,8.10790539730952,True,c1ccc(-c2nc(-c3ccccc3)c(-c3ccnc4[nH]cc(-c5ccccc5)c34)[nH]2)cc1
CHEMBL1812491,Cn1cccc1-c1nc2cc(NC(=O)CCl)ccc2[nH]1,KWXVHHBODBTMPB-UHFFFAOYSA-N,4.91829272990265,False,c1c[nH]c(-c2nc3ccccc3[nH]2)c1
CHEMBL78174,N#CC(C#N)=Cc1ccc(C(=O)O)cc1,KWXWJXVSQZFADE-UHFFFAOYSA-N,3.366531544420414,False,c1ccccc1
CHEMBL3542268,OCc1ccc(-c2ccc3ncnc(Nc4ccc(OCc5cccc(F)c5)c(Cl)c4)c3c2)o1,KWZZYAKRBYRQTG-UHFFFAOYSA-N,8.2958494831602,True,c1ccc(COc2ccc(Nc3ncnc4ccc(-c5ccco5)cc34)cc2)cc1
CHEMBL3301625,C=CC(=O)Nc1cccc(Nc2nc(Nc3ccc(OCCOC)cc3)ncc2F)c1,KXBDTLQSDKGAEB-UHFFFAOYSA-N,6.354577730650908,True,c1ccc(Nc2ccnc(Nc3ccccc3)n2)cc1
CHEMBL118109,COc1cc(C=C(C#N)C(N)=O)cc(CSc2nc3ccccc3s2)c1O,KXDONFLNGBQLTN-UHFFFAOYSA-N,4.730487055782084,False,c1ccc(CSc2nc3ccccc3s2)cc1
CHEMBL380386,COc1cc2ncnc(Nc3cccc(Cl)c3F)c2cc1CNC(C)C(N)=O,KXECKMQQRGBPLK-UHFFFAOYSA-N,6.823908740944319,True,c1ccc(Nc2ncnc3ccccc23)cc1
CHEMBL606964,COc1ccc(N2Cc3cnc(Nc4ccc(F)cc4)nc3N([C@@H]3CC[C@@H](O)C3)C2=O)cc1,KXEMINRANVTICS-WOJBJXKFSA-N,6.263603497723357,False,O=C1N(c2ccccc2)Cc2cnc(Nc3ccccc3)nc2N1C1CCCC1
CHEMBL1958028,Oc1csc(N2N=C(c3ccc(F)cc3)CC2c2ccc(Br)cc2)n1,KXGNCZQOLOIOQE-UHFFFAOYSA-N,5.319664486585436,False,c1ccc(C2=NN(c3nccs3)C(c3ccccc3)C2)cc1
CHEMBL28418,C=CC(=O)Nc1ccc2ncnc(Nc3ccc(F)c(Cl)c3)c2n1,KXLRVRIKQJRVCZ-UHFFFAOYSA-N,9.1249387366083,True,c1ccc(Nc2ncnc3cccnc23)cc1
CHEMBL3809489,Nc1nc(Nc2ccc3c(c2)CC[C@@H](N2CCCC2)CC3)nn1-c1cc2c(nn1)-c1ccccc1CCC2,KXMZDGSRSGHMMK-VWLOTQADSA-N,5.4089353929735005,False,c1ccc2c(c1)CCCc1cc(-n3cnc(Nc4ccc5c(c4)CC[C@@H](N4CCCC4)CC5)n3)nnc1-2
CHEMBL52665,Brc1cccc(Nc2ncnc3ccncc23)c1,KXQSONXECJTULQ-UHFFFAOYSA-N,7.455931955649724,True,c1ccc(Nc2ncnc3ccncc23)cc1
CHEMBL323630,CN(C)C/C=C/C(=O)Nc1ccc2ncc(C#N)c(Nc3ccc(F)c(Cl)c3)c2c1,KXQYGHZAGFHMDJ-ONEGZZNKSA-N,6.187086643357144,False,c1ccc(Nc2ccnc3ccccc23)cc1
CHEMBL3586189,O=C1N=C(N2CCCC2C(=O)Nc2ccc3ncnc(Nc4cccc(Cl)c4)c3c2)S/C1=C/c1ccc(-c2ccccc2)cc1,KXUXEQXPRVRWIF-FDAWAROLSA-N,4.87942606879415,False,O=C1N=C(N2CCCC2C(=O)Nc2ccc3ncnc(Nc4ccccc4)c3c2)S/C1=C/c1ccc(-c2ccccc2)cc1
CHEMBL3414594,COc1ccccc1-c1cc2c(NCc3ccccn3)ncnc2s1,KXVKQFSFLGKPSC-UHFFFAOYSA-N,6.73754891026957,True,c1ccc(-c2cc3c(NCc4ccccn4)ncnc3s2)cc1
CHEMBL3676346,C=CC(=O)Nc1cc2c(Nc3ccc(Br)c(F)c3F)ncnc2cc1OCCNC(=O)CCN1CCCCC1,KXWGCUQJTHVLTN-UHFFFAOYSA-N,6.048662481204082,False,O=C(CCN1CCCCC1)NCCOc1ccc2c(Nc3ccccc3)ncnc2c1
CHEMBL1271562,CC[C@@H](Nc1ncnc2sc3c(c12)CCN(C(=O)/C=C/CN(C)C)C3)c1ccccc1,KYAUUVJZDKYWSC-UFUQCMIWSA-N,7.920818753952375,True,c1ccc(CNc2ncnc3sc4c(c23)CCNC4)cc1
CHEMBL2381516,C=CC(=O)Nc1cccc(Oc2nc(Nc3ccc(N4CCN(CC(=O)N5CCN(CCOc6no[n+]([O-])c6S(=O)(=O)c6ccccc6)CC5)CC4)cc3OC)ncc2Cl)c1,KYAXDNMYCYBVHP-UHFFFAOYSA-N,7.4089353929735005,True,O=C(CN1CCN(c2ccc(Nc3nccc(Oc4ccccc4)n3)cc2)CC1)N1CCN(CCOc2no[nH+]c2S(=O)(=O)c2ccccc2)CC1
CHEMBL77085,N#CC(C#N)=Cc1cc(O)ccc1[N+](=O)[O-],KYBMSHSKPVIZPW-UHFFFAOYSA-N,4.017728766960432,False,c1ccccc1
CHEMBL3436354,Fc1cccc(COc2ccc(Nc3ncnc4ccc(-c5ccc(CN6CCOCC6)o5)cc34)cc2Cl)c1,KYIOPHOSYULFRB-UHFFFAOYSA-N,7.585026652029182,True,c1ccc(COc2ccc(Nc3ncnc4ccc(-c5ccc(CN6CCOCC6)o5)cc34)cc2)cc1
CHEMBL2385978,CCOc1cc([N+](=O)[O-])c(C(=O)Nc2ccc(OCc3cccc(F)c3)c(Cl)c2)cc1NC(=O)/C=C/CN(C)C,KYITYRICHGVEAO-RMKNXTFCSA-N,5.698970004336019,False,O=C(Nc1ccc(OCc2ccccc2)cc1)c1ccccc1
CHEMBL543361,CN(C)CC(CSCCN)C(=O)c1ccc(OCc2ccccc2)cc1,KYKIJIXHKSKLSD-UHFFFAOYSA-N,5.055517327849831,False,c1ccc(COc2ccccc2)cc1
CHEMBL1683957,Cc1c(Nc2ccc(OCc3cccc(F)c3)c(Cl)c2)ncnc1-c1ccccc1,KYLIRXGFQWOYMP-UHFFFAOYSA-N,4.698970004336019,False,c1ccc(COc2ccc(Nc3cc(-c4ccccc4)ncn3)cc2)cc1
CHEMBL611681,CCCCCCNC(=O)COc1cc(O)c2c(=O)cc(-c3ccccc3)oc2c1,KYOZWGGMDULRIQ-UHFFFAOYSA-N,5.059981844992336,False,O=c1cc(-c2ccccc2)oc2ccccc12
CHEMBL166154,CNc1cc2c(Nc3cccc(Cl)c3)ncnc2cn1,KYQINICYADKJGN-UHFFFAOYSA-N,9.721246399047171,True,c1ccc(Nc2ncnc3cnccc23)cc1
CHEMBL591897,CN(CCN=NNc1ccc2ncnc(Nc3cccc(Cl)c3)c2c1)CCNS(=O)(=O)c1cccc2c(N(C)C)cccc12,KYVRWAGUEBMRLC-UHFFFAOYSA-N,6.221848749616356,False,O=S(=O)(NCCNCCN=NNc1ccc2ncnc(Nc3ccccc3)c2c1)c1cccc2ccccc12
CHEMBL1173815,Cc1ccc(C2=NN(C(N)=S)C(c3ccc(O)cc3)C2)cc1C,KZDZNINRQVZLHQ-UHFFFAOYSA-N,6.886056647693163,True,c1ccc(C2=NNC(c3ccccc3)C2)cc1
CHEMBL4206716,CN1CCN(c2ccc(Nc3cc4c(N5CCCCC5)nc(Nc5ccccc5)nc4cn3)nc2)CC1,KZEXEUUUKZMMBT-UHFFFAOYSA-N,8.958607314841775,True,c1ccc(Nc2nc(N3CCCCC3)c3cc(Nc4ccc(N5CCNCC5)cn4)ncc3n2)cc1
CHEMBL4283097,COc1ccc(OC)c(Nc2cc(NCCc3cccs3)ncn2)c1,KZHGNEQISTYYRV-UHFFFAOYSA-N,6.903089986991944,True,c1ccc(Nc2cc(NCCc3cccs3)ncn2)cc1
CHEMBL3742128,CN(C)C/C=C/C(=O)Nc1cccc(Nc2nc(N/N=C/c3ccc(F)cc3F)ncc2Cl)c1,KZHQKWMOZSKZCE-DXXCQSNFSA-N,5.598599459218455,False,C(=N\Nc1nccc(Nc2ccccc2)n1)/c1ccccc1
CHEMBL3393072,O=C(Cc1c[nH]c2ccccc12)NNC(=S)Nc1ncccc1Br,KZNGPZVIURSTQL-UHFFFAOYSA-N,5.071092309756047,False,O=C(Cc1c[nH]c2ccccc12)NNC(=S)Nc1ccccn1
CHEMBL2047021,O=C(CCCCCC(O)=NO)Nc1ccc(O)c(C(=O)Nc2ccc(Cl)c(Cl)c2)c1,KZNJHOZWIXWWQK-UHFFFAOYSA-N,5.7447274948966935,False,O=C(Nc1ccccc1)c1ccccc1
CHEMBL3949347,CN(C)C/C=C/C(=O)Nc1cc2c(Nc3ccc4c(cnn4Cc4ccccc4)c3)ncnc2cn1,KZVDSZYFRUKCEQ-RMKNXTFCSA-N,7.387216143280264,True,c1ccc(Cn2ncc3cc(Nc4ncnc5cnccc45)ccc32)cc1
CHEMBL201865,COC(=O)c1c(OCCN(C)C)c2ccccc2c2oc3c(c12)C(=O)c1ccccc1C3=O,LAGLTBCHFAHIEE-UHFFFAOYSA-N,4.508638306165727,False,O=C1c2ccccc2C(=O)c2c1oc1c2ccc2ccccc21
CHEMBL3763757,COCCOc1cc2ncnc(Nc3ccc(NC(=O)C45CC6CC(CC(C6)C4)C5)c(OC)c3)c2cc1OCCOC,LAGOMBUWVFIOGF-UHFFFAOYSA-N,7.966576244513051,True,O=C(Nc1ccc(Nc2ncnc3ccccc23)cc1)C12CC3CC(CC(C3)C1)C2
CHEMBL3671524,C=CC(=O)Nc1cc2c(Nc3ccc(Br)cc3F)ncnc2cc1OCCNC(=O)CCC,LAJAGNNRQYMPDT-UHFFFAOYSA-N,7.494850021680094,True,c1ccc(Nc2ncnc3ccccc23)cc1
CHEMBL4286031,Fc1cc(F)cc(NC(=S)Nc2ccc3ncnc(Nc4cccc(Br)c4)c3c2)c1,LANASVJGFGPDRC-UHFFFAOYSA-N,7.221848749616356,True,S=C(Nc1ccccc1)Nc1ccc2ncnc(Nc3ccccc3)c2c1
CHEMBL193160,O=C(CCl)Nc1ccc2ncnc(Nc3cccc(I)c3)c2c1,LANYSJQMFCSMRS-UHFFFAOYSA-N,9.920818753952377,True,c1ccc(Nc2ncnc3ccccc23)cc1
CHEMBL444337,COC(=O)CN(C)[C@H]1C[C@@H]2O[C@](C)([C@H]1OC)n1c3ccccc3c3c4c(c5c6ccccc6n2c5c31)C(=O)NC4,LAOIBIIMKUINJL-YWXKVOIDSA-N,5.886056647693163,False,O=C1NCc2c1c1c3ccccc3n3c1c1c2c2ccccc2n1C1CCC[C@@H]3O1
CHEMBL3676357,C=CC(=O)Nc1cc2c(Nc3cc(Cl)c(Cl)cc3F)ncnc2cc1OCCNCC(C)=O,LAPPKGYTRPDHPM-UHFFFAOYSA-N,8.397940008672037,True,c1ccc(Nc2ncnc3ccccc23)cc1
CHEMBL1203938,COc1cc2ncnc(NCc3ccc(F)cc3)c2cc1OC,LASSDHMCHFNZJI-UHFFFAOYSA-N,7.3214816209598865,True,c1ccc(CNc2ncnc3ccccc23)cc1
CHEMBL1829273,O=C(Cc1cccc(Br)c1)NS(=O)(=O)c1ccc(F)cc1,LBCJLJLRXUEGLC-UHFFFAOYSA-N,4.727694155597914,False,O=C(Cc1ccccc1)NS(=O)(=O)c1ccccc1
CHEMBL511478,NNC(=O)c1c(N)ncnc1Nc1ccc(OCc2ccccc2)c(Cl)c1,LBJMYNVKLCTMEK-UHFFFAOYSA-N,6.339134521996131,True,c1ccc(COc2ccc(Nc3ccncn3)cc2)cc1
CHEMBL1242203,COc1ccc(-c2nn(C3CNC3)c3ncnc(N)c23)cc1O,LBRPXBJBDBBMNZ-UHFFFAOYSA-N,4.769551078621726,False,c1ccc(-c2nn(C3CNC3)c3ncncc23)cc1
CHEMBL49986,C=CC(=O)Nc1cc2ncnc(Nc3cccc(Br)c3)c2cn1,LBTKBOXSMBAAAQ-UHFFFAOYSA-N,9.267606240177033,True,c1ccc(Nc2ncnc3ccncc23)cc1
CHEMBL1945453,O=C(NS(=O)(=O)c1ccc(Cl)cc1)c1cccnc1Cl,LBUHHAPYHCPCTQ-UHFFFAOYSA-N,4.702677285794698,False,O=C(NS(=O)(=O)c1ccccc1)c1cccnc1
CHEMBL287832,CN(C)CCn1ncc2cc3c(Nc4cccc(Br)c4)ncnc3cc21,LBVQCWSCVVKPQR-UHFFFAOYSA-N,7.397940008672037,True,c1ccc(Nc2ncnc3cc4[nH]ncc4cc23)cc1
CHEMBL2426289,COc1ccc(NC(=O)/C=C/CN(C)C)cc1Nc1nccc(-c2cnn3ccccc23)n1,LCDZZELKQHAKCK-SOFGYWHQSA-N,4.698970004336019,False,c1ccc(Nc2nccc(-c3cnn4ccccc34)n2)cc1
CHEMBL604785,Cc1cccc(CN(Cc2ccc(O)cc2)C(=S)Nc2ccccc2)c1O,LCGCEYCAQPJEBN-UHFFFAOYSA-N,5.460923901207224,False,S=C(Nc1ccccc1)N(Cc1ccccc1)Cc1ccccc1
CHEMBL4126986,C=CC(=O)Nc1cccc(-n2c(=O)n(C(C)C)c(=O)c3cnc(Nc4ccc(OCCN(C)C)cc4OC)nc32)c1,LCLSEEDYJAUUAP-UHFFFAOYSA-N,6.939302159646388,True,O=c1[nH]c(=O)n(-c2ccccc2)c2nc(Nc3ccccc3)ncc12
CHEMBL4081703,C=CC(=O)Nc1cccc(Oc2nc(Nc3ccc(C=Cc4cc(C)cc(C)c4)cc3)ncc2Cl)c1,LCOGDKCUNMDLPF-UHFFFAOYSA-N,7.649751981665837,True,C(=Cc1ccc(Nc2nccc(Oc3ccccc3)n2)cc1)c1ccccc1
CHEMBL3655343,CN(C)C/C=C/C(=O)N1Cc2sc3ncnc(Nc4ccc(F)c(Cl)c4)c3c2C1,LCOUDBVKMKTAKW-ONEGZZNKSA-N,7.920818753952375,True,c1ccc(Nc2ncnc3sc4c(c23)CNC4)cc1
CHEMBL1242660,COc1cc(-c2nn(C(C)C)c3ncnc(N)c23)cc(OC)c1OC,LCQAIZAFSOZWRC-UHFFFAOYSA-N,5.289036881004725,False,c1ccc(-c2n[nH]c3ncncc23)cc1
CHEMBL3133902,C=CC(=O)Nc1ccc2ncnc(Nc3ccc(Br)cc3C)c2c1,LCQWLDFAXQYZBN-UHFFFAOYSA-N,5.657577319177793,False,c1ccc(Nc2ncnc3ccccc23)cc1
CHEMBL2316157,COc1cc(/C=C2\CCC/C(=C\c3cc(OC)cc(OC)c3)C2=O)cc(OC)c1,LCTMHSXNDBNPAF-GCBPPVMSSA-N,5.698970004336019,False,O=C1/C(=C/c2ccccc2)CCC/C1=C\c1ccccc1
CHEMBL92825,Ic1cccc(Nc2ncnc3ccccc23)c1,LCUWAJDEGKZDMI-UHFFFAOYSA-N,7.096910013008056,True,c1ccc(Nc2ncnc3ccccc23)cc1
CHEMBL4092003,CC(=O)CCCSc1nc(-c2ccc(F)cc2)c(-c2ccnc(Nc3ccccc3)c2)[nH]1,LCVLNLUSZZETCK-UHFFFAOYSA-N,5.876801924968001,False,c1ccc(Nc2cc(-c3[nH]cnc3-c3ccccc3)ccn2)cc1
CHEMBL2159053,COc1ccc(C2=NN(C(=O)c3ccc(Cl)cc3O)C(c3ccc(Cl)cc3)C2)cc1,LCVXUFKGARHCPF-UHFFFAOYSA-N,4.979224511806442,False,O=C(c1ccccc1)N1N=C(c2ccccc2)CC1c1ccccc1
CHEMBL117697,COc1cccc(Nc2ncnc3ccccc23)c1,LCYPRFCDTJTQPG-UHFFFAOYSA-N,6.074687908500351,False,c1ccc(Nc2ncnc3ccccc23)cc1
CHEMBL3920583,ON=C(O)CCCCCn1cc(-c2ccc3ncnc(Nc4ccc(F)c(Cl)c4)c3c2)nn1,LDBOHQXRMNACLS-UHFFFAOYSA-N,9.187086643357144,True,c1ccc(Nc2ncnc3ccc(-c4c[nH]nn4)cc23)cc1
CHEMBL4293051,C=CC(=O)Nc1cccc(-n2c(=O)c(=O)n(C(C)C)c3cnc(Nc4ccc(N5CCN(C)CC5)cc4OC)nc32)c1,LDDDGIHXYBWEAR-UHFFFAOYSA-N,8.698970004336019,True,O=c1[nH]c2cnc(Nc3ccc(N4CCNCC4)cc3)nc2n(-c2ccccc2)c1=O
CHEMBL4166069,O=C(CN1CCCCC1)Nc1ccc2ncnc(Nc3cccc(Br)c3)c2c1,LDHBJRQPBHPMQU-UHFFFAOYSA-N,7.431798275933005,True,O=C(CN1CCCCC1)Nc1ccc2ncnc(Nc3ccccc3)c2c1
CHEMBL3263379,Cc1ccc(C2=NN(c3nc(O)cs3)C(c3ccc4ccccc4c3)C2)cc1,LDJICWPYIRBOKZ-UHFFFAOYSA-N,5.488116639021126,False,c1ccc(C2=NN(c3nccs3)C(c3ccc4ccccc4c3)C2)cc1
CHEMBL3416603,OC[C@@H](Nc1ncnc2sc(Br)cc12)c1ccccc1,LDQRYJQKJHOYIO-LLVKDONJSA-N,7.443697499232712,True,c1ccc(CNc2ncnc3sccc23)cc1
CHEMBL3416605,OCC(Nc1ncnc2sc(Br)cc12)c1ccccc1,LDQRYJQKJHOYIO-UHFFFAOYSA-N,7.080921907623926,True,c1ccc(CNc2ncnc3sccc23)cc1
CHEMBL52197,COc1ccc2ncnc(Nc3cccc(Br)c3)c2c1,LDTMDWOXHYGMAM-UHFFFAOYSA-N,6.458420756053419,True,c1ccc(Nc2ncnc3ccccc23)cc1
CHEMBL7339,COc1cc(O)c2c(=O)c(-c3cccc(Cl)c3)coc2c1,LDUNOFBTXWMVEY-UHFFFAOYSA-N,5.896196279044043,False,O=c1c(-c2ccccc2)coc2ccccc12
CHEMBL4206166,CN(C)C1CCN(c2ccc(Nc3cc4c(N5CCC(CO)CC5)nc(Nc5ccccc5)nc4cn3)nc2)CC1,LDVFMOHDVNOHBT-UHFFFAOYSA-N,8.494850021680094,True,c1ccc(Nc2nc(N3CCCCC3)c3cc(Nc4ccc(N5CCCCC5)cn4)ncc3n2)cc1
CHEMBL434828,O=C(/C=C/c1ccccc1)Nc1cc2c(Nc3cccc(Br)c3)ncnc2cn1,LECUYHDYEGPFIS-MDZDMXLPSA-N,7.113509274827518,True,O=C(/C=C/c1ccccc1)Nc1cc2c(Nc3ccccc3)ncnc2cn1
CHEMBL591051,Oc1cccc(C=NN=c2[nH]c(O)cs2)c1,LEHKQMGTJUJZPH-UHFFFAOYSA-N,4.713992877920526,False,C(=NN=c1[nH]ccs1)c1ccccc1
CHEMBL592426,O=C(Nc1ccccc1)N(Cc1ccc(F)cc1)Cc1cccc(Cl)c1O,LEJHECNHNIKBPL-UHFFFAOYSA-N,5.703334809738469,False,O=C(Nc1ccccc1)N(Cc1ccccc1)Cc1ccccc1
CHEMBL4089347,C#Cc1cccc(Nc2ncnc3ccc(-c4ccc(CO)o4)cc23)c1,LENSWVKHQHNNSD-UHFFFAOYSA-N,7.804377056413063,True,c1ccc(Nc2ncnc3ccc(-c4ccco4)cc23)cc1
CHEMBL8095,COc1ccc(Nc2cc3c(cc2Nc2ccccc2)C(=O)NC3=O)cc1,LESFPZSUPOHBIP-UHFFFAOYSA-N,5.698970004336019,False,O=C1NC(=O)c2cc(Nc3ccccc3)c(Nc3ccccc3)cc21
CHEMBL4081429,C=CC(=O)Nc1cc(Nc2nccc(-c3cn4c5c(cccc35)CCC4)n2)c(OC)cc1N1CCNC(=O)C1,LEWFGZBGBZSKNX-UHFFFAOYSA-N,6.368860749743189,True,O=C1CN(c2ccc(Nc3nccc(-c4cn5c6c(cccc46)CCC5)n3)cc2)CCN1
CHEMBL808,Clc1ccc(COC(Cn2ccnc2)c2ccc(Cl)cc2Cl)cc1,LEZWWPYKPKIXLL-UHFFFAOYSA-N,4.489401376500078,False,c1ccc(COC(Cn2ccnc2)c2ccccc2)cc1
CHEMBL3092301,O=C(Nc1cc2c(Nc3ccc(F)c(Cl)c3)ncnc2cc1O[C@H]1CCOC1)N1CCC(N2CCCC2)CC1,LFEGDHBZJSJJHP-FQEVSTJZSA-N,6.576754126063192,True,O=C(Nc1cc2c(Nc3ccccc3)ncnc2cc1O[C@H]1CCOC1)N1CCC(N2CCCC2)CC1
CHEMBL116748,O=[N+]([O-])c1ccc2c(NCc3ccccc3)ncnc2c1,LFJDGEHGHHXGBE-UHFFFAOYSA-N,5.229147988357855,False,c1ccc(CNc2ncnc3ccccc23)cc1
CHEMBL422347,CS(=O)(=O)CCNc1nc(-c2ccc3ncnc(Nc4ccc(OCc5ccccc5)cc4)c3c2)cs1,LFJRDQBYPYZMLW-UHFFFAOYSA-N,7.086186147616283,True,c1ccc(COc2ccc(Nc3ncnc4ccc(-c5cscn5)cc34)cc2)cc1
CHEMBL2152253,CNC(=O)c1nc(-c2ccc(Cl)c(S(=O)(=O)Nc3cccc(F)c3C)c2)cnc1N,LFOKRWIYRIYGNF-UHFFFAOYSA-N,6.3872161432802645,True,O=S(=O)(Nc1ccccc1)c1cccc(-c2cnccn2)c1
CHEMBL4159909,C=CC(=O)Nc1cc(Nc2ncc(Cl)c(Nc3ccccc3S(=O)(=O)C(C)C)n2)c(OC)cc1N1CCCN(C)CC1,LFOZAGZOWUEXKO-UHFFFAOYSA-N,8.443697499232712,True,c1ccc(Nc2ccnc(Nc3ccc(N4CCCNCC4)cc3)n2)cc1
CHEMBL4280395,COc1ccc(OC)c(Nc2cc(Nc3ccc(F)cc3)ncn2)c1,LFSVOMOBKPCKHF-UHFFFAOYSA-N,6.473660722610156,True,c1ccc(Nc2cc(Nc3ccccc3)ncn2)cc1
CHEMBL18797,CSc1ccc(C=C2C(C)=C(CC(=O)O)c3cc(F)ccc32)cc1,LFWHFZJPXXOYNR-UHFFFAOYSA-N,4.620132710919122,False,C1=Cc2ccccc2C1=Cc1ccccc1
CHEMBL103860,O=C(O)c1cc(CCc2cc(O)ccc2O)ccc1O,LFWUGCULXWIAOP-UHFFFAOYSA-N,5.481486060122112,False,c1ccc(CCc2ccccc2)cc1
CHEMBL3814445,Fc1ccc(Nc2ncnc3ccc(NC(=S)NCCN4CCOCC4)cc23)cc1Cl,LGBSKUTVIKIYQF-UHFFFAOYSA-N,8.647817481888637,True,S=C(NCCN1CCOCC1)Nc1ccc2ncnc(Nc3ccccc3)c2c1
CHEMBL2325094,Clc1ccc(C2=NN(c3ccccc3)C(c3cccc4ccccc34)C2)cc1Cl,LGGXKYNJQDCCPN-UHFFFAOYSA-N,6.853871964321762,True,c1ccc(C2=NN(c3ccccc3)C(c3cccc4ccccc34)C2)cc1
CHEMBL3416616,Brc1cc2c(NCc3ccccn3)ncnc2s1,LGKIRKDNCORECE-UHFFFAOYSA-N,5.102153068420428,False,c1ccc(CNc2ncnc3sccc23)nc1
CHEMBL64894,CN(C)c1ccc(C(=C2C=CC(=[N+](C)C)C=C2)c2ccc(N(C)C)cc2)cc1,LGLFFNDHMLKUMI-UHFFFAOYSA-N,6.325138859262188,True,[N+]=C1C=CC(=C(c2ccccc2)c2ccccc2)C=C1
CHEMBL4067514,S=C(Nc1ccc2ncnc(Nc3cccc(Br)c3)c2c1)Nc1ccc(Cl)cc1Cl,LGMCNQXMZUITBG-UHFFFAOYSA-N,7.310691140876379,True,S=C(Nc1ccccc1)Nc1ccc2ncnc(Nc3ccccc3)c2c1
CHEMBL4212884,CN(C)C1CCN(c2ccc(Nc3cc4c(N5CCCC5)nc(Nc5ccccc5)nc4cn3)nc2)CC1,LGMJCNIZSXOQFC-UHFFFAOYSA-N,8.795880017344075,True,c1ccc(Nc2nc(N3CCCC3)c3cc(Nc4ccc(N5CCCCC5)cn4)ncc3n2)cc1
CHEMBL513418,NS(=O)(=O)c1ccc(Nc2nc3ncnc(Nc4cccc(Cl)c4)c3s2)cc1,LGNHZHXEPGBZSM-UHFFFAOYSA-N,8.154901959985743,True,c1ccc(Nc2nc3ncnc(Nc4ccccc4)c3s2)cc1
CHEMBL358494,N#CC(=Cc1ccc(O)c(O)c1)C(=O)N1CCN(C(=O)C(C#N)=Cc2ccc(O)c(O)c2)CC1,LGNJLNMJHWXSGQ-UHFFFAOYSA-N,5.3979400086720375,False,O=C(C=Cc1ccccc1)N1CCN(C(=O)C=Cc2ccccc2)CC1
CHEMBL3655354,CC(C)N(C)C/C=C/C(=O)N1CCc2c(sc3ncc(C#N)c(Nc4ccc5c(cnn5Cc5cccc(F)c5)c4)c23)C1,LGPPNTOFGJQREB-VMPITWQZSA-N,8.193820026016112,True,c1ccc(Cn2ncc3cc(Nc4ccnc5sc6c(c45)CCNC6)ccc32)cc1
CHEMBL126384,Brc1cccc(Nc2ncnc3cc(NCCCCN4CCOCC4)ncc23)c1,LGQGASCJEHGWJL-UHFFFAOYSA-N,8.267606240177031,True,c1ccc(Nc2ncnc3cc(NCCCCN4CCOCC4)ncc23)cc1
CHEMBL115895,COc1cc(C=C(C#N)C(N)=O)cc(CSc2ccccc2NC(C)=O)c1O,LGSDRHSXDZDRLH-UHFFFAOYSA-N,5.251811972993799,False,c1ccc(CSc2ccccc2)cc1
CHEMBL131426,CO[C@H]1[C@@H](N(C)CCC#N)C[C@@H]2O[C@@]1(C)n1c3ccccc3c3c4c(c5c6ccccc6n2c5c31)C(=O)NC4,LGSHHKIOBFPSEK-HYABQPPKSA-N,5.958607314841775,False,O=C1NCc2c1c1c3ccccc3n3c1c1c2c2ccccc2n1C1CCC[C@@H]3O1
CHEMBL3758770,COc1cc(C(=O)NCCN(C)C)ccc1-c1cc2c(N[C@H](C)c3ccccc3)ncnc2s1,LHAORNIMHMDHKB-QGZVFWFLSA-N,9.30102999566398,True,c1ccc(CNc2ncnc3sc(-c4ccccc4)cc23)cc1
CHEMBL92398,COc1ccc2c(Nc3ccccc3)ncnc2c1,LHBIFPBTEJYQLV-UHFFFAOYSA-N,6.920818753952375,True,c1ccc(Nc2ncnc3ccccc23)cc1
CHEMBL3357638,CCOc1cc2ncnc(Nc3ccc(OCc4ccccn4)c(Cl)c3)c2cc1NC(=O)/C(F)=C\CN(C)C,LHHLPNVJMCVRGH-LSHDLFTRSA-N,9.050609993355089,True,c1ccc(COc2ccc(Nc3ncnc4ccccc34)cc2)nc1
CHEMBL3357637,CCOc1cc2ncnc(Nc3ccc(OCc4ccccn4)c(Cl)c3)c2cc1NC(=O)/C(F)=C/CN(C)C,LHHLPNVJMCVRGH-YVNNLAQVSA-N,8.423658649794207,True,c1ccc(COc2ccc(Nc3ncnc4ccccc34)cc2)nc1
CHEMBL2047026,C#Cc1cccc(NC(=O)c2cc(NC(=O)CCCCCC(O)=NO)c(OC)cc2O)c1,LHJPUTIWLKODQO-UHFFFAOYSA-N,5.950781977329818,False,O=C(Nc1ccccc1)c1ccccc1
CHEMBL3360602,COc1cc2c(Nc3ccc(F)c(Cl)c3)ncnc2cc1OCCCn1ccnc1[N+](=O)[O-],LHRIOONCESTBQE-UHFFFAOYSA-N,9.113509274827518,True,c1ccc(Nc2ncnc3cc(OCCCn4ccnc4)ccc23)cc1
CHEMBL4211835,COc1ccc(-c2c3c4cc(OCCCN(C)C)c(OCCCN(C)C)cc4oc(=O)c3n3ccc4cc(O)c(OC)cc4c23)cc1O,LIFDIOKCBSNGGP-UHFFFAOYSA-N,8.050609993355087,True,O=c1oc2ccccc2c2c(-c3ccccc3)c3c4ccccc4ccn3c12
CHEMBL1958223,COc1ccc(C2=NN(c3nc(O)cs3)C(c3ccc(OC)cc3)C2)cc1,LIGRRTJJPFSAPD-UHFFFAOYSA-N,5.051098239029786,False,c1ccc(C2=NN(c3nccs3)C(c3ccccc3)C2)cc1
CHEMBL2031298,O=C(CCN1CCCCC1)Nc1ccc2ncnc(Nc3cccc(Br)c3)c2c1,LILZTFBVEZLTID-UHFFFAOYSA-N,9.568636235841012,True,O=C(CCN1CCCCC1)Nc1ccc2ncnc(Nc3ccccc3)c2c1
CHEMBL58436,c1cc(Nc2nccc(-c3cccnc3)n2)cc(OCCn2ccnc2)c1,LIMBOIOWYJOOIC-UHFFFAOYSA-N,5.1487416512809245,False,c1cc(Nc2nccc(-c3cccnc3)n2)cc(OCCn2ccnc2)c1
CHEMBL3233769,C=CCOC(=O)Nc1cc2c(Nc3ccc(F)c(Cl)c3)ncnc2s1,LINHGPOBLOFLBF-UHFFFAOYSA-N,5.746661994673893,False,c1ccc(Nc2ncnc3sccc23)cc1
CHEMBL1928958,COc1ccc(/C=C/C(=O)Nc2cccc(Oc3cc(Nc4ccc(OCc5cccc(F)c5)c(Cl)c4)ncn3)c2)cc1OC,LIPSIDLSBZXGTC-GXDHUFHOSA-N,6.281498311132726,False,O=C(/C=C/c1ccccc1)Nc1cccc(Oc2cc(Nc3ccc(OCc4ccccc4)cc3)ncn2)c1
CHEMBL255490,CON=Cc1c(N)ncnc1Nc1ccc(F)c(Cl)c1,LIQFDQDQUXXTBU-UHFFFAOYSA-N,7.154901959985743,True,c1ccc(Nc2ccncn2)cc1
CHEMBL2093928,C[C@H](Nc1ncnc2c1[nH]c1ccccc12)c1ccccc1,LITMWRKODNTXFW-LBPRGKRZSA-N,6.377785977033705,True,c1ccc(CNc2ncnc3c2[nH]c2ccccc23)cc1
CHEMBL4102284,Cc1nc(C)c(C=C2CN(C(C)C)CC(=Cc3nc(C)c(C)nc3C)C2=NO)nc1C,LIWQRRXPRWNTKR-UHFFFAOYSA-N,5.4089353929735005,False,N=C1C(=Cc2cnccn2)CNCC1=Cc1cnccn1
CHEMBL207687,COc1cc2ncnc(Nc3cccc(Cl)c3F)c2cc1CN(C)C(C)C(N)=O,LIXBPKCPMMFCNP-UHFFFAOYSA-N,8.071333751784366,True,c1ccc(Nc2ncnc3ccccc23)cc1
CHEMBL291359,CC(=O)Oc1cccc2c(C(=O)Nc3ccccc3)c(SSc3c(C(=O)Nc4ccccc4)c4cccc(OC(C)=O)c4n3C)n(C)c12,LJJMQOMCMBZYNH-UHFFFAOYSA-N,5.00436480540245,False,O=C(Nc1ccccc1)c1c(SSc2[nH]c3ccccc3c2C(=O)Nc2ccccc2)[nH]c2ccccc12
CHEMBL4216679,C=CC(=O)N[C@@H]1CN(c2nc(Nc3cn(C)nc3OC)c3ncn(C(C)C)c3n2)C[C@H]1F,LJKPCPFZGRKCSR-CHWSQXEVSA-N,8.301029995663981,True,c1nc2c(Nc3cn[nH]c3)nc(N3CCCC3)nc2[nH]1
CHEMBL453398,O=C(O[C@H]1CN[C@H](C#Cc2cc3ncnc(Nc4ccc(Oc5ccccn5)c(Cl)c4)c3s2)C1)N1CCOCC1,LJKWMYHCZOUEOQ-UYAOXDASSA-N,6.721246399047171,True,O=C(O[C@H]1CN[C@H](C#Cc2cc3ncnc(Nc4ccc(Oc5ccccn5)cc4)c3s2)C1)N1CCOCC1
CHEMBL328295,O=[N+]([O-])c1ccc2ncnc(Nc3ccccc3)c2c1,LJMGWHXMJIZVDQ-UHFFFAOYSA-N,5.301029995663981,False,c1ccc(Nc2ncnc3ccccc23)cc1
CHEMBL379905,COCC(C(N)=O)N(C)Cc1cc2c(Nc3cccc(Cl)c3F)ncnc2cc1OC,LJNUYDJKKBIGJB-UHFFFAOYSA-N,7.522878745280337,True,c1ccc(Nc2ncnc3ccccc23)cc1
CHEMBL155761,CS(=O)(=O)CCNc1nc(-c2ccc3ncnc(Nc4ccc(OCc5cccc(F)c5)c(Cl)c4)c3c2)cs1,LJOCIHRQARKISZ-UHFFFAOYSA-N,8.0,True,c1ccc(COc2ccc(Nc3ncnc4ccc(-c5cscn5)cc34)cc2)cc1
CHEMBL3759649,C[C@@H](Nc1ncnc2sc(-c3ccc(C=O)cc3F)cc12)c1ccccc1,LJPJBQCFWBHSEJ-CYBMUJFWSA-N,7.229147988357855,True,c1ccc(CNc2ncnc3sc(-c4ccccc4)cc23)cc1
CHEMBL380454,COc1cc2ncnc(Nc3cccc(Cl)c3F)c2cc1CN1CCC(C(N)=O)C1,LJQYPRWRCBYQIO-UHFFFAOYSA-N,7.096910013008056,True,c1ccc(Nc2ncnc3ccc(CN4CCCC4)cc23)cc1
CHEMBL3950549,COc1cc2ncnc(Nc3ccc(F)c(Cl)c3)c2cc1NC(=O)/C=C/CN(C(C)C)C(C)C,LJRGBEPLXWZRBM-VOTSOKGWSA-N,8.698970004336019,True,c1ccc(Nc2ncnc3ccccc23)cc1
CHEMBL4217686,COc1cc(N2CCN(C)CC2)ccc1Nc1ncc(Cl)c(Oc2ccc(NC(=O)CCO)cc2)n1,LJXQTJZJOXBJJP-UHFFFAOYSA-N,5.213248577854438,False,c1ccc(Oc2ccnc(Nc3ccc(N4CCNCC4)cc3)n2)cc1
CHEMBL3360607,C#Cc1cccc(Nc2ncnc3cc(OCCCn4ccnc4[N+](=O)[O-])c(OC)cc23)c1,LJZWDPMWGXKBNV-UHFFFAOYSA-N,9.187086643357144,True,c1ccc(Nc2ncnc3cc(OCCCn4ccnc4)ccc23)cc1
CHEMBL4237916,CCCN(c1ccc(OC)cc1)c1ncnc2occ(C)c12,LKFFEAZVODAFLR-UHFFFAOYSA-N,8.148741651280925,True,c1ccc(Nc2ncnc3occc23)cc1
CHEMBL291986,N#CC(=Cc1ccc(O)c(O)c1)C(=O)N1CCN(c2ccccc2)CC1,LKHXJJMDMFKAPD-UHFFFAOYSA-N,5.366531544420413,False,O=C(C=Cc1ccccc1)N1CCN(c2ccccc2)CC1
CHEMBL4110258,CN(C)CC/C=C/C(=O)Nc1cc2c(Nc3ccc(F)c(Cl)c3)ncnc2cc1OC[C@]12COC[C@H]1C2,LKPIQEOIBNBGGY-RUTRQQBQSA-N,9.267606240177033,True,c1ccc(Nc2ncnc3cc(OC[C@]45COC[C@H]4C5)ccc23)cc1
CHEMBL1271618,CN(C)C/C=C/C(=O)N1CCc2c(sc3ncnc(N[C@H](CO)Cc4ccccc4)c23)C1,LKPVIEQHHLAMNE-YOCVDRLZSA-N,6.826813731587726,True,c1ccc(CCNc2ncnc3sc4c(c23)CCNC4)cc1
CHEMBL3114699,C#Cc1cccc(Nc2ncnc3cc4c(cc23)N(C(=O)/C=C/CN2CCOCC2)CCO4)c1,LKWYXKBTCVQGAD-QPJJXVBHSA-N,7.920818753952375,True,O=C(/C=C/CN1CCOCC1)N1CCOc2cc3ncnc(Nc4ccccc4)c3cc21
CHEMBL1683951,Fc1cccc(COc2ccc(Nc3cc(-c4cccnc4)ncn3)cc2Cl)c1,LLGRWVCEOGRFJQ-UHFFFAOYSA-N,4.327902142064283,False,c1ccc(COc2ccc(Nc3cc(-c4cccnc4)ncn3)cc2)cc1
CHEMBL78224,O=[N+]([O-])/C=C/c1ccc(O)c(O)c1,LLJASJHXECDHOM-ONEGZZNKSA-N,5.055517327849831,False,c1ccccc1
CHEMBL3622625,C#Cc1cccc(Nc2ncnc3cc(O[C@H]4CCOC4)c(NC(=O)C=C)cc23)c1,LLMGJBSMLIPQLV-KRWDZBQOSA-N,7.492144128304169,True,c1ccc(Nc2ncnc3cc(O[C@H]4CCOC4)ccc23)cc1
CHEMBL144778,N#CC(=Cc1ccc(O)c(O)c1)C(=O)NC1CCCC[C@@H]1NC(=O)C(C#N)=Cc1ccc(O)c(O)c1,LLQAFRKQJAOAMO-XJDOXCRVSA-N,5.6777807052660805,False,O=C(C=Cc1ccccc1)NC1CCCC[C@@H]1NC(=O)C=Cc1ccccc1
CHEMBL461967,COc1cc2ncnc(Nc3ccc(F)c(Cl)c3)c2cc1CNC(=O)C1CCCCN1C,LLRYWSSZZNXGSL-UHFFFAOYSA-N,8.096910013008056,True,O=C(NCc1ccc2ncnc(Nc3ccccc3)c2c1)C1CCCCN1
CHEMBL483321,COCC(=O)NCC=Cc1ccc2ncnc(Nc3ccc(Oc4ccc(C)nc4)c(C)c3)c2c1,LLVZBTWPGQVVLW-UHFFFAOYSA-N,5.1938200260161125,False,c1cncc(Oc2ccc(Nc3ncnc4ccccc34)cc2)c1
CHEMBL4093535,CCC(=O)N1CC[C@H](N2C(=O)N(c3cc(OC)ccc3F)Cc3cnc(Nc4ccc(N5CCN(C)C(C)C5)c(C)c4)nc32)C1,LMDGFDDDFTWRAK-TUXUZCGSSA-N,6.145693958198919,False,O=C1N(c2ccccc2)Cc2cnc(Nc3ccc(N4CCNCC4)cc3)nc2N1[C@H]1CCNC1
CHEMBL2029428,C=CC(=O)Nc1cccc(N2C(=O)N(C)Cc3cnc(Nc4ccc(N5CCN(C)CC5)cc4)nc32)c1,LMGUBGLYTIBZRC-UHFFFAOYSA-N,9.366531544420411,True,O=C1NCc2cnc(Nc3ccc(N4CCNCC4)cc3)nc2N1c1ccccc1
CHEMBL2316147,COc1cc(/C=C2\CCC/C(=C\c3ccc(F)cc3)C2=O)cc(OC)c1,LMIYBACSMMOBLU-ODPUSEOTSA-N,5.251811972993799,False,O=C1/C(=C/c2ccccc2)CCC/C1=C\c1ccccc1
CHEMBL1173789,Cc1ncc([N+](=O)[O-])n1CCOC(=O)/C=C/c1ccccc1[N+](=O)[O-],LMJANEYNZOFINJ-VOTSOKGWSA-N,4.6020599913279625,False,O=C(/C=C/c1ccccc1)OCCn1ccnc1
CHEMBL217536,O=C(Nc1ccc2ncnc(Nc3cccc(Br)c3)c2c1)C1CCSS1,LMKVUAKMZVPHNQ-UHFFFAOYSA-N,7.221848749616356,True,O=C(Nc1ccc2ncnc(Nc3ccccc3)c2c1)C1CCSS1
CHEMBL3612590,CCOC(=O)CCCn1c(=O)oc2cc3ncnc(Nc4ccc5[nH]ncc5c4)c3cc21,LMNADLXAOQFTMQ-UHFFFAOYSA-N,6.886056647693163,True,O=c1[nH]c2cc3c(Nc4ccc5[nH]ncc5c4)ncnc3cc2o1
CHEMBL3898480,C[C@@H](Nc1ncnc2[nH]c(-c3ccc(CNCCCCCCCC(O)=NO)cc3)cc12)c1ccccc1,LMRFRMCTNGTCIF-OAQYLSRUSA-N,7.0,True,c1ccc(CNc2ncnc3[nH]c(-c4ccccc4)cc23)cc1
CHEMBL1241588,CC(C)n1nc(-c2ccc3c(c2)OCCO3)c2c(N)ncnc21,LMVAHLFZGWUGNF-UHFFFAOYSA-N,4.823908740944319,False,c1ncc2c(-c3ccc4c(c3)OCCO4)n[nH]c2n1
CHEMBL3612563,COCCn1c(=O)oc2cc3ncnc(Nc4ccc(F)c(F)c4)c3cc21,LNBBRDJTXFKNTH-UHFFFAOYSA-N,7.585026652029182,True,O=c1[nH]c2cc3c(Nc4ccccc4)ncnc3cc2o1
CHEMBL1380839,CCNC(=S)NNc1nncc2ccccc12,LNBNLTRDQFABLX-UHFFFAOYSA-N,7.119186407719209,True,c1ccc2cnncc2c1
CHEMBL4073595,COc1cc2c(Nc3ccc(OCc4cccc(F)c4)c(Cl)c3)ncnc2cc1OCCCN1C[C@H](O)[C@@H](O)[C@H](O)[C@H]1CO,LNOXNUZPOWYGPM-LPKQAODOSA-N,8.343901797987169,True,c1ccc(COc2ccc(Nc3ncnc4cc(OCCCN5CCCCC5)ccc34)cc2)cc1
CHEMBL3774578,Cc1ccc(Nc2ncnc3cc4c(cc23)N(CCCN2CCOCC2)C(=O)CO4)cc1Cl,LNWBHCXDLOKRTA-UHFFFAOYSA-N,6.788612447063141,True,O=C1COc2cc3ncnc(Nc4ccccc4)c3cc2N1CCCN1CCOCC1
CHEMBL109372,COc1cc2ncc(C#N)c(Nc3ccc(F)c(Cl)c3)c2cc1OC,LNWSYCUKHBLOIW-UHFFFAOYSA-N,5.286509456906058,False,c1ccc(Nc2ccnc3ccccc23)cc1
CHEMBL1241587,CC(C)n1nc(-c2ccc3c(c2)CCO3)c2c(N)ncnc21,LNWUSIFVARIMOH-UHFFFAOYSA-N,5.301029995663981,False,c1ncc2c(-c3ccc4c(c3)CCO4)n[nH]c2n1
CHEMBL1945451,O=C(NS(=O)(=O)c1ccc(F)cc1)c1cccnc1Cl,LOAWUZNIQCYMAZ-UHFFFAOYSA-N,4.542723813938674,False,O=C(NS(=O)(=O)c1ccccc1)c1cccnc1
CHEMBL4079658,C=CC(=O)Nc1cc(Nc2nccc(-c3cn(C)c4ccccc34)n2)c(OC)cc1N(C)CC[N+](C)(C)[O-],LOBAQJFXRBFPOQ-UHFFFAOYSA-N,8.193820026016112,True,c1ccc(Nc2nccc(-c3c[nH]c4ccccc34)n2)cc1
CHEMBL3979610,Fc1ccc(Nc2nncc3ccccc23)cc1,LOCGWCWPUSRMSW-UHFFFAOYSA-N,8.221848749616356,True,c1ccc(Nc2nncc3ccccc23)cc1
CHEMBL1828884,COc1ccc(CC(=O)NS(=O)(=O)c2ccc(Br)cc2)cc1,LOLCZXRSTYWMQO-UHFFFAOYSA-N,4.617082864912469,False,O=C(Cc1ccccc1)NS(=O)(=O)c1ccccc1
CHEMBL3409484,CS(=O)(=O)CCNCc1ccc(-c2cc3c(Nc4ccc(OCc5ccccc5)cc4)ncnc3cn2)o1,LOOADDNERSICKU-UHFFFAOYSA-N,7.602059991327962,True,c1ccc(COc2ccc(Nc3ncnc4cnc(-c5ccco5)cc34)cc2)cc1
CHEMBL2348416,COC(=O)C1=Cc2c(ncnc2Nc2ccc(Oc3cccc4sccc34)c(Cl)c2)NCC1,LOTDTZWETDFBTC-UHFFFAOYSA-N,7.356547323513812,True,C1=Cc2c(ncnc2Nc2ccc(Oc3cccc4sccc34)cc2)NCC1
CHEMBL212251,CCCN(CCS(C)(=O)=O)Cc1ccc(-c2ccc3ncnc(Nc4ccc(OCc5cccc(F)c5)c(Cl)c4)c3c2)o1,LOWIJALPIWAMBK-UHFFFAOYSA-N,7.070581074285707,True,c1ccc(COc2ccc(Nc3ncnc4ccc(-c5ccco5)cc34)cc2)cc1
CHEMBL2425091,COc1cc2ncnc(Nc3ccc(F)c(Cl)c3)c2cc1OCCN1CC(OC)C1,LOYIMXGRFMZOFX-UHFFFAOYSA-N,7.026872146400302,True,c1ccc(Nc2ncnc3ccc(OCCN4CCC4)cc23)cc1
CHEMBL3263962,COc1cc2c(Oc3ccc(NS(=O)(=O)c4cccc(-c5cnn(C)c5)c4)cc3F)ccnc2cc1OCCCN1CCN(C)CC1,LPCWRKLTAPXZDQ-UHFFFAOYSA-N,7.075720713938118,True,O=S(=O)(Nc1ccc(Oc2ccnc3cc(OCCCN4CCNCC4)ccc23)cc1)c1cccc(-c2cn[nH]c2)c1
CHEMBL3545154,C=CC(=O)N1CCC(Oc2cc3c(Nc4ccc(Cl)c(Cl)c4F)ncnc3cc2OC)CC1,LPFWVDIFUFFKJU-UHFFFAOYSA-N,8.886056647693163,True,c1ccc(Nc2ncnc3ccc(OC4CCNCC4)cc23)cc1
CHEMBL592153,CCCCCCCCCCCCCCCCCCCCNC(=O)COc1cc(O)c2c(=O)cc(-c3ccccc3)oc2c1,LPSOBVBDBKUHSS-UHFFFAOYSA-N,5.8696662315049934,False,O=c1cc(-c2ccccc2)oc2ccccc12
CHEMBL3633930,CCNC(=O)Nc1ccc2ncnc(Nc3ccc(Oc4cccc(C(F)(F)F)c4)c(Cl)c3)c2c1,LPTUQUIXMYJCLI-UHFFFAOYSA-N,7.537602002101044,True,c1ccc(Oc2ccc(Nc3ncnc4ccccc34)cc2)cc1
CHEMBL4066504,Fc1ccc(NC(=S)Nc2ccc3ncnc(Nc4cccc(Br)c4)c3c2)cc1Cl,LQHGLEHALIXLBR-UHFFFAOYSA-N,7.596879478824182,True,S=C(Nc1ccccc1)Nc1ccc2ncnc(Nc3ccccc3)c2c1
CHEMBL176582,Cn1cnc2cc3ncnc(Nc4cccc(Br)c4)c3cc21,LQIKOEJHMCCOSP-UHFFFAOYSA-N,11.0,True,c1ccc(Nc2ncnc3cc4nc[nH]c4cc23)cc1
CHEMBL1242385,Cn1ccc2cc(-c3nn(C4CCCC4)c4ncnc(N)c34)ccc21,LQIVXZFCXIBJSU-UHFFFAOYSA-N,6.268411234813261,False,c1ncc2c(-c3ccc4[nH]ccc4c3)nn(C3CCCC3)c2n1
CHEMBL113901,COc1cc2ncc(C#N)c(Nc3ccc(F)c(Cl)c3)c2cc1NC(=O)/C=C/C(C)N(C)C,LQJFAOUCESCUCC-VMPITWQZSA-N,5.282329496997738,False,c1ccc(Nc2ccnc3ccccc23)cc1
CHEMBL1958210,Cc1ccc(C2CC(c3ccc(Br)cc3)=NN2c2nc(O)cs2)cc1,LQKQOMSUBIBLAG-UHFFFAOYSA-N,5.253365801062421,False,c1ccc(C2=NN(c3nccs3)C(c3ccccc3)C2)cc1
CHEMBL2408830,C=CC(=O)N1CCN(c2ccc(Nc3ncc(Cl)c(Oc4cccc(COc5no[n+]([O-])c5S(=O)(=O)c5ccccc5)c4)n3)c(OC)c2)CC1,LQKXMXSDKMQWTR-UHFFFAOYSA-N,7.346787486224656,True,O=S(=O)(c1ccccc1)c1[nH+]onc1OCc1cccc(Oc2ccnc(Nc3ccc(N4CCNCC4)cc3)n2)c1
CHEMBL258694,Cc1nnc(-c2cn3ncnc(Nc4cnc5[nH]ccc5c4)c3c2C(C)C)o1,LQNDDQQRHZEHDD-UHFFFAOYSA-N,6.823908740944319,True,c1nc(Nc2cnc3[nH]ccc3c2)c2cc(-c3nnco3)cn2n1
CHEMBL511623,Fc1ccc(Nc2ncnc3nc(NCCN4CCOCC4)sc23)cc1Cl,LQQPCDIBBWIEBS-UHFFFAOYSA-N,6.037157318798758,False,c1ccc(Nc2ncnc3nc(NCCN4CCOCC4)sc23)cc1
CHEMBL1241583,CC(C)n1nc(-c2cccc(CC#N)c2)c2c(N)ncnc21,LQUXOZIJMPWQAA-UHFFFAOYSA-N,4.769551078621726,False,c1ccc(-c2n[nH]c3ncncc23)cc1
CHEMBL3759986,OCc1cccc(-c2cc3c(N[C@H](CO)c4ccccc4)ncnc3s2)c1,LQVPYKCHIWPATB-GOSISDBHSA-N,8.522878745280337,True,c1ccc(CNc2ncnc3sc(-c4ccccc4)cc23)cc1
CHEMBL2316140,COc1cc(/C=C2\CCC/C(=C\c3ccccc3)C2=O)cc(OC)c1,LQVXXMBNQOFZDU-GDAWTGGTSA-N,5.795880017344075,False,O=C1/C(=C/c2ccccc2)CCC/C1=C\c1ccccc1
CHEMBL469996,NS(=O)(=O)c1ccc(Nc2nc3ncnc(Nc4ccc(N5CCOCC5)c(Cl)c4)c3s2)cc1,LQWYNTJSHSREKZ-UHFFFAOYSA-N,5.481486060122112,False,c1ccc(Nc2nc3ncnc(Nc4ccc(N5CCOCC5)cc4)c3s2)cc1
CHEMBL3671548,C=CC(=O)N(C)c1cc2c(Nc3ccc(Br)cc3F)ncnc2cc1OCCNC(C)=O,LQZIDSSLBIXXRD-UHFFFAOYSA-N,6.410050398674292,True,c1ccc(Nc2ncnc3ccccc23)cc1
CHEMBL491686,Cc1cc(Nc2ccnc(Nc3cccc(-c4nc5ccccc5s4)c3)n2)[nH]n1,LQZVTJLMRRUWTJ-UHFFFAOYSA-N,5.721246399047171,False,c1cc(Nc2nccc(Nc3ccn[nH]3)n2)cc(-c2nc3ccccc3s2)c1
CHEMBL3917951,COc1cc2ncnc(NCCc3ccccc3)c2cc1OCCCCCCC(O)=NO,LRBAHQWKKXIMIB-UHFFFAOYSA-N,7.0,True,c1ccc(CCNc2ncnc3ccccc23)cc1
CHEMBL48650,O=C(Nc1ccccc1)c1cc2ccc(O)c(O)c2cn1,LRBIUVIHDLIKSO-UHFFFAOYSA-N,5.113509274827518,False,O=C(Nc1ccccc1)c1cc2ccccc2cn1
CHEMBL4069586,C=CC(=O)N1CCC[C@@H](n2nc(C#CCC3CCCC3)c3c(N)ncnc32)C1,LRBVSBBUJNACCD-MRXNPFEDSA-N,6.920818753952375,True,C(#Cc1nn([C@@H]2CCCNC2)c2ncncc12)CC1CCCC1
CHEMBL3633774,NC(=O)Nc1ccc2ncnc(Nc3ccc(Oc4cccc(C(F)(F)F)c4)c(Cl)c3)c2c1,LRCDTAPSEBUEOO-UHFFFAOYSA-N,8.397940008672037,True,c1ccc(Oc2ccc(Nc3ncnc4ccccc34)cc2)cc1
CHEMBL4065970,CCCC(=O)N1CC[C@H](N2C(=O)N(c3ccccc3Cl)Cc3cnc(Nc4ccc(N5CCN(C)CC5)c(C)c4)nc32)C1,LRCWQPWJQHIZRR-VWLOTQADSA-N,7.539102157243452,True,O=C1N(c2ccccc2)Cc2cnc(Nc3ccc(N4CCNCC4)cc3)nc2N1[C@H]1CCNC1
CHEMBL3221551,CCCCOC(=O)Nc1ccc(Nc2ncnc3cc(OC)c(OC)cc23)cc1,LRDXVFUDWHNKCJ-UHFFFAOYSA-N,6.096910013008056,False,c1ccc(Nc2ncnc3ccccc23)cc1
CHEMBL1081849,Cc1c(C(=O)NCCCN2CCN(C)CC2)[nH]c2cnnc(Nc3ccc(OCc4cccc(F)c4)c(Cl)c3)c12,LREJPDVGVCQBEA-UHFFFAOYSA-N,6.008773924307505,False,O=C(NCCCN1CCNCC1)c1cc2c(Nc3ccc(OCc4ccccc4)cc3)nncc2[nH]1
CHEMBL119982,Clc1cccc(Nc2[nH]nc3ncnc(NCc4ccccc4)c23)c1,LRHDXMDHHMEKIP-UHFFFAOYSA-N,6.060480747381382,False,c1ccc(CNc2ncnc3n[nH]c(Nc4ccccc4)c23)cc1
CHEMBL510845,O=C(O[C@H]1CN[C@H](C#Cc2cc3ncnc(Nc4ccc5c(cnn5Cc5cccc(F)c5)c4)c3s2)C1)N1CCOCC1,LRLNQABHVFTDEO-ILBGXUMGSA-N,7.522878745280337,True,O=C(O[C@H]1CN[C@H](C#Cc2cc3ncnc(Nc4ccc5c(cnn5Cc5ccccc5)c4)c3s2)C1)N1CCOCC1
CHEMBL1257911,Nc1ccc2c(c1)C(c1ccccc1Cl)=Nc1c[nH]nc1N2,LRLOMPHFTKHYKN-UHFFFAOYSA-N,6.004803708402821,False,c1ccc(C2=Nc3c[nH]nc3Nc3ccccc32)cc1
CHEMBL3622665,COc1cc2ncnc(Nc3ccc(F)c(Cl)c3)c2cc1NC(=O)/C=C/CNC1CC1,LRTVXQVIODSZCS-NSCUHMNNSA-N,8.67778070526608,True,O=C(/C=C/CNC1CC1)Nc1ccc2ncnc(Nc3ccccc3)c2c1
CHEMBL3917657,CC(C)(C)c1ccc(Nc2ncnc3cc4oc(=O)n(CCOC(=O)CBr)c4cc23)cc1,LRXHBDUMXINFMM-UHFFFAOYSA-N,6.060480747381382,False,O=c1[nH]c2cc3c(Nc4ccccc4)ncnc3cc2o1
CHEMBL3671579,C=CC(=O)Nc1cc2c(Nc3ccc(Br)cc3F)ncnc2cc1OCCNC(=O)CN1CCC1,LRZJFGQTXFKLHL-UHFFFAOYSA-N,6.005682847330363,False,O=C(CN1CCC1)NCCOc1ccc2c(Nc3ccccc3)ncnc2c1
CHEMBL1744347,COc1cc2c(Nc3ccc(Cl)cc3F)ncnc2cc1OCCCN1CCN(C)CC1,LSHMOEOLVFEUHJ-UHFFFAOYSA-N,7.1249387366083,True,c1ccc(Nc2ncnc3cc(OCCCN4CCNCC4)ccc23)cc1
CHEMBL3674148,CC(C)n1c(Nc2ccc(F)c(Cl)c2)nc2cnc(Nc3ccc(C(=O)NN4CCN(C)CC4)cc3)nc21,LSNFUHFMDCZXMM-UHFFFAOYSA-N,8.698970004336019,True,O=C(NN1CCNCC1)c1ccc(Nc2ncc3nc(Nc4ccccc4)[nH]c3n2)cc1
CHEMBL2336335,O=C(/C=C/c1ccccc1)Nc1ccc(Cl)cc1,LSOIYQMAEOVIGQ-IZZDOVSWSA-N,4.862962545210487,False,O=C(/C=C/c1ccccc1)Nc1ccccc1
CHEMBL78249,N#CC(Cc1ccc(O)c(O)c1)C(N)=S,LSTFVBJCPOREHS-UHFFFAOYSA-N,4.154901959985743,False,c1ccccc1
CHEMBL119923,COc1cc(C=C(C#N)C(N)=O)cc(CSCc2ccc(Cl)cc2)c1O,LSTSYXGQPRASQW-UHFFFAOYSA-N,4.8297382846050425,False,c1ccc(CSCc2ccccc2)cc1
CHEMBL53690,C=CC(=O)Nc1ccc2ncnc(Nc3cccc(C(F)(F)F)c3)c2c1,LSYGGBSRDNYACG-UHFFFAOYSA-N,9.040958607678906,True,c1ccc(Nc2ncnc3ccccc23)cc1
CHEMBL3347498,OB(O)c1ccc(COc2ccc3ncnc(Nc4cccc(Cl)c4)c3c2)cc1,LSYOWFCFCUXBCR-UHFFFAOYSA-N,6.070581074285707,False,c1ccc(COc2ccc3ncnc(Nc4ccccc4)c3c2)cc1
CHEMBL318736,CCCCOc1cc2ncnc(Nc3cccc(Br)c3)c2cc1OCCCC,LTADRFUOHQNUCZ-UHFFFAOYSA-N,6.978810700930062,True,c1ccc(Nc2ncnc3ccccc23)cc1
CHEMBL279138,N#CC(=Cc1ccc(O)c(O)c1)C(=O)NCCCCCCCCNC(=O)C(C#N)=Cc1ccc(O)c(O)c1,LTAJUBMRIAMNSU-UHFFFAOYSA-N,5.657577319177793,False,O=C(C=Cc1ccccc1)NCCCCCCCCNC(=O)C=Cc1ccccc1
CHEMBL1914673,C[C@@H](Nc1ncnc2[nH]c(-c3ccc(Br)cc3)cc12)c1ccc(F)cc1,LTILCYNUTAWFQN-GFCCVEGCSA-N,7.537602002101044,True,c1ccc(CNc2ncnc3[nH]c(-c4ccccc4)cc23)cc1
CHEMBL2385968,CN(C)C/C=C/C(=O)Nc1ccc(-c2cncc(C#N)c2Nc2ccc(OCc3cccc(F)c3)c(Cl)c2)cc1,LTNGPYJDFSYHIY-QPJJXVBHSA-N,6.180456064458131,False,c1ccc(COc2ccc(Nc3ccncc3-c3ccccc3)cc2)cc1
CHEMBL2316156,COc1ccc(/C=C2\CCC/C(=C\c3cc(OC)cc(OC)c3)C2=O)cc1,LTOWOGNRZKLJPH-GDAWTGGTSA-N,4.730487055782084,False,O=C1/C(=C/c2ccccc2)CCC/C1=C\c1ccccc1
CHEMBL56201,CN1C(=O)C(=C(C#N)C#N)c2cc(O)ccc21,LTRIUTQNCXXORF-UHFFFAOYSA-N,4.585026652029182,False,C=C1C(=O)Nc2ccccc21
CHEMBL498133,Nc1ncnc(Nc2ccc3c(cnn3Cc3cccc(F)c3)c2)c1C=NN1CCOCC1,LTZADKANMDZUFP-UHFFFAOYSA-N,7.795880017344075,True,C(=NN1CCOCC1)c1cncnc1Nc1ccc2c(cnn2Cc2ccccc2)c1
CHEMBL3639542,CC(C)N(C)C/C=C/C(=O)N1CCc2sc3ncnc(Nc4ccc(Cl)c(Cl)c4)c3c2C1,LUAGTXJZTHBNFU-SNAWJCMRSA-N,8.036212172654444,True,c1ccc(Nc2ncnc3sc4c(c23)CNCC4)cc1
CHEMBL1272325,O=C(/C=C/CN1CCOCC1)N1CCc2c(sc3ncnc(N[C@H](CO)c4ccccc4)c23)C1,LUAINCIBXGXTCS-WWPOYFSUSA-N,7.67778070526608,True,O=C(/C=C/CN1CCOCC1)N1CCc2c(sc3ncnc(NCc4ccccc4)c23)C1
CHEMBL2029439,C=CC(=O)Nc1cccc(N2C(=O)N(c3ccc(-c4ccccc4)cc3)Cc3cnc(Nc4ccc(N5CCN(C)CC5)cc4OC)nc32)c1,LUIPBUGZNLTUHZ-UHFFFAOYSA-N,8.85078088734462,True,O=C1N(c2ccc(-c3ccccc3)cc2)Cc2cnc(Nc3ccc(N4CCNCC4)cc3)nc2N1c1ccccc1
CHEMBL1645462,Cc1c(NC(=O)OC[C@@H]2COCCN2)cn2ncnc(Nc3ccc4c(cnn4Cc4cccc(F)c4)c3)c12,LUJZZYWHBDHDQX-QFIPXVFZSA-N,7.494850021680094,True,O=C(Nc1cc2c(Nc3ccc4c(cnn4Cc4ccccc4)c3)ncnn2c1)OC[C@@H]1COCCN1
CHEMBL2018750,COc1cc2ncnc(Nc3ccc(NC(=O)OC(C)C)cc3)c2cc1OC,LUKCMJKDYJFFPZ-UHFFFAOYSA-N,5.318758762624412,False,c1ccc(Nc2ncnc3ccccc23)cc1
CHEMBL319620,O=C(O)c1cc(NCc2cc(O)ccc2O)ccc1O,LULATDWLDJOKCX-UHFFFAOYSA-N,5.3979400086720375,False,c1ccc(CNc2ccccc2)cc1
CHEMBL2018759,COc1cc2ncnc(Nc3ccc(NC(=O)OC(C)C)c(C)c3)c2cc1OC,LULUDEFEHHRYMQ-UHFFFAOYSA-N,5.236572006437063,False,c1ccc(Nc2ncnc3ccccc23)cc1
CHEMBL513208,CN(C)Cc1ccc(Nc2nc3ncnc(Nc4ccc(F)c(Cl)c4)c3s2)cc1,LURCBUMOAWQHLM-UHFFFAOYSA-N,7.920818753952375,True,c1ccc(Nc2nc3ncnc(Nc4ccccc4)c3s2)cc1
CHEMBL76589,N#CC(=Cc1ccc(O)cc1)C(=N)C(C#N)C#N,LVERBWQDRRFJMH-UHFFFAOYSA-N,6.903089986991944,True,c1ccccc1
CHEMBL298679,COc1ccc(NC(=O)Nc2nc3nc(NCCCN4CCN(C)CC4)ncc3cc2-c2c(Cl)cccc2Cl)cc1,LVEXBQONPVYXPA-UHFFFAOYSA-N,6.142667503568731,False,O=C(Nc1ccccc1)Nc1nc2nc(NCCCN3CCNCC3)ncc2cc1-c1ccccc1
CHEMBL3221546,CCOC(=O)Nc1ccc(Nc2ncnc3cc(OCCN4CCOCC4)c(OC)cc23)cc1Cl,LVLKMUAJLHFAJJ-UHFFFAOYSA-N,5.070581074285707,False,c1ccc(Nc2ncnc3cc(OCCN4CCOCC4)ccc23)cc1
CHEMBL194160,CCc1c(CC(N)=O)cn2ncnc(Nc3ccc4c(cnn4Cc4ccccc4)c3)c12,LVLMWYNJGBBWEX-UHFFFAOYSA-N,5.958607314841775,False,c1ccc(Cn2ncc3cc(Nc4ncnn5cccc45)ccc32)cc1
CHEMBL2032378,C=CC(=O)Nc1cccc(N2C(=O)N(C)Cc3cnc(Nc4ccc(N5CCCCC5)cc4OC)nc32)c1,LVNSLWQSIRXKLZ-UHFFFAOYSA-N,7.530177984021837,True,O=C1NCc2cnc(Nc3ccc(N4CCCCC4)cc3)nc2N1c1ccccc1
CHEMBL1241481,COc1cc(-c2nn(C(C)C)c3ncnc(N)c23)ccc1NC(=O)OC(C)(C)C,LVOBTCONHRNJJA-UHFFFAOYSA-N,6.769551078621726,True,c1ccc(-c2n[nH]c3ncncc23)cc1
CHEMBL3663921,C=CC(=O)Nc1cccc(Oc2nc(Nc3ccc(N4CCN(C)CC4)cc3)c(C(N)=O)nc2CC)c1,LVQGVZUDZSVRBM-UHFFFAOYSA-N,8.886056647693163,True,c1ccc(Oc2cncc(Nc3ccc(N4CCNCC4)cc3)n2)cc1
CHEMBL137189,CN=NNc1ccc2ncnc(Nc3cccc(C)c3)c2c1,LVSKRGBRYXZIRX-UHFFFAOYSA-N,6.698970004336019,True,c1ccc(Nc2ncnc3ccccc23)cc1
CHEMBL4215397,COc1ccc(-c2c3c4cc(OC)c(OCCCN=C(N)N)cc4oc(=O)c3n3ccc4cc(O)c(OC)cc4c23)cc1O,LVSQYFYXQALSGT-UHFFFAOYSA-N,7.4089353929735005,True,O=c1oc2ccccc2c2c(-c3ccccc3)c3c4ccccc4ccn3c12
CHEMBL1242376,Nc1ncnc2c1c(-c1ccc(Br)c(O)c1)nn2C1CCCC1,LVUGPVDXTSJQQD-UHFFFAOYSA-N,6.627087997029893,True,c1ccc(-c2nn(C3CCCC3)c3ncncc23)cc1
CHEMBL3604937,C=CC(=O)Nc1cccc(Oc2nc(Nc3[nH]nc4ccccc34)cc(N3CCN(C)CC3)n2)c1,LVURDXDDOIWLAP-UHFFFAOYSA-N,5.769551078621726,False,c1ccc(Oc2nc(Nc3[nH]nc4ccccc34)cc(N3CCNCC3)n2)cc1
CHEMBL1830270,NC(=S)NN=C(C=Cc1ccc(-c2ccccc2)cc1)c1ccccc1,LVXDKUJAZOQDKH-UHFFFAOYSA-N,5.291579099865287,False,N=C(C=Cc1ccc(-c2ccccc2)cc1)c1ccccc1
CHEMBL2105719,COc1cc2ncnc(Nc3ccc(F)c(Cl)c3)c2cc1NC(=O)/C=C/CN1CCCCC1,LVXJQMNHJWSHET-AATRIKPKSA-N,8.090228032229065,True,O=C(/C=C/CN1CCCCC1)Nc1ccc2ncnc(Nc3ccccc3)c2c1
CHEMBL52784,CN(C)c1ccc2cncnc2c1,LVYAGZPLTVBEOL-UHFFFAOYSA-N,7.958607314841775,True,c1ccc2ncncc2c1
CHEMBL96489,CN(C)c1cc2ncnc(Nc3cccc(Br)c3)c2cc1N,LVYWXEWYKYOVOX-UHFFFAOYSA-N,6.798602875679549,True,c1ccc(Nc2ncnc3ccccc23)cc1
CHEMBL4102224,CCC(=O)NCCSc1nc(-c2ccc(F)cc2)c(-c2ccnc(Nc3ccccc3)c2)[nH]1,LVZHFNMWTHPKKC-UHFFFAOYSA-N,7.2839966563652,True,c1ccc(Nc2cc(-c3[nH]cnc3-c3ccccc3)ccn2)cc1
CHEMBL3604929,Cc1cc(Nc2cc(N3CCN(C)CC3)nc(Oc3cccc(N)c3)n2)[nH]n1,LWDGITWCANNPPY-UHFFFAOYSA-N,5.309803919971486,False,c1ccc(Oc2nc(Nc3ccn[nH]3)cc(N3CCNCC3)n2)cc1
CHEMBL4286733,O=C(Nc1ccc(-c2cc3c(Nc4ccc(Oc5cccc(C(F)(F)F)c5)c(Cl)c4)ncnc3s2)cc1)NC1CC1,LWORINFAHRPALE-UHFFFAOYSA-N,6.950781977329818,True,O=C(Nc1ccc(-c2cc3c(Nc4ccc(Oc5ccccc5)cc4)ncnc3s2)cc1)NC1CC1
CHEMBL4072688,CCC(=O)N1CC[C@H](N2C(=O)N(c3cc(OC)ccc3F)Cc3cnc(Nc4ccc(N5CCN(C6COC6)CC5)c(C)c4)nc32)C1,LWQIZIAIHSJXIV-VWLOTQADSA-N,6.51999305704285,True,O=C1N(c2ccccc2)Cc2cnc(Nc3ccc(N4CCN(C5COC5)CC4)cc3)nc2N1[C@H]1CCNC1
CHEMBL605161,O=[N+]([O-])c1ccc2c(c1)S(=O)(=O)N=S2c1ccc(Br)cc1,LWSWLSGAKCSXBP-UHFFFAOYSA-N,4.657577319177793,False,O=S1(=O)N=S(c2ccccc2)c2ccccc21
CHEMBL3930316,CCC(=O)Nc1cc2c(Nc3ccc(F)c(Cl)c3)ncnc2cc1OC,LWXXXBLCUHRMAR-UHFFFAOYSA-N,8.698970004336019,True,c1ccc(Nc2ncnc3ccccc23)cc1
CHEMBL111434,Cn1c(=O)c(-c2c(Cl)cccc2Cl)cc2cnc(Nc3cccc(Br)c3)nc21,LXANAWKXDMMAQX-UHFFFAOYSA-N,6.173925197299173,False,O=c1[nH]c2nc(Nc3ccccc3)ncc2cc1-c1ccccc1
CHEMBL1645470,Cc1cccc(Nc2ncnn3ccc(CN4CCC(N)CC4)c23)c1,LXGQRZKYRSBDJV-UHFFFAOYSA-N,7.698970004336019,True,c1ccc(Nc2ncnn3ccc(CN4CCCCC4)c23)cc1
CHEMBL3758761,COc1c(C=O)cccc1-c1cc2c(N[C@H](C)c3ccccc3)ncnc2s1,LXNKSHBXVPQHPU-CQSZACIVSA-N,7.67778070526608,True,c1ccc(CNc2ncnc3sc(-c4ccccc4)cc23)cc1
CHEMBL2408827,C=CC(=O)N1CCN(c2ccc(Nc3ncc(Cl)c(Oc4ccc(COc5no[n+]([O-])c5S(=O)(=O)c5ccccc5)cc4)n3)c(OC)c2)CC1,LXPBUCYNEFBCEI-UHFFFAOYSA-N,6.3872161432802645,True,O=S(=O)(c1ccccc1)c1[nH+]onc1OCc1ccc(Oc2ccnc(Nc3ccc(N4CCNCC4)cc3)n2)cc1
CHEMBL3699601,C=CC(=O)Nc1cccc(Oc2nc(Nc3ccc(N4CCN(S(C)(=O)=O)CC4)cc3OC)ncc2Cl)c1,LXSALHKZTCSKQV-UHFFFAOYSA-N,7.698970004336019,True,c1ccc(Oc2ccnc(Nc3ccc(N4CCNCC4)cc3)n2)cc1
CHEMBL2385984,CCOc1cc([N+](=O)[O-])c(C(=O)Nc2ccc(F)c(Cl)c2)cc1NC(=O)c1ccc(CN2CCN(C)CC2)cc1,LXSXCIYVAJUOHX-UHFFFAOYSA-N,5.301029995663981,False,O=C(Nc1cccc(C(=O)Nc2ccccc2)c1)c1ccc(CN2CCNCC2)cc1
CHEMBL206783,COc1cc2ncnc(Nc3cccc(Cl)c3F)c2cc1CN1CCCCC1C(N)=O,LXTAEWNPSMNHDX-UHFFFAOYSA-N,8.096910013008056,True,c1ccc(Nc2ncnc3ccc(CN4CCCCC4)cc23)cc1
CHEMBL3814460,O=C(NCCN1CCOCC1)Nc1ccc2ncnc(Nc3ccc(OCc4cccc(F)c4)c(Cl)c3)c2c1,LXVQPXNSHGAJCM-UHFFFAOYSA-N,6.586700235918748,True,O=C(NCCN1CCOCC1)Nc1ccc2ncnc(Nc3ccc(OCc4ccccc4)cc3)c2c1
CHEMBL2048793,O=C1NCc2c(Oc3ccc(Nc4ncnc5ccn(CCO)c45)cc3Cl)cccc21,LXVWRCNPCFIKGD-UHFFFAOYSA-N,6.050609993355087,False,O=C1NCc2c(Oc3ccc(Nc4ncnc5cc[nH]c45)cc3)cccc21
CHEMBL1242758,Nc1ncnc2c1c(-c1cccc3[nH]ccc13)nn2C1CCCC1,LXWKVQVKYRGEKE-UHFFFAOYSA-N,5.853871964321762,False,c1cc(-c2nn(C3CCCC3)c3ncncc23)c2cc[nH]c2c1
CHEMBL1821880,COc1ccc(C2CC(c3ccc(Br)cc3)=NN2c2nc(-c3ccccc3)cs2)cc1,LYCGTXVMSIFHFI-UHFFFAOYSA-N,4.992679047077256,False,c1ccc(C2=NN(c3nc(-c4ccccc4)cs3)C(c3ccccc3)C2)cc1
CHEMBL3799255,C=CC(=O)Nc1cccc(Oc2nc(Nc3ccc(N4CCN(C(=O)C(F)(F)F)CC4)cc3OC)ncc2SC)c1,LYCJWVRLAGIQEB-UHFFFAOYSA-N,6.605898697959955,True,c1ccc(Oc2ccnc(Nc3ccc(N4CCNCC4)cc3)n2)cc1
CHEMBL257872,Cc1ccc(Oc2ccc(Nc3ncnc4[nH]nc(OCCN5CCC(O)CC5)c34)cc2C)cn1,LYCPWHYCBIEJPN-UHFFFAOYSA-N,6.665546248849069,True,c1cncc(Oc2ccc(Nc3ncnc4[nH]nc(OCCN5CCCCC5)c34)cc2)c1
CHEMBL3676383,C=CC(=O)Nc1cc2c(Nc3ccc(Br)cc3F)ncnc2cc1OCCNC(=O)CN(CC)CC,LYDMZKUPEIUXHG-UHFFFAOYSA-N,7.585026652029182,True,c1ccc(Nc2ncnc3ccccc23)cc1
CHEMBL128759,OCCN(CCO)c1cc2ncnc(Nc3cccc(Br)c3)c2cn1,LYENTQSFLVZYRJ-UHFFFAOYSA-N,7.920818753952375,True,c1ccc(Nc2ncnc3ccncc23)cc1
CHEMBL2029427,C=CC(=O)Nc1cccc(N2C(=O)N(C)Cc3cnc(NC)nc32)c1,LYESCJLRRXBLPH-UHFFFAOYSA-N,6.031984286006358,False,O=C1NCc2cncnc2N1c1ccccc1
CHEMBL508760,O=C(O[C@H]1CN[C@H](C#Cc2cc3ncnc(Nc4ccc(OCc5cscn5)c(Cl)c4)c3s2)C1)N1CCOCC1,LYJHHXBOBVEKHY-YLJYHZDGSA-N,6.920818753952375,True,O=C(O[C@H]1CN[C@H](C#Cc2cc3ncnc(Nc4ccc(OCc5cscn5)cc4)c3s2)C1)N1CCOCC1
CHEMBL56983,CCN(CC)CCCCNc1ncc2cc(-c3c(Cl)cccc3Cl)c(NC(=O)Nc3ccccc3)nc2n1,LYJIVFCOOJRVBF-UHFFFAOYSA-N,6.0,False,O=C(Nc1ccccc1)Nc1nc2ncncc2cc1-c1ccccc1
CHEMBL3915508,N#Cc1ccc(Nc2nncc3ccccc23)cc1,LYKFUIDYYBNHOA-UHFFFAOYSA-N,8.387216143280265,True,c1ccc(Nc2nncc3ccccc23)cc1
CHEMBL160846,CS(=O)(=O)CCNc1nc(-c2ccc3ncnc(Nc4ccc(OCc5ccccc5)c(Cl)c4)c3c2)cs1,LYKORKBUGRQTBH-UHFFFAOYSA-N,8.096910013008056,True,c1ccc(COc2ccc(Nc3ncnc4ccc(-c5cscn5)cc34)cc2)cc1
CHEMBL3805409,Clc1cccc(C2CC(c3ccc4c(c3)OCCO4)=NN2c2ccccc2)c1,LYQWMJNCMLZNBS-UHFFFAOYSA-N,4.090443970758825,False,c1ccc(C2CC(c3ccc4c(c3)OCCO4)=NN2c2ccccc2)cc1
CHEMBL3297892,C#Cc1cccc(Nc2nc(C)nc3oc(C)cc23)c1,LYSQWVNEFZTXHD-UHFFFAOYSA-N,7.522878745280337,True,c1ccc(Nc2ncnc3occc23)cc1
CHEMBL4101735,CN(C)C/C=C/C(=O)N1CCC[C@@H](n2nc(-c3cccc(C(F)(F)F)c3)c3c(N)ncnc32)C1,LYSUCVDWBYXOKH-HFTQHKIXSA-N,6.0,False,c1ccc(-c2nn([C@@H]3CCCNC3)c3ncncc23)cc1
CHEMBL592481,Oc1csc(=NN=Cc2cc(Cl)cc(Cl)c2O)[nH]1,LYTCLIUKWBYCDZ-UHFFFAOYSA-N,5.835647144215563,False,C(=NN=c1[nH]ccs1)c1ccccc1
CHEMBL3974571,C=C(C)C(=O)Nc1cc2c(Nc3ccc(F)c(Cl)c3)ncnc2cc1OCCCN1CCOCC1,LYZQHVCHNLZIEV-UHFFFAOYSA-N,7.67778070526608,True,c1ccc(Nc2ncnc3cc(OCCCN4CCOCC4)ccc23)cc1
CHEMBL3676348,C=CC(=O)Nc1cc2c(Nc3ccc(Cl)nc3)ncnc2cc1OCCNC(C)=O,LZAXPBKXHBEHAS-UHFFFAOYSA-N,7.187086643357144,True,c1cncc(Nc2ncnc3ccccc23)c1
CHEMBL4098507,CCC(=O)N1CC[C@H](N2C(=O)N(c3ccccc3Cl)Cc3cnc(Nc4ccc(N5CCN(C)CC5)c(C)c4)nc32)C1,LZEVYDMMVXULHO-DEOSSOPVSA-N,7.804100347590766,True,O=C1N(c2ccccc2)Cc2cnc(Nc3ccc(N4CCNCC4)cc3)nc2N1[C@H]1CCNC1
CHEMBL4098591,CCC(=O)N1CC[C@@H](N2C(=O)N(c3ccccc3Cl)Cc3cnc(Nc4ccc(N5CCN(C)CC5)c(C)c4)nc32)C1,LZEVYDMMVXULHO-XMMPIXPASA-N,7.6307841425898575,True,O=C1N(c2ccccc2)Cc2cnc(Nc3ccc(N4CCNCC4)cc3)nc2N1[C@@H]1CCNC1
CHEMBL4105434,CCCCOC(=O)c1c(-c2ccccc2)nn2ccccc12,LZFNLNFVJCSUFD-UHFFFAOYSA-N,4.6252516539898965,False,c1ccc(-c2cc3ccccn3n2)cc1
CHEMBL4227278,C=CC(=O)Nc1cccc(NC(=O)Nc2ccnc(Nc3ccc(N4CCOCC4)cc3)n2)c1,LZKHGZOJRVSIFE-UHFFFAOYSA-N,6.191114132640188,False,O=C(Nc1ccccc1)Nc1ccnc(Nc2ccc(N3CCOCC3)cc2)n1
CHEMBL1958036,COc1ccc(C2CC(c3ccc(Cl)cc3)=NN2c2nc(O)cs2)cc1,LZKNVQAOFBZXDM-UHFFFAOYSA-N,5.066512712151295,False,c1ccc(C2=NN(c3nccs3)C(c3ccccc3)C2)cc1
CHEMBL3939985,CCOc1cc2ncnc(Nc3ccc(OCc4cccc(F)c4)c(Cl)c3)c2cc1NC(=O)/C=C/CN1CCN(C)CC1,LZOXKAMRMJSFJT-VMPITWQZSA-N,7.638272163982407,True,O=C(/C=C/CN1CCNCC1)Nc1ccc2ncnc(Nc3ccc(OCc4ccccc4)cc3)c2c1
CHEMBL3355878,COc1cc2ncnc(Nc3cccc(Br)c3)c2cc1OCCCn1ccnc1[N+](=O)[O-],LZQDPQVTKGUFQL-UHFFFAOYSA-N,9.18045606445813,True,c1ccc(Nc2ncnc3ccc(OCCCn4ccnc4)cc23)cc1
CHEMBL2385986,CCOc1ccc(C(=O)Nc2ccc(OCc3ccccn3)c(Cl)c2)cc1NC(=O)/C=C/CN(C)C,LZTNXKNAAUFIGG-VQHVLOKHSA-N,5.920818753952375,False,O=C(Nc1ccc(OCc2ccccn2)cc1)c1ccccc1
CHEMBL301612,Cn1c(=O)c(-c2c(Cl)cccc2Cl)cc2cnc(Nc3ccccc3)nc21,MACKJBHSMLAAGO-UHFFFAOYSA-N,6.585026652029182,True,O=c1[nH]c2nc(Nc3ccccc3)ncc2cc1-c1ccccc1
CHEMBL4110614,Nc1ncnc2c1c(-c1ccc(Oc3ccccc3)cc1)nn2[C@@H]1CCCN(C(=O)/C=C/CN2CCOCC2)C1,MADROAFGGPUYNI-DXSBJVNVSA-N,6.416008200801684,True,O=C(/C=C/CN1CCOCC1)N1CCC[C@@H](n2nc(-c3ccc(Oc4ccccc4)cc3)c3cncnc32)C1
CHEMBL3968716,Nc1ncnc2c1c(-c1ccc(Oc3ccccc3)cc1)nn2[C@H]1CCCN(C(=O)/C=C/CN2CCOCC2)C1,MADROAFGGPUYNI-LKYAVPRHSA-N,6.416008200801684,True,O=C(/C=C/CN1CCOCC1)N1CCC[C@H](n2nc(-c3ccc(Oc4ccccc4)cc3)c3cncnc32)C1
CHEMBL3902180,Nc1ncnc2c1c(-c1ccc(Oc3ccccc3)cc1)nn2C1CCCN(C(=O)/C=C/CN2CCOCC2)C1,MADROAFGGPUYNI-WEVVVXLNSA-N,6.486782399932061,True,O=C(/C=C/CN1CCOCC1)N1CCCC(n2nc(-c3ccc(Oc4ccccc4)cc3)c3cncnc32)C1
CHEMBL4094927,CCC(=O)Nc1ccc(OC)c(Nc2cc(-c3[nH]c(SC)nc3-c3ccc(F)cc3)ccn2)c1,MALZDUNFVXBWQG-UHFFFAOYSA-N,8.301029995663981,True,c1ccc(Nc2cc(-c3[nH]cnc3-c3ccccc3)ccn2)cc1
CHEMBL3671563,C=CC(=O)Nc1cc2c(Nc3ccc(Br)cc3F)ncnc2cc1OCCNC(=O)N1CCOCC1,MASSBJVLAZTBSY-UHFFFAOYSA-N,7.443697499232712,True,O=C(NCCOc1ccc2c(Nc3ccccc3)ncnc2c1)N1CCOCC1
CHEMBL2441568,Fc1ccc(Nc2ncnc3cc4c(cc23)NCCO4)cc1Cl,MATORVNODLEICJ-UHFFFAOYSA-N,8.88941028970075,True,c1ccc(Nc2ncnc3cc4c(cc23)NCCO4)cc1
CHEMBL329161,O=[N+]([O-])c1ccc2ncnc(Nc3cccc(Br)c3)c2c1,MAVKGSSRIBVAGI-UHFFFAOYSA-N,6.047207556955907,False,c1ccc(Nc2ncnc3ccccc23)cc1
CHEMBL3671482,C=CC(=O)Nc1cc2c(Nc3c(F)cc(Br)cc3F)ncnc2cc1OCC1CCN(C(C)=O)CC1,MAXJTBAHZSUMAV-UHFFFAOYSA-N,7.886056647693163,True,c1ccc(Nc2ncnc3cc(OCC4CCNCC4)ccc23)cc1
CHEMBL535,C=c1c(C(=O)NCCN(CC)CC)c(C)[nH]c1=Cc1c(O)[nH]c2ccc(F)cc12,MAXXXDSMDPPTEE-UHFFFAOYSA-N,3.76421912967244,False,C=c1cc[nH]c1=Cc1c[nH]c2ccccc12
CHEMBL207009,O=C(NCCCl)Nc1ccc2ncnc(Nc3cccc(Br)c3)c2c1,MBAKBFMFUHKHAN-UHFFFAOYSA-N,7.744727494896693,True,c1ccc(Nc2ncnc3ccccc23)cc1
CHEMBL3805177,CC(C)Oc1cc2ncnc(Nc3ccc(Cl)c([N+](=O)[O-])c3)c2c2c1OCCO2,MBMAILZVMBYPRI-UHFFFAOYSA-N,6.988852639224202,True,c1ccc(Nc2ncnc3ccc4c(c23)OCCO4)cc1
CHEMBL1242656,CC1CCC(n2nc(-c3ccc(F)c(O)c3)c3c(N)ncnc32)C1,MBPKPSDAPFPECJ-UHFFFAOYSA-N,6.436518914605589,True,c1ccc(-c2nn(C3CCCC3)c3ncncc23)cc1
CHEMBL1204360,COc1cc2ncnc(Nc3ccccc3F)c2cc1OC,MBQWMGKHDDVEPF-UHFFFAOYSA-N,7.492144128304169,True,c1ccc(Nc2ncnc3ccccc23)cc1
CHEMBL1090362,CCN1CCN(c2ccc(Nc3nccc(-c4c(-c5cccc(NC(=O)Cc6ccccc6)c5)nc5sccn45)n3)cc2)CC1,MBYBHGUQPPLBRD-UHFFFAOYSA-N,6.455931955649724,True,O=C(Cc1ccccc1)Nc1cccc(-c2nc3sccn3c2-c2ccnc(Nc3ccc(N4CCNCC4)cc3)n2)c1
CHEMBL189779,CN(C)C/C=C/C(=O)Nc1ccc2ncnc(Nc3cccc(I)c3)c2c1,MCFYGOURGHBNOM-QPJJXVBHSA-N,9.0268721464003,True,c1ccc(Nc2ncnc3ccccc23)cc1
CHEMBL3905432,CC#CC(=O)N1CCC[C@H]1Cn1nc(-c2ccc(Oc3ccccc3)cc2)c2c(N)ncnc21,MCHPKOULFPNIOZ-IBGZPJMESA-N,5.551757587365561,False,c1ccc(Oc2ccc(-c3nn(C[C@@H]4CCCN4)c4ncncc34)cc2)cc1
CHEMBL4107879,CC#CC(=O)N1CCC[C@@H]1Cn1nc(-c2ccc(Oc3ccccc3)cc2)c2c(N)ncnc21,MCHPKOULFPNIOZ-LJQANCHMSA-N,6.538501473216981,True,c1ccc(Oc2ccc(-c3nn(C[C@H]4CCCN4)c4ncncc34)cc2)cc1
CHEMBL1934626,Cc1ncnc(Nc2ccc(OCc3cccc(F)c3)c(Cl)c2)c1C#Cc1ccc(CN2CCCC2)c(F)c1,MCIKCKGVVBUURA-UHFFFAOYSA-N,6.721246399047171,True,C(#Cc1cncnc1Nc1ccc(OCc2ccccc2)cc1)c1ccc(CN2CCCC2)cc1
CHEMBL202425,CCN(CC)CC#CC(=O)Nc1cc2c(Nc3ccc(F)c(Cl)c3)ncnc2cn1,MCIZZPUSTVXXPG-UHFFFAOYSA-N,7.823908740944319,True,c1ccc(Nc2ncnc3cnccc23)cc1
CHEMBL293090,CNCCOc1cc2c(Nc3ccc(F)c(Cl)c3)ncnc2cc1OC,MCLWOTRQSAKXBH-UHFFFAOYSA-N,8.096910013008056,True,c1ccc(Nc2ncnc3ccccc23)cc1
CHEMBL4218447,COc1ccc(-c2c3c4cc(O)c(OC)cc4oc(=O)c3n3ccc4cc(O)c(OC)cc4c23)cc1O,MCNGPKJSANQWHO-UHFFFAOYSA-N,6.401537799525849,True,O=c1oc2ccccc2c2c(-c3ccccc3)c3c4ccccc4ccn3c12
CHEMBL328106,COc1cc2ncnc(Nc3ccc(Br)cc3)c2cc1OC,MCNVTWIIWNZMGB-UHFFFAOYSA-N,9.017728766960431,True,c1ccc(Nc2ncnc3ccccc23)cc1
CHEMBL336174,NC(Cc1c(SSc2[nH]c3ccccc3c2CC(N)C(=O)NCc2ccccc2)[nH]c2ccccc12)C(=O)NCc1ccccc1,MCNYLFAPBYIPPD-UHFFFAOYSA-N,5.130768280269024,False,O=C(CCc1c(SSc2[nH]c3ccccc3c2CCC(=O)NCc2ccccc2)[nH]c2ccccc12)NCc1ccccc1
CHEMBL1928707,Oc1ccccc1CNc1ccc2ncnc(Nc3cccc(Br)c3)c2c1,MCOCRVDHFMXOCU-UHFFFAOYSA-N,5.492144128304169,False,c1ccc(CNc2ccc3ncnc(Nc4ccccc4)c3c2)cc1
CHEMBL2424794,O=C(/C=C/c1cccnc1Cl)Nc1ccc2ncnc(Nc3cccc(Cl)c3)c2c1,MCPVFNLYVRRHKL-RMKNXTFCSA-N,5.443697499232712,False,O=C(/C=C/c1cccnc1)Nc1ccc2ncnc(Nc3ccccc3)c2c1
CHEMBL3612598,CCOC(=O)CCCn1c(=O)oc2cc3ncnc(Nc4ccc(C(=O)OCc5ccc(Cl)cc5)cc4)c3cc21,MCVBQQGUACGVER-UHFFFAOYSA-N,6.180456064458131,False,O=C(OCc1ccccc1)c1ccc(Nc2ncnc3cc4oc(=O)[nH]c4cc23)cc1
CHEMBL116919,COc1ccc(CNc2ncnc3ccccc23)cc1,MCZPCSYKZMFAHI-UHFFFAOYSA-N,5.0,False,c1ccc(CNc2ncnc3ccccc23)cc1
CHEMBL1645477,COc1ccc(Nc2ncnn3ccc(CN4CCC(N)CC4)c23)cc1Cl,MDJCMNYFTLUIDM-UHFFFAOYSA-N,6.6777807052660805,True,c1ccc(Nc2ncnn3ccc(CN4CCCCC4)c23)cc1
CHEMBL3085381,CCN(CC)[C@@](C)(CCc1ncnc2cc(OC)c(OC)cc12)Cc1ccccc1,MDJYMMSITXOPCM-VWLOTQADSA-N,6.886056647693163,True,c1ccc(CCCCc2ncnc3ccccc23)cc1
CHEMBL1928887,COc1ccccc1CNc1ccc2ncnc(Nc3cccc(Cl)c3)c2c1,MDMURHLKZWLZIX-UHFFFAOYSA-N,4.857610533881164,False,c1ccc(CNc2ccc3ncnc(Nc4ccccc4)c3c2)cc1
CHEMBL176702,Nc1ncnc2c1c(-c1ccccc1)cn2-c1cccc(CNCCO)c1,MDPXBTVEVMPBMF-UHFFFAOYSA-N,5.468521082957745,False,c1ccc(-c2cn(-c3ccccc3)c3ncncc23)cc1
CHEMBL77452,OCCCNCc1ccc(-c2cc3nccc(Nc4ccc5[nH]ccc5c4)c3s2)cc1,MDSJWBBQCSEPDO-UHFFFAOYSA-N,8.045757490560675,True,c1ccc(-c2cc3nccc(Nc4ccc5[nH]ccc5c4)c3s2)cc1
CHEMBL2325100,Cc1ccc(C2=NN(c3ccccc3)C(c3ccc4ccccc4c3)C2)cc1,MDZUGYWTXFSAGX-UHFFFAOYSA-N,7.221848749616356,True,c1ccc(C2=NN(c3ccccc3)C(c3ccc4ccccc4c3)C2)cc1
CHEMBL79060,Cc1cc2cc(Nc3ccnc4cc(-c5ccc(CNCCN6CCNCC6)cc5)sc34)ccc2[nH]1,MEAHQSFATRAJHG-UHFFFAOYSA-N,6.6020599913279625,True,c1cc(Nc2ccc3[nH]ccc3c2)c2sc(-c3ccc(CNCCN4CCNCC4)cc3)cc2n1
CHEMBL1914656,Cc1ccc([C@@H](C)Nc2ncnc3[nH]c(-c4ccc(O)cc4)cc23)cc1,MEBROZWQFMUHMW-CQSZACIVSA-N,6.346787486224656,True,c1ccc(CNc2ncnc3[nH]c(-c4ccccc4)cc23)cc1
CHEMBL347160,O=C(NCc1ccccc1)c1c(SSc2[nH]c3ccccc3c2C(=O)NCc2ccccc2)[nH]c2ccccc12,MEEMAUXWQOCKLA-UHFFFAOYSA-N,4.823908740944319,False,O=C(NCc1ccccc1)c1c(SSc2[nH]c3ccccc3c2C(=O)NCc2ccccc2)[nH]c2ccccc12
CHEMBL246694,NC(=O)COCc1ccn2ncnc(Nc3ccc4c(cnn4Cc4cccc(F)c4)c3)c12,MEHRBVQTOVMMDP-UHFFFAOYSA-N,6.853871964321762,True,c1ccc(Cn2ncc3cc(Nc4ncnn5cccc45)ccc32)cc1
CHEMBL152905,Nc1ccc2sc3c(Nc4cccc(Br)c4)ncnc3c2c1,MEIUULSQALVLOO-UHFFFAOYSA-N,9.568636235841012,True,c1ccc(Nc2ncnc3c2sc2ccccc23)cc1
CHEMBL1241674,CC(C)n1nc(-c2cc3cc(O)ccc3[nH]2)c2c(N)ncnc21,MFAQYJIYDMLAIM-UHFFFAOYSA-N,5.356547323513812,False,c1ccc2[nH]c(-c3n[nH]c4ncncc34)cc2c1
CHEMBL475761,CN1CCN(Cc2ccc(-c3cc4ncnc(Nc5ccc(OCc6cccc(F)c6)c(Cl)c5)c4s3)o2)CC1,MFBTVPWNHQVGPL-UHFFFAOYSA-N,8.301029995663981,True,c1ccc(COc2ccc(Nc3ncnc4cc(-c5ccc(CN6CCNCC6)o5)sc34)cc2)cc1
CHEMBL3092311,COCCCNC(=O)Nc1cc2c(Nc3ccc(F)c(Cl)c3)ncnc2cc1O[C@H]1CCOC1,MFCUDKAWMIOPID-HNNXBMFYSA-N,6.705533773838408,True,c1ccc(Nc2ncnc3cc(O[C@H]4CCOC4)ccc23)cc1
CHEMBL31276,CN(C)C/C=C/C(=O)Nc1cc2c(Nc3cccc(Br)c3)c(C#N)cnc2cn1,MFFPMIGCSMORHY-QPJJXVBHSA-N,8.721246399047171,True,c1ccc(Nc2ccnc3cnccc23)cc1
CHEMBL1254444,COc1ccc(OC)c(Cc2cc3c(N(C)c4cccc(Br)c4)nc(N)nc3[nH]2)c1,MFHUUPOUXJRWOX-UHFFFAOYSA-N,3.843148098929989,False,c1ccc(Cc2cc3c(Nc4ccccc4)ncnc3[nH]2)cc1
CHEMBL122397,CCCCCCNC(=O)c1cc(NCc2cc(O)ccc2O)ccc1O,MFNPKZBKWKGSLK-UHFFFAOYSA-N,6.045757490560675,False,c1ccc(CNc2ccccc2)cc1
CHEMBL1241299,Cn1nc(-c2ccc(Br)c(O)c2)c2c(N)ncnc21,MFRGGAROFRXKRT-UHFFFAOYSA-N,4.0,False,c1ccc(-c2n[nH]c3ncncc23)cc1
CHEMBL314146,CCc1ccc(/C=C2\C(=O)Nc3ccccc32)s1,MFRZHGSWQHNIEA-LCYFTJDESA-N,4.356547323513812,False,O=C1Nc2ccccc2/C1=C/c1cccs1
CHEMBL4100759,C=CC(=O)NCc1cccc(-c2nc(-c3ccc(F)cc3)c(-c3ccnc4[nH]c(-c5ccccc5)cc34)[nH]2)c1,MFTYIZWDRWBBEF-UHFFFAOYSA-N,7.886056647693163,True,c1ccc(-c2cc3c(-c4[nH]c(-c5ccccc5)nc4-c4ccccc4)ccnc3[nH]2)cc1
CHEMBL3973028,CCC(=O)Nc1cc2c(N[C@H](C)c3ccccc3)ncnc2cc1OC,MGAIHODHEWSWBP-CYBMUJFWSA-N,7.0655015487564325,True,c1ccc(CNc2ncnc3ccccc23)cc1
CHEMBL3742200,O=c1[nH]nc(-c2c[nH]c(-c3ccccc3)c2-c2ccccc2)c2cn(-c3ccc(Cl)cc3)nc12,MGBGMFOCBIJDLO-UHFFFAOYSA-N,5.357535479757878,False,O=c1[nH]nc(-c2c[nH]c(-c3ccccc3)c2-c2ccccc2)c2cn(-c3ccccc3)nc12
CHEMBL64430,Cn1c(SSc2c(C(=O)Nc3ccccc3)c3cc([N+](=O)[O-])ccc3n2C)c(C(=O)Nc2ccccc2)c2cc([N+](=O)[O-])ccc21,MGEHDKGYSLPVOE-UHFFFAOYSA-N,5.301029995663981,False,O=C(Nc1ccccc1)c1c(SSc2[nH]c3ccccc3c2C(=O)Nc2ccccc2)[nH]c2ccccc12
CHEMBL3941626,CCOc1cc2ncc(C#N)c(Nc3ccc(OCc4ccccn4)c(Cl)c3)c2cc1NC(=O)/C=C/[C@H]1C[C@H](O)CN1C,MGJMZWXLGRKRAN-LBIUXLQNSA-N,7.229147988357855,True,O=C(/C=C/[C@H]1CCCN1)Nc1ccc2nccc(Nc3ccc(OCc4ccccn4)cc3)c2c1
CHEMBL3647419,CCOc1cc2ncc(C#N)c(Nc3ccc(OCc4ccccn4)c(Cl)c3)c2cc1NC(=O)/C=C/[C@@H]1C[C@@H](O)CN1C,MGJMZWXLGRKRAN-XLGCXCGNSA-N,7.443697499232712,True,O=C(/C=C/[C@@H]1CCCN1)Nc1ccc2nccc(Nc3ccc(OCc4ccccn4)cc3)c2c1
CHEMBL1958212,Cc1ccc(C2=NN(c3nc(O)cs3)C(c3ccccc3)C2)cc1,MGRJBEXEUBNOTC-UHFFFAOYSA-N,5.96657624451305,False,c1ccc(C2=NN(c3nccs3)C(c3ccccc3)C2)cc1
CHEMBL2442319,C#Cc1cccc(-n2ccc3cc(OC)cc(OC)c3c2=O)c1,MGROHPNMUUDFSY-UHFFFAOYSA-N,5.454692883534176,False,O=c1c2ccccc2ccn1-c1ccccc1
CHEMBL156797,O=C(CCc1c(SSc2[nH]c3ccccc3c2CCC(=O)Nc2ccccc2)[nH]c2ccccc12)Nc1ccccc1,MGXQRBDSSCCBIV-UHFFFAOYSA-N,4.6020599913279625,False,O=C(CCc1c(SSc2[nH]c3ccccc3c2CCC(=O)Nc2ccccc2)[nH]c2ccccc12)Nc1ccccc1
CHEMBL3237931,COc1cc(N2CCN(C)CC2)ccc1Nc1ncc(Cl)c(Oc2cccc(NC(=O)CCN3CCCC3)c2)n1,MGXZPQRGFPHJNB-UHFFFAOYSA-N,6.279840696594043,False,O=C(CCN1CCCC1)Nc1cccc(Oc2ccnc(Nc3ccc(N4CCNCC4)cc3)n2)c1
CHEMBL1683962,Cc1ncnc(Nc2ccc(OCc3cccc(F)c3)c(Cl)c2)c1C#Cc1ccc(CN2CCOCC2)cc1,MHAZSVGHNFNZJI-UHFFFAOYSA-N,6.619788758288394,True,C(#Cc1cncnc1Nc1ccc(OCc2ccccc2)cc1)c1ccc(CN2CCOCC2)cc1
CHEMBL1821862,Cc1ccc(C2=NN(c3nc(-c4ccccc4)cs3)C(c3ccc(F)cc3)C2)cc1C,MHDGMURJDSJVEZ-UHFFFAOYSA-N,5.761953896871205,False,c1ccc(C2=NN(c3nc(-c4ccccc4)cs3)C(c3ccccc3)C2)cc1
CHEMBL3237929,COc1cc(N2CCN(C)CC2)ccc1Nc1ncc(Cl)c(Oc2cccc(NC(=O)CCN(C)C)c2)n1,MHHOXOROYCKYPG-UHFFFAOYSA-N,6.195179321278838,False,c1ccc(Oc2ccnc(Nc3ccc(N4CCNCC4)cc3)n2)cc1
CHEMBL3925584,COc1ccc(-c2cc3c(N[C@H](C)c4ccccc4F)ncnc3o2)cc1,MHHVDHLBNLIXLU-CYBMUJFWSA-N,7.619788758288394,True,c1ccc(CNc2ncnc3oc(-c4ccccc4)cc23)cc1
CHEMBL372523,CCc1c(NC(=O)OCc2ccccc2)cn2ncnc(Nc3ccc4c(cnn4Cc4ccccc4)c3)c12,MHHWMILMVAWLOJ-UHFFFAOYSA-N,6.6777807052660805,True,O=C(Nc1cc2c(Nc3ccc4c(cnn4Cc4ccccc4)c3)ncnn2c1)OCc1ccccc1
CHEMBL3671536,C=CC(=O)Nc1cc2c(Nc3ccc(Br)cc3F)ncnc2cc1OCCNC(=O)CCOC,MHPAMQNXZMJMLZ-UHFFFAOYSA-N,7.154901959985743,True,c1ccc(Nc2ncnc3ccccc23)cc1
CHEMBL423224,Brc1cccc(Nc2ncnc3[nH]c4ccccc4c23)c1,MHRKNNUUCCNFPI-UHFFFAOYSA-N,7.508638306165727,True,c1ccc(Nc2ncnc3[nH]c4ccccc4c23)cc1
CHEMBL3133908,C=CC(=O)Nc1ccc2ncnc(Nc3cccc(CC)c3)c2c1,MHXBBZWYXLFNEE-UHFFFAOYSA-N,6.560667306169737,True,c1ccc(Nc2ncnc3ccccc23)cc1
CHEMBL3133751,COc1cc2ncnc(Nc3ccc(NC(=O)Nc4ccc(Cl)c(C(F)(F)F)c4)cc3)c2cc1OCCCN1CCOCC1,MHZQGPLDTLQICR-UHFFFAOYSA-N,6.54515513999149,True,O=C(Nc1ccccc1)Nc1ccc(Nc2ncnc3ccc(OCCCN4CCOCC4)cc23)cc1
CHEMBL1934627,Cc1ncnc(Nc2ccc(OCc3cccc(F)c3)c(Cl)c2)c1C#Cc1ccc(CN2CCCC2)o1,MIEIWELMCWAXHZ-UHFFFAOYSA-N,7.102372908709558,True,C(#Cc1cncnc1Nc1ccc(OCc2ccccc2)cc1)c1ccc(CN2CCCC2)o1
CHEMBL2381514,C=CC(=O)Nc1cccc(Oc2nc(Nc3ccc(N4CCN(CC(=O)NCCOc5no[n+]([O-])c5S(=O)(=O)c5ccccc5)CC4)cc3OC)ncc2Cl)c1,MIFIGADYRUJHHX-UHFFFAOYSA-N,7.292429823902063,True,O=C(CN1CCN(c2ccc(Nc3nccc(Oc4ccccc4)n3)cc2)CC1)NCCOc1no[nH+]c1S(=O)(=O)c1ccccc1
CHEMBL1094825,NC1CCc2c(c3cc(OCCc4ccc(O)cc4)ccc3n2CCCCCc2ccc(C(F)(F)F)cc2)C1,MINFAHUQQXNXRH-UHFFFAOYSA-N,5.560667306169737,False,c1ccc(CCCCCn2c3c(c4cc(OCCc5ccccc5)ccc42)CCCC3)cc1
CHEMBL597402,O=C(COc1c(F)c(F)c(F)c(F)c1F)Nc1ccc2ncnc(Nc3cccc(Br)c3)c2c1,MIODRZONQPVCRF-UHFFFAOYSA-N,7.627087997029893,True,O=C(COc1ccccc1)Nc1ccc2ncnc(Nc3ccccc3)c2c1
CHEMBL1242198,CC(C)n1nc(-c2cc(O)cc(F)c2)c2c(N)ncnc21,MJALZBJFTIQSSR-UHFFFAOYSA-N,6.239577516576788,False,c1ccc(-c2n[nH]c3ncncc23)cc1
CHEMBL3927914,COc1ccc(NC(=S)NNc2nncc3ccccc23)cc1,MJDGWMQMQUKVMK-UHFFFAOYSA-N,7.275724130399211,True,S=C(NNc1nncc2ccccc12)Nc1ccccc1
CHEMBL291979,Cn1c(SSc2c(C(=O)Nc3ccccc3)c3cc(C#N)ccc3n2C)c(C(=O)Nc2ccccc2)c2cc(C#N)ccc21,MJGOASKYDRKUGY-UHFFFAOYSA-N,4.266802734893431,False,O=C(Nc1ccccc1)c1c(SSc2[nH]c3ccccc3c2C(=O)Nc2ccccc2)[nH]c2ccccc12
CHEMBL305660,CC(C)(C)c1ccc(C(=O)CCCN2CCC(OC(c3ccccc3)c3ccccc3)CC2)cc1,MJJALKDDGIKVBE-UHFFFAOYSA-N,6.252510507741327,False,O=C(CCCN1CCC(OC(c2ccccc2)c2ccccc2)CC1)c1ccccc1
CHEMBL94191,COc1cc2ncnc(Nc3ccccc3)c2cc1OC,MJKCGAHOCZLYDG-UHFFFAOYSA-N,7.419315998882513,True,c1ccc(Nc2ncnc3ccccc23)cc1
CHEMBL3357634,COc1cc2ncnc(Nc3ccc(F)c(Cl)c3)c2cc1NC(=O)/C(F)=C/CN(C)C,MJLGATKKRYTQPD-SOFYXZRVSA-N,8.175874166083451,True,c1ccc(Nc2ncnc3ccccc23)cc1
CHEMBL89940,Nc1ccc2ncnc(Nc3ccccc3)c2c1,MJMYCJSNBBYTCT-UHFFFAOYSA-N,6.113509274827518,False,c1ccc(Nc2ncnc3ccccc23)cc1
CHEMBL2070048,CCOc1ccc2cc(-c3nn(C(C)C)c4ncnc(N)c34)ccc2c1,MJOCJDMQRCJQJF-UHFFFAOYSA-N,6.154901959985743,False,c1ccc2cc(-c3n[nH]c4ncncc34)ccc2c1
CHEMBL4209588,Cc1c(C(=O)NC(CO)Cc2ccccc2)[nH]c2ccc(Cl)cc12,MJOHDUGXCLBUJB-UHFFFAOYSA-N,6.301029995663981,True,O=C(NCCc1ccccc1)c1cc2ccccc2[nH]1
CHEMBL137617,CN=NNc1ccc2ncnc(Nc3cccc(Br)c3)c2c1,MJYHECTVHQNNJE-UHFFFAOYSA-N,7.4089353929735005,True,c1ccc(Nc2ncnc3ccccc23)cc1
CHEMBL500381,CCC(=O)O[C@H]1CN[C@H](C#Cc2cc3ncnc(Nc4ccc(OCc5cccc(F)c5)c(Cl)c4)c3s2)C1,MKBPBVLIFVBKCV-TZIWHRDSSA-N,7.200659450546418,True,C(#C[C@@H]1CCCN1)c1cc2ncnc(Nc3ccc(OCc4ccccc4)cc3)c2s1
CHEMBL1928886,Oc1ccc(CNc2ccc3ncnc(Nc4cccc(Cl)c4)c3c2)cc1,MKCNIOCGDKPKDS-UHFFFAOYSA-N,5.7281583934635005,False,c1ccc(CNc2ccc3ncnc(Nc4ccccc4)c3c2)cc1
CHEMBL1762110,CC(=O)NC[C@H]1CC[C@H](c2nc(-c3cc4ccccc4[nH]3)c3c(N)nccn32)CC1,MKMYAVUUMSCFQQ-WKILWMFISA-N,5.446116973356125,False,c1ccc2[nH]c(-c3nc(C4CCCCC4)n4ccncc34)cc2c1
CHEMBL193544,CN1CCC(Oc2cccc3ncnc(Nc4ccc(OCc5ccccn5)c(Cl)c4)c23)CC1,MKNGJNHUZSCTJU-UHFFFAOYSA-N,6.853871964321762,True,c1ccc(COc2ccc(Nc3ncnc4cccc(OC5CCNCC5)c34)cc2)nc1
CHEMBL544538,C=C(CN1CCNCC1)C(=O)c1ccc(OCc2ccccc2)cc1,MKQARZWCBJWQFQ-UHFFFAOYSA-N,5.823908740944319,False,C=C(CN1CCNCC1)C(=O)c1ccc(OCc2ccccc2)cc1
CHEMBL45827,CCN(CC)CCCCNc1ncc2cc(-c3c(Cl)cccc3Cl)c(NC(=O)NC(C)(C)C)nc2n1,MKVMEJKNLUWFSQ-UHFFFAOYSA-N,6.619788758288394,True,c1ccc(-c2cnc3ncncc3c2)cc1
CHEMBL53156,CNc1ccc2ncnc(Nc3cccc(Br)c3)c2n1,MKXXQHSAJJMCBR-UHFFFAOYSA-N,8.508638306165727,True,c1ccc(Nc2ncnc3cccnc23)cc1
CHEMBL1336,CNC(=O)c1cc(Oc2ccc(NC(=O)Nc3ccc(Cl)c(C(F)(F)F)c3)cc2)ccn1,MLDQJTXFUGDVEO-UHFFFAOYSA-N,8.528708288941061,True,O=C(Nc1ccccc1)Nc1ccc(Oc2ccncc2)cc1
CHEMBL3622629,C=CC(=O)Nc1cc2c(Nc3ccc(F)c(Cl)c3)ncnc2cc1O[C@H]1CCOC1,MLHDLQIHGCIPJQ-ZDUSSCGKSA-N,8.236572006437063,True,c1ccc(Nc2ncnc3cc(O[C@H]4CCOC4)ccc23)cc1
CHEMBL3403512,Cc1nc(N(C)c2ccc3c(c2)OCO3)c2cc(C)oc2n1,MLNZPKUVAATQRY-UHFFFAOYSA-N,6.525492360883025,True,c1nc(Nc2ccc3c(c2)OCO3)c2ccoc2n1
CHEMBL3092321,CN1CCN(C(=O)Nc2cc3c(Nc4ccc(F)c(Cl)c4)ncnc3cc2O[C@H]2CCOC2)CC1,MLQHINYGKQJJHD-INIZCTEOSA-N,6.333482019445119,True,O=C(Nc1cc2c(Nc3ccccc3)ncnc2cc1O[C@H]1CCOC1)N1CCNCC1
CHEMBL3676354,C=CC(=O)Nc1cc2c(Nc3cc(Cl)c(Br)cc3F)ncnc2cc1OCCNCC(C)=O,MLSWVVZNGKLNPB-UHFFFAOYSA-N,7.886056647693163,True,c1ccc(Nc2ncnc3ccccc23)cc1
CHEMBL3915306,O=C(CBr)OCCn1c(=O)oc2cc3ncnc(Nc4ccc(OCc5ccc(Cl)cc5)cc4)c3cc21,MLUJQJKMFNMWBV-UHFFFAOYSA-N,5.1938200260161125,False,O=c1[nH]c2cc3c(Nc4ccc(OCc5ccccc5)cc4)ncnc3cc2o1
CHEMBL1198361,Brc1cccc(Nc2ncnc3cc4c(cc23)OCCCO4)c1,MLUORATXQGKELU-UHFFFAOYSA-N,7.070581074285707,True,c1ccc(Nc2ncnc3cc4c(cc23)OCCCO4)cc1
CHEMBL4090330,C=CC(=O)Nc1cc(Nc2[nH]nc3ccccc23)ccc1N(C)CCN(C)C,MLUSPHXLWLGAGE-UHFFFAOYSA-N,5.58070527824654,False,c1ccc(Nc2[nH]nc3ccccc23)cc1
CHEMBL357400,COc1cc(C=C(C#N)C(=O)NCCCCNC(=O)C(C#N)=Cc2cc(Br)c(O)c(OC)c2)cc(Br)c1O,MLVVVAQFZDHHMO-UHFFFAOYSA-N,3.991399828238082,False,O=C(C=Cc1ccccc1)NCCCCNC(=O)C=Cc1ccccc1
CHEMBL391779,CNC1CCN(Cc2ccn3ncnc(Nc4ccc5c(cnn5Cc5cccc(F)c5)c4)c23)CC1,MLYHNVDOBUQIID-UHFFFAOYSA-N,7.200659450546418,True,c1ccc(Cn2ncc3cc(Nc4ncnn5ccc(CN6CCCCC6)c45)ccc32)cc1
CHEMBL1242207,CC(C)n1nc(-c2ccc3cnccc3c2)c2c(N)ncnc21,MLYMHKQJJPVNAP-UHFFFAOYSA-N,4.6020599913279625,False,c1cc2cc(-c3n[nH]c4ncncc34)ccc2cn1
CHEMBL590875,Oc1csc(=NN=Cc2cc(Br)cc(Br)c2O)[nH]1,MMBDYESCJSEQHC-UHFFFAOYSA-N,5.906578314837764,False,C(=NN=c1[nH]ccs1)c1ccccc1
CHEMBL4228176,C=CC(=O)Nc1cccc(NC(=O)Nc2ccnc(Nc3ccc(N4CCC(N(CC)CC)CC4)cc3OC)n2)c1,MMIVMSNIAOAVSX-UHFFFAOYSA-N,7.443697499232712,True,O=C(Nc1ccccc1)Nc1ccnc(Nc2ccc(N3CCCCC3)cc2)n1
CHEMBL3327179,N#CC1C(=N)N(c2cccnc2)C2=C(C(=O)CCC2)C1c1cc2ccccc2n2nnnc12,MMJLFDJMASLGMD-UHFFFAOYSA-N,5.318758762624412,False,N=C1CC(c2cc3ccccc3n3nnnc23)C2=C(CCCC2=O)N1c1cccnc1
CHEMBL3087193,C=CC(=O)N1CC[C@H](N2C(=O)N(c3ccccc3)Cc3cnc(Nc4ccc(C5CCN(C)CC5)cc4)nc32)C1,MMNBFIZFTKJPBY-MHZLTWQESA-N,7.790484985457369,True,O=C1N(c2ccccc2)Cc2cnc(Nc3ccc(C4CCNCC4)cc3)nc2N1[C@H]1CCNC1
CHEMBL317925,COc1cc2ncnc(Nc3cccc(Br)c3)c2c(OC)c1OC,MMRJGOKRGZAQNE-UHFFFAOYSA-N,9.173925197299171,True,c1ccc(Nc2ncnc3ccccc23)cc1
CHEMBL1173455,Cc1ccc(C2=NN(C(N)=S)C(c3ccc(F)cc3)C2)cc1C,MMRNBNZGCDCCFK-UHFFFAOYSA-N,6.080921907623926,False,c1ccc(C2=NNC(c3ccccc3)C2)cc1
CHEMBL4246256,Oc1cccc(Nc2nnnc3sc4c(c23)CCC4)c1,MMUHXSLRIFVTMO-UHFFFAOYSA-N,4.283078926833239,False,c1ccc(Nc2nnnc3sc4c(c23)CCC4)cc1
CHEMBL1241483,COc1cc(-c2nn(C(C)C)c3ncnc(N)c23)ccc1F,MNJNKKYCZKBVRY-UHFFFAOYSA-N,5.413412695328245,False,c1ccc(-c2n[nH]c3ncncc23)cc1
CHEMBL3233764,O=C(CN1CCC(CCO)CC1)Nc1cc2c(Nc3ccc(F)c(Cl)c3)ncnc2s1,MNJZUIGMIQIFAV-UHFFFAOYSA-N,6.266000713461613,False,O=C(CN1CCCCC1)Nc1cc2c(Nc3ccccc3)ncnc2s1
CHEMBL4106341,Cc1[nH]c2ncnc(NC3CCCCC3)c2c1C,MNMIACDKHXNMKX-UHFFFAOYSA-N,5.1598939055432425,False,c1nc(NC2CCCCC2)c2cc[nH]c2n1
CHEMBL344177,O=C(/C=C/Cl)Nc1cc2c(Nc3cccc(Br)c3)ncnc2cn1,MNRDWWUGMJRIIM-SNAWJCMRSA-N,7.698970004336019,True,c1ccc(Nc2ncnc3cnccc23)cc1
CHEMBL3939300,CCC(=O)Nc1cc2c(Nc3ccc4c(ccn4Cc4cccnc4)c3)ncnc2cc1OC,MNXBPMHJGAAMCB-UHFFFAOYSA-N,6.146301788223825,False,c1cncc(Cn2ccc3cc(Nc4ncnc5ccccc45)ccc32)c1
CHEMBL378370,COc1cc2ncnc(Nc3cccc(Cl)c3F)c2cc1CN(C)C1CCNC1=O,MOFYSSKDMWISNA-UHFFFAOYSA-N,7.698970004336019,True,O=C1NCCC1NCc1ccc2ncnc(Nc3ccccc3)c2c1
CHEMBL2011291,Nc1c(-c2ccc(F)cc2)c(-c2ccncc2)nn1-c1c(Cl)cc(Cl)cc1Cl,MOHYPRXHKRXDSE-UHFFFAOYSA-N,6.94692155651658,True,c1ccc(-c2cn(-c3ccccc3)nc2-c2ccncc2)cc1
CHEMBL4099254,C=CC(=O)N1CCC[C@@H](n2nc(C3CC3)c3c(N)ncnc32)C1,MOLYQESFEXWLIR-LLVKDONJSA-N,6.958607314841775,True,c1ncc2c(C3CC3)nn([C@@H]3CCCNC3)c2n1
CHEMBL1242208,CC(C)n1nc(-c2ccc3ccncc3c2)c2c(N)ncnc21,MONJJHLZSIEMDE-UHFFFAOYSA-N,4.0,False,c1cc2ccc(-c3n[nH]c4ncncc34)cc2cn1
CHEMBL3612595,CCOC(=O)CCCn1c(=O)oc2cc3ncnc(Nc4cccc(O)c4)c3cc21,MOPYOARXHGMORV-UHFFFAOYSA-N,8.060480747381382,True,O=c1[nH]c2cc3c(Nc4ccccc4)ncnc3cc2o1
CHEMBL593306,COc1ccc2nc(-c3ccc(Nc4ncnc5cc(OCCCN6CCN(C)CC6)c(OC)cc45)cc3)sc2c1,MOQBNQNUPNPLCH-UHFFFAOYSA-N,6.698970004336019,True,c1ccc2sc(-c3ccc(Nc4ncnc5cc(OCCCN6CCNCC6)ccc45)cc3)nc2c1
CHEMBL3894076,C=CC(=O)Nc1cccc(Oc2nc(Nc3cccc(OC)c3OC)ncc2Br)c1,MOQWLDSTRHMSCL-UHFFFAOYSA-N,6.187086643357144,False,c1ccc(Nc2nccc(Oc3ccccc3)n2)cc1
CHEMBL1928952,Nc1cc(Nc2cccc(Oc3cc(Nc4ccc(OCc5cccc(F)c5)c(Cl)c4)ncn3)c2)ncn1,MPAXOULLJGPMCD-UHFFFAOYSA-N,7.214670164989233,True,c1ccc(COc2ccc(Nc3cc(Oc4cccc(Nc5ccncn5)c4)ncn3)cc2)cc1
CHEMBL75208,Cc1[nH]c2ncnc(Nc3cccc(C#N)c3)c2c1C,MPFUPSNMAKEAKB-UHFFFAOYSA-N,6.698970004336019,True,c1ccc(Nc2ncnc3[nH]ccc23)cc1
CHEMBL154260,O=C(CCc1c(SSc2[nH]c3ccccc3c2CCC(=O)NCCc2ccccc2)[nH]c2ccccc12)NCCc1ccccc1,MPGQFAMKTLPOPX-UHFFFAOYSA-N,4.619788758288394,False,O=C(CCc1c(SSc2[nH]c3ccccc3c2CCC(=O)NCCc2ccccc2)[nH]c2ccccc12)NCCc1ccccc1
CHEMBL3355874,COc1cc2ncnc(Nc3ccc(F)c(Cl)c3)c2cc1OCCCn1ccnc1[N+](=O)[O-],MPLVHKDDFCZIJT-UHFFFAOYSA-N,9.050609993355089,True,c1ccc(Nc2ncnc3ccc(OCCCn4ccnc4)cc23)cc1
CHEMBL116857,COc1cc(NC(=O)/C=C/CN(C)C)cc2c(Nc3cccc(Br)c3)c(C#N)cnc12,MPNMKIMGGUGYMJ-VMPITWQZSA-N,5.5406075122407685,False,c1ccc(Nc2ccnc3ccccc23)cc1
CHEMBL202244,COC(=O)c1c(OCCN2CCCC2)c2ccccc2c2oc3c(c12)C(=O)c1ccccc1C3=O,MPRJXIBHCLPEPI-UHFFFAOYSA-N,5.045757490560675,False,O=C1c2ccccc2C(=O)c2c1oc1c2cc(OCCN2CCCC2)c2ccccc21
CHEMBL4226702,C=CC(=O)Nc1cccc(NC(=O)Nc2ccnc(Nc3ccc(N4CCOCC4)cc3OC)n2)c1,MPRSBSDBHFWKDM-UHFFFAOYSA-N,6.647817481888637,True,O=C(Nc1ccccc1)Nc1ccnc(Nc2ccc(N3CCOCC3)cc2)n1
CHEMBL255135,CNCCOc1[nH]nc2ncnc(Nc3ccc(OCc4ccccn4)c(Cl)c3)c12,MPSMEEDGQBLMNI-UHFFFAOYSA-N,7.769551078621726,True,c1ccc(COc2ccc(Nc3ncnc4n[nH]cc34)cc2)nc1
CHEMBL1242848,CC(C)n1nc(-c2ccc(N)c(O)c2)c2c(N)ncnc21,MPUATQFVQOUAJF-UHFFFAOYSA-N,5.673664139071249,False,c1ccc(-c2n[nH]c3ncncc23)cc1
CHEMBL484109,Nc1nc(Nc2cccc(Br)c2)c2cc(CCc3ccc4ccccc4c3)[nH]c2n1,MPXBINGDRCKJQG-UHFFFAOYSA-N,5.327902142064282,False,c1ccc(Nc2ncnc3[nH]c(CCc4ccc5ccccc5c4)cc23)cc1
CHEMBL473351,COc1cc2ncnc(Nc3ccc(-c4nc5ccccc5s4)c(O)c3)c2cc1OC,MPXQJBIEYPHEBG-UHFFFAOYSA-N,5.657577319177793,False,c1ccc2sc(-c3ccc(Nc4ncnc5ccccc45)cc3)nc2c1
CHEMBL3114700,C#Cc1cccc(Nc2ncnc3cc4c(cc23)N(C(=O)/C=C/CN2CCCC2)CCO4)c1,MPZQGVLXKADGSM-RMKNXTFCSA-N,8.522878745280337,True,O=C(/C=C/CN1CCCC1)N1CCOc2cc3ncnc(Nc4ccccc4)c3cc21
CHEMBL73406,Cc1[nH]c2ncnc(Nc3cc(Cl)cc(Cl)c3)c2c1C,MQEHEANDFNFOSY-UHFFFAOYSA-N,6.769551078621726,True,c1ccc(Nc2ncnc3[nH]ccc23)cc1
CHEMBL425402,Fc1ccc(Nc2ncnc3c2NCc2ccccc2O3)cc1Cl,MQEVIMGKHUODPP-UHFFFAOYSA-N,5.958607314841775,False,c1ccc(Nc2ncnc3c2NCc2ccccc2O3)cc1
CHEMBL3234749,Cc1ccc(C(=O)Nc2ccc(CN3CCN(C)CC3)c(C(F)(F)F)c2)cc1NC(=O)c1cnc(NC2CCCCC2)nc1,MQGPTUGZEDOVCK-UHFFFAOYSA-N,7.327902142064282,True,O=C(Nc1cccc(C(=O)Nc2ccc(CN3CCNCC3)cc2)c1)c1cnc(NC2CCCCC2)nc1
CHEMBL4286998,c1ccc(-c2nc3sc(-c4ccccc4)cn3n2)cc1,MQINFORAEYANLM-UHFFFAOYSA-N,5.008773924307505,False,c1ccc(-c2nc3sc(-c4ccccc4)cn3n2)cc1
CHEMBL554983,Brc1cccc(Nc2ncnc3c2[nH]c2ccccc23)c1,MQJJIOLMGNHHTC-UHFFFAOYSA-N,7.142667503568731,True,c1ccc(Nc2ncnc3c2[nH]c2ccccc23)cc1
CHEMBL3233020,O=C(/C=C/CN1CC2(COC2)C1)Nc1cc2c(Nc3ccc(F)c(Cl)c3)ncnc2s1,MQNYCQVJZRHKSO-OWOJBTEDSA-N,8.154901959985743,True,O=C(/C=C/CN1CC2(COC2)C1)Nc1cc2c(Nc3ccccc3)ncnc2s1
CHEMBL188304,Cc1ccn2ncnc(Nc3ccc(F)c(Cl)c3)c12,MQUDAGONIFHBJH-UHFFFAOYSA-N,7.0,True,c1ccc(Nc2ncnn3cccc23)cc1
CHEMBL1242295,Nc1ncnc2c1c(-c1ccc3[nH]ccc3c1)nn2C1CCCC1,MRCFTWAYZAHAFA-UHFFFAOYSA-N,6.13430394008393,False,c1ncc2c(-c3ccc4[nH]ccc4c3)nn(C3CCCC3)c2n1
CHEMBL245867,NCCCCOCc1ccn2ncnc(Nc3ccc4c(cnn4Cc4cccc(F)c4)c3)c12,MRDZXMOZCRVRBY-UHFFFAOYSA-N,6.795880017344075,True,c1ccc(Cn2ncc3cc(Nc4ncnn5cccc45)ccc32)cc1
CHEMBL3290148,CCC(=O)N=CC(=O)Nc1cccc(Nc2ncc(NC(=O)c3cc(NC(=O)c4cccc(C(F)(F)F)c4)ccc3C)cn2)c1,MRHMGJPYCHACKK-UHFFFAOYSA-N,8.154901959985743,True,O=C(Nc1cccc(C(=O)Nc2cnc(Nc3ccccc3)nc2)c1)c1ccccc1
CHEMBL207674,COc1cc2ncnc(Nc3cccc(Cl)c3F)c2cc1CN1CCOCC1C(N)=O,MRMPJCJPMMLVBE-UHFFFAOYSA-N,7.301029995663981,True,c1ccc(Nc2ncnc3ccc(CN4CCOCC4)cc23)cc1
CHEMBL378145,Clc1ccc2c(c1)CNc1c(Nc3cccc(Br)c3)ncnc1O2,MRWAZVPCMKBBCK-UHFFFAOYSA-N,5.468521082957745,False,c1ccc(Nc2ncnc3c2NCc2ccccc2O3)cc1
CHEMBL3754722,COc1cc(NC(=O)Nc2ccncc2)cc(-c2cncnc2)c1OC,MRYFTLULTNXEOR-UHFFFAOYSA-N,6.536913666975467,True,O=C(Nc1ccncc1)Nc1cccc(-c2cncnc2)c1
CHEMBL1242749,Nc1ncnc2c1c(-c1ccc(F)c(O)c1)nn2[C@@H]1CCOC1,MRZVUZUMBCEAGI-SECBINFHSA-N,5.585026652029182,False,c1ccc(-c2nn([C@@H]3CCOC3)c3ncncc23)cc1
CHEMBL1242748,Nc1ncnc2c1c(-c1ccc(F)c(O)c1)nn2[C@H]1CCOC1,MRZVUZUMBCEAGI-VIFPVBQESA-N,5.318758762624412,False,c1ccc(-c2nn([C@H]3CCOC3)c3ncncc23)cc1
CHEMBL2424801,O=C(/C=C/c1cccnc1)Nc1ccc2ncnc(Nc3cccc(Cl)c3)c2c1,MSJSVXPZBQQCHM-RMKNXTFCSA-N,5.327902142064282,False,O=C(/C=C/c1cccnc1)Nc1ccc2ncnc(Nc3ccccc3)c2c1
CHEMBL592240,Oc1csc(=NN=C2CCCCCCC2)[nH]1,MSLAMKYOCOCPQZ-UHFFFAOYSA-N,4.568636235841013,False,c1csc(=NN=C2CCCCCCC2)[nH]1
CHEMBL281300,C=CC(=O)Nc1ccc2ncc(C#N)c(Nc3cccc(Br)c3)c2c1,MSLIBSZZLAWHQM-UHFFFAOYSA-N,6.229147988357855,False,c1ccc(Nc2ccnc3ccccc23)cc1
CHEMBL3912598,C#Cc1cccc(Nc2ncnc3ccc(OCCCCCC(O)=NO)cc23)c1,MSLPNNXNKGAMLX-UHFFFAOYSA-N,7.0,True,c1ccc(Nc2ncnc3ccccc23)cc1
CHEMBL591437,CCCCN(Cc1cccc(C)c1O)C(=S)Nc1ccccc1,MSQALUIPMRXAFL-UHFFFAOYSA-N,4.3644157336887694,False,S=C(NCc1ccccc1)Nc1ccccc1
CHEMBL3828269,Cn1cc(-c2ccc3ncnc(Nc4ccc(F)c(Cl)c4)c3c2)cn1,MSSFKFFUKSRZMQ-UHFFFAOYSA-N,8.527243550682787,True,c1ccc(Nc2ncnc3ccc(-c4cn[nH]c4)cc23)cc1
CHEMBL4288648,O=C1Nc2ccc(S(=O)(=O)N3CCOCC3)cc2C1=Nc1ccc(O)cc1,MSUDQKVPOYLRAK-UHFFFAOYSA-N,6.124360062995832,False,O=C1Nc2ccc(S(=O)(=O)N3CCOCC3)cc2C1=Nc1ccccc1
CHEMBL3671573,C=CC(=O)Nc1cc2c(Nc3ccc(Br)cc3F)ncnc2cc1OCCNC(=O)CCN1CCCCC1,MSXNFZGSSBGIKB-UHFFFAOYSA-N,7.853871964321762,True,O=C(CCN1CCCCC1)NCCOc1ccc2c(Nc3ccccc3)ncnc2c1
CHEMBL1794063,O=S(=O)(CCNCc1ccc(-c2ccc3ncnc(Nc4ccc(OCc5cccc(F)c5)c(Cl)c4)c3c2)o1)c1ccccc1,MTHDVQYDQJZAFB-UHFFFAOYSA-N,7.721246399047171,True,O=S(=O)(CCNCc1ccc(-c2ccc3ncnc(Nc4ccc(OCc5ccccc5)cc4)c3c2)o1)c1ccccc1
CHEMBL4066170,C=CC(=O)Nc1cc(Nc2nccc(-c3cn(C)c4ccc(F)cc34)n2)c(OC)cc1N(C)CC[N+](C)(C)[O-],MTILPOMEZWINDU-UHFFFAOYSA-N,7.991399828238082,True,c1ccc(Nc2nccc(-c3c[nH]c4ccccc34)n2)cc1
CHEMBL3741490,C#Cc1cccc(Nc2ncnc3cc(OCCO)c(OCCOC)cc23)c1,MTLKTHNRZJKPRP-UHFFFAOYSA-N,9.0,True,c1ccc(Nc2ncnc3ccccc23)cc1
CHEMBL1328065,Oc1ccccc1-c1nc(NCc2cccnc2)c2ccccc2n1,MTMNCZKFTUQNJT-UHFFFAOYSA-N,4.614393726401688,False,c1ccc(-c2nc(NCc3cccnc3)c3ccccc3n2)cc1
CHEMBL3671514,C=CC(=O)Nc1cc2c(Nc3ccc(Br)c(Cl)c3F)ncnc2cc1OCCNC(=O)N1CCOCC1,MTPCBGCWGDTUPD-UHFFFAOYSA-N,7.455931955649724,True,O=C(NCCOc1ccc2c(Nc3ccccc3)ncnc2c1)N1CCOCC1
CHEMBL3622633,COCCOc1cc2ncnc(Nc3ccc(Cl)c(C(F)(F)F)c3)c2cc1NC(=O)/C=C/CN(C)C,MTSCCALHTIRYSN-SNAWJCMRSA-N,6.241390857340257,False,c1ccc(Nc2ncnc3ccccc23)cc1
CHEMBL289959,c1ccc(Nc2ncnc3ccccc23)cc1,MTSNDBYBIZSILH-UHFFFAOYSA-N,6.460923901207224,True,c1ccc(Nc2ncnc3ccccc23)cc1
CHEMBL346716,CC(=O)NC(Cc1c(SSc2[nH]c3ccccc3c2CC(NC(C)=O)C(=O)NCc2ccccc2)[nH]c2ccccc12)C(=O)NCc1ccccc1,MTTNYIXYAZMASA-UHFFFAOYSA-N,4.292429823902063,False,O=C(CCc1c(SSc2[nH]c3ccccc3c2CCC(=O)NCc2ccccc2)[nH]c2ccccc12)NCc1ccccc1
CHEMBL2316154,COc1cc(/C=C2\CCC/C(=C\c3ccc(N(C)C)cc3)C2=O)cc(OC)c1,MTWBBTPEPAYVAA-KVOOEGMKSA-N,5.4089353929735005,False,O=C1/C(=C/c2ccccc2)CCC/C1=C\c1ccccc1
CHEMBL3799864,C=CC(=O)Nc1cccc(Oc2nc(Nc3ccc(N4CCCN(C(C)=O)CC4)cc3OC)ncc2SC)c1,MTXGVGJDJNQPCL-UHFFFAOYSA-N,6.409604052815987,True,c1ccc(Oc2ccnc(Nc3ccc(N4CCCNCC4)cc3)n2)cc1
CHEMBL605337,CCCCCCCCCCNC(=O)COc1cc(O)c2c(=O)cc(-c3ccccc3)oc2c1,MTYAURPRLBYOMT-UHFFFAOYSA-N,5.669586226650809,False,O=c1cc(-c2ccccc2)oc2ccccc12
CHEMBL488271,CN=C(N)SCCCn1c(=O)c2c(c1=O)n1c3ccccc3cc1c1cccc3ccn2c31,MTYBEFAXRMHIIW-UHFFFAOYSA-N,5.00436480540245,False,O=c1[nH]c(=O)c2c1n1ccc3cccc(c31)c1cc3ccccc3n12
CHEMBL248116,NC1CCN(Cc2ccn3ncnc(Nc4ccc(OCc5ccccn5)c(Cl)c4)c23)CC1,MUDNFYFQYCKQEI-UHFFFAOYSA-N,7.443697499232712,True,c1ccc(COc2ccc(Nc3ncnn4ccc(CN5CCCCC5)c34)cc2)nc1
CHEMBL4089588,O=C(Nc1ccc(Cl)cc1)Nc1ccc2ncnc(Nc3cccc(Br)c3)c2c1,MUECGXPLXJJUFC-UHFFFAOYSA-N,7.714442690992226,True,O=C(Nc1ccccc1)Nc1ccc2ncnc(Nc3ccccc3)c2c1
CHEMBL419047,COc1cc(C=C(C#N)C(N)=O)cc(CSc2ccc(O)cc2)c1O,MUFCOBQTESUAKV-UHFFFAOYSA-N,5.6020599913279625,False,c1ccc(CSc2ccccc2)cc1
CHEMBL3753444,COc1ccc(-c2cc(NC(=O)Nc3ccncc3)cc(OC)c2OC)cn1,MUJRZTGAKRMJAT-UHFFFAOYSA-N,6.341826369776011,True,O=C(Nc1ccncc1)Nc1cccc(-c2cccnc2)c1
CHEMBL3325474,COC(=O)C1C(=N)N(c2cccnc2)C2=C(C(=O)CCC2)C1c1cc2cc(C)ccc2n2nnnc12,MULDWVDUFRQDRY-UHFFFAOYSA-N,5.366531544420413,False,N=C1CC(c2cc3ccccc3n3nnnc23)C2=C(CCCC2=O)N1c1cccnc1
CHEMBL4081860,NCCSc1nc(-c2ccc(F)cc2)c(-c2ccnc(Nc3ccccc3)c2)[nH]1,MUOFVOPPHGCPBQ-UHFFFAOYSA-N,7.537602002101044,True,c1ccc(Nc2cc(-c3[nH]cnc3-c3ccccc3)ccn2)cc1
CHEMBL4103893,CCC(=O)N1CC[C@H](N2C(=O)N(c3cc(OC)ccc3F)Cc3cnc(Nc4ccc(N5C[C@@H](C)N(C)[C@@H](C)C5)c(C)c4)nc32)C1,MUXKEVHCFMXAJB-ZEVJAHDQSA-N,6.051489231162343,False,O=C1N(c2ccccc2)Cc2cnc(Nc3ccc(N4CCNCC4)cc3)nc2N1[C@H]1CCNC1
CHEMBL606413,CN(C)c1cccc2c(S(=O)(=O)NCCN=NNc3ccc4ncnc(Nc5cccc(Cl)c5)c4c3)cccc12,MUYAKCSSXBQEFX-UHFFFAOYSA-N,5.853871964321762,False,O=S(=O)(NCCN=NNc1ccc2ncnc(Nc3ccccc3)c2c1)c1cccc2ccccc12
CHEMBL3823520,COc1cc2c(Oc3ccc(NC(=O)c4cn(-c5ccccc5Cl)nn4)cc3F)ccnc2cc1OCCCN1CCCCC1,MVAYPHGEGDDSJN-UHFFFAOYSA-N,6.276216063034671,False,O=C(Nc1ccc(Oc2ccnc3cc(OCCCN4CCCCC4)ccc23)cc1)c1cn(-c2ccccc2)nn1
CHEMBL103667,Cc1ccc(-n2nc(C(C)(C)C)cc2NC(=O)Nc2ccc(OCCN3CCOCC3)c3ccccc23)cc1,MVCOAUNKQVWQHZ-UHFFFAOYSA-N,5.42021640338319,False,O=C(Nc1ccc(OCCN2CCOCC2)c2ccccc12)Nc1ccnn1-c1ccccc1
CHEMBL1241858,Nc1ncnc2c1c(-c1ccc(Cl)c(O)c1)nn2CC1CCCNC1,MVFQHVQABARLKS-UHFFFAOYSA-N,5.565431095965801,False,c1ccc(-c2nn(CC3CCCNC3)c3ncncc23)cc1
CHEMBL250925,CCOc1cc2ncnc(/C=C/c3ccccc3)c2cc1OCC,MVIQZBWZLCMZGF-ZHACJKMWSA-N,7.823908740944319,True,C(=C\c1ncnc2ccccc12)/c1ccccc1
CHEMBL168656,COc1cccc(-c2cn(C3CCN(C(=O)OC(C)(C)C)C3)c3ncnc(N)c23)c1,MVJIDURGJSOZKO-UHFFFAOYSA-N,5.6777807052660805,False,c1ccc(-c2cn(C3CCNC3)c3ncncc23)cc1
CHEMBL79206,CN(CCO)Cc1ccc(-c2cc3nccc(Nc4ccc5[nH]ccc5c4)c3s2)cc1,MVLNKEXGMMGTDC-UHFFFAOYSA-N,8.522878745280337,True,c1ccc(-c2cc3nccc(Nc4ccc5[nH]ccc5c4)c3s2)cc1
CHEMBL1812564,O=C(/C=C/c1ccc(Br)cc1)Nc1ccc2ncnc(Nc3cccc(Cl)c3)c2c1,MVMLCLYEVJGFBY-IZZDOVSWSA-N,5.45717457304082,False,O=C(/C=C/c1ccccc1)Nc1ccc2ncnc(Nc3ccccc3)c2c1
CHEMBL294681,C[S+]([O-])c1ccc(C=C(C#N)C#N)cc1,MVOSYVAMGLEZRZ-UHFFFAOYSA-N,2.744727494896693,False,c1ccccc1
CHEMBL3813979,CN1CCC(n2cc(-c3cnc(N)c(-c4nc5ccccc5[nH]4)n3)cn2)CC1,MVRKXURTIJFBPH-UHFFFAOYSA-N,6.537602002101044,True,c1ccc2[nH]c(-c3cncc(-c4cnn(C5CCNCC5)c4)n3)nc2c1
CHEMBL3666714,O=S(=O)(NCc1ccc(-c2ccc3ncnc(Nc4ccc(OCc5cccc(F)c5)c(Cl)c4)c3c2)o1)C(F)(F)F,MVVFGYFCZLTASL-UHFFFAOYSA-N,7.489454989793388,True,c1ccc(COc2ccc(Nc3ncnc4ccc(-c5ccco5)cc34)cc2)cc1
CHEMBL3416596,COc1ccccc1-c1cc2c(N[C@H](C)c3ccc(F)cc3)ncnc2s1,MVWNHQVCPRDVLY-CYBMUJFWSA-N,7.568636235841012,True,c1ccc(CNc2ncnc3sc(-c4ccccc4)cc23)cc1
CHEMBL283201,C=CC(=O)Nc1ccc2ncnc(Nc3ccc(CN(C)C)c(Br)c3)c2c1,MWAIFRUFCZCDIF-UHFFFAOYSA-N,7.346787486224656,True,c1ccc(Nc2ncnc3ccccc23)cc1
CHEMBL473320,COc1cc2ncnc(-c3c[nH]c4ccc(Br)cc34)c2cc1OC,MWBJNWJINFGNLQ-UHFFFAOYSA-N,6.882728704344236,True,c1ccc2c(-c3c[nH]c4ccccc34)ncnc2c1
CHEMBL449093,O=C(O)c1ccc(S(=O)(=O)Oc2ccc(/C=C/[N+](=O)[O-])cc2)cc1O,MWDCVVUQLSYYPR-BQYQJAHWSA-N,7.267606240177031,True,O=S(=O)(Oc1ccccc1)c1ccccc1
CHEMBL344652,CN(C)/N=N/c1ccc2ncnc(N(C)c3ccccc3)c2c1,MWEWMNFBPPFBQZ-QZQOTICOSA-N,4.874518734299406,False,c1ccc(Nc2ncnc3ccccc23)cc1
CHEMBL4228018,C=CC(=O)Nc1cccc(NC(=O)Nc2ccnc(Nc3ccc(OCCOC)cc3)n2)c1,MWFCGJFLMGDPCI-UHFFFAOYSA-N,6.575118363368933,True,O=C(Nc1ccccc1)Nc1ccnc(Nc2ccccc2)n1
CHEMBL3942999,CCC(=O)Nc1cc2c(Nc3ccc(Cc4ccncc4)cc3)ncnc2cc1OC,MWFCPZVRFPHQKV-UHFFFAOYSA-N,6.411168274405792,True,c1ccc2c(Nc3ccc(Cc4ccncc4)cc3)ncnc2c1
CHEMBL3944572,CCC(=O)Nc1cc2c(Nc3ccc(Oc4cccc(F)c4)cc3)ncnc2cc1OC,MWFMVXZUTVIRRN-UHFFFAOYSA-N,6.055024091587952,False,c1ccc(Oc2ccc(Nc3ncnc4ccccc34)cc2)cc1
CHEMBL4109796,C=CC(=O)N1CCC[C@@H]1Cn1nc(-c2ccc(Oc3ccccc3)cc2)c2c(N)ncnc21,MWNASUNUUFWMNK-GOSISDBHSA-N,7.726998727936262,True,c1ccc(Oc2ccc(-c3nn(C[C@H]4CCCN4)c4ncncc34)cc2)cc1
CHEMBL3910496,C=CC(=O)N1CCC[C@H]1Cn1nc(-c2ccc(Oc3ccccc3)cc2)c2c(N)ncnc21,MWNASUNUUFWMNK-SFHVURJKSA-N,8.638649975647734,True,c1ccc(Oc2ccc(-c3nn(C[C@@H]4CCCN4)c4ncncc34)cc2)cc1
CHEMBL345211,Cn1c(SSc2c(C(=O)NCC(=O)O)c3ccccc3n2C)c(C(=O)NCC(=O)O)c2ccccc21,MWSDPGNRCYVMGL-UHFFFAOYSA-N,5.0,False,c1ccc2[nH]c(SSc3cc4ccccc4[nH]3)cc2c1
CHEMBL3671578,C=CC(=O)Nc1cc2c(Nc3ccc(Br)cc3F)ncnc2cc1OCC1=NCCO1,MWSSSMXMJMXNIJ-UHFFFAOYSA-N,6.903089986991944,True,c1ccc(Nc2ncnc3cc(OCC4=NCCO4)ccc23)cc1
CHEMBL565467,CC=C1C(=NC(=O)O[C@H]2CC[C@H](N)CC2)NC2N=CN=C(Nc3ccc4c(cnn4Cc4ccccc4)c3)C12,MWTPCVWCTNGBBA-QWJXNUIRSA-N,7.638272163982407,True,C=C1C(=NC(=O)OC2CCCCC2)NC2N=CN=C(Nc3ccc4c(cnn4Cc4ccccc4)c3)C12
CHEMBL277430,Cc1ccc(N(C(=O)c2ccccc2)C(=O)c2ccccc2)cc1Nc1nccc(-c2cccnc2)n1,MWUMVFFPYUFMKV-UHFFFAOYSA-N,4.1249387366083,False,O=C(c1ccccc1)N(C(=O)c1ccccc1)c1cccc(Nc2nccc(-c3cccnc3)n2)c1
CHEMBL1230790,CC(C)n1nc(-c2cccc(O)c2)c2c(N)ncnc21,MWYBBCLGEHZSCP-UHFFFAOYSA-N,6.020451625295905,False,c1ccc(-c2n[nH]c3ncncc23)cc1
CHEMBL114593,COCC#CC(=O)Nc1ccc2ncc(C#N)c(Nc3cccc(Br)c3)c2c1,MXBVVVDUUIDCNR-UHFFFAOYSA-N,6.017728766960431,False,c1ccc(Nc2ccnc3ccccc23)cc1
CHEMBL3623290,COc1cc2ncnc(Nc3cccc(Cl)c3F)c2cc1OC(=O)N1CCN(C)C[C@H]1C,MXDSJQHFFDGFDK-CYBMUJFWSA-N,9.522878745280336,True,O=C(Oc1ccc2ncnc(Nc3ccccc3)c2c1)N1CCNCC1
CHEMBL328977,O=C(C#CCN1CCSCC1)Nc1ccc2ncnc(Nc3cccc(Br)c3)c2c1,MXFUQFIEHKHLRL-UHFFFAOYSA-N,7.022276394711152,True,O=C(C#CCN1CCSCC1)Nc1ccc2ncnc(Nc3ccccc3)c2c1
CHEMBL1812566,COc1cccc(/C=C/C(=O)Nc2ccc3ncnc(Nc4cccc(Cl)c4)c3c2)c1,MXWGKWRQLRKZLP-DHZHZOJOSA-N,5.178486471595226,False,O=C(/C=C/c1ccccc1)Nc1ccc2ncnc(Nc3ccccc3)c2c1
CHEMBL2325104,NC(=S)N1N=C(c2ccc(Cl)cc2)CC1c1cccc2ccccc12,MXWHQDKBDRIKNI-UHFFFAOYSA-N,6.026872146400301,False,c1ccc(C2=NNC(c3cccc4ccccc34)C2)cc1
CHEMBL347161,Cn1c(SSc2c(C(=O)Nc3ccc(C(=O)O)cc3)c3ccccc3n2C)c(C(=O)Nc2ccc(C(=O)O)cc2)c2ccccc21,MYCLDFWRYQGXQK-UHFFFAOYSA-N,4.772113295386326,False,O=C(Nc1ccccc1)c1c(SSc2[nH]c3ccccc3c2C(=O)Nc2ccccc2)[nH]c2ccccc12
CHEMBL2032379,C=CC(=O)Nc1cccc(N2C(=O)N(C)Cc3cnc(Nc4ccc(N5CCOCC5)cc4OC)nc32)c1,MYGPUCMHVBVSTH-UHFFFAOYSA-N,7.785156151952302,True,O=C1NCc2cnc(Nc3ccc(N4CCOCC4)cc3)nc2N1c1ccccc1
CHEMBL3355884,COc1cc2ncnc(Nc3ccc(OCc4cccc(F)c4)c(Cl)c3)c2cc1OCCCCn1ccnc1[N+](=O)[O-],MYIBTJIYLFPFBX-UHFFFAOYSA-N,7.54515513999149,True,c1ccc(COc2ccc(Nc3ncnc4ccc(OCCCCn5ccnc5)cc34)cc2)cc1
CHEMBL56542,N#CC(=Cc1ccc(O)c(O)c1)C(=O)N1CCc2ccccc21,MYKCTDWWIWGLHW-UHFFFAOYSA-N,5.6777807052660805,False,O=C(C=Cc1ccccc1)N1CCc2ccccc21
CHEMBL335648,CO[C@H]1[C@@H]([N+](C)(C)C)C[C@@H]2O[C@@]1(C)n1c3ccccc3c3c4c(c5c6ccccc6n2c5c31)C(=O)NC4,MYOUXQLHWTWXON-VZYCLNPTSA-O,7.721246399047171,True,O=C1NCc2c1c1c3ccccc3n3c1c1c2c2ccccc2n1C1CCC[C@@H]3O1
CHEMBL2064399,C[C@H](Nc1ncnc2cc3oc(=O)n(CCCN4CCOCC4)c3cc12)c1ccccc1,MYTTUHJKUWGZNX-KRWDZBQOSA-N,5.431798275933005,False,O=c1oc2cc3ncnc(NCc4ccccc4)c3cc2n1CCCN1CCOCC1
CHEMBL2064398,C[C@@H](Nc1ncnc2cc3oc(=O)n(CCCN4CCOCC4)c3cc12)c1ccccc1,MYTTUHJKUWGZNX-QGZVFWFLSA-N,5.346787486224656,False,O=c1oc2cc3ncnc(NCc4ccccc4)c3cc2n1CCCN1CCOCC1
CHEMBL246276,OCc1ccn2ncnc(Nc3ccc4c(cnn4Cc4cccc(F)c4)c3)c12,MYVUJYZUPJWAOE-UHFFFAOYSA-N,6.920818753952375,True,c1ccc(Cn2ncc3cc(Nc4ncnn5cccc45)ccc32)cc1
CHEMBL4284684,C=CC(=O)Nc1ccccc1Nc1nc(Nc2ccc(OCC(=O)N3CCOCC3)cc2)ncc1Cl,MZKFGDFLQZMIQF-UHFFFAOYSA-N,7.605548319173783,True,O=C(COc1ccc(Nc2nccc(Nc3ccccc3)n2)cc1)N1CCOCC1
CHEMBL3355880,C#Cc1cccc(Nc2ncnc3cc(OC)c(OCCCCn4ccnc4[N+](=O)[O-])cc23)c1,MZKVFCHPEMRDCD-UHFFFAOYSA-N,9.2518119729938,True,c1ccc(Nc2ncnc3ccc(OCCCCn4ccnc4)cc23)cc1
CHEMBL1910278,Nc1scc2c1c(NCCO)nc1nc(NCCO)nc(N)c12,MZMAYWNWHCZWNL-UHFFFAOYSA-N,4.179798540514359,False,c1ncc2c(n1)ncc1cscc12
CHEMBL131590,CO[C@H]1[C@@H](N(C)C(=O)c2ccccc2Cl)C[C@@H]2O[C@@]1(C)n1c3ccccc3c3c4c(c5c6ccccc6n2c5c31)C(=O)NC4,MZNUNTIEUOYNNT-PZFYLCKJSA-N,5.327902142064282,False,O=C(N[C@@H]1CC2O[C@@H](C1)n1c3ccccc3c3c4c(c5c6ccccc6n2c5c31)CNC4=O)c1ccccc1
CHEMBL78150,CC(C)(C)c1cc(C=C(C#N)C#N)cc(C(C)(C)C)c1O,MZOPWQKISXCCTP-UHFFFAOYSA-N,3.3372421683184257,False,c1ccccc1
CHEMBL3758875,COc1cc2c(Nc3ccc(NC(=O)c4ccc(C)cc4)cc3)ncnc2cc1OCCCN1CCOCC1,MZRBFVUGGURYMM-UHFFFAOYSA-N,6.119186407719209,False,O=C(Nc1ccc(Nc2ncnc3cc(OCCCN4CCOCC4)ccc23)cc1)c1ccccc1
CHEMBL596087,COc1cc2c(Nc3ccc(-c4nc5ccccc5s4)c(C)c3)ncnc2cc1OCCCN1CCN(C)CC1,MZWALFBOTNMRTP-UHFFFAOYSA-N,7.494850021680094,True,c1ccc2sc(-c3ccc(Nc4ncnc5cc(OCCCN6CCNCC6)ccc45)cc3)nc2c1
CHEMBL4086078,C=CC(=O)N1CCC(Sc2nc(-c3ccc(F)cc3)c(-c3ccnc(Nc4ccccc4)c3)[nH]2)C1,MZWHSHYGPBGOEE-UHFFFAOYSA-N,6.379863945026242,True,c1ccc(Nc2cc(-c3[nH]c(SC4CCNC4)nc3-c3ccccc3)ccn2)cc1
CHEMBL2316150,COc1cccc(/C=C2\CCC/C(=C\c3cc(OC)cc(OC)c3)C2=O)c1,NAAUBJFDXWTYOS-XOBNHNQQSA-N,5.214670164989233,False,O=C1/C(=C/c2ccccc2)CCC/C1=C\c1ccccc1
CHEMBL3425672,COc1cc(N2CCN(C)CC2)ccc1Nc1ncc(Cl)c(Oc2cccc(NC(=O)/C=C/C3CC3)c2)n1,NABVLMHESOKZLJ-DHZHZOJOSA-N,5.251811972993799,False,O=C(/C=C/C1CC1)Nc1cccc(Oc2ccnc(Nc3ccc(N4CCNCC4)cc3)n2)c1
CHEMBL3952157,COc1ccc(-c2cc3c(N[C@H](CO)c4ccccc4)ncnc3o2)cc1,NACOHGGEFZVPOD-GOSISDBHSA-N,8.568636235841012,True,c1ccc(CNc2ncnc3oc(-c4ccccc4)cc23)cc1
CHEMBL4064776,O=C(NN=Cc1ccc(O)cc1)Nc1cc2c(Nc3ccc(F)c(Cl)c3)ncnc2cc1O[C@H]1CCOC1,NAGVBGIELGZTQM-SFHVURJKSA-N,7.251811972993799,True,O=C(NN=Cc1ccccc1)Nc1cc2c(Nc3ccccc3)ncnc2cc1O[C@H]1CCOC1
CHEMBL3357644,COc1cc2ncnc(Nc3ccc(F)c(Cl)c3)c2cc1NC(=O)/C(F)=C\CN1CCOCC1,NAHITMMJENLIPQ-JJPRUIFNSA-N,9.522878745280336,True,O=C(/C=C\CN1CCOCC1)Nc1ccc2ncnc(Nc3ccccc3)c2c1
CHEMBL3357643,COc1cc2ncnc(Nc3ccc(F)c(Cl)c3)c2cc1NC(=O)/C(F)=C/CN1CCOCC1,NAHITMMJENLIPQ-LMXLVEHLSA-N,7.223298816011589,True,O=C(/C=C/CN1CCOCC1)Nc1ccc2ncnc(Nc3ccccc3)c2c1
CHEMBL215814,CS(=O)(=O)CCNCc1ccc(-c2ccc3ncnc(Nc4ccc(OCc5cccc(F)c5)c(C(F)(F)F)c4)c3c2)o1,NAHPEMQMXDXGBZ-UHFFFAOYSA-N,7.096910013008056,True,c1ccc(COc2ccc(Nc3ncnc4ccc(-c5ccco5)cc34)cc2)cc1
CHEMBL1812374,Cc1ccc(-c2nc3cc(NC(=O)CCl)ccc3[nH]2)cc1,NAMMFALAYMFCHU-UHFFFAOYSA-N,5.7146677723561154,False,c1ccc(-c2nc3ccccc3[nH]2)cc1
CHEMBL3612574,CCOC(=O)CCCn1c(=O)oc2cc3ncnc(Nc4ccc(F)c(Cl)c4)c3cc21,NANVERUYQSCCQA-UHFFFAOYSA-N,5.107905397309519,False,O=c1[nH]c2cc3c(Nc4ccccc4)ncnc3cc2o1
CHEMBL3360612,COc1cc2c(Nc3ccc(OCc4cccc(F)c4)c(Cl)c3)ncnc2cc1OCCCn1ccnc1[N+](=O)[O-],NASLMGGEKNWEFE-UHFFFAOYSA-N,7.515700160653214,True,c1ccc(COc2ccc(Nc3ncnc4cc(OCCCn5ccnc5)ccc34)cc2)cc1
CHEMBL116012,CCOc1cc2ncc(C#N)c(Nc3cccc(Br)c3)c2cc1NC(=O)/C=C/CN1CCOCC1,NASQXHHMCASBFI-QPJJXVBHSA-N,4.986320302708807,False,O=C(/C=C/CN1CCOCC1)Nc1ccc2nccc(Nc3ccccc3)c2c1
CHEMBL3622672,C#Cc1cccc(Nc2ncnc3cc(OC)c(NC(=O)/C=C/CN4CCCCC4)cc23)c1,NAVGIMRWOWYNEP-DHZHZOJOSA-N,8.568636235841012,True,O=C(/C=C/CN1CCCCC1)Nc1ccc2ncnc(Nc3ccccc3)c2c1
CHEMBL3355879,C#Cc1cccc(Nc2ncnc3cc(OC)c(OCCCn4ccnc4[N+](=O)[O-])cc23)c1,NAVSDCAWPLOBEL-UHFFFAOYSA-N,8.96657624451305,True,c1ccc(Nc2ncnc3ccc(OCCCn4ccnc4)cc23)cc1
CHEMBL3133905,C=CC(=O)Nc1ccc2ncnc(Nc3ccc(Br)c(OC)c3)c2c1,NAXLMERECAQBQF-UHFFFAOYSA-N,5.6020599913279625,False,c1ccc(Nc2ncnc3ccccc23)cc1
CHEMBL4096980,C=CC(=O)Nc1ccc(OC)c(Nc2cc(-c3[nH]c(SC)nc3-c3ccc4ccccc4c3)ccn2)c1,NAXWYPGSJFAHQA-UHFFFAOYSA-N,8.958607314841775,True,c1ccc(Nc2cc(-c3[nH]cnc3-c3ccc4ccccc4c3)ccn2)cc1
CHEMBL116423,Cc1cc(C=C(C#N)C#N)cc(O)c1O,NBBJLHJHLMMMKM-UHFFFAOYSA-N,5.251811972993799,False,c1ccccc1
CHEMBL3968039,COc1cc2c(Nc3ccc(NC(=O)Nc4ccc(C)c(C)c4)c(Cl)c3)ncnc2cc1OCCCN1CCN(C)CC1,NBDUYVCAGYKHNT-UHFFFAOYSA-N,9.0,True,O=C(Nc1ccccc1)Nc1ccc(Nc2ncnc3cc(OCCCN4CCNCC4)ccc23)cc1
CHEMBL205148,O=C(O)c1ccc2c(c1)CNc1c(Nc3cccc(Br)c3)ncnc1O2,NBEDWPSUGFSPMW-UHFFFAOYSA-N,6.0,False,c1ccc(Nc2ncnc3c2NCc2ccccc2O3)cc1
CHEMBL3985465,C=CC(=O)N1CC[C@H](Oc2cc3c(Nc4ccc(F)c(Cl)c4F)ncnc3cc2OC)CC1C(=O)NCCO,NBFOJBIBHOUYLA-KTQQKIMGSA-N,8.744727494896694,True,c1ccc(Nc2ncnc3ccc(OC4CCNCC4)cc23)cc1
CHEMBL512391,Nc1ncnc(Nc2ccc(OCc3ccccc3)c(Cl)c2)c1C(=O)O,NBFUBQZWLQRDFS-UHFFFAOYSA-N,7.387216143280264,True,c1ccc(COc2ccc(Nc3ccncn3)cc2)cc1
CHEMBL3891187,C=CC(=O)Nc1cccc(Nc2nc(Nc3cccc(OC)c3OC)ncc2C(F)(F)F)c1,NBLFLERZTPRKQT-UHFFFAOYSA-N,6.698970004336019,True,c1ccc(Nc2ccnc(Nc3ccccc3)n2)cc1
CHEMBL111365,COc1ccc(Nc2ncc3cc(-c4c(Cl)cccc4Cl)c(=O)n(C)c3n2)cn1,NBPINIBREWXSRV-UHFFFAOYSA-N,5.886056647693163,False,O=c1[nH]c2nc(Nc3cccnc3)ncc2cc1-c1ccccc1
CHEMBL442749,c1nc(Nc2ccc3[nH]ccc3c2)c2sccc2n1,NBQRNBQWWDPYMC-UHFFFAOYSA-N,6.221848749616356,False,c1nc(Nc2ccc3[nH]ccc3c2)c2sccc2n1
CHEMBL3353403,C=CC(=O)Nc1cc(Nc2ncc(Cl)c(-c3cnn4ccccc34)n2)c(OC)cc1N1CC[C@@H](N(C)C)C1,NBRHHKSETRXRCP-QGZVFWFLSA-N,5.698970004336019,False,c1ccn2ncc(-c3ccnc(Nc4ccc(N5CCCC5)cc4)n3)c2c1
CHEMBL511990,OC[C@@H]1CCCN1Cc1ccc(Nc2nc3ncnc(Nc4ccc(F)c(Cl)c4)c3s2)cc1,NBTIZPGKEWLXFV-KRWDZBQOSA-N,7.958607314841775,True,c1ccc(Nc2ncnc3nc(Nc4ccc(CN5CCCC5)cc4)sc23)cc1
CHEMBL589068,Cc1cc(C)c(O)c(CN(Cc2ccc(O)cc2)C(=O)Nc2ccccc2)c1,NBVZPICHNRCCJN-UHFFFAOYSA-N,5.033389013318066,False,O=C(Nc1ccccc1)N(Cc1ccccc1)Cc1ccccc1
CHEMBL3921446,CN1CCN(C/C=C/C(=O)Nc2cc3c(Nc4ccc(Cc5ccccn5)cc4)ncnc3cn2)CC1,NBXCNCMWLZADMG-GQCTYLIASA-N,6.0670191780768015,False,O=C(/C=C/CN1CCNCC1)Nc1cc2c(Nc3ccc(Cc4ccccn4)cc3)ncnc2cn1
CHEMBL80164,Cc1cc2cc(Nc3ccnc4cc(-c5ccc(CNCCO)cc5)sc34)ccc2[nH]1,NBYJQDZZRITHTA-UHFFFAOYSA-N,6.0,False,c1ccc(-c2cc3nccc(Nc4ccc5[nH]ccc5c4)c3s2)cc1
CHEMBL2325090,Clc1ccc(C2=NN(c3ccccc3)C(c3cccc4ccccc34)C2)cc1,NCIQGHZNVPEPHS-UHFFFAOYSA-N,6.167491087293763,False,c1ccc(C2=NN(c3ccccc3)C(c3cccc4ccccc34)C2)cc1
CHEMBL1812569,O=C(/C=C/c1cccc2ccccc12)Nc1ccc2ncnc(Nc3cccc(Cl)c3)c2c1,NCMDSXDEOSWHRY-SDNWHVSQSA-N,5.55129368009492,False,O=C(/C=C/c1cccc2ccccc12)Nc1ccc2ncnc(Nc3ccccc3)c2c1
CHEMBL357097,c1ccc(CNc2ncnc3c2[nH]c2ccccc23)cc1,NCQYFKGTEDNHPE-UHFFFAOYSA-N,6.337242168318426,True,c1ccc(CNc2ncnc3c2[nH]c2ccccc23)cc1
CHEMBL3982710,COc1cc(Nc2ncnc3ccc(-c4cn(CCCCCCC(O)=NO)nn4)cc23)ccc1Oc1ccccc1,NCUZLDZWYWPMHU-UHFFFAOYSA-N,7.935542010773082,True,c1ccc(Oc2ccc(Nc3ncnc4ccc(-c5c[nH]nn5)cc34)cc2)cc1
CHEMBL3671508,C=CC(=O)Nc1cc2c(Nc3ccc(Br)cc3F)ncnc2cc1OCCNC(=S)NC,NCWOITZVEWWDCD-UHFFFAOYSA-N,7.008773924307505,True,c1ccc(Nc2ncnc3ccccc23)cc1
CHEMBL1830280,NC(=S)NN=C(C=Cc1cccc2ccccc12)c1ccccc1,NDBMDZDTZIULHW-UHFFFAOYSA-N,6.3872161432802645,True,N=C(C=Cc1cccc2ccccc12)c1ccccc1
CHEMBL76979,COc1cc(C=C(C#N)C(=O)O)cc(OC)c1O,NDBVLMVMOJCWHU-UHFFFAOYSA-N,3.578396073130169,False,c1ccccc1
CHEMBL1952211,COc1ccc(N2Cc3cnc(Nc4ccccc4)nc3N([C@H]3CC[C@H](O)C3)C2=O)cc1,NDEFXZOKPREYOV-PMACEKPBSA-N,6.437707135543525,True,O=C1N(c2ccccc2)Cc2cnc(Nc3ccccc3)nc2N1C1CCCC1
CHEMBL1952210,COc1ccc(N2Cc3cnc(Nc4ccccc4)nc3N([C@@H]3CC[C@@H](O)C3)C2=O)cc1,NDEFXZOKPREYOV-WOJBJXKFSA-N,6.508638306165727,True,O=C1N(c2ccccc2)Cc2cnc(Nc3ccccc3)nc2N1C1CCCC1
CHEMBL371888,COc1cc2ncnc(Nc3ccc(OCc4ccccn4)c(C)c3)c2cc1OC,NDHNEUUBLJKLCP-UHFFFAOYSA-N,7.229147988357855,True,c1ccc(COc2ccc(Nc3ncnc4ccccc34)cc2)nc1
CHEMBL3965075,CCOCc1ccc2c(c1)nc(NC(=O)c1cccc(C(F)(F)F)c1)n2[C@H]1CC[C@H](O)CC1,NDHWKINWBPLWGB-WGSAOQKQSA-N,6.327902142064282,True,O=C(Nc1nc2ccccc2n1C1CCCCC1)c1ccccc1
CHEMBL4089951,CCC(=O)N1CC[C@H](N2C(=O)N(c3ccccc3C)Cc3cnc(Nc4ccc(N5CCN(C)CC5)c(C)c4)nc32)C1,NDJZXLAHGBUGMU-SANMLTNESA-N,8.119186407719209,True,O=C1N(c2ccccc2)Cc2cnc(Nc3ccc(N4CCNCC4)cc3)nc2N1[C@H]1CCNC1
CHEMBL3758889,C[C@@H](Nc1ncnc2sc(-c3ccc(S(C)(=O)=O)cc3)cc12)c1ccccc1,NDNROOMOCCOVQA-CQSZACIVSA-N,7.387216143280264,True,c1ccc(CNc2ncnc3sc(-c4ccccc4)cc23)cc1
CHEMBL3699581,C=CC(=O)Nc1cccc(Oc2nc(Nc3ccc(N4CCOCC4)cc3OC)ncc2C(F)(F)F)c1,NDTRZENFRVHAFZ-UHFFFAOYSA-N,8.259637310505756,True,c1ccc(Oc2ccnc(Nc3ccc(N4CCOCC4)cc3)n2)cc1
CHEMBL248391,COc1cc2c(N[C@@H]3C[C@H]3c3ccccc3)c(C#N)cnc2cc1OCCCc1cccnc1,NDZOHKAXFDFNIC-WIOPSUGQSA-N,6.761953896871205,True,c1ccc([C@@H]2C[C@H]2Nc2ccnc3cc(OCCCc4cccnc4)ccc23)cc1
CHEMBL3132872,C=CC(=O)Nc1ccc2ncnc(Nc3ccc(Br)cc3F)c2c1,NEHHIXKPXNXLJR-UHFFFAOYSA-N,7.443697499232712,True,c1ccc(Nc2ncnc3ccccc23)cc1
CHEMBL122522,COc1cc(C=C(C#N)C#N)cc(CSc2ccccc2)c1O,NEILEDNOTIXAIO-UHFFFAOYSA-N,3.431798275933005,False,c1ccc(CSc2ccccc2)cc1
CHEMBL4100655,C=CC(=O)N1CCC[C@@H](n2nc(-c3cccc(F)c3)c3c(N)ncnc32)C1,NEIPNPWJQGINQS-CQSZACIVSA-N,8.0,True,c1ccc(-c2nn([C@@H]3CCCNC3)c3ncncc23)cc1
CHEMBL3958482,COc1cc2ncnc(Nc3ccc(Oc4ccccc4)cc3)c2cc1NC(=O)/C=C/CN1CCCCC1,NELOELKXGMSYHF-DHZHZOJOSA-N,6.8794260687941495,True,O=C(/C=C/CN1CCCCC1)Nc1ccc2ncnc(Nc3ccc(Oc4ccccc4)cc3)c2c1
CHEMBL4283517,COc1cc(Nc2cc(Nc3ccc(Cl)cc3)ncn2)cc(OC)c1OC,NEQCAQFRUOSVFE-UHFFFAOYSA-N,6.045275209020938,False,c1ccc(Nc2cc(Nc3ccccc3)ncn2)cc1
CHEMBL334255,CCCCCCCCCCCCCCCC[n+]1ccccc1,NEUSVAOJNUQRTM-UHFFFAOYSA-N,5.459420283495546,False,c1cc[nH+]cc1
CHEMBL340862,CCOc1cc2ncnc(Nc3cccc(-c4cncs4)c3)c2cc1OCC,NEVHAZBPBSUENX-UHFFFAOYSA-N,7.958607314841775,True,c1cc(Nc2ncnc3ccccc23)cc(-c2cncs2)c1
CHEMBL596957,COc1cc2ncnc(NCc3ccc(Cl)c(F)c3)c2cc1OCCCCCCC(O)=NO,NEZCKIVFZVYNMQ-UHFFFAOYSA-N,7.142667503568731,True,c1ccc(CNc2ncnc3ccccc23)cc1
CHEMBL336113,Cc1cccc(Nc2ncnc3ccc(N)cc23)c1,NFBCSWGEYDCCDW-UHFFFAOYSA-N,6.0,False,c1ccc(Nc2ncnc3ccccc23)cc1
CHEMBL372692,CCc1c(CC(=O)O)cn2ncnc(Nc3ccc4c(cnn4Cc4ccccc4)c3)c12,NFCDGHRKDYRHJM-UHFFFAOYSA-N,5.795880017344075,False,c1ccc(Cn2ncc3cc(Nc4ncnn5cccc45)ccc32)cc1
CHEMBL231885,CC(=O)N1CCN(Cc2ccn3ncnc(Nc4ccc5c(cnn5Cc5cccc(F)c5)c4)c23)CC1,NFDDLNNYPCZJSB-UHFFFAOYSA-N,6.1487416512809245,False,c1ccc(Cn2ncc3cc(Nc4ncnn5ccc(CN6CCNCC6)c45)ccc32)cc1
CHEMBL4102389,C=CC(=O)Nc1cc(CC)cc(-n2c(=O)cc(C)c3cnc(Nc4ccc(N5CCN(C)CC5)cc4OC)nc32)c1,NFFAORCLRDWTHZ-UHFFFAOYSA-N,8.468521082957745,True,O=c1ccc2cnc(Nc3ccc(N4CCNCC4)cc3)nc2n1-c1ccccc1
CHEMBL77197,COc1cc(C(C)=C(C#N)C(=O)O)ccc1O,NFHQLTFHKJHSIE-UHFFFAOYSA-N,2.958607314841774,False,c1ccccc1
CHEMBL4087740,C=CC(=O)Nc1cc(F)cc(-n2c(=O)cc(C)c3cnc(Nc4ccc(N5CCN(C)CC5)cc4OC)nc32)c1,NFOIDCJSJKUMAP-UHFFFAOYSA-N,9.096910013008056,True,O=c1ccc2cnc(Nc3ccc(N4CCNCC4)cc3)nc2n1-c1ccccc1
CHEMBL209818,Cc1cccc(Nc2ncnc3ccc(N(C)C(=O)N(CCCl)N=O)cc23)c1,NFRDLORGBPIOJT-UHFFFAOYSA-N,5.943476275920899,False,c1ccc(Nc2ncnc3ccccc23)cc1
CHEMBL69071,C=c1cc(C(=O)N2CC(C)NC(C)C2)[nH]c1=Cc1c(O)[nH]c2ncnc(Nc3ccc(F)c(Cl)c3)c12,NFTFIXNDMNAYOT-UHFFFAOYSA-N,8.229147988357855,True,C=c1cc(C(=O)N2CCNCC2)[nH]c1=Cc1c[nH]c2ncnc(Nc3ccccc3)c12
CHEMBL3671490,C=CC(=O)Nc1cc2c(Nc3ccc(Br)cc3F)ncnc2cc1OCCCNC,NFWFBDDHXYCYHP-UHFFFAOYSA-N,8.522878745280337,True,c1ccc(Nc2ncnc3ccccc23)cc1
CHEMBL3786858,C=CC(=O)N1CC[C@@H](COc2nc(Nc3cnn(C)c3)nc3[nH]cc(Cl)c23)C1,NFXTTXHMQKNZQL-LLVKDONJSA-N,7.346787486224656,True,c1cc2c(OC[C@@H]3CCNC3)nc(Nc3cn[nH]c3)nc2[nH]1
CHEMBL1171792,Cc1ccc(Br)c2c(C#N)cc(C(=O)C3CC3)n12,NFZYOSOZVKIONF-UHFFFAOYSA-N,7.070581074285707,True,O=C(c1ccc2ccccn12)C1CC1
CHEMBL3813876,Fc1ccc(Nc2ncnc3ccc(NC(=S)NCCCN4CCOCC4)cc23)cc1Cl,NGEDWBUXLPGYBW-UHFFFAOYSA-N,6.4089353929735005,True,S=C(NCCCN1CCOCC1)Nc1ccc2ncnc(Nc3ccccc3)c2c1
CHEMBL56936,COc1cc2ncnc(Nc3ccc(F)c(Cl)c3)c2cc1OCCNCCN(C)C,NGFCHICVVRPPGH-UHFFFAOYSA-N,8.698970004336019,True,c1ccc(Nc2ncnc3ccccc23)cc1
CHEMBL3805089,Cc1ccc(Nc2ncnc3cc(OC(C)C)c4c(c23)OCCO4)cc1[N+](=O)[O-],NGGPOIUATFTCNX-UHFFFAOYSA-N,6.734003629504921,True,c1ccc(Nc2ncnc3ccc4c(c23)OCCO4)cc1
CHEMBL193578,Clc1cc(Nc2ncnc3cccc(OC4CCOCC4)c23)ccc1OCc1ccccn1,NGKDXIDMJWVNHU-UHFFFAOYSA-N,5.619788758288394,False,c1ccc(COc2ccc(Nc3ncnc4cccc(OC5CCOCC5)c34)cc2)nc1
CHEMBL4087525,CCC(=O)N1CC[C@H](N2C(=O)N(c3cccc(C)c3)Cc3cnc(Nc4ccc(N5CCN(C)CC5)c(C)c4)nc32)C1,NGMVTTLEBAGDBR-MHZLTWQESA-N,6.437707135543525,True,O=C1N(c2ccccc2)Cc2cnc(Nc3ccc(N4CCNCC4)cc3)nc2N1[C@H]1CCNC1
CHEMBL66879,O=C(O)C=Cc1ccc(O)cc1,NGSWKAQJJWESNS-UHFFFAOYSA-N,2.5228787452803374,False,c1ccccc1
CHEMBL92006,COc1cc2ncnc(/N=N/c3ccc(F)c(Cl)c3)c2cc1OC,NGTVEVLNKYECME-QURGRASLSA-N,6.136677139879544,False,c1ccc(/N=N/c2ncnc3ccccc23)cc1
CHEMBL1173457,Cc1ccc(C2=NN(C(N)=S)C(c3ccc(Br)cc3)C2)cc1C,NGVQHAXJXAYXSR-UHFFFAOYSA-N,5.66354026615147,False,c1ccc(C2=NNC(c3ccccc3)C2)cc1
CHEMBL3087194,C=CC(=O)N1CC[C@H](N2C(=O)N(c3ccccc3)Cc3cnc(Nc4ccc(CCN5CCN(C)CC5)cc4)nc32)C1,NHCQCTRJCYFSFH-NDEPHWFRSA-N,7.384049948343599,True,O=C1N(c2ccccc2)Cc2cnc(Nc3ccc(CCN4CCNCC4)cc3)nc2N1[C@H]1CCNC1
CHEMBL3934594,CC(C)S(=O)(=O)c1ccccc1Nc1nc(N/N=C/c2cccc(C(F)(F)F)c2)ncc1Cl,NHEOMGKMIVQQIX-LUOAPIJWSA-N,6.337242168318426,True,C(=N\Nc1nccc(Nc2ccccc2)n1)/c1ccccc1
CHEMBL299763,COc1cc(OC)cc(-c2cc3cnc(N)nc3nc2NC(=O)NC(C)(C)C)c1,NHJSWORVNIOXIT-UHFFFAOYSA-N,4.301029995663981,False,c1ccc(-c2cnc3ncncc3c2)cc1
CHEMBL3909214,ON=C(O)CCCOc1ccc2ncnc(Nc3ccc(F)c(Cl)c3)c2c1,NHKHAKSQCIWXID-UHFFFAOYSA-N,7.0,True,c1ccc(Nc2ncnc3ccccc23)cc1
CHEMBL3663934,CCC(=O)N1CC[C@@H](Oc2nc(Nc3ccc(N4CCN(C)CC4)cc3)c(C(N)=O)nc2CC)C1,NHPBMYSFPQSLCG-LJQANCHMSA-N,8.920818753952375,True,c1cc(N2CCNCC2)ccc1Nc1cncc(O[C@@H]2CCNC2)n1
CHEMBL248392,COc1cc2c(N[C@@H]3C[C@H]3c3ccccc3)c(C#N)cnc2cc1OCCCN1CCOCC1,NHWFEYYJOLZGNB-XUZZJYLKSA-N,8.301029995663981,True,c1ccc([C@@H]2C[C@H]2Nc2ccnc3cc(OCCCN4CCOCC4)ccc23)cc1
CHEMBL1683974,CCN1CCN(CCCC#Cc2c(C)ncnc2Nc2ccc(OCc3cccc(F)c3)c(Cl)c2)CC1,NHXPKHTXOWBCBM-UHFFFAOYSA-N,8.045757490560675,True,C(#Cc1cncnc1Nc1ccc(OCc2ccccc2)cc1)CCCN1CCNCC1
CHEMBL336409,NC(Cc1c([Se][Se]c2[nH]c3ccccc3c2CC(N)C(=O)NCc2ccccc2)[nH]c2ccccc12)C(=O)NCc1ccccc1,NHZUIHJUVWDGGV-UHFFFAOYSA-N,6.045757490560675,False,O=C(CCc1c([Se][Se]c2[nH]c3ccccc3c2CCC(=O)NCc2ccccc2)[nH]c2ccccc12)NCc1ccccc1
CHEMBL3799956,O=C(c1ccccc1)c1cccc(NC(=O)c2cc3ccccc3[nH]2)c1,NIFJNLTXXJIUNG-UHFFFAOYSA-N,4.346787486224656,False,O=C(c1ccccc1)c1cccc(NC(=O)c2cc3ccccc3[nH]2)c1
CHEMBL73710,Cc1[nH]c2ncnc(Nc3ccc(F)cc3)c2c1C,NIIYCBINHXIENT-UHFFFAOYSA-N,6.251811972993799,False,c1ccc(Nc2ncnc3[nH]ccc23)cc1
CHEMBL3982014,Nc1ncnc2c1c(-c1ccc(Oc3ccccc3)cc1)nn2C1CCN(C(=O)/C=C/CN2CCOCC2)CC1,NIKYELXINWPOQX-QPJJXVBHSA-N,6.517698232776557,True,O=C(/C=C/CN1CCOCC1)N1CCC(n2nc(-c3ccc(Oc4ccccc4)cc3)c3cncnc32)CC1
CHEMBL51741,C=CC(=O)Nc1ccc2ncnc(N3CCc4ccc(Br)cc43)c2c1,NIPWAVUDLFTENM-UHFFFAOYSA-N,9.397940008672036,True,c1ccc2c(c1)CCN2c1ncnc2ccccc12
CHEMBL4073960,C=CC(=O)N1CCC[C@@H](n2nc(-c3ccc(F)c4ccccc34)c3c(N)ncnc32)C1,NITAZCPUWJICHO-CQSZACIVSA-N,7.698970004336019,True,c1ccc2c(-c3nn([C@@H]4CCCNC4)c4ncncc34)cccc2c1
CHEMBL92812,CNc1ccc2c(Nc3cccc(Br)c3)ncnc2c1,NJCGPPRBJLJTPA-UHFFFAOYSA-N,8.397940008672037,True,c1ccc(Nc2ncnc3ccccc23)cc1
CHEMBL3622624,C=CC(=O)Nc1cc2c(Nc3ccc(OCc4ccccn4)cc3)ncnc2cc1O[C@H]1CCOC1,NJCWWWBIFLBHDO-NRFANRHFSA-N,6.999565922520681,True,c1ccc(COc2ccc(Nc3ncnc4cc(O[C@H]5CCOC5)ccc34)cc2)nc1
CHEMBL56219,N#CC(=Cc1ccc(O)c(O)c1)C(=O)Nc1ccccc1Cl,NJPHTBIXEKQNKZ-UHFFFAOYSA-N,5.479303657420887,False,O=C(C=Cc1ccccc1)Nc1ccccc1
CHEMBL3237930,CCN(CC)CCC(=O)Nc1cccc(Oc2nc(Nc3ccc(N4CCN(C)CC4)cc3OC)ncc2Cl)c1,NJQUPDARRLBPKF-UHFFFAOYSA-N,6.057000406633959,False,c1ccc(Oc2ccnc(Nc3ccc(N4CCNCC4)cc3)n2)cc1
CHEMBL330668,COc1cc2ncnc(Nc3cnc4ccccc4n3)c2cc1OC,NJYMZSWPVVEIHA-UHFFFAOYSA-N,6.107905397309519,False,c1ccc2nc(Nc3ncnc4ccccc34)cnc2c1
CHEMBL245868,CN(C)CCCOCc1ccn2ncnc(Nc3ccc4c(cnn4Cc4cccc(F)c4)c3)c12,NKAFAOZJYRUFSQ-UHFFFAOYSA-N,6.207608310501746,False,c1ccc(Cn2ncc3cc(Nc4ncnn5cccc45)ccc32)cc1
CHEMBL83,CC/C(=C(\c1ccccc1)c1ccc(OCCN(C)C)cc1)c1ccccc1,NKANXQFJJICGDU-QPLCGJKRSA-N,5.449404792510672,False,C(=C(c1ccccc1)c1ccccc1)c1ccccc1
CHEMBL7827,O=c1c(-c2cccc(Cl)c2)coc2cc(O)cc(O)c12,NKDPIBPNSMKOPN-UHFFFAOYSA-N,7.022276394711152,True,O=c1c(-c2ccccc2)coc2ccccc12
CHEMBL1172773,C=CC(=O)Nc1ccc(-c2c(-c3ccccc3)oc3ncnc(N[C@H](CO)c4ccccc4)c23)cc1,NKJLYFQDEGKIAY-HSZRJFAPSA-N,7.086186147616283,True,c1ccc(CNc2ncnc3oc(-c4ccccc4)c(-c4ccccc4)c23)cc1
CHEMBL507329,O=C(O[C@H]1CN[C@H](C#Cc2cc3ncnc(Nc4ccc(OCc5cccc(F)c5)c(Cl)c4)c3s2)C1)N1CCOCC1,NKOJMDRKLJSOJR-FYYLOGMGSA-N,7.187086643357144,True,O=C(O[C@H]1CN[C@H](C#Cc2cc3ncnc(Nc4ccc(OCc5ccccc5)cc4)c3s2)C1)N1CCOCC1
CHEMBL447365,O=C(O[C@@H]1CN[C@H](C#Cc2cc3ncnc(Nc4ccc(OCc5cccc(F)c5)c(Cl)c4)c3s2)C1)N1CCOCC1,NKOJMDRKLJSOJR-GGAORHGYSA-N,7.102372908709558,True,O=C(O[C@@H]1CN[C@H](C#Cc2cc3ncnc(Nc4ccc(OCc5ccccc5)cc4)c3s2)C1)N1CCOCC1
CHEMBL450109,O=C(O[C@@H]1CN[C@@H](C#Cc2cc3ncnc(Nc4ccc(OCc5cccc(F)c5)c(Cl)c4)c3s2)C1)N1CCOCC1,NKOJMDRKLJSOJR-GMAHTHKFSA-N,7.397940008672037,True,O=C(O[C@@H]1CN[C@@H](C#Cc2cc3ncnc(Nc4ccc(OCc5ccccc5)cc4)c3s2)C1)N1CCOCC1
CHEMBL450396,O=C(O[C@H]1CN[C@@H](C#Cc2cc3ncnc(Nc4ccc(OCc5cccc(F)c5)c(Cl)c4)c3s2)C1)N1CCOCC1,NKOJMDRKLJSOJR-JTHBVZDNSA-N,7.301029995663981,True,O=C(O[C@H]1CN[C@@H](C#Cc2cc3ncnc(Nc4ccc(OCc5ccccc5)cc4)c3s2)C1)N1CCOCC1
CHEMBL3905411,CCCCNC(=S)NNc1nncc2ccccc12,NKPUKLSVXYDTLL-UHFFFAOYSA-N,7.2839966563652,True,c1ccc2cnncc2c1
CHEMBL4227281,Cc1ccc(C=NNC(=O)N2CCc3ncnc(Nc4cccc(C(F)(F)F)c4)c3C2)cc1,NLAXMHQWTOCNAO-UHFFFAOYSA-N,7.616184634019569,True,O=C(NN=Cc1ccccc1)N1CCc2ncnc(Nc3ccccc3)c2C1
CHEMBL4100075,Cc1nc(C)c(C=C2CC(C)CC(=Cc3nc(C)c(C)nc3C)C2=O)nc1C,NLDGPZRIEQYIKL-UHFFFAOYSA-N,5.958607314841775,False,O=C1C(=Cc2cnccn2)CCCC1=Cc1cnccn1
CHEMBL247914,NC1CCN(Cc2ccn3ncnc(Nc4ccc5c(cnn5Cc5ccccn5)c4)c23)CC1,NLIUCSKZGNJKGU-UHFFFAOYSA-N,7.327902142064282,True,c1ccc(Cn2ncc3cc(Nc4ncnn5ccc(CN6CCCCC6)c45)ccc32)nc1
CHEMBL3958624,C=CC(=O)N1CC[C@@H](Oc2cc3c(Nc4ccc(F)c(Cl)c4F)ncnc3cc2OC)CC1C(N)=O,NLOPPFMLPNMFJS-MTATWXBHSA-N,8.387216143280265,True,c1ccc(Nc2ncnc3ccc(OC4CCNCC4)cc23)cc1
CHEMBL3929060,C=CC(=O)N1CC[C@H](Oc2cc3c(Nc4ccc(F)c(Cl)c4F)ncnc3cc2OC)CC1C(N)=O,NLOPPFMLPNMFJS-WHUIICBVSA-N,8.853871964321762,True,c1ccc(Nc2ncnc3ccc(OC4CCNCC4)cc23)cc1
CHEMBL3671583,C=CC(=O)Nc1cc2c(Nc3ccc(Br)cc3C(F)(F)F)ncnc2cc1OCCNC(C)=O,NLQQNMZMFMGGET-UHFFFAOYSA-N,6.341035157335565,True,c1ccc(Nc2ncnc3ccccc23)cc1
CHEMBL3740910,O=C(Nc1ccc(CN2CCCC2)cc1)Nc1ccc2ncnc(Nc3cccc(C(F)(F)F)c3)c2c1,NLSNSCBPWXRRPL-UHFFFAOYSA-N,8.387216143280265,True,O=C(Nc1ccc(CN2CCCC2)cc1)Nc1ccc2ncnc(Nc3ccccc3)c2c1
CHEMBL3912723,Oc1cs/c(=N/Nc2nncc3ccccc23)n1-c1ccc(Cl)cc1,NLTRWNXCKUWDSD-OQKWZONESA-N,7.376750709602099,True,c1ccc(-n2ccs/c2=N/Nc2nncc3ccccc23)cc1
CHEMBL1828870,O=C(Cc1ccc(Cl)cc1)NS(=O)(=O)c1ccccc1,NLUWZXLRLCWBRQ-UHFFFAOYSA-N,4.924088238517222,False,O=C(Cc1ccccc1)NS(=O)(=O)c1ccccc1
CHEMBL247309,CN(C)C1CCN(Cc2ccn3ncnc(Nc4ccc5c(cnn5Cc5cccc(F)c5)c4)c23)CC1,NLZSXRKDMHPVOQ-UHFFFAOYSA-N,7.0,True,c1ccc(Cn2ncc3cc(Nc4ncnn5ccc(CN6CCCCC6)c45)ccc32)cc1
CHEMBL355019,COC(=O)CN1CCC(n2cc(-c3cccc(O)c3)c3c(N)ncnc32)C1,NMCRRFLWJZUPRE-UHFFFAOYSA-N,6.130768280269024,False,c1ccc(-c2cn(C3CCNC3)c3ncncc23)cc1
CHEMBL339416,[O-][N+]1(CCCNc2cc3ncnc(Nc4cccc(Br)c4)c3cn2)CCOCC1,NMCVYFXROBUBLX-UHFFFAOYSA-N,9.130768280269024,True,c1ccc(Nc2ncnc3cc(NCCC[NH+]4CCOCC4)ncc23)cc1
CHEMBL3774808,O=C1COc2cc3ncnc(Nc4cccc(F)c4)c3cc2N1CCCN1CCCCC1,NMGRSSSWULRTSA-UHFFFAOYSA-N,6.337242168318426,True,O=C1COc2cc3ncnc(Nc4ccccc4)c3cc2N1CCCN1CCCCC1
CHEMBL1830262,COc1cccc(C=CC(=NNC(N)=S)c2ccccc2)c1,NMJRULJODMFXJY-UHFFFAOYSA-N,4.960585880823863,False,N=C(C=Cc1ccccc1)c1ccccc1
CHEMBL4105530,NP(=O)(OCCCCOc1ccc2ncnc(Nc3ccc(OCc4cccc(F)c4)c(Cl)c3)c2c1)N(CCCl)CCCl,NMKALLBHRSIRRM-UHFFFAOYSA-N,7.568636235841012,True,c1ccc(COc2ccc(Nc3ncnc4ccccc34)cc2)cc1
CHEMBL106232,CN1CCN(CCCCCNc2ncc3cc(-c4c(Cl)cccc4Cl)c(=O)n(C)c3n2)CC1,NMLMUNQQEDDASM-UHFFFAOYSA-N,5.346787486224656,False,O=c1[nH]c2nc(NCCCCCN3CCNCC3)ncc2cc1-c1ccccc1
CHEMBL4059772,C=CC(=O)Nc1cccc(Nc2nc(Nc3ccc(C=Cc4cc(Cl)cc(Cl)c4)cc3)ncc2F)c1,NMSQPCFZOBQYIG-UHFFFAOYSA-N,7.847711655616943,True,C(=Cc1ccc(Nc2nccc(Nc3ccccc3)n2)cc1)c1ccccc1
CHEMBL281467,C=CC(=O)Nc1cnc2ncc(C#N)c(Nc3cccc(Br)c3)c2c1,NNPUTWBCLSJFPB-UHFFFAOYSA-N,6.426200417784259,True,c1ccc(Nc2ccnc3ncccc23)cc1
CHEMBL56236,Cc1cc(C)c(C)c(-c2cc3cnc(N)nc3nc2NC(=O)NC(C)(C)C)c1C,NNYHIJGVHOAIGK-UHFFFAOYSA-N,5.175223537524454,False,c1ccc(-c2cnc3ncncc3c2)cc1
CHEMBL4164396,C=CC(=O)Nc1cc(Nc2nccc(Nc3ccccc3-c3ccn(C)n3)n2)c(OC)cc1OCCN(C)C,NOBIQOYEOFVVJO-UHFFFAOYSA-N,7.785156151952302,True,c1ccc(Nc2nccc(Nc3ccccc3-c3cc[nH]n3)n2)cc1
CHEMBL544868,O=[N+]([O-])c1ccc2sc3c(Nc4ccccc4)ncnc3c2c1,NOBQECCESYXWPW-UHFFFAOYSA-N,7.236572006437063,True,c1ccc(Nc2ncnc3c2sc2ccccc23)cc1
CHEMBL4293690,COc1ccc(OC)c(Nc2cc(Nc3ccc(N4CCN(C)CC4)cc3)ncn2)c1,NOCZBAPODZWEKE-UHFFFAOYSA-N,6.5406075122407685,True,c1ccc(Nc2cc(Nc3ccc(N4CCNCC4)cc3)ncn2)cc1
CHEMBL131653,COC(=O)c1cc(NCc2cc(O)ccc2O)ccc1O,NOFICVMLKCZZHJ-UHFFFAOYSA-N,4.61261017366127,False,c1ccc(CNc2ccccc2)cc1
CHEMBL2047027,C#Cc1cccc(NC(=O)c2cccc(NC(=O)CCCCCC(O)=NO)c2)c1,NOLGGEQMSBTTPS-UHFFFAOYSA-N,5.209714835966759,False,O=C(Nc1ccccc1)c1ccccc1
CHEMBL435993,OCCN(CCO)CCNc1cc2ncnc(Nc3cccc(Br)c3)c2cn1,NOLLIFGERWLBPP-UHFFFAOYSA-N,8.036212172654444,True,c1ccc(Nc2ncnc3ccncc23)cc1
CHEMBL3586185,O=C1N=C(N2CCCC2C(=O)Nc2ccc3ncnc(Nc4cccc(Cl)c4)c3c2)S/C1=C/c1ccc(Cl)cc1,NOQCGSHSQWSZGC-DHRITJCHSA-N,5.119186407719209,False,O=C1N=C(N2CCCC2C(=O)Nc2ccc3ncnc(Nc4ccccc4)c3c2)S/C1=C/c1ccccc1
CHEMBL345988,Nc1nc(Nc2cccc(Br)c2)c2c(n1)[nH]c1ccccc12,NOUNTOCKLNSANP-UHFFFAOYSA-N,6.832682665251824,True,c1ccc(Nc2ncnc3[nH]c4ccccc4c23)cc1
CHEMBL2029429,C=CC(=O)Nc1cccc(N2C(=O)N(C)Cc3cnc(Nc4ccc(N5CCN(C)CC5)c(OC)c4)nc32)c1,NOVRNVMLNCWCAO-UHFFFAOYSA-N,9.387216143280265,True,O=C1NCc2cnc(Nc3ccc(N4CCNCC4)cc3)nc2N1c1ccccc1
CHEMBL3092323,COCCNC(=O)Nc1cc2c(Nc3ccc(F)c(Cl)c3)ncnc2cc1O[C@H]1CCOC1,NOXUXCSVXGPNOC-AWEZNQCLSA-N,6.319664486585436,True,c1ccc(Nc2ncnc3cc(O[C@H]4CCOC4)ccc23)cc1
CHEMBL151593,Nc1cccc2c1sc1c(Nc3cccc(Br)c3)ncnc12,NPDZHTFXBRQGLG-UHFFFAOYSA-N,8.568636235841012,True,c1ccc(Nc2ncnc3c2sc2ccccc23)cc1
CHEMBL2031304,CCOc1cc2ncnc(Nc3ccc(F)c(Cl)c3)c2cc1NC(=O)CCN1CCCCC1,NPJJOUHCDFRVGX-UHFFFAOYSA-N,9.292429823902063,True,O=C(CCN1CCCCC1)Nc1ccc2ncnc(Nc3ccccc3)c2c1
CHEMBL3758802,C#Cc1cccc(Nc2ncnc3sc(-c4ccc(CO)cc4OC)cc23)c1,NPJSPPFBZCSOGW-UHFFFAOYSA-N,8.301029995663981,True,c1ccc(Nc2ncnc3sc(-c4ccccc4)cc23)cc1
CHEMBL3622626,C=CC(=O)Nc1cc2c(Nc3ccc(Cl)c(C(F)(F)F)c3)ncnc2cc1O[C@H]1CCOC1,NPKOZYOFDUHYDT-ZDUSSCGKSA-N,6.980053318321158,True,c1ccc(Nc2ncnc3cc(O[C@H]4CCOC4)ccc23)cc1
CHEMBL2325103,NC(=S)N1N=C(c2ccc(F)cc2)CC1c1cccc2ccccc12,NPKZOJCZCANPQC-UHFFFAOYSA-N,5.0835460514500745,False,c1ccc(C2=NNC(c3cccc4ccccc34)C2)cc1
CHEMBL3747055,COc1ccc(C2=NN(C(C)=O)C(c3ccc(C(=O)OCCn4c([N+](=O)[O-])cnc4C)cc3)C2)cc1,NPLNGNUAEBHRJI-UHFFFAOYSA-N,5.068542129310995,False,O=C(OCCn1ccnc1)c1ccc(C2CC(c3ccccc3)=NN2)cc1
CHEMBL181617,ClCCNc1ccc2ncnc(Nc3cccc(Br)c3)c2c1,NPLZGCKBBUBACR-UHFFFAOYSA-N,8.0,True,c1ccc(Nc2ncnc3ccccc23)cc1
CHEMBL1683958,Cc1ncnc(Nc2ccc(OCc3cccc(F)c3)c(Cl)c2)c1C=NOCCN1CCOCC1,NPNDHEQUNCNINZ-UHFFFAOYSA-N,7.167491087293763,True,C(=NOCCN1CCOCC1)c1cncnc1Nc1ccc(OCc2ccccc2)cc1
CHEMBL566337,CC=C1C(=NC(=O)OCCn2ccnc2)NC2N=CN=C(Nc3ccc4c(cnn4Cc4ccccc4)c3)C12,NPYDYHPSZWTCIV-UHFFFAOYSA-N,7.397940008672037,True,C=C1C(=NC(=O)OCCn2ccnc2)NC2N=CN=C(Nc3ccc4c(cnn4Cc4ccccc4)c3)C12
CHEMBL2437458,C=CC(=O)Nc1cccc(-n2c(=O)cnc3cnc(Nc4ccc(Cl)cc4)nc32)c1,NPYHVKHWRDSLAV-UHFFFAOYSA-N,7.75448733218585,True,O=c1cnc2cnc(Nc3ccccc3)nc2n1-c1ccccc1
CHEMBL1947045,COc1cccc(Nc2ccnc(Nc3cccc(OC)c3)n2)c1,NPZJPJKMIHGWNJ-UHFFFAOYSA-N,5.113509274827518,False,c1ccc(Nc2ccnc(Nc3ccccc3)n2)cc1
CHEMBL3920551,COc1cc2c(Nc3ccc(NC(=O)Nc4ccc(C)c(C)c4)c(Cl)c3)ncnc2cc1OCCCN1CCOCC1,NQDPHKGACCXMEJ-UHFFFAOYSA-N,7.292429823902063,True,O=C(Nc1ccccc1)Nc1ccc(Nc2ncnc3cc(OCCCN4CCOCC4)ccc23)cc1
CHEMBL3671559,C=CC(=O)Nc1cc2c(Nc3ccc(Br)cc3F)ncnc2cc1OC1CCCN(C(C)=O)C1,NQECTGFZOQWBSF-UHFFFAOYSA-N,6.892790030352131,True,c1ccc(Nc2ncnc3cc(OC4CCCNC4)ccc23)cc1
CHEMBL606466,COc1cc2c(Nc3ccc(-c4nc5ccccc5s4)c(O)c3)ncnc2cc1OCCCN1CCN(C)CC1,NQHMMDRPRXVCLT-UHFFFAOYSA-N,6.958607314841775,True,c1ccc2sc(-c3ccc(Nc4ncnc5cc(OCCCN6CCNCC6)ccc45)cc3)nc2c1
CHEMBL304971,C=c1c(C(=O)N2CCN(C)CC2)c[nH]c1=Cc1c(O)[nH]c2ncnc(Nc3ccc(F)c(Cl)c3)c12,NQNUHMDWOFATCW-UHFFFAOYSA-N,6.3872161432802645,True,C=c1c(C(=O)N2CCNCC2)c[nH]c1=Cc1c[nH]c2ncnc(Nc3ccccc3)c12
CHEMBL3087208,C=CC(=O)N1CCC(N2C(=O)N(Cc3ccccc3)Cc3cnc(Nc4ccc(N5CCN(C)CC5)cc4OC)nc32)CC1,NQRXMBVOEORPDS-UHFFFAOYSA-N,6.842845560093719,True,O=C1N(Cc2ccccc2)Cc2cnc(Nc3ccc(N4CCNCC4)cc3)nc2N1C1CCNCC1
CHEMBL3982407,COc1cc(/C=C2\CCCCC2=O)cc(OC)c1,NQSNEFRNBFRJBE-KPKJPENVSA-N,4.728855682050922,False,O=C1CCCC/C1=C\c1ccccc1
CHEMBL322066,COc1cc(Nc2nccc(-c3ccc(N4CCNCC4)nc3)n2)cc(OC)c1OC,NQXBCUWKAWQTMT-UHFFFAOYSA-N,5.768530409569319,False,c1ccc(Nc2nccc(-c3ccc(N4CCNCC4)nc3)n2)cc1
CHEMBL1172877,Cc1ncc([N+](=O)[O-])n1CCOC(=O)/C=C/c1ccccc1F,NRCCVAAPDNQWEP-VOTSOKGWSA-N,4.572838597074035,False,O=C(/C=C/c1ccccc1)OCCn1ccnc1
CHEMBL472942,COc1cc2nccc(Nc3ccc(F)c(Cl)c3)c2cc1NC(=O)/C=C/CN1CCOCC1,NRDFOMRXSXXTEM-NSCUHMNNSA-N,4.867420152340263,False,O=C(/C=C/CN1CCOCC1)Nc1ccc2nccc(Nc3ccccc3)c2c1
CHEMBL1630115,Nc1ccccc1NC(=O)/C=C/c1ccc(-c2ccc3ncnc(Nc4ccc(OCc5cccc(F)c5)c(Cl)c4)c3c2)cc1,NREXZVOJRVRMAI-LICLKQGHSA-N,7.537602002101044,True,O=C(/C=C/c1ccc(-c2ccc3ncnc(Nc4ccc(OCc5ccccc5)cc4)c3c2)cc1)Nc1ccccc1
CHEMBL3759725,COc1c(C(=O)NCCN(C)C)cccc1-c1cc2c(N[C@H](C)c3ccccc3)ncnc2s1,NRGHKVNPTSPJAS-QGZVFWFLSA-N,8.522878745280337,True,c1ccc(CNc2ncnc3sc(-c4ccccc4)cc23)cc1
CHEMBL4082763,C=CC(=O)Nc1cc(Nc2cc(-c3cn(C)c4ccccc34)nc(OC)n2)c(OC)cc1N(C)CCN(C)C,NRKNORNPWNVMFC-UHFFFAOYSA-N,7.962573502059376,True,c1ccc(Nc2cc(-c3c[nH]c4ccccc34)ncn2)cc1
CHEMBL1645465,C#Cc1cccc(Nc2ncnn3ccc(COC[C@@H]4CNCCO4)c23)c1,NRLAWORQYLUKAL-SFHVURJKSA-N,6.173925197299173,False,c1ccc(Nc2ncnn3ccc(COC[C@@H]4CNCCO4)c23)cc1
CHEMBL358934,CNc1ccc2sc3c(Nc4cccc(Br)c4)ncnc3c2c1,NRNGTBQZEILVIB-UHFFFAOYSA-N,8.958607314841775,True,c1ccc(Nc2ncnc3c2sc2ccccc23)cc1
CHEMBL3914322,C[C@@H](Nc1ncnc2[nH]c(-c3ccc(OCCCCCCC(O)=NO)cc3)cc12)c1ccc(F)cc1,NRSHGRFGQTUKNG-GOSISDBHSA-N,7.0,True,c1ccc(CNc2ncnc3[nH]c(-c4ccccc4)cc23)cc1
CHEMBL335931,CO[C@H]1[C@@H](N(C)C(=O)CNC(=O)OC(C)(C)C)C[C@@H]2O[C@@]1(C)n1c3ccccc3c3c4c(c5c6ccccc6n2c5c31)C(=O)NC4,NRUVICOXXLOXCB-YACNBPEVSA-N,5.455931955649724,False,O=C1NCc2c1c1c3ccccc3n3c1c1c2c2ccccc2n1C1CCC[C@@H]3O1
CHEMBL1241950,CC(C)n1nc(-c2ccc3nc(NN)ccc3c2)c2c(N)ncnc21,NRZFXYCLDSAYDI-UHFFFAOYSA-N,5.154901959985743,False,c1cnc2ccc(-c3n[nH]c4ncncc34)cc2c1
CHEMBL3087206,C=CC(=O)N1CCC[C@@H](N2C(=O)N(Cc3ccccc3)Cc3cnc(Nc4ccc(N5CCN(C)CC5)cc4OC)nc32)C1,NSAJROLZGLVIST-HHHXNRCGSA-N,7.394694953858891,True,O=C1N(Cc2ccccc2)Cc2cnc(Nc3ccc(N4CCNCC4)cc3)nc2N1[C@@H]1CCCNC1
CHEMBL3087207,C=CC(=O)N1CCC[C@H](N2C(=O)N(Cc3ccccc3)Cc3cnc(Nc4ccc(N5CCN(C)CC5)cc4OC)nc32)C1,NSAJROLZGLVIST-MHZLTWQESA-N,6.69015699528393,True,O=C1N(Cc2ccccc2)Cc2cnc(Nc3ccc(N4CCNCC4)cc3)nc2N1[C@H]1CCCNC1
CHEMBL2425094,COc1cc2ncnc(Nc3ccc(F)c(Cl)c3)c2cc1OCCCN1CC2(CSC2)C1,NSFLGLQMAVHDHV-UHFFFAOYSA-N,7.318758762624412,True,c1ccc(Nc2ncnc3ccc(OCCCN4CC5(CSC5)C4)cc23)cc1
CHEMBL3699609,C=CC(=O)Nc1cccc(Nc2nc(Nc3ccc(N4CCN(C(=O)CC)CC4)cc3OC)ncc2C(F)(F)F)c1,NSHHXIZJTQXLQE-UHFFFAOYSA-N,8.259637310505756,True,c1ccc(Nc2ccnc(Nc3ccc(N4CCNCC4)cc3)n2)cc1
CHEMBL4226937,CN(C)CCOc1ccc(Nc2ncc3nc(Sc4cccc(F)c4)n(C4CCOCC4)c3n2)cc1,NSIQZZLWJHBVJS-UHFFFAOYSA-N,6.094204119632131,False,c1ccc(Nc2ncc3nc(Sc4ccccc4)n(C4CCOCC4)c3n2)cc1
CHEMBL2018767,CCN(CC)CCOc1cc2ncnc(Nc3ccc(C)c(Br)c3)c2cc1OC,NSNASZRQVNTUNU-UHFFFAOYSA-N,5.0245681914907365,False,c1ccc(Nc2ncnc3ccccc23)cc1
CHEMBL4097795,NP(=O)(OCCCOc1ccc2ncnc(Nc3ccc(F)c(Cl)c3)c2c1)N(CCCl)CCCl,NSRXPGZCZVRKGV-UHFFFAOYSA-N,8.244125144327509,True,c1ccc(Nc2ncnc3ccccc23)cc1
CHEMBL186001,Cc1ccc(Nc2ncnn3cc(C)c(C)c23)cc1O,NSSREJILCYZENK-UHFFFAOYSA-N,6.698970004336019,True,c1ccc(Nc2ncnn3cccc23)cc1
CHEMBL1630578,C[C@@H]1C[C@H]2[C@@H]3CC=C4CC(=O)C=C[C@]4(C)C3=CC[C@]2(C)C1C(=O)CN1CCN(c2cc(N3CCCC3)nc(N3CCCC3)n2)CC1,NSTCAXPRTTYSFG-ZVAVEHQWSA-N,4.690433704106226,False,O=C1C=CC2C(=CC[C@@H]3C2=CCC2C(C(=O)CN4CCN(c5cc(N6CCCC6)nc(N6CCCC6)n5)CC4)CC[C@H]23)C1
CHEMBL165731,Cc1cccc(Nc2ncnc3cnc(NCCN4CCOCC4)cc23)c1,NSTUOVNEBPHBFU-UHFFFAOYSA-N,8.823908740944319,True,c1ccc(Nc2ncnc3cnc(NCCN4CCOCC4)cc23)cc1
CHEMBL593770,COc1cc2c(N(C)c3ccc(-c4nc5ccccc5s4)c(OC)c3)ncnc2cc1OCCCN1CCN(C)CC1,NSXLLHJZQNFGCH-UHFFFAOYSA-N,5.853871964321762,False,c1ccc2sc(-c3ccc(Nc4ncnc5cc(OCCCN6CCNCC6)ccc45)cc3)nc2c1
CHEMBL1821865,Cc1ccc(C2CC(c3ccc(C)c(C)c3)=NN2c2nc(-c3ccccc3)cs2)cc1,NSYQOBBFAGLGJV-UHFFFAOYSA-N,5.573488738635424,False,c1ccc(C2=NN(c3nc(-c4ccccc4)cs3)C(c3ccccc3)C2)cc1
CHEMBL4079861,C=CC(=O)Nc1cc(C(C)C)cc(-n2c(=O)cc(C)c3cnc(Nc4ccc(N5CCN(C)CC5)cc4OC)nc32)c1,NTASYPAHYBVDOK-UHFFFAOYSA-N,8.619788758288394,True,O=c1ccc2cnc(Nc3ccc(N4CCNCC4)cc3)nc2n1-c1ccccc1
CHEMBL195437,CCCCCCCCc1ccc(O)cc1,NTDQQZYCCIDJRK-UHFFFAOYSA-N,4.789975926195767,False,c1ccccc1
CHEMBL567197,CC=C1C(=NC(=O)O[C@H]2CC[C@@](C)(N)CC2)NC2N=CN=C(Nc3ccc4c(cnn4Cc4ccccc4)c3)C12,NTFALCNBJWUTSW-LXEPAOBVSA-N,7.721246399047171,True,C=C1C(=NC(=O)OC2CCCCC2)NC2N=CN=C(Nc3ccc4c(cnn4Cc4ccccc4)c3)C12
CHEMBL255866,CON=Cc1c(N)ncnc1Nc1ccc2[nH]ncc2c1,NTGHOCDQFNLSLU-UHFFFAOYSA-N,6.514278573518419,True,c1cc(Nc2ccc3[nH]ncc3c2)ncn1
CHEMBL599145,CCCCCCCCCOC(=O)COc1cc(O)c2c(=O)cc(-c3ccccc3)oc2c1,NTHHJNPNFHMTQC-UHFFFAOYSA-N,5.304518323509802,False,O=c1cc(-c2ccccc2)oc2ccccc12
CHEMBL3403518,Cc1nc(N(C)c2ccc(OC(C)C)cc2)c2cc(C)oc2n1,NTMALOHZZAUBAI-UHFFFAOYSA-N,6.990549104201306,True,c1ccc(Nc2ncnc3occc23)cc1
CHEMBL589590,CCCCN(Cc1cc(Br)cc(Br)c1O)C(=S)Nc1ccccc1,NTRKLEJSJWDUKK-UHFFFAOYSA-N,4.495665088197536,False,S=C(NCc1ccccc1)Nc1ccccc1
CHEMBL337035,CNC(=S)N(C)[C@H]1C[C@@H]2O[C@](C)([C@H]1OC)n1c3ccccc3c3c4c(c5c6ccccc6n2c5c31)C(=O)NC4,NTUVEMUMVHHACY-SSRZRBEUSA-N,4.903089986991944,False,O=C1NCc2c1c1c3ccccc3n3c1c1c2c2ccccc2n1C1CCC[C@@H]3O1
CHEMBL4060919,C=CC(=O)N1CCC[C@@H](n2nc(Cc3ccccc3)c3c(N)ncnc32)C1,NTYXFJPDTRPPAO-OAHLLOKOSA-N,8.522878745280337,True,c1ccc(Cc2nn([C@@H]3CCCNC3)c3ncncc23)cc1
CHEMBL3759963,COc1cccc(-c2cc3c(N[C@H](C)c4ccccc4)ncnc3s2)c1OC,NUBFTMKPGIRNJM-CQSZACIVSA-N,7.886056647693163,True,c1ccc(CNc2ncnc3sc(-c4ccccc4)cc23)cc1
CHEMBL1641992,CN1CCN(CCC(=O)Nc2ccc3c(C#N)cnc(Nc4cccc(Br)c4)c3c2)CC1,NUEIZCVGJKOLIS-UHFFFAOYSA-N,5.886056647693163,False,O=C(CCN1CCNCC1)Nc1ccc2ccnc(Nc3ccccc3)c2c1
CHEMBL3753157,COc1ccc(-c2ccc(OC(F)(F)F)c(NC(=O)Nc3nccs3)c2)cn1,NUFPUEHUEPQUBF-UHFFFAOYSA-N,6.305131672017544,True,O=C(Nc1cccc(-c2cccnc2)c1)Nc1nccs1
CHEMBL3883652,Cc1cccc(Nc2ccnc(Nc3ccc(N4CCN(C)CC4)cc3)n2)c1,NUIFHMPTQLPLND-UHFFFAOYSA-N,4.958607314841775,False,c1ccc(Nc2ccnc(Nc3ccc(N4CCNCC4)cc3)n2)cc1
CHEMBL552634,C=C(CN(C)C)C(=O)c1ccc(OS(=O)(=O)c2ccc(C(=O)N(C)C)cc2)cc1,NUJGTWOOKVMGHI-UHFFFAOYSA-N,6.154901959985743,False,O=S(=O)(Oc1ccccc1)c1ccccc1
CHEMBL248115,Cc1cncc(COc2ccc(Nc3ncnn4ccc(CN5CCC(N)CC5)c34)cc2Cl)c1,NUJUYKXECYPXAW-UHFFFAOYSA-N,7.070581074285707,True,c1cncc(COc2ccc(Nc3ncnn4ccc(CN5CCCCC5)c34)cc2)c1
CHEMBL592216,C#CCCCOc1cc2c(Nc3ccc(F)c(Cl)c3)ncnc2cc1OC,NUKACQQCRSOUHL-UHFFFAOYSA-N,8.596879478824182,True,c1ccc(Nc2ncnc3ccccc23)cc1
CHEMBL89505,CC(C)(C)c1cc(C=C2C(=O)Nc3ccccc32)cc(C(C)(C)C)c1O,NUMNJHZZSGKINB-UHFFFAOYSA-N,5.102372908709558,False,O=C1Nc2ccccc2C1=Cc1ccccc1
CHEMBL1080990,CCOC(=O)c1[nH]c(C)c2cnnc(Nc3ccc(OCc4cccc(F)c4)c(Cl)c3)c12,NURBYSCFSBBMLZ-UHFFFAOYSA-N,5.917214629683549,False,c1ccc(COc2ccc(Nc3nncc4c[nH]cc34)cc2)cc1
CHEMBL2070194,O=C(Nc1ccc2ncnc(Nc3cccc(Cl)c3)c2c1)c1cccc2c1OCCO2,NVDKILXCXNCRQG-UHFFFAOYSA-N,5.889410289700751,False,O=C(Nc1ccc2ncnc(Nc3ccccc3)c2c1)c1cccc2c1OCCO2
CHEMBL3805218,Fc1ccc(Nc2ncnc3cc(OCCCN4CCOCC4)c4c(c23)OCCO4)cc1Cl,NVESEOKYLHXNPU-UHFFFAOYSA-N,7.587371479455625,True,c1ccc(Nc2ncnc3cc(OCCCN4CCOCC4)c4c(c23)OCCO4)cc1
CHEMBL4211322,COc1cc(N2CCN(C)CC2)ccc1Nc1ncc(Cl)c(Oc2ccccc2[N+](=O)[O-])n1,NVGNQWINCGJSAT-UHFFFAOYSA-N,5.11975822410452,False,c1ccc(Oc2ccnc(Nc3ccc(N4CCNCC4)cc3)n2)cc1
CHEMBL1241579,C[C@H](CN)n1nc(-c2ccc(Cl)c(O)c2)c2c(N)ncnc21,NVHKWMBHTXQWRP-SSDOTTSWSA-N,5.318758762624412,False,c1ccc(-c2n[nH]c3ncncc23)cc1
CHEMBL1240544,C[C@@H](CN)n1nc(-c2ccc(Cl)c(O)c2)c2c(N)ncnc21,NVHKWMBHTXQWRP-ZETCQYMHSA-N,5.039053804266169,False,c1ccc(-c2n[nH]c3ncncc23)cc1
CHEMBL3655348,CN(C)C/C=C/C(=O)N1CCc2c(sc3ncc(C#N)c(Nc4ccc(F)c(Cl)c4)c23)C1,NVLFBEYJQFJUAT-ONEGZZNKSA-N,8.0,True,c1ccc(Nc2ccnc3sc4c(c23)CCNC4)cc1
CHEMBL3674150,CC(C)n1c(Nc2ccccc2)nc2cnc(Nc3ccc(C(=O)NN4CCN(C)CC4)cc3F)nc21,NVOZOBFMWRZFHB-UHFFFAOYSA-N,9.0,True,O=C(NN1CCNCC1)c1ccc(Nc2ncc3nc(Nc4ccccc4)[nH]c3n2)cc1
CHEMBL414013,COc1cc2c(cc1OC)Nc1[nH]cnc(=O)c1C2,NVPFAFOQUJRLJO-UHFFFAOYSA-N,4.1249387366083,False,O=c1nc[nH]c2c1Cc1ccccc1N2
CHEMBL1081312,Nc1ncnc2c1c(-c1cnc3[nH]ccc3c1)nn2C1CCCC1,NVRXTLZYXZNATH-UHFFFAOYSA-N,6.585026652029182,True,c1ncc2c(-c3cnc4[nH]ccc4c3)nn(C3CCCC3)c2n1
CHEMBL2064372,O=c1oc2cc3ncnc(Nc4ccc(F)c(Cl)c4)c3cc2n1CCCN1CCOCC1,NVSBIEBPBPVGSV-UHFFFAOYSA-N,7.107905397309519,True,O=c1oc2cc3ncnc(Nc4ccccc4)c3cc2n1CCCN1CCOCC1
CHEMBL445572,CS(=O)(=O)CCN(Cc1ccccc1)Cc1ccc(-c2ccc3ncnc(Nc4ccc(OCc5cccc(F)c5)c(Cl)c4)c3c2)o1,NVTIQCRSEMKCEN-UHFFFAOYSA-N,7.045757490560675,True,c1ccc(CNCc2ccc(-c3ccc4ncnc(Nc5ccc(OCc6ccccc6)cc5)c4c3)o2)cc1
CHEMBL1630112,Nc1ccccc1NC(=O)c1ccc(-c2ccc3ncnc(Nc4ccc(OCc5cccc(F)c5)c(Cl)c4)c3c2)s1,NVVASLWKXTZLJN-UHFFFAOYSA-N,8.55284196865778,True,O=C(Nc1ccccc1)c1ccc(-c2ccc3ncnc(Nc4ccc(OCc5ccccc5)cc4)c3c2)s1
CHEMBL4293145,C=C=CC(=O)Nc1cc(Nc2nccc(-c3cn(C)c4ccccc34)n2)c(OC)cc1O[C@H]1CCOC1,NVVVBYLPMCOMTD-SFHVURJKSA-N,9.154901959985745,True,c1ccc2c(-c3ccnc(Nc4ccc(O[C@H]5CCOC5)cc4)n3)c[nH]c2c1
CHEMBL4171764,Brc1cccc(Nc2ncnc3sc4c(c23)CCCC4)c1,NVWVZLNJWRDTNJ-UHFFFAOYSA-N,8.58335949266172,True,c1ccc(Nc2ncnc3sc4c(c23)CCCC4)cc1
CHEMBL4281426,O=S(=O)(c1ccc2[nH]c(O)c(N=Nc3ccccc3)c2c1)N1CCOCC1,NVXHDNJLPNPKQF-UHFFFAOYSA-N,7.337242168318426,True,O=S(=O)(c1ccc2[nH]cc(N=Nc3ccccc3)c2c1)N1CCOCC1
CHEMBL3092308,O=C(NCCN1CCCC1)Nc1cc2c(Nc3ccc(F)c(Cl)c3)ncnc2cc1O[C@H]1CCOC1,NWCCWSWQAFETLG-KRWDZBQOSA-N,7.167491087293763,True,O=C(NCCN1CCCC1)Nc1cc2c(Nc3ccccc3)ncnc2cc1O[C@H]1CCOC1
CHEMBL4076515,CCC(=O)N1CC[C@H](N2C(=O)N(c3cc(OC)ccc3F)Cc3cnc(Nc4ccc(N(C)CCN(C)C)c(C)c4)nc32)C1,NWCYCFSBFJBRBX-DEOSSOPVSA-N,5.886056647693163,False,O=C1N(c2ccccc2)Cc2cnc(Nc3ccccc3)nc2N1[C@H]1CCNC1
CHEMBL504034,CS(=O)(=O)CCNC(=O)O[C@H]1CN[C@H](C#Cc2cc3ncnc(Nc4ccc(OCc5cccc(F)c5)c(Cl)c4)c3s2)C1,NWDMCJXGXJGDKM-IFMALSPDSA-N,7.397940008672037,True,C(#C[C@@H]1CCCN1)c1cc2ncnc(Nc3ccc(OCc4ccccc4)cc3)c2s1
CHEMBL1081198,O=C(Nc1cccc(-c2cn3ccnc3c(NCc3ccncc3)n2)c1)Nc1cccc(C(F)(F)F)c1,NWEIPABWNQPRCZ-UHFFFAOYSA-N,4.301029995663981,False,O=C(Nc1ccccc1)Nc1cccc(-c2cn3ccnc3c(NCc3ccncc3)n2)c1
CHEMBL1090364,O=C(Cc1ccccc1)Nc1cccc(-c2nc3sccn3c2-c2ccnc(Nc3ccc4c(c3)CCNC4)n2)c1,NWGRWOHGDXCBOV-UHFFFAOYSA-N,6.0,False,O=C(Cc1ccccc1)Nc1cccc(-c2nc3sccn3c2-c2ccnc(Nc3ccc4c(c3)CCNC4)n2)c1
CHEMBL4091626,C#Cc1cccc(Nc2ncnc3ccc(OCCCCOP(N)(=O)N(CCCl)CCCl)cc23)c1,NWQZWJNXAGKRAC-UHFFFAOYSA-N,7.958607314841775,True,c1ccc(Nc2ncnc3ccccc23)cc1
CHEMBL449949,O=C(O[C@H]1CN[C@H](C#Cc2cc3ncnc(Nc4ccc(OCc5cccc(F)c5)nc4)c3s2)C1)N1CCOCC1,NWRYHCNPTDKBAI-FYYLOGMGSA-N,5.585026652029182,False,O=C(O[C@H]1CN[C@H](C#Cc2cc3ncnc(Nc4ccc(OCc5ccccc5)nc4)c3s2)C1)N1CCOCC1
CHEMBL311111,Cc1cc2cc(Nc3ccnc4cc(-c5ccc(CN6CCOCC6)cc5)sc34)ccc2[nH]1,NWVUSUJOHOVKNG-UHFFFAOYSA-N,5.903089986991944,False,c1cc(Nc2ccc3[nH]ccc3c2)c2sc(-c3ccc(CN4CCOCC4)cc3)cc2n1
CHEMBL3932176,CCOc1cc2ncnc(Nc3ccc4c(cnn4Cc4ccccc4)c3)c2cc1NC(=O)/C=C/CN(C)C,NWZQTNDYDHXMOE-DHZHZOJOSA-N,8.221848749616356,True,c1ccc(Cn2ncc3cc(Nc4ncnc5ccccc45)ccc32)cc1
CHEMBL2048904,Cn1ncc2c(Oc3ccc(Nc4ncnc5ccn(CCO)c45)cc3Cl)cccc21,NXBDRZNDPDCAAE-UHFFFAOYSA-N,7.443697499232712,True,c1cc(Oc2ccc(Nc3ncnc4cc[nH]c34)cc2)c2cn[nH]c2c1
CHEMBL3699610,C=CC(=O)Nc1cccc(Oc2nc(Nc3ccc(N4CCOCC4)cc3OC(F)F)ncc2Cl)c1,NXBMDDBXMAQAPS-UHFFFAOYSA-N,7.698970004336019,True,c1ccc(Oc2ccnc(Nc3ccc(N4CCOCC4)cc3)n2)cc1
CHEMBL419022,CCOC(=O)CCCc1ccc(Nc2ncc3cc(-c4c(Cl)cccc4Cl)c(=O)n(C)c3n2)cc1,NXHGGDQABDGSFK-UHFFFAOYSA-N,6.154901959985743,False,O=c1[nH]c2nc(Nc3ccccc3)ncc2cc1-c1ccccc1
CHEMBL136102,CN(C)CCCNC(=O)/C=C/C(=O)N(C)c1cc2c(Nc3cccc(Br)c3)ncnc2cn1,NXHJGHKRQJSQMH-CMDGGOBGSA-N,6.714442690992226,True,c1ccc(Nc2ncnc3cnccc23)cc1
CHEMBL3663924,C=CC(=O)Nc1cccc(Oc2nc(Nc3ccc(N4CCN(C)CC4)cc3)c(C(N)=O)nc2C(C)C)c1,NXOMUJIORBFHSR-UHFFFAOYSA-N,8.823908740944319,True,c1ccc(Oc2cncc(Nc3ccc(N4CCNCC4)cc3)n2)cc1
CHEMBL475599,CS(=O)(=O)CCNCc1cc(-c2cc3c(Nc4ccc(OCc5cccc(F)c5)c(Cl)c4)ncnc3s2)cs1,NXPQOKLTKBGJEH-UHFFFAOYSA-N,6.517126416391246,True,c1ccc(COc2ccc(Nc3ncnc4sc(-c5ccsc5)cc34)cc2)cc1
CHEMBL214023,O=S(=O)(CCNCc1ccc(-c2ccc3ncnc(Nc4ccc(OCc5cccc(F)c5)c(C(F)(F)F)c4)c3c2)o1)c1ccccn1,NXQXZOZVAHCESP-UHFFFAOYSA-N,7.721246399047171,True,O=S(=O)(CCNCc1ccc(-c2ccc3ncnc(Nc4ccc(OCc5ccccc5)cc4)c3c2)o1)c1ccccn1
CHEMBL473429,N#CCNCc1ccc(-c2cc3ncnc(Nc4ccc(OCc5cccc(F)c5)c(Cl)c4)c3s2)o1,NXSMOWZBERTEAU-UHFFFAOYSA-N,8.522878745280337,True,c1ccc(COc2ccc(Nc3ncnc4cc(-c5ccco5)sc34)cc2)cc1
CHEMBL2437460,C=CC(=O)Nc1cccc(-n2c(=O)cnc3cnc(Nc4ccc(N5CCOCC5)cc4)nc32)c1,NXZQKEJXOSVRFZ-UHFFFAOYSA-N,8.543633966870956,True,O=c1cnc2cnc(Nc3ccc(N4CCOCC4)cc3)nc2n1-c1ccccc1
CHEMBL3678947,CC(C)n1c(Nc2cccc(Br)c2)nc2cnc(Nc3ccc(N4CCN(C)CC4)cc3)nc21,NYBSAZXOBAFBSJ-UHFFFAOYSA-N,8.154901959985743,True,c1ccc(Nc2nc3cnc(Nc4ccc(N5CCNCC5)cc4)nc3[nH]2)cc1
CHEMBL3923228,CCOc1cc2ncnc(Nc3ccc4c(cnn4Cc4ccccc4)c3)c2cc1NC(=O)/C=C/CN1CCCC1,NYCRPERPKUAEHF-DHZHZOJOSA-N,8.154901959985743,True,O=C(/C=C/CN1CCCC1)Nc1ccc2ncnc(Nc3ccc4c(cnn4Cc4ccccc4)c3)c2c1
CHEMBL3234747,Cc1ccc(C(=O)Nc2ccc(CN3CCN(C)CC3)c(C(F)(F)F)c2)cc1NC(=O)c1cnc(NC2CC2)nc1,NYDFTEKCLAIVPQ-UHFFFAOYSA-N,7.356547323513812,True,O=C(Nc1cccc(C(=O)Nc2ccc(CN3CCNCC3)cc2)c1)c1cnc(NC2CC2)nc1
CHEMBL3436360,CN1CCN(C(=O)c2ccc(-c3ccc4ncnc(Nc5ccc(OCc6cccc(F)c6)c(Cl)c5)c4c3)o2)CC1,NYGBDKPPQUPSIG-UHFFFAOYSA-N,6.633763876281707,True,O=C(c1ccc(-c2ccc3ncnc(Nc4ccc(OCc5ccccc5)cc4)c3c2)o1)N1CCNCC1
CHEMBL133023,Cc1cccc(Nc2ncnc3ccc(N=NN(C)C)cc23)c1,NYKGOHUYIUUWNU-UHFFFAOYSA-N,7.619788758288394,True,c1ccc(Nc2ncnc3ccccc23)cc1
CHEMBL1173014,COc1cccc(/C=C/C(=O)OCCn2c([N+](=O)[O-])cnc2C)c1,NYLURTZYLDYWMN-VOTSOKGWSA-N,4.857923538926715,False,O=C(/C=C/c1ccccc1)OCCn1ccnc1
CHEMBL115187,CCCN(CC#CC(=O)Nc1ccc2ncc(C#N)c(Nc3cccc(Br)c3)c2c1)CCC,NYRBHASTRFCNHY-UHFFFAOYSA-N,6.886056647693163,True,c1ccc(Nc2ccnc3ccccc23)cc1
CHEMBL1812431,O=C(/C=C/c1ccc(Cl)cc1)Nc1ccc2ncnc(Nc3cccc(Br)c3)c2c1,NYUBSZCKSGQPEM-IZZDOVSWSA-N,5.917214629683549,False,O=C(/C=C/c1ccccc1)Nc1ccc2ncnc(Nc3ccccc3)c2c1
CHEMBL3753011,C=CC(=O)Nc1cccc(-n2c(=O)c(-c3ccccc3)c(C)c3cnc(Nc4ccc(N5CCN(C)CC5)cc4OC)nc32)c1,NYVLCULBBGEPQX-UHFFFAOYSA-N,8.795880017344075,True,O=c1c(-c2ccccc2)cc2cnc(Nc3ccc(N4CCNCC4)cc3)nc2n1-c1ccccc1
CHEMBL1241862,CC(C)n1nc(-c2ccc(C(N)=O)c(Cl)c2)c2c(N)ncnc21,NZELPIPZPVLYLT-UHFFFAOYSA-N,4.0,False,c1ccc(-c2n[nH]c3ncncc23)cc1
CHEMBL243839,CCOc1cc2ncnc(NC3=CC(=O)C(OCc4cccs4)=CC3=O)c2cc1NC(=O)/C=C/CN(C)C,NZFPJFMKRLAGLA-VMPITWQZSA-N,7.323306390375134,True,O=C1C=C(OCc2cccs2)C(=O)C=C1Nc1ncnc2ccccc12
CHEMBL50470,CCN(CC)CCCNc1ncc2cc(-c3c(Cl)cccc3Cl)c(=O)n(C)c2n1,NZHAVEPSCYGCPU-UHFFFAOYSA-N,5.853871964321762,False,O=c1[nH]c2ncncc2cc1-c1ccccc1
CHEMBL4206288,CN1CCN(c2ccc(Nc3cc4c(N5CCOCC5)nc(Nc5ccccc5)nc4cn3)nc2)CC1,NZHWCKUCRNYHBJ-UHFFFAOYSA-N,8.67778070526608,True,c1ccc(Nc2nc(N3CCOCC3)c3cc(Nc4ccc(N5CCNCC5)cn4)ncc3n2)cc1
CHEMBL461968,COc1cc2ncnc(Nc3ccc(F)c(Cl)c3)c2cc1CN(C)C(C)C(N)=O,NZOUYCUXQQRUNF-UHFFFAOYSA-N,8.071333751784366,True,c1ccc(Nc2ncnc3ccccc23)cc1
CHEMBL592711,O=C(Nc1ccc(F)cc1)c1ccc(N(CCCl)CCCl)cc1,NZRMGYDVIOWIFT-UHFFFAOYSA-N,5.764471553092451,False,O=C(Nc1ccccc1)c1ccccc1
CHEMBL299194,CN1CCN(CCCNc2ncc3cc(-c4c(Cl)cccc4Cl)c(=O)n(C)c3n2)CC1,NZUXTCRYWPXTJA-UHFFFAOYSA-N,5.060480747381382,False,O=c1[nH]c2nc(NCCCN3CCNCC3)ncc2cc1-c1ccccc1
CHEMBL1203936,COc1cc2ncnc(Nc3cc(F)cc(C(F)(F)F)c3)c2cc1OC,OADSFSCZBUDKTO-UHFFFAOYSA-N,7.698970004336019,True,c1ccc(Nc2ncnc3ccccc23)cc1
CHEMBL4126797,C=CC(=O)Nc1cccc(-n2c(=O)n(C)c(=O)c3cnc(Nc4ccc(N5CCN(C(C)=O)CC5)cc4OC)nc32)c1,OAGQWRRTZLKWNK-UHFFFAOYSA-N,7.337242168318426,True,O=c1[nH]c(=O)n(-c2ccccc2)c2nc(Nc3ccc(N4CCNCC4)cc3)ncc12
CHEMBL2437224,C[S+]([O-])CCNCc1ccc(-c2ccc3ncnc(Nc4ccc(OCc5cccc(F)c5)c(Cl)c4)c3c2)o1,OAMVGUFHZPRXOM-UHFFFAOYSA-N,7.58224666466784,True,c1ccc(COc2ccc(Nc3ncnc4ccc(-c5ccco5)cc34)cc2)cc1
CHEMBL2442327,C#Cc1cccc(-n2ccc3cc(OC)cc(O)c3c2=O)c1,OATWWGGTLXORJR-UHFFFAOYSA-N,5.514278573518419,False,O=c1c2ccccc2ccn1-c1ccccc1
CHEMBL370808,COc1ccc(C#CC(C)(C)N)cc1-c1[nH]nc2nc(Nc3ccc(F)cc3F)ncc12,OAVQAUQHQJNYKR-UHFFFAOYSA-N,5.2839966563652006,False,c1ccc(Nc2ncc3c(-c4ccccc4)[nH]nc3n2)cc1
CHEMBL3981621,c1ccc(CNc2ncnc3oc(-c4ccccc4)cc23)cc1,OAYPHBWWZGQZHS-UHFFFAOYSA-N,7.031517051446065,True,c1ccc(CNc2ncnc3oc(-c4ccccc4)cc23)cc1
CHEMBL299893,COc1cc2ncnc(Nc3ccc(F)c(Cl)c3)c2cc1OCC(O)CN(CCO)CCO,OAZGLXFQIVEFTB-UHFFFAOYSA-N,8.301029995663981,True,c1ccc(Nc2ncnc3ccccc23)cc1
CHEMBL3678955,CC(C)n1c(Nc2ccc(NC(=O)Nc3ccc(F)c(Cl)c3)cc2)nc2cnc(Nc3ccc(N4CCN(C)CC4)cc3)nc21,OAZZXYMTTQCAGN-UHFFFAOYSA-N,7.958607314841775,True,O=C(Nc1ccccc1)Nc1ccc(Nc2nc3cnc(Nc4ccc(N5CCNCC5)cc4)nc3[nH]2)cc1
CHEMBL242740,COc1c(O)cc2occ(-c3ccc(O)cc3)c(=O)c2c1O,OBBCRPUNCUPUOS-UHFFFAOYSA-N,5.481486060122112,False,O=c1c(-c2ccccc2)coc2ccccc12
CHEMBL3815115,S=C(NCCCN1CCOCC1)Nc1ccc2ncnc(Nc3cccc(Br)c3)c2c1,OBDIAJMTIKZKPR-UHFFFAOYSA-N,6.607303046740334,True,S=C(NCCCN1CCOCC1)Nc1ccc2ncnc(Nc3ccccc3)c2c1
CHEMBL2374458,COc1ccccc1Cc1nc2cc(-c3nn([C@H]4CC[C@H](C5CCN(C)CC5)CC4)c4ncnc(N)c34)ccc2[nH]1,OBDZFXLPCBGQSA-LSNLESRRSA-N,7.236572006437063,True,c1ccc(Cc2nc3cc(-c4nn([C@H]5CC[C@H](C6CCNCC6)CC5)c5ncncc45)ccc3[nH]2)cc1
CHEMBL56505,COc1cc2ncnc(Nc3ccc(F)c(Cl)c3)c2cc1OCCN(CCO)CCO,OBECJVAODZZPOU-UHFFFAOYSA-N,7.455931955649724,True,c1ccc(Nc2ncnc3ccccc23)cc1
CHEMBL4066684,Cc1cc(=O)n(-c2ccc(F)cc2)nc1C(=O)Nc1ccc(Oc2ccnc3[nH]ccc23)c(F)c1,OBFGRWOUNPRHNH-UHFFFAOYSA-N,6.139482322538253,False,O=C(Nc1ccc(Oc2ccnc3[nH]ccc23)cc1)c1ccc(=O)n(-c2ccccc2)n1
CHEMBL486437,COc1cc(C2=C(c3cn(COCC[Si](C)(C)C)c4ccccc34)CNC2=O)cc(OC)c1OC,OBFNFWMFLWGMPB-UHFFFAOYSA-N,4.657577319177793,False,O=C1NCC(c2c[nH]c3ccccc23)=C1c1ccccc1
CHEMBL1914660,C[C@@H](Nc1ncnc2[nH]c(-c3ccc(O)cc3)cc12)c1cccc(F)c1,OBFXMZKLWIDMSG-GFCCVEGCSA-N,8.045757490560675,True,c1ccc(CNc2ncnc3[nH]c(-c4ccccc4)cc23)cc1
CHEMBL3947759,C=CC(=O)Nc1cccc(Nc2nc(Nc3ccc(OCCn4ccnc4)cc3)ncc2Cl)c1,OBHMYDQLSWXNFM-UHFFFAOYSA-N,6.97469413473523,True,c1ccc(Nc2ccnc(Nc3ccc(OCCn4ccnc4)cc3)n2)cc1
CHEMBL3233793,O=C(/C=C/CN1CCS(=O)(=O)CC1)Nc1cc2c(Nc3ccc(F)c(Cl)c3)ncnc2s1,OBIDTTZXDSPDMR-OWOJBTEDSA-N,7.537602002101044,True,O=C(/C=C/CN1CCS(=O)(=O)CC1)Nc1cc2c(Nc3ccccc3)ncnc2s1
CHEMBL1956887,Nc1nc(Nc2cccc(Br)c2)c2cc(Cc3ccc(-c4ccccc4)cc3)[nH]c2n1,OBTGJXIDKZVSAG-UHFFFAOYSA-N,5.210419287835574,False,c1ccc(Nc2ncnc3[nH]c(Cc4ccc(-c5ccccc5)cc4)cc23)cc1
CHEMBL78184,N#C/C(=C\c1ccc(F)cc1)C(=O)O,OBZAFMILNGLRAL-VMPITWQZSA-N,3.079354998593212,False,c1ccccc1
CHEMBL137082,C=CC(=O)N(CCCN1CCOCC1)c1cc2c(Nc3cccc(Br)c3)ncnc2cn1,OCBRGIXVRJXGMM-UHFFFAOYSA-N,6.806875401645538,True,c1ccc(Nc2ncnc3cnc(NCCCN4CCOCC4)cc23)cc1
CHEMBL3986103,CCOc1cc2ncnc(Nc3ccc(NS(=O)(=O)c4ccccc4)cc3)c2cc1NC(=O)/C=C/CN1CCCC1,OCPAAPUDKSPSJT-DHZHZOJOSA-N,7.67778070526608,True,O=C(/C=C/CN1CCCC1)Nc1ccc2ncnc(Nc3ccc(NS(=O)(=O)c4ccccc4)cc3)c2c1
CHEMBL126974,CCOc1cc2ncnc(Nc3cccc(-c4cncnc4)c3)c2cc1OCC,OCPACVFCWMESLD-UHFFFAOYSA-N,5.958607314841775,False,c1cc(Nc2ncnc3ccccc23)cc(-c2cncnc2)c1
CHEMBL402149,CON=Cc1c(N)ncnc1Nc1cccc(Br)c1,OCXORRCMDXTOHV-UHFFFAOYSA-N,7.619788758288394,True,c1ccc(Nc2ccncn2)cc1
CHEMBL2408828,COc1cc(N2CCN(C)CC2)ccc1Nc1ncc(Cl)c(Oc2cccc(COc3no[n+]([O-])c3S(=O)(=O)c3ccccc3)c2)n1,ODEJPNUERGGKHW-UHFFFAOYSA-N,7.721246399047171,True,O=S(=O)(c1ccccc1)c1[nH+]onc1OCc1cccc(Oc2ccnc(Nc3ccc(N4CCNCC4)cc3)n2)c1
CHEMBL4218154,C=CC(=O)N[C@@H]1CN(c2nc(Nc3cn(C)nc3CC)c3ncn(C(C)C)c3n2)C[C@H]1F,ODFSNABUETZLTN-UKRRQHHQSA-N,8.154901959985743,True,c1nc2c(Nc3cn[nH]c3)nc(N3CCCC3)nc2[nH]1
CHEMBL3671521,C=CC(=O)Nc1cc2c(Nc3ccc(Br)cc3F)ncnc2cc1OCCNC(=O)C(C)C,ODIVICGOEIOVIQ-UHFFFAOYSA-N,6.892790030352131,True,c1ccc(Nc2ncnc3ccccc23)cc1
CHEMBL2408823,COc1cc(N2CCN(C)CC2)ccc1Nc1ncc(Cl)c(Oc2ccc(CCCOc3no[n+]([O-])c3S(=O)(=O)c3ccccc3)cc2)n1,ODMSVIXMDZAZJV-UHFFFAOYSA-N,6.107905397309519,False,O=S(=O)(c1ccccc1)c1[nH+]onc1OCCCc1ccc(Oc2ccnc(Nc3ccc(N4CCNCC4)cc3)n2)cc1
CHEMBL3786098,C=CC(=O)N1C[C@H](COc2nc(Nc3cnn(C)c3)nc3[nH]cc(Cl)c23)[C@@H](OC)C1,ODMXWZROLKITMS-RISCZKNCSA-N,7.886056647693163,True,c1cc2c(OC[C@@H]3CCNC3)nc(Nc3cn[nH]c3)nc2[nH]1
CHEMBL3787132,C=CC(=O)N1C[C@@H](COc2nc(Nc3cnn(C)c3)nc3[nH]cc(Cl)c23)[C@H](OC)C1,ODMXWZROLKITMS-SMDDNHRTSA-N,6.920818753952375,True,c1cc2c(OC[C@H]3CCNC3)nc(Nc3cn[nH]c3)nc2[nH]1
CHEMBL3786812,C#CCCn1cc(Nc2nc(OC[C@H]3CN(C(=O)C=C)C[C@@H]3OC)c3c(Cl)c[nH]c3n2)cn1,ODNHDWIIIOWNKM-PBHICJAKSA-N,7.795880017344075,True,c1cc2c(OC[C@@H]3CCNC3)nc(Nc3cn[nH]c3)nc2[nH]1
CHEMBL3759127,COc1cc2c(Nc3ccc(NC(=O)c4ccccc4)cc3)ncnc2cc1OCCCN1CCN(C)CC1,ODNMSCZTRWQCLL-UHFFFAOYSA-N,6.886056647693163,True,O=C(Nc1ccc(Nc2ncnc3cc(OCCCN4CCNCC4)ccc23)cc1)c1ccccc1
CHEMBL1956888,Nc1nc(Nc2cccc(Br)c2)c2ccn(Cc3ccccc3)c2n1,ODNOXDGDVDWXGJ-UHFFFAOYSA-N,3.778846678045295,False,c1ccc(Cn2ccc3c(Nc4ccccc4)ncnc32)cc1
CHEMBL2425090,COc1cc2ncnc(Nc3ccc(F)c(Cl)c3)c2cc1OCCN1CC(O)C1,ODSNORFBXNJCKF-UHFFFAOYSA-N,7.585026652029182,True,c1ccc(Nc2ncnc3ccc(OCCN4CCC4)cc23)cc1
CHEMBL1688539,Fc1ccc(Nc2ncnc3ccccc23)cc1Cl,ODUHDKRYKFSJAH-UHFFFAOYSA-N,7.522878745280337,True,c1ccc(Nc2ncnc3ccccc23)cc1
CHEMBL53062,COc1cc2c(Nc3cccc(Br)c3)ncnc2cn1,ODVAMUDYBBPTAL-UHFFFAOYSA-N,8.585026652029182,True,c1ccc(Nc2ncnc3cnccc23)cc1
CHEMBL4098409,COc1ccc2c(c1)CCN2c1nc(C)nc2c(Cc3ccccc3)c[nH]c12,OECKCOWMOMORQW-UHFFFAOYSA-N,6.777023550106609,True,c1ccc(Cc2c[nH]c3c(N4CCc5ccccc54)ncnc23)cc1
CHEMBL114490,COc1cc2ncc(C#N)c(Nc3ccc(F)c(Cl)c3)c2cc1NC(=O)/C=C/CN(C)C,OEDJWFCIVDMVRU-SNAWJCMRSA-N,5.634512015109101,False,c1ccc(Nc2ccnc3ccccc23)cc1
CHEMBL598520,CCCCCCCCCCCCCCNC(=O)COc1cc(O)c2c(=O)cc(-c3ccccc3)oc2c1,OEJNEVMDTBUXDF-UHFFFAOYSA-N,6.500312917381596,True,O=c1cc(-c2ccccc2)oc2ccccc12
CHEMBL4163321,CN(CCN(C)Cc1ccc(C(=O)Nc2ccc3ncnc(Nc4cccc(Cl)c4)c3c2)cc1)CCn1nc(-c2ccc(Cl)cc2)c2c(N)ncnc21,OEJQOBRQZABLAP-UHFFFAOYSA-N,6.494850021680094,True,O=C(Nc1ccc2ncnc(Nc3ccccc3)c2c1)c1ccc(CNCCNCCn2nc(-c3ccccc3)c3cncnc32)cc1
CHEMBL3763790,COc1ccc(/C=C/C(=O)Nc2cc3c(Nc4ccc(F)c(Cl)c4)ncnc3cc2O[C@H]2CCOC2)c(OC)c1OC,OELHXJQUNXVIPN-SQUITACLSA-N,8.443697499232712,True,O=C(/C=C/c1ccccc1)Nc1cc2c(Nc3ccccc3)ncnc2cc1O[C@H]1CCOC1
CHEMBL3671576,C=CC(=O)Nc1cc2c(Nc3ccc(Br)cc3F)ncnc2cc1OCCNC(=O)CN1CCCC1,OELVTHONNCJUEV-UHFFFAOYSA-N,7.346787486224656,True,O=C(CN1CCCC1)NCCOc1ccc2c(Nc3ccccc3)ncnc2c1
CHEMBL3219347,C=CC(=O)Nc1cccc(N2C(=O)C(Cc3ccc(F)cc3)N(C)C(=O)c3cnc(Nc4ccc(N5CCN(C)CC5)cc4OC)nc32)c1,OEOIRLZBJMOEMP-UHFFFAOYSA-N,8.23807216157947,True,O=C1NC(Cc2ccccc2)C(=O)N(c2ccccc2)c2nc(Nc3ccc(N4CCNCC4)cc3)ncc21
CHEMBL1958209,Oc1csc(N2N=C(c3ccc(Br)cc3)CC2c2ccc(Br)cc2)n1,OEQMEHCVGCRYRS-UHFFFAOYSA-N,5.692503962086787,False,c1ccc(C2=NN(c3nccs3)C(c3ccccc3)C2)cc1
CHEMBL204085,O=C(C#CCCN1CCOCC1)Nc1ccc2ncnc(Nc3ccc(F)c(Cl)c3)c2c1,OETCDAITXCDXIB-UHFFFAOYSA-N,8.769551078621726,True,O=C(C#CCCN1CCOCC1)Nc1ccc2ncnc(Nc3ccccc3)c2c1
CHEMBL591039,C#CCCCCOc1cc2c(Nc3ccc(F)c(Cl)c3)ncnc2cc1OC,OEVCNTKKXWSHFC-UHFFFAOYSA-N,7.059981844992337,True,c1ccc(Nc2ncnc3ccccc23)cc1
CHEMBL3774947,O=C1COc2cc3ncnc(Nc4cccc(Cl)c4)c3cc2N1CCCN1CCOCC1,OEWRUEYWJQIYPD-UHFFFAOYSA-N,7.199970640755866,True,O=C1COc2cc3ncnc(Nc4ccccc4)c3cc2N1CCCN1CCOCC1
CHEMBL4293326,Cc1oc2ncnc(Nc3ccc(OCc4cccc(F)c4)c(Cl)c3)c2c1C(=O)O,OFGZPVYGAPRKLT-UHFFFAOYSA-N,6.021819483062586,False,c1ccc(COc2ccc(Nc3ncnc4occc34)cc2)cc1
CHEMBL1830268,COc1ccc(C=CC(=NNC(N)=S)c2ccccc2)cc1,OFJWPGHGYOEOEJ-UHFFFAOYSA-N,4.828858848971618,False,N=C(C=Cc1ccccc1)c1ccccc1
CHEMBL3671574,C=CC(=O)Nc1cc2c(Nc3ccc(Br)cc3F)ncnc2cc1OCCNC(=O)C1CCCN1C(C)=O,OFLPGWWOQOMMAK-UHFFFAOYSA-N,7.602059991327962,True,O=C(NCCOc1ccc2c(Nc3ccccc3)ncnc2c1)C1CCCN1
CHEMBL3740247,CC(=O)c1nn(-c2ccc(C)cc2)cc1C(=O)c1c(C)[nH]c(-c2ccccc2)c1-c1ccccc1,OFQHAXNPHZJUNM-UHFFFAOYSA-N,5.036684488613888,False,O=C(c1cnn(-c2ccccc2)c1)c1c[nH]c(-c2ccccc2)c1-c1ccccc1
CHEMBL4075103,NS(=O)(=O)c1ccc(NC(=S)Nc2ccc3ncnc(Nc4cccc(Br)c4)c3c2)cc1,OFQXUBZKUZBPCS-UHFFFAOYSA-N,8.022276394711152,True,S=C(Nc1ccccc1)Nc1ccc2ncnc(Nc3ccccc3)c2c1
CHEMBL4062528,S=C(Nc1ccc2ncnc(Nc3cccc(Br)c3)c2c1)N1CCOCC1,OFWUKDGVIIOQRP-UHFFFAOYSA-N,7.570247719997592,True,S=C(Nc1ccc2ncnc(Nc3ccccc3)c2c1)N1CCOCC1
CHEMBL1812571,O=C(/C=C/c1ccccc1[N+](=O)[O-])Nc1ccc2ncnc(Nc3cccc(Cl)c3)c2c1,OGBITBQPCUFYIP-DHZHZOJOSA-N,6.026872146400301,False,O=C(/C=C/c1ccccc1)Nc1ccc2ncnc(Nc3ccccc3)c2c1
CHEMBL202721,COc1cc2c(Nc3ccc(NC(=O)c4ccccc4)cc3)ncnc2cc1OCCCN1CCOCC1,OGNYUTNQZVRGMN-UHFFFAOYSA-N,6.958607314841775,True,O=C(Nc1ccc(Nc2ncnc3cc(OCCCN4CCOCC4)ccc23)cc1)c1ccccc1
CHEMBL1958030,COc1ccc(C2CC(c3ccc(F)cc3)=NN2c2nc(O)cs2)cc1,OGPAGXJNVYIHNJ-UHFFFAOYSA-N,4.971022294791222,False,c1ccc(C2=NN(c3nccs3)C(c3ccccc3)C2)cc1
CHEMBL461792,COC[C@H]1Oc2cc3ncnc(Nc4cccc(Cl)c4)c3cc2O[C@@H]1COC,OGSIXNADGNBMNO-RTBURBONSA-N,7.996539467890494,True,c1ccc(Nc2ncnc3cc4c(cc23)OCCO4)cc1
CHEMBL1944928,COc1ccc2c3oc(=O)cc(O)c3c(=O)n(C)c2c1,OGUDTVHIYRYVBO-UHFFFAOYSA-N,4.11690664142431,False,O=c1ccc2c(=O)[nH]c3ccccc3c2o1
CHEMBL3806145,C#Cc1cccc(Nc2ncnc3cc(OC4CCOCC4)c4c(c23)OCCO4)c1,OGWFAERQSXEIRH-UHFFFAOYSA-N,7.2380721615794705,True,c1ccc(Nc2ncnc3cc(OC4CCOCC4)c4c(c23)OCCO4)cc1
CHEMBL3622620,C=CC(=O)Nc1cc2c(Nc3ccc(F)c(C#N)c3)ncnc2cc1OCCOC,OGXSIMNGOTWJLC-UHFFFAOYSA-N,6.708187312532881,True,c1ccc(Nc2ncnc3ccccc23)cc1
CHEMBL90013,CN(C)c1ccc2c(Nc3cccc(Br)c3)ncnc2c1,OGYJJQMXMIANLJ-UHFFFAOYSA-N,7.958607314841775,True,c1ccc(Nc2ncnc3ccccc23)cc1
CHEMBL334032,COc1cc(C=C(C#N)C#N)cc(CS(=O)(=O)c2ccc(C)cc2)c1O,OHHGMKTWWGWUJB-UHFFFAOYSA-N,4.070581074285707,False,O=S(=O)(Cc1ccccc1)c1ccccc1
CHEMBL3237940,Cc1nn(-c2ccc(Cl)cc2)c(Cl)c1C1C(C#N)C(=N)N(c2cccnc2)C2=CCCC(=O)C21,OHQSXHFFYXBHLF-UHFFFAOYSA-N,5.381951903287908,False,N=C1CC(c2cnn(-c3ccccc3)c2)C2C(=O)CCC=C2N1c1cccnc1
CHEMBL156555,O=C(CCCc1c(SSc2[nH]c3ccccc3c2CCCC(=O)NCc2ccccc2)[nH]c2ccccc12)NCc1ccccc1,OHULBTKPWJQBHV-UHFFFAOYSA-N,4.0,False,O=C(CCCc1c(SSc2[nH]c3ccccc3c2CCCC(=O)NCc2ccccc2)[nH]c2ccccc12)NCc1ccccc1
CHEMBL475600,Fc1cccc(COc2ccc(Nc3ncnc4sc(-c5ccc[nH]5)cc34)cc2Cl)c1,OHVZOXZMVPDEDV-UHFFFAOYSA-N,6.939302159646388,True,c1ccc(COc2ccc(Nc3ncnc4sc(-c5ccc[nH]5)cc34)cc2)cc1
CHEMBL39715,COC(=O)CN(C)Cc1c[nH]c2cc3ncnc(Nc4cccc(Br)c4)c3cc12,OHXRQVMKFRLRKO-UHFFFAOYSA-N,8.468521082957745,True,c1ccc(Nc2ncnc3cc4[nH]ccc4cc23)cc1
CHEMBL3676362,C=CC(=O)Nc1cc2c(Nc3ccc(Br)c(Cl)c3F)ncnc2cc1OCCNCC(C)=O,OHXVMYFKIJOOLR-UHFFFAOYSA-N,7.853871964321762,True,c1ccc(Nc2ncnc3ccccc23)cc1
CHEMBL202162,CCN(CC)CCOc1c(C(=O)OC)c2c3c(oc2c2ccccc12)C(=O)c1ccccc1C3=O,OHYFDYUPUPHUDP-UHFFFAOYSA-N,5.292429823902063,False,O=C1c2ccccc2C(=O)c2c1oc1c2ccc2ccccc21
CHEMBL89723,CC(C)c1cc(C=C2C(=O)Nc3ccc(Cl)cc32)cc(C(C)C)c1O,OHYZPHUXMLDXTQ-UHFFFAOYSA-N,5.022276394711152,False,O=C1Nc2ccccc2C1=Cc1ccccc1
CHEMBL155278,Cc1cccc(Nc2ncnc3c2sc2ccc(N)cc23)c1,OIFDROVQDZHYPF-UHFFFAOYSA-N,8.67778070526608,True,c1ccc(Nc2ncnc3c2sc2ccccc23)cc1
CHEMBL4087243,C=CC(=O)Nc1cc(Nc2nccc(-c3cn4c5c(cccc35)CCC4)n2)c(OC)cc1N(C)CCO,OIHFRADBCLGBTJ-UHFFFAOYSA-N,7.458420756053419,True,c1ccc(Nc2nccc(-c3cn4c5c(cccc35)CCC4)n2)cc1
CHEMBL3622640,COCCOc1cc2ncnc(Nc3ccc(Br)cc3F)c2cc1NC(=O)/C=C/CN(C)C,OILOIHUEWGRDJX-SNAWJCMRSA-N,8.522878745280337,True,c1ccc(Nc2ncnc3ccccc23)cc1
CHEMBL4099329,COc1ccc(N(C)c2nc(N)nc3c(Cc4ccccc4)c[nH]c23)cc1,OINWQMFPLYPJMF-UHFFFAOYSA-N,8.958607314841775,True,c1ccc(Cc2c[nH]c3c(Nc4ccccc4)ncnc23)cc1
CHEMBL3676378,C=CC(=O)Nc1cc2c(Nc3ccc(Br)cc3F)ncnc2cc1OCC(CC)NC(=O)CN(C)C,OIPVBSQFFJQZSU-UHFFFAOYSA-N,7.638272163982407,True,c1ccc(Nc2ncnc3ccccc23)cc1
CHEMBL477,Nc1ncnc2c1ncn2[C@@H]1O[C@H](CO)[C@@H](O)[C@H]1O,OIRDTQYFTABQOQ-KQYNXXCUSA-N,3.7099653886374817,False,c1ncc2ncn([C@H]3CCCO3)c2n1
CHEMBL3297895,Cc1nc(Nc2ccc(Cl)cc2)c2cc(C)oc2n1,OIROINPIHKPYSK-UHFFFAOYSA-N,6.99012436628784,True,c1ccc(Nc2ncnc3occc23)cc1
CHEMBL137027,CN(C)N=Nc1ccc2ncnc(NCc3ccccc3)c2c1,OIRWZNNJKRUVCD-UHFFFAOYSA-N,6.31695296176115,True,c1ccc(CNc2ncnc3ccccc23)cc1
CHEMBL3814694,Fc1ccc(Nc2ncnc3ccc(NC(=S)NCCN4CCCCC4)cc23)cc1Cl,OISUOPIGXVGIBE-UHFFFAOYSA-N,8.431798275933005,True,S=C(NCCN1CCCCC1)Nc1ccc2ncnc(Nc3ccccc3)c2c1
CHEMBL3233775,O=C(/C=C/CNC1CCOCC1)Nc1cc2c(Nc3ccc(F)c(Cl)c3)ncnc2s1,OIZNALHIZLRBSA-OWOJBTEDSA-N,7.698970004336019,True,O=C(/C=C/CNC1CCOCC1)Nc1cc2c(Nc3ccccc3)ncnc2s1
CHEMBL462338,COc1nc(Nc2ccc(-c3nc4ccccc4s3)cc2)c2cc[nH]c2n1,OJBMEBMIUCBAAE-UHFFFAOYSA-N,5.113509274827518,False,c1ccc2sc(-c3ccc(Nc4ncnc5[nH]ccc45)cc3)nc2c1
CHEMBL604879,CCCCC(=Cc1coc2nc(N)nc(N)c12)c1ccccc1OC,OJEFVGFDNJBOHB-UHFFFAOYSA-N,3.276298106008732,False,C(=Cc1coc2ncncc12)c1ccccc1
CHEMBL166093,OCC(O)CNc1cc2c(Nc3cccc(Br)c3)ncnc2cn1,OJFNYXBTRFDYPU-UHFFFAOYSA-N,9.744727494896694,True,c1ccc(Nc2ncnc3cnccc23)cc1
CHEMBL3234743,Cc1ccc(C(=O)Nc2ccc(CN3CCN(C)CC3)c(C(F)(F)F)c2)cc1NC(=O)c1ccc(=O)[nH]c1,OJPJDGJLZISYBC-UHFFFAOYSA-N,5.876148359032914,False,O=C(Nc1cccc(C(=O)Nc2ccc(CN3CCNCC3)cc2)c1)c1ccc(=O)[nH]c1
CHEMBL165574,Brc1cccc(Nc2ncnc3cnc(NCCCN4CCOCC4)cc23)c1,OJRQYIAKSVOWNZ-UHFFFAOYSA-N,9.0,True,c1ccc(Nc2ncnc3cnc(NCCCN4CCOCC4)cc23)cc1
CHEMBL544640,c1ccc(Nc2ncnc3c2[nH]c2ccccc23)cc1,OKBOHUBQBRDHRI-UHFFFAOYSA-N,5.675717544702307,False,c1ccc(Nc2ncnc3c2[nH]c2ccccc23)cc1
CHEMBL340898,Cc1cccc(Nc2ncnc3cc(NCCCn4ccnc4)ncc23)c1,OKJBKEUQKDDCKF-UHFFFAOYSA-N,8.455931955649724,True,c1ccc(Nc2ncnc3cc(NCCCn4ccnc4)ncc23)cc1
CHEMBL481789,COc1ccc2c(c1)SCc1cnc(-c3ccccc3)nc1-2,OKMYPKRTNJXZFY-UHFFFAOYSA-N,5.3260580013659125,False,c1ccc(-c2ncc3c(n2)-c2ccccc2SC3)cc1
CHEMBL4289274,COc1cc(-c2nc3sc(-c4ccc(Cl)cc4)cn3n2)cc(OC)c1OC,OKSDPIMWCGVMGB-UHFFFAOYSA-N,5.769551078621726,False,c1ccc(-c2nc3sc(-c4ccccc4)cn3n2)cc1
CHEMBL1958222,COc1ccc(C2=NN(c3nc(O)cs3)C(c3ccc(C)cc3)C2)cc1,OKVRNRWIIFDYEJ-UHFFFAOYSA-N,5.262807357295262,False,c1ccc(C2=NN(c3nccs3)C(c3ccccc3)C2)cc1
CHEMBL3904778,C=CC(=O)Nc1cccc(Oc2nc(Nc3ccc(OC)cc3OC)ncc2Br)c1,OKWMEKZLQMLGEO-UHFFFAOYSA-N,7.187086643357144,True,c1ccc(Nc2nccc(Oc3ccccc3)n2)cc1
CHEMBL589165,Oc1csc(=NN=C2CCCCCC2)[nH]1,OKYNLPCIFBWKOF-UHFFFAOYSA-N,4.443697499232713,False,c1csc(=NN=C2CCCCCC2)[nH]1
CHEMBL501368,N#CC(=Cc1cc(O)ccc1O)C(=O)O,OKYSKNYGOHCCIR-UHFFFAOYSA-N,4.411954370472159,False,c1ccccc1
CHEMBL592211,O=C(Nc1ccccc1)N(Cc1ccc(O)cc1)Cc1cccc(Cl)c1O,OKZGFLXEHJXCJM-UHFFFAOYSA-N,6.017728766960431,False,O=C(Nc1ccccc1)N(Cc1ccccc1)Cc1ccccc1
CHEMBL93051,Brc1cccc(Nc2ncnc3cc4c(cc23)OCO4)c1,OLQRGQFUIYIRSU-UHFFFAOYSA-N,7.823908740944319,True,c1ccc(Nc2ncnc3cc4c(cc23)OCO4)cc1
CHEMBL22978,CN1CCC(O)(c2nc(-c3ccc(F)cc3)c(-c3ccncc3)o2)CC1,OLWWIAFRNOFHTL-UHFFFAOYSA-N,6.098541678603888,False,c1ccc(-c2nc(C3CCNCC3)oc2-c2ccncc2)cc1
CHEMBL1241775,CC(C)n1nc(-c2cnc3nccnc3c2)c2c(N)ncnc21,OLYMWYHESNHWOK-UHFFFAOYSA-N,4.154901959985743,False,c1cnc2ncc(-c3n[nH]c4ncncc34)cc2n1
CHEMBL51659,C=CC(=O)Nc1cc2c(Nc3cccc(Br)c3)ncnc2cn1,OLYVUTGQXNIQQG-UHFFFAOYSA-N,8.468521082957745,True,c1ccc(Nc2ncnc3cnccc23)cc1
CHEMBL3221542,CCCOc1cc2ncnc(Nc3ccc(NC(=O)OCC)c(C)c3)c2cc1OC,OMBDAHCCGARALH-UHFFFAOYSA-N,5.4089353929735005,False,c1ccc(Nc2ncnc3ccccc23)cc1
CHEMBL503253,CC(c1cccc(F)c1)n1ncc2cc(Nc3ncnc4cc(C#C[C@@H]5C[C@@H](OC(=O)N6CCOCC6)CN5)sc34)ccc21,OMNUQQMMTVDCHE-JYHRCJKBSA-N,6.920818753952375,True,O=C(O[C@H]1CN[C@H](C#Cc2cc3ncnc(Nc4ccc5c(cnn5Cc5ccccc5)c4)c3s2)C1)N1CCOCC1
CHEMBL451347,O=C(O[C@H]1CN[C@H](C#Cc2cc3ncnc(Nc4ccc5c(ccn5Cc5cscn5)c4)c3s2)C1)N1CCOCC1,OMQOMUUJUACRFX-NFBKMPQASA-N,6.167491087293763,False,O=C(O[C@H]1CN[C@H](C#Cc2cc3ncnc(Nc4ccc5c(ccn5Cc5cscn5)c4)c3s2)C1)N1CCOCC1
CHEMBL3890186,COCCOc1cc2ncnc(Nc3ccc4c(cnn4Cc4ccccc4)c3)c2cc1NC(=O)/C=C/CN1CCCC1,OMVRJIWYIOEXTO-JXMROGBWSA-N,8.0,True,O=C(/C=C/CN1CCCC1)Nc1ccc2ncnc(Nc3ccc4c(cnn4Cc4ccccc4)c3)c2c1
CHEMBL378144,C#CC(=O)Nc1cc2c(Nc3cccc(Br)c3)ncnc2cn1,OMYOVWAUIIJSPG-UHFFFAOYSA-N,9.221848749616356,True,c1ccc(Nc2ncnc3cnccc23)cc1
CHEMBL545315,C=CC(=O)Nc1cc2c(Nc3ccc(F)c(Cl)c3)ncnc2cc1OCCCN1CCOCC1,OMZCMEYTWSXEPZ-UHFFFAOYSA-N,7.630768280269024,True,c1ccc(Nc2ncnc3cc(OCCCN4CCOCC4)ccc23)cc1
CHEMBL2105717,COc1cc2nccc(Oc3ccc(NC(=O)C4(C(=O)Nc5ccc(F)cc5)CC4)cc3)c2cc1OC,ONIQOQHATWINJY-UHFFFAOYSA-N,6.647817481888637,True,O=C(Nc1ccccc1)C1(C(=O)Nc2ccc(Oc3ccnc4ccccc34)cc2)CC1
CHEMBL67003,C=c1cc(C(=O)N2CCOCC2)[nH]c1=Cc1c(O)[nH]c2ncnc(Nc3ccc4c(cnn4Cc4ccccc4)c3)c12,ONIUQGNHYUWMOG-UHFFFAOYSA-N,8.744727494896694,True,C=c1cc(C(=O)N2CCOCC2)[nH]c1=Cc1c[nH]c2ncnc(Nc3ccc4c(cnn4Cc4ccccc4)c3)c12
CHEMBL157807,Cn1c(SSc2c(C(N)=O)c3ccccc3n2C)c(C(N)=O)c2ccccc21,ONLDCBOXACFNKL-UHFFFAOYSA-N,5.327902142064282,False,c1ccc2[nH]c(SSc3cc4ccccc4[nH]3)cc2c1
CHEMBL1095154,NCCc1cn(Cc2ccc(-c3ccccc3)cc2)c2ccc(OCCc3ccc(O)cc3)cc12,ONLFVEWFNWQIBS-UHFFFAOYSA-N,5.886056647693163,False,c1ccc(CCOc2ccc3c(ccn3Cc3ccc(-c4ccccc4)cc3)c2)cc1
CHEMBL433305,c1ccc(Nc2ncnc3[nH]c4c(c23)CCCC4)cc1,ONNAZAHCACRHEO-UHFFFAOYSA-N,6.508638306165727,True,c1ccc(Nc2ncnc3[nH]c4c(c23)CCCC4)cc1
CHEMBL210502,Cc1cccc(Nc2ncnc3ccc(NC(=O)N(CCCl)N=O)cc23)c1,ONOZVTJDHKAIOL-UHFFFAOYSA-N,5.974284616098659,False,c1ccc(Nc2ncnc3ccccc23)cc1
CHEMBL1828877,O=C(Cc1ccc(Br)cc1)NS(=O)(=O)c1ccc(F)cc1,ONQVMCPUHNXZRV-UHFFFAOYSA-N,4.837734385701978,False,O=C(Cc1ccccc1)NS(=O)(=O)c1ccccc1
CHEMBL1928956,O=C(Cc1cc(F)c(F)cc1F)Nc1cccc(Oc2cc(Nc3ccc(OCc4cccc(F)c4)c(Cl)c3)ncn2)c1,ONRLVYYHPWCVNL-UHFFFAOYSA-N,6.202732459169283,False,O=C(Cc1ccccc1)Nc1cccc(Oc2cc(Nc3ccc(OCc4ccccc4)cc3)ncn2)c1
CHEMBL3805654,CCOC(C)Oc1cc2ncnc(Nc3ccc(F)c(C#N)c3)c2c2c1OCCO2,ONRWTAOPQXIJBJ-UHFFFAOYSA-N,6.453704164878557,True,c1ccc(Nc2ncnc3ccc4c(c23)OCCO4)cc1
CHEMBL1241582,CC(C)n1nc(-c2cccc(CO)c2)c2c(N)ncnc21,ONSFTNRYQCNAAD-UHFFFAOYSA-N,4.0,False,c1ccc(-c2n[nH]c3ncncc23)cc1
CHEMBL453737,COc1cc2c(Oc3ccc(-c4cnc(Nc5ccc(F)cc5)n(C)c4=O)cc3F)ccnc2cc1OCCCN1CCOCC1,ONSZEUCTVQJHOZ-UHFFFAOYSA-N,5.769551078621726,False,O=c1[nH]c(Nc2ccccc2)ncc1-c1ccc(Oc2ccnc3cc(OCCCN4CCOCC4)ccc23)cc1
CHEMBL2347973,COC(=O)C(Nc1ncnc2oc(-c3ccccc3)c(-c3ccccc3)c12)c1ccccc1,ONTNXTUNUMDCEQ-UHFFFAOYSA-N,5.102757897194635,False,c1ccc(CNc2ncnc3oc(-c4ccccc4)c(-c4ccccc4)c23)cc1
CHEMBL497697,CNN=Cc1c(N)ncnc1Nc1ccc2c(cnn2Cc2cccc(F)c2)c1,ONVVZBADBZXLMG-UHFFFAOYSA-N,7.920818753952375,True,c1ccc(Cn2ncc3cc(Nc4ccncn4)ccc32)cc1
CHEMBL498247,CCC(C)[C@@H]1[C@@](C)(C(=O)/C=C/OC)[C@H]2[C@H](C)C[C@@](C)(O)C[C@]2(O)C(=O)[C@@]1(C)O,ONZDNBGTAVEQQN-FJXLOMMUSA-N,4.978810700930062,False,O=C1CCC[C@H]2CCCCC12
CHEMBL3740257,C=CC(=O)Nc1cccc(Nc2nc(N/N=C(\C)c3ccc(F)cc3F)ncc2Cl)c1,ONZJVLAOVOQGTB-XKJRVUDJSA-N,5.6439741428068775,False,C(=NNc1nccc(Nc2ccccc2)n1)c1ccccc1
CHEMBL2426285,COc1ccc(NC(=O)CC#N)cc1Nc1ncc(Cl)c(-c2c[nH]c3ccccc23)n1,ONZWYLROLFHDPV-UHFFFAOYSA-N,5.552841968657781,False,c1ccc(Nc2nccc(-c3c[nH]c4ccccc34)n2)cc1
CHEMBL4081727,COc1cc(Br)c(C=C2C=C(C)CC(Cc3nc(C)c(C)nc3C)C2=O)cc1OC,OODNRDMCSRRCIZ-UHFFFAOYSA-N,5.721246399047171,False,O=C1C(=Cc2ccccc2)C=CCC1Cc1cnccn1
CHEMBL1830261,NC(=S)NN=C(C=Cc1cccc(F)c1)c1ccccc1,OOGYSLFGZKWAGF-UHFFFAOYSA-N,5.681936665037238,False,N=C(C=Cc1ccccc1)c1ccccc1
CHEMBL1928310,O=C(c1cc2ccccc2[nH]1)c1cc2c(Nc3ccc(F)cc3)ncnc2s1,OOJCXKRYYHGMOA-UHFFFAOYSA-N,7.359518563029578,True,O=C(c1cc2ccccc2[nH]1)c1cc2c(Nc3ccccc3)ncnc2s1
CHEMBL3759754,COc1cc2c(Nc3ccc(NC(=O)c4ccc(Cl)cc4)cc3)ncnc2cc1OCCCN1CCOCC1,OOLDIKPZOLPNFK-UHFFFAOYSA-N,5.8696662315049934,False,O=C(Nc1ccc(Nc2ncnc3cc(OCCCN4CCOCC4)ccc23)cc1)c1ccccc1
CHEMBL422540,c1ccc(-c2c(SSc3[nH]c4ccccc4c3-c3ccccc3)[nH]c3ccccc23)cc1,OOMNEOSPLONJPF-UHFFFAOYSA-N,4.0,False,c1ccc(-c2c(SSc3[nH]c4ccccc4c3-c3ccccc3)[nH]c3ccccc23)cc1
CHEMBL3403515,COc1ccc2c(c1)CCN2c1nc(C)nc2oc(C)cc12,OOMQDNGMHFWFTE-UHFFFAOYSA-N,6.986320302708807,True,c1ccc2c(c1)CCN2c1ncnc2occc12
CHEMBL484270,CCN1CCN(Cc2ccc(-c3cc4c(N[C@@H](C)c5ccccc5)ncnc4[nH]3)cc2)CC1,OONFNUWBHFSNBT-FQEVSTJZSA-N,7.397940008672037,True,c1ccc(CNc2ncnc3[nH]c(-c4ccc(CN5CCNCC5)cc4)cc23)cc1
CHEMBL587723,CCN1CCN(Cc2ccc(-c3cc4c(N[C@H](C)c5ccccc5)ncnc4[nH]3)cc2)CC1,OONFNUWBHFSNBT-HXUWFJFHSA-N,8.698970004336019,True,c1ccc(CNc2ncnc3[nH]c(-c4ccc(CN5CCNCC5)cc4)cc23)cc1
CHEMBL480348,CCNCc1ccc(-c2cc3c(Nc4ccc(OCc5cccc(F)c5)c(Cl)c4)ncnc3s2)[nH]1,OORGVIGRGYYYEO-UHFFFAOYSA-N,6.91721462968355,True,c1ccc(COc2ccc(Nc3ncnc4sc(-c5ccc[nH]5)cc34)cc2)cc1
CHEMBL3355883,COc1cc2ncnc(Nc3ccc(OCc4cccc(F)c4)c(Cl)c3)c2cc1OCCCn1ccnc1[N+](=O)[O-],OORLRVZGPYWNNO-UHFFFAOYSA-N,7.416801226031377,True,c1ccc(COc2ccc(Nc3ncnc4ccc(OCCCn5ccnc5)cc34)cc2)cc1
CHEMBL24979,COc1cc2c(Nc3ccc(Br)cc3F)ncnc2cc1OCCC1CCN(C)CC1,OORQGKRPXSYBAR-UHFFFAOYSA-N,6.698970004336019,True,c1ccc(Nc2ncnc3cc(OCCC4CCNCC4)ccc23)cc1
CHEMBL293064,CCN(CC)CCOc1cc2c(Nc3ccc(F)c(Cl)c3)ncnc2cc1OC,OOSIXUJCRGYBQJ-UHFFFAOYSA-N,7.031517051446065,True,c1ccc(Nc2ncnc3ccccc23)cc1
CHEMBL464721,CC=C(C)C=CC(=O)C(=O)C=CCCC=C/C=C/C=C/C=C/[C@@H]1C[C@@H](O)C(C(=O)O)O1,OOWKXDPHWHVSLJ-NNOGLQOWSA-N,5.795880017344075,False,C1CCOC1
CHEMBL404405,OC1CCN(CCOc2[nH]nc3ncnc(Nc4ccc(OCc5ccccn5)c(Cl)c4)c23)CC1,OOWWSELYEWEGFH-UHFFFAOYSA-N,7.886056647693163,True,c1ccc(COc2ccc(Nc3ncnc4n[nH]c(OCCN5CCCCC5)c34)cc2)nc1
CHEMBL2047017,O=C(CCCCCC(O)=NO)Nc1ccc(O)c(C(=O)Nc2ccc(F)c(F)c2)c1,OPBWYXYHNQPMQN-UHFFFAOYSA-N,5.653647025549361,False,O=C(Nc1ccccc1)c1ccccc1
CHEMBL1090358,CCN1CCN(c2ccc(Nc3nccc(-c4c(-c5cccc(NC(=O)c6c(F)cccc6F)c5)nc5sccn45)n3)cc2)CC1,OPHRYHXTWRJEBA-UHFFFAOYSA-N,7.301029995663981,True,O=C(Nc1cccc(-c2nc3sccn3c2-c2ccnc(Nc3ccc(N4CCNCC4)cc3)n2)c1)c1ccccc1
CHEMBL1087055,CC1=NC(SCc2ccccc2)=NC(c2ccc(O)cc2O)C1C(=O)Nc1cccc([N+](=O)[O-])c1,OPHUZITVLFSVPX-UHFFFAOYSA-N,4.254925208417943,False,O=C(Nc1ccccc1)C1C=NC(SCc2ccccc2)=NC1c1ccccc1
CHEMBL4282879,COc1ccc(OC)c(Nc2cc(NC(=O)CCCC(=O)O)ncn2)c1,OPMJZYMIFGATSR-UHFFFAOYSA-N,7.167491087293763,True,c1ccc(Nc2ccncn2)cc1
CHEMBL2029696,O=C1NN(c2ccc(F)cc2)C(=O)/C1=C\c1cccc(OCc2ccccc2F)c1,OPNOKMCPQWTTTB-MOSHPQCFSA-N,5.251811972993799,False,O=C1NN(c2ccccc2)C(=O)/C1=C\c1cccc(OCc2ccccc2)c1
CHEMBL78257,N#CC(=Cc1cc(O)c(O)c(O)c1)C(=N)C(C#N)C#N,OPRGVJUSIWAHDE-UHFFFAOYSA-N,6.096910013008056,False,c1ccccc1
CHEMBL4061043,C=CC(=O)Nc1cc(Nc2[nH]nc3cc(-c4ccc5ccccc5c4)ccc23)c(OC)cc1N(C)CCN(C)C,OPXMBGSITLCOBZ-UHFFFAOYSA-N,7.070581074285707,True,c1ccc(Nc2[nH]nc3cc(-c4ccc5ccccc5c4)ccc23)cc1
CHEMBL4069277,C=CC(=O)Nc1cc(Nc2nccc(-c3cn4c5c(cccc35)CCC4)n2)c(OC)cc1N(C)CCN(C)C(C)=O,OPYKQIUPDCJAJG-UHFFFAOYSA-N,6.725380380908762,True,c1ccc(Nc2nccc(-c3cn4c5c(cccc35)CCC4)n2)cc1
CHEMBL99024,COc1cc2ncc(C#N)c(Nc3ccc(F)c(Cl)c3)c2cc1OCCCN1CCOCC1,OPYYYPKXOUKXEH-UHFFFAOYSA-N,5.982966660701219,False,c1ccc(Nc2ccnc3ccc(OCCCN4CCOCC4)cc23)cc1
CHEMBL2047242,Nc1nc2c(c(Nc3cccc(Cl)c3)n1)-c1ccccc1C2,OPZGHXBSYDRRLL-UHFFFAOYSA-N,4.707743928643524,False,c1ccc(Nc2ncnc3c2-c2ccccc2C3)cc1
CHEMBL1171638,CC(=O)N1N=C(c2ccc(C)c(C)c2)CC1c1ccccc1Cl,OQAOOCZLZOAGHU-UHFFFAOYSA-N,4.667965722972482,False,c1ccc(C2=NNC(c3ccccc3)C2)cc1
CHEMBL3747407,CCOc1ccc(C2=NN(C(C)=O)C(c3ccc(C(=O)OCCn4c([N+](=O)[O-])cnc4C)cc3)C2)cc1,OQCSFFGUVREAKY-UHFFFAOYSA-N,4.819300798703965,False,O=C(OCCn1ccnc1)c1ccc(C2CC(c3ccccc3)=NN2)cc1
CHEMBL3416608,CC[C@@H](Nc1ncnc2sc(Br)cc12)c1ccccc1,OQENDKCOJPNMNO-GFCCVEGCSA-N,6.73754891026957,True,c1ccc(CNc2ncnc3sccc23)cc1
CHEMBL517585,CCN(C)C(=O)O[C@H]1CN[C@H](C#Cc2cc3ncnc(Nc4ccc(OCc5cccc(F)c5)c(Cl)c4)c3s2)C1,OQGBHQFXDSBPBX-IFMALSPDSA-N,7.301029995663981,True,C(#C[C@@H]1CCCN1)c1cc2ncnc(Nc3ccc(OCc4ccccc4)cc3)c2s1
CHEMBL225721,COc1ccc(N(CCN=NNc2ccc3ncnc(Nc4cccc(Cl)c4)c3c2)CC(C)Cl)cc1,OQMCTCBSARHFKL-UHFFFAOYSA-N,6.013228265733755,False,c1ccc(NCCN=NNc2ccc3ncnc(Nc4ccccc4)c3c2)cc1
CHEMBL3921302,CN1CCN(c2ccc(Nc3ncnc4cc5oc(=O)n(CCOC(=O)CCl)c5cc34)cc2Cl)CC1,OQMRHQNPXVSUBR-UHFFFAOYSA-N,7.698970004336019,True,O=c1[nH]c2cc3c(Nc4ccc(N5CCNCC5)cc4)ncnc3cc2o1
CHEMBL301549,COc1ccc2c(Nc3cccc(Br)c3)ncnc2n1,OQQQTEPDBHVQDX-UHFFFAOYSA-N,6.580044251510242,True,c1ccc(Nc2ncnc3ncccc23)cc1
CHEMBL4087268,C=CC(=O)Nc1cccc(Nc2cc(-c3[nH]c(SC)nc3-c3ccc(F)cc3)ccn2)c1,OQRDDTNIACNBCQ-UHFFFAOYSA-N,8.481486060122112,True,c1ccc(Nc2cc(-c3[nH]cnc3-c3ccccc3)ccn2)cc1
CHEMBL130049,COC(=O)N(C)[C@H]1C[C@@H]2O[C@](C)([C@H]1OC)n1c3ccccc3c3c4c(c5c6ccccc6n2c5c31)C(=O)NC4,OQSTWXKHTZWKLD-SSRZRBEUSA-N,5.619788758288394,False,O=C1NCc2c1c1c3ccccc3n3c1c1c2c2ccccc2n1C1CCC[C@@H]3O1
CHEMBL182397,COc1cc2ncnc(Nc3cccc(NC(=O)c4ccccc4)c3F)c2cc1OC,OQUOTBSSEUPKNG-UHFFFAOYSA-N,5.552841968657781,False,O=C(Nc1cccc(Nc2ncnc3ccccc23)c1)c1ccccc1
CHEMBL4282954,C=C=CC(=O)Nc1cc(Nc2nccc(-c3cn(C)c4ccccc34)n2)c(OC)cc1N1CCOCC1,OQZAOUZWULFNKT-UHFFFAOYSA-N,9.221848749616356,True,c1ccc2c(-c3ccnc(Nc4ccc(N5CCOCC5)cc4)n3)c[nH]c2c1
CHEMBL3734988,C[C@@H](O)c1nc2cnc(Nc3ccnc(N4CC[C@H](O)[C@H](F)C4)n3)cc2n1[C@H](C)C(F)(F)F,ORCJXEWMAFCVBL-BLTAXRJOSA-N,3.583359492661719,False,c1cc(Nc2cc3[nH]cnc3cn2)nc(N2CCCCC2)n1
CHEMBL1173666,NC(=S)N1N=C(c2ccc(Cl)c(Cl)c2)CC1c1ccc([N+](=O)[O-])cc1,ORDPHVUTWZTFSU-UHFFFAOYSA-N,5.109020403010311,False,c1ccc(C2=NNC(c3ccccc3)C2)cc1
CHEMBL3087199,C=CC(=O)N1CC[C@H](N2C(=O)N(C3CCCC3)Cc3cnc(Nc4ccc(N5CCN(C)CC5)cc4OC)nc32)C1,OREFCTWERPKHHA-DEOSSOPVSA-N,7.231361898752386,True,O=C1N(C2CCCC2)Cc2cnc(Nc3ccc(N4CCNCC4)cc3)nc2N1[C@H]1CCNC1
CHEMBL474267,N#CC(C#N)=C(C#N)c1ccc(O)c(O)c1,ORMGLUKCDQMGKV-UHFFFAOYSA-N,5.0,False,c1ccccc1
CHEMBL3360617,COc1cc2c(Nc3cccc(Br)c3)ncnc2cc1OCCCn1ccnc1[N+](=O)[O-],ORQCPZXOXGFXMU-UHFFFAOYSA-N,9.309803919971486,True,c1ccc(Nc2ncnc3cc(OCCCn4ccnc4)ccc23)cc1
CHEMBL1242380,COc1ccc(-c2nn(C[C@H](C)CO)c3ncnc(N)c23)cc1OC,ORVLOIUKTHUQPU-JTQLQIEISA-N,4.920818753952375,False,c1ccc(-c2n[nH]c3ncncc23)cc1
CHEMBL1242381,COc1ccc(-c2nn(C[C@@H](C)CO)c3ncnc(N)c23)cc1OC,ORVLOIUKTHUQPU-SNVBAGLBSA-N,4.7447274948966935,False,c1ccc(-c2n[nH]c3ncncc23)cc1
CHEMBL525805,CCOC(=O)N[C@H]1CN[C@H](C#Cc2cc3ncnc(Nc4ccc(OCc5cccc(F)c5)c(Cl)c4)c3s2)C1,ORZGZOQPWHJRAI-TZIWHRDSSA-N,7.221848749616356,True,C(#C[C@@H]1CCCN1)c1cc2ncnc(Nc3ccc(OCc4ccccc4)cc3)c2s1
CHEMBL4095253,C=CS(=O)(=O)N1CCC[C@@H]1Cn1cc(-c2ccc3c(c2)OCO3)c2c(N)ncnc21,OSAWFUCUZJNEID-CQSZACIVSA-N,6.1919917000896,False,c1ncc2c(-c3ccc4c(c3)OCO4)cn(C[C@H]3CCCN3)c2n1
CHEMBL2048905,OCCn1ccc2ncnc(Nc3ccc(Oc4cccc5sncc45)c(Cl)c3)c21,OSBNTMYQLUCHOK-UHFFFAOYSA-N,8.387216143280265,True,c1cc(Oc2ccc(Nc3ncnc4cc[nH]c34)cc2)c2cnsc2c1
CHEMBL4102214,c1ccc(C(c2ccccc2)c2nnc(Cc3nc4ccccc4[nH]3)o2)cc1,OSHRLMBZRPMAQZ-UHFFFAOYSA-N,4.346787486224656,False,c1ccc(C(c2ccccc2)c2nnc(Cc3nc4ccccc4[nH]3)o2)cc1
CHEMBL1828873,O=C(Cc1ccc(Cl)cc1)NS(=O)(=O)c1ccc(Cl)cc1,OSILTYUNNGSKAC-UHFFFAOYSA-N,4.985479461242076,False,O=C(Cc1ccccc1)NS(=O)(=O)c1ccccc1
CHEMBL3946096,C=CC(=O)N1CC[C@@H](Oc2cc3c(Nc4ccc(F)c(Cl)c4F)ncnc3cc2OC)CC1C(=O)NC,OSINZAZOGLJMCA-YJJYDOSJSA-N,9.045757490560677,True,c1ccc(Nc2ncnc3ccc(OC4CCNCC4)cc23)cc1
CHEMBL394463,Cc1ccn2ncnc(Nc3ccc4c(cnn4Cc4cccnc4)c3)c12,OSNPLDLPFDTALJ-UHFFFAOYSA-N,5.7447274948966935,False,c1cncc(Cn2ncc3cc(Nc4ncnn5cccc45)ccc32)c1
CHEMBL1829271,O=C(Cc1cccc(Br)c1)NS(=O)(=O)c1ccccc1,OSNQWNBNNAMETH-UHFFFAOYSA-N,4.607654844638796,False,O=C(Cc1ccccc1)NS(=O)(=O)c1ccccc1
CHEMBL3671483,C=CC(=O)Nc1cc2c(Nc3ccc(Br)cc3F)ncnc2cc1OCC1CCN(C(=O)NCCC)CC1,OSTKLEYGNLUETG-UHFFFAOYSA-N,7.443697499232712,True,c1ccc(Nc2ncnc3cc(OCC4CCNCC4)ccc23)cc1
CHEMBL36164,OCCN(CCO)Cc1c[nH]c2cc3ncnc(Nc4cccc(Br)c4)c3cc12,OSXILVFPMQVTSK-UHFFFAOYSA-N,8.455931955649724,True,c1ccc(Nc2ncnc3cc4[nH]ccc4cc23)cc1
CHEMBL3930270,O=C(CCl)OCCn1c(=O)oc2cc3ncnc(Nc4ccc(Oc5cccc(C(F)(F)F)c5)c(Cl)c4)c3cc21,OSYFQPJNLCUQEU-UHFFFAOYSA-N,6.292429823902063,False,O=c1[nH]c2cc3c(Nc4ccc(Oc5ccccc5)cc4)ncnc3cc2o1
CHEMBL3416617,C[C@@H](Nc1ncnc2sc(Br)cc12)c1ccccn1,OSZBOEMUSHMTHQ-MRVPVSSYSA-N,5.682145510668531,False,c1ccc(CNc2ncnc3sccc23)nc1
CHEMBL3921347,CCC(=O)Nc1cc2c(Nc3ccc4[nH]ncc4c3)ncnc2cc1OC,OSZVTHKMNPNPPE-UHFFFAOYSA-N,7.102372908709558,True,c1ccc2c(Nc3ccc4[nH]ncc4c3)ncnc2c1
CHEMBL1934633,Cc1ncnc(Nc2ccc(OCc3cccc(F)c3)c(Cl)c2)c1C=Cc1ccc(CNC2CC2)cc1,OTAJLAURFDNMKV-UHFFFAOYSA-N,7.008773924307505,True,C(=Cc1cncnc1Nc1ccc(OCc2ccccc2)cc1)c1ccc(CNC2CC2)cc1
CHEMBL3775664,O=C1COc2cc3ncnc(Nc4ccc(F)c(Cl)c4)c3cc2N1CCCN1CCOCC1,OTFQIRDSLHXCMT-UHFFFAOYSA-N,6.473660722610156,True,O=C1COc2cc3ncnc(Nc4ccccc4)c3cc2N1CCCN1CCOCC1
CHEMBL566559,CC=C1C(=NC(=O)OCC2CCCCN2)NC2N=CN=C(Nc3ccc4c(cnn4Cc4ccccc4)c3)C12,OTIVUOIMYOWMMO-UHFFFAOYSA-N,7.346787486224656,True,C=C1C(=NC(=O)OCC2CCCCN2)NC2N=CN=C(Nc3ccc4c(cnn4Cc4ccccc4)c3)C12
CHEMBL329856,CN(C)CC#CC(=O)Nc1ccc2ncnc(Nc3cccc(Br)c3)c2c1,OTMPOVZNMVTURI-UHFFFAOYSA-N,8.221848749616356,True,c1ccc(Nc2ncnc3ccccc23)cc1
CHEMBL3355876,COc1cc2ncnc(Nc3ccc(F)c(Cl)c3)c2cc1OCCCCCn1ccnc1[N+](=O)[O-],OTQIVPSVUOXWRB-UHFFFAOYSA-N,9.292429823902063,True,c1ccc(Nc2ncnc3ccc(OCCCCCn4ccnc4)cc23)cc1
CHEMBL598307,CCCCCCCCCCCCCCCCOC(=O)COc1cc(O)c2c(=O)cc(-c3ccccc3)oc2c1,OTWPZTWMRCYFEY-UHFFFAOYSA-N,7.318758762624412,True,O=c1cc(-c2ccccc2)oc2ccccc12
CHEMBL127611,CN(CC(O)C(O)C(O)C(O)CO)c1cc2ncnc(Nc3cccc(Br)c3)c2cn1,OUDUEUZRZJNOKY-UHFFFAOYSA-N,8.494850021680094,True,c1ccc(Nc2ncnc3ccncc23)cc1
CHEMBL1947122,COc1cc2ncc(C(=O)O)c(Nc3cccc(Cl)c3)c2cc1OC,OUHSPDFUQQCRMP-UHFFFAOYSA-N,5.04474531717982,False,c1ccc(Nc2ccnc3ccccc23)cc1
CHEMBL3092322,O=C(NCCO)Nc1cc2c(Nc3ccc(F)c(Cl)c3)ncnc2cc1O[C@H]1CCOC1,OUKKRCKTDNRYKU-ZDUSSCGKSA-N,7.568636235841012,True,c1ccc(Nc2ncnc3cc(O[C@H]4CCOC4)ccc23)cc1
CHEMBL217092,CN1CCN(CCOc2cc(OC3CCOCC3)c3c(Nc4c(Cl)ccc5c4OCO5)ncnc3c2)CC1,OUKYUETWWIPKQR-UHFFFAOYSA-N,5.586700235918748,False,c1cc(Nc2ncnc3cc(OCCN4CCNCC4)cc(OC4CCOCC4)c23)c2c(c1)OCO2
CHEMBL4289682,O=C(O)CCCC(=O)Nc1cc(Nc2ccc(Cl)cc2)ncn1,OUKZDGMPOVTBLP-UHFFFAOYSA-N,6.025028005701931,False,c1ccc(Nc2ccncn2)cc1
CHEMBL4103761,CCC(=O)N1CC[C@H](N2C(=O)N(c3cc(OC)ccc3F)Cc3cnc(Nc4ccc(N5CCN(C)CC5)c(Cl)c4)nc32)C1,OUQACONAQJDNGJ-QFIPXVFZSA-N,5.920818753952375,False,O=C1N(c2ccccc2)Cc2cnc(Nc3ccc(N4CCNCC4)cc3)nc2N1[C@H]1CCNC1
CHEMBL1242027,COc1cc(F)c(-c2nn(C(C)C)c3ncnc(N)c23)cc1F,OUQOXXMJLDQZQC-UHFFFAOYSA-N,4.991399828238082,False,c1ccc(-c2n[nH]c3ncncc23)cc1
CHEMBL1928301,O=C(c1cc2ccccc2[nH]1)c1cc2c(Nc3ccc(OCc4cccc(F)c4)cc3Cl)ncnc2s1,OUSGYRCDSMTCJQ-UHFFFAOYSA-N,7.732828271596986,True,O=C(c1cc2ccccc2[nH]1)c1cc2c(Nc3ccc(OCc4ccccc4)cc3)ncnc2s1
CHEMBL4095063,Cc1cc(Nc2ncc3c(n2)N([C@H]2CCN(C(=O)C(C)C)C2)C(=O)N(c2ccccc2Cl)C3)ccc1N1CCN(C)CC1,OUTKNLODFSGJDT-VWLOTQADSA-N,8.070581074285707,True,O=C1N(c2ccccc2)Cc2cnc(Nc3ccc(N4CCNCC4)cc3)nc2N1[C@H]1CCNC1
CHEMBL1812556,COc1cccc(/C=C/C(=O)Nc2ccc3ncnc(Nc4cccc(Br)c4)c3c2)c1,OUZQVQHGGMRONQ-DHZHZOJOSA-N,5.220403508742176,False,O=C(/C=C/c1ccccc1)Nc1ccc2ncnc(Nc3ccccc3)c2c1
CHEMBL3234751,Cc1ccc(C(=O)Nc2ccc(CN3CCN(C)CC3)c(C(F)(F)F)c2)cc1NC(=O)c1cnc(N(C)C)nc1,OVEWETLZYFXEOB-UHFFFAOYSA-N,5.2564902352715706,False,O=C(Nc1cccc(C(=O)Nc2ccc(CN3CCNCC3)cc2)c1)c1cncnc1
CHEMBL3663925,C=CC(=O)N1CCC(c2nc(Nc3ccc(N4CCC(N5CCN(C)CC5)CC4)c(C)c3)c(C(N)=O)nc2CC)CC1,OVIJPRKXAGWPIR-UHFFFAOYSA-N,8.958607314841775,True,c1cc(N2CCC(N3CCNCC3)CC2)ccc1Nc1cncc(C2CCNCC2)n1
CHEMBL1087054,CC1=NC(SCc2ccccc2)=NC(c2ccc(O)cc2O)C1C(=O)Nc1ccc(C)cc1,OVJBXXJEHMNNGX-UHFFFAOYSA-N,4.029188389127483,False,O=C(Nc1ccccc1)C1C=NC(SCc2ccccc2)=NC1c1ccccc1
CHEMBL166766,Nc1ncnc2c1c(-c1ccccc1)cn2C1CCC1,OVPLBDSXFCRGJY-UHFFFAOYSA-N,6.136677139879544,False,c1ccc(-c2cn(C3CCC3)c3ncncc23)cc1
CHEMBL169200,COc1cccc(-c2cn(C3CCN(CCO)CC3)c3ncnc(N)c23)c1,OVTSFQUFYKJILE-UHFFFAOYSA-N,6.045757490560675,False,c1ccc(-c2cn(C3CCNCC3)c3ncncc23)cc1
CHEMBL4162767,C=CC(=O)Nc1cc(Nc2nccc(Nc3ccccc3-n3nccn3)n2)c(OC)cc1N(C)CCN(C)C,OWBFDCSYERNIKG-UHFFFAOYSA-N,7.480172006224281,True,c1ccc(Nc2nccc(Nc3ccccc3-n3nccn3)n2)cc1
CHEMBL248222,COc1cc2ncc(C#N)c(N[C@@H]3C[C@H]3c3ccccc3)c2cc1OCCCc1cccnc1,OWLHVXVPQWFVKL-WIOPSUGQSA-N,7.167491087293763,True,c1ccc([C@@H]2C[C@H]2Nc2ccnc3ccc(OCCCc4cccnc4)cc23)cc1
CHEMBL316127,O=C(/C=C/CN1CCOCC1)Nc1ccc2ncnc(Nc3cccc(Br)c3)c2c1,OWNBJKMTBSDGLB-GORDUTHDSA-N,7.130768280269024,True,O=C(/C=C/CN1CCOCC1)Nc1ccc2ncnc(Nc3ccccc3)c2c1
CHEMBL3233759,COC(=O)CC(=O)Nc1cc2c(Nc3ccc(F)c(Cl)c3)ncnc2s1,OWNJEKOHKGBOIG-UHFFFAOYSA-N,5.301290650557413,False,c1ccc(Nc2ncnc3sccc23)cc1
CHEMBL2337368,CC(C)c1ccc(Nc2nc(NC(=O)C(C)(C)C)nc3[nH]c4cccc(Cl)c4c23)cc1,OWTAPYYEOHRLCY-UHFFFAOYSA-N,4.406713932979542,False,c1ccc(Nc2ncnc3[nH]c4ccccc4c23)cc1
CHEMBL3114701,C#Cc1cccc(Nc2ncnc3cc4c(cc23)N(C(=O)/C=C/CN2CCC(C)CC2)CCO4)c1,OWUREEFSSOCYKL-VMPITWQZSA-N,8.301029995663981,True,O=C(/C=C/CN1CCCCC1)N1CCOc2cc3ncnc(Nc4ccccc4)c3cc21
CHEMBL3910297,C[C@@H](Nc1ncnc2[nH]c(-c3ccc(CNCC(O)=NO)cc3)cc12)c1ccccc1,OXCQIYIYJJKVOU-OAHLLOKOSA-N,6.0,False,c1ccc(CNc2ncnc3[nH]c(-c4ccccc4)cc23)cc1
CHEMBL1172947,Cc1ncc([N+](=O)[O-])n1CCOC(=O)/C=C/c1ccccc1Br,OXGPOTGNEOKMQX-VOTSOKGWSA-N,4.614036429399302,False,O=C(/C=C/c1ccccc1)OCCn1ccnc1
CHEMBL113900,CC(C)N(CC#CC(=O)Nc1ccc2ncc(C#N)c(Nc3cccc(Br)c3)c2c1)C(C)C,OXGRVGJNLBMVAH-UHFFFAOYSA-N,6.6020599913279625,True,c1ccc(Nc2ccnc3ccccc23)cc1
CHEMBL490569,N#CC(=Cc1cc(CSc2ccccc2)c(O)c(OCc2ccccc2)c1)C(N)=O,OXWGUAZBIPGMPW-UHFFFAOYSA-N,6.096910013008056,False,c1ccc(COc2cccc(CSc3ccccc3)c2)cc1
CHEMBL2385959,Cc1ncnc(Nc2ccc(OCc3cccc(F)c3)c(Cl)c2)c1C=Cc1ccc(CNCCS(C)(=O)=O)o1,OYABZIPDNINJFK-UHFFFAOYSA-N,6.337242168318426,True,C(=Cc1cncnc1Nc1ccc(OCc2ccccc2)cc1)c1ccco1
CHEMBL598799,COc1cc2ncnc(Nc3ccc(OCc4cccc(F)c4)c(Cl)c3)c2cc1OCCCCCCC(O)=NO,OYAHQWRTIPQZIR-UHFFFAOYSA-N,8.041914151478915,True,c1ccc(COc2ccc(Nc3ncnc4ccccc34)cc2)cc1
CHEMBL489058,CCN1CCN(CC/C=C/c2ccc3c(Nc4ccc(Sc5nccn5C)c(Cl)c4)c(C#N)cnc3c2)CC1,OYAMULIHRWEUAR-GQCTYLIASA-N,8.0,True,C(=C\c1ccc2c(Nc3ccc(Sc4ncc[nH]4)cc3)ccnc2c1)/CCN1CCNCC1
CHEMBL1095463,CC(C)c1ccc(Nc2nc(N)nc3[nH]c(Cc4ccc(Cl)cc4Cl)cc23)cc1,OYHNIEXIHBTFGE-UHFFFAOYSA-N,4.341035157335565,False,c1ccc(Cc2cc3c(Nc4ccccc4)ncnc3[nH]2)cc1
CHEMBL3403517,COc1ccc2c(c1)CCCN2c1nc(C)nc2oc(C)cc12,OYHXDIYGCSLVFT-UHFFFAOYSA-N,8.468521082957745,True,c1ccc2c(c1)CCCN2c1ncnc2occc12
CHEMBL325156,CCN(CC)C(C)/C=C/C(=O)Nc1cc2c(Nc3ccc(F)c(Cl)c3)c(C#N)cnc2cc1OC,OYSSIBSGJAMGFJ-JXMROGBWSA-N,5.315154638355588,False,c1ccc(Nc2ccnc3ccccc23)cc1
CHEMBL4282482,Clc1ccc(-c2cn3nc(-c4ccccc4)nc3s2)cc1,OYUFMNOKPVGJNR-UHFFFAOYSA-N,5.142667503568731,False,c1ccc(-c2nc3sc(-c4ccccc4)cn3n2)cc1
CHEMBL391321,OCCNCc1ccn2ncnc(Nc3ccc4c(cnn4Cc4cccc(F)c4)c3)c12,OYULNTIUXDXAGV-UHFFFAOYSA-N,7.346787486224656,True,c1ccc(Cn2ncc3cc(Nc4ncnn5cccc45)ccc32)cc1
CHEMBL1812570,O=C(/C=C/c1ccc([N+](=O)[O-])cc1)Nc1ccc2ncnc(Nc3cccc(Cl)c3)c2c1,OYWHHNUCYFWUFD-IZZDOVSWSA-N,5.462180904926726,False,O=C(/C=C/c1ccccc1)Nc1ccc2ncnc(Nc3ccccc3)c2c1
CHEMBL4060039,C=CC(=O)Nc1cc(Nc2[nH]nc3cc(-c4cccc5ccccc45)ccc23)c(OC)cc1N(C)CCN(C)C,OYXSSEAGSFYOGN-UHFFFAOYSA-N,8.366531544420413,True,c1ccc(Nc2[nH]nc3cc(-c4cccc5ccccc45)ccc23)cc1
CHEMBL3263967,COc1cc2c(Oc3ccc(NS(=O)(=O)c4ccc(-c5ccsc5)cc4)cc3F)ccnc2cc1OCCCN1CCN(C)CC1,OYZHDWUFYBWZDO-UHFFFAOYSA-N,5.920456992597094,False,O=S(=O)(Nc1ccc(Oc2ccnc3cc(OCCCN4CCNCC4)ccc23)cc1)c1ccc(-c2ccsc2)cc1
CHEMBL3699597,C=CC(=O)Nc1cccc(Oc2nc(Nc3ccc(N4CCN(C(=O)NC)CC4)cc3OC)ncc2C(F)(F)F)c1,OZBXOHUAVAGHLZ-UHFFFAOYSA-N,7.698970004336019,True,c1ccc(Oc2ccnc(Nc3ccc(N4CCNCC4)cc3)n2)cc1
CHEMBL3671532,C=CC(=O)Nc1cc2c(Nc3ccc(Br)cc3F)ncnc2cc1OCCNC(=O)CNC,OZCTZZBPWFFISD-UHFFFAOYSA-N,6.866461091629782,True,c1ccc(Nc2ncnc3ccccc23)cc1
CHEMBL92961,CC(C)N(CC#CC(=O)Nc1ccc2ncnc(Nc3cccc(Br)c3)c2c1)C(C)C,OZIQEFLVKCIGLR-UHFFFAOYSA-N,7.013228265733755,True,c1ccc(Nc2ncnc3ccccc23)cc1
CHEMBL76929,COC(=O)c1ccc(S(=O)(=O)Oc2ccc(/C=C/[N+](=O)[O-])cc2)cc1O,OZJIJKIJHCJHHV-CMDGGOBGSA-N,5.7447274948966935,False,O=S(=O)(Oc1ccccc1)c1ccccc1
CHEMBL243629,CCOc1cc2ncnc(NC3=CC(=O)C(OCc4ccccc4)=CC3=O)c2cc1NC(=O)/C=C/CN(C)C,OZJNFEMRGXMBKA-DHZHZOJOSA-N,7.7281583934635005,True,O=C1C=C(OCc2ccccc2)C(=O)C=C1Nc1ncnc2ccccc12
CHEMBL470219,Fc1ccc(Nc2ncnc3nc(Nc4ccc(CN5CCCC5)cc4)sc23)cc1Cl,OZKNISAADTWAGZ-UHFFFAOYSA-N,8.397940008672037,True,c1ccc(Nc2ncnc3nc(Nc4ccc(CN5CCCC5)cc4)sc23)cc1
CHEMBL3325479,CCOC(=O)C1C(=N)N(c2cccnc2)C2=C(C(=O)CCC2)C1c1cc2cc(OC)ccc2n2nnnc12,OZPBSXOTFYHCDV-UHFFFAOYSA-N,6.698970004336019,True,N=C1CC(c2cc3ccccc3n3nnnc23)C2=C(CCCC2=O)N1c1cccnc1
CHEMBL1907763,COc1cc2c(Nc3ccc(Cl)cc3F)ncnc2cc1OC[C@@H]1CCCN(C)C1,OZVUSEVFXCWUBV-CQSZACIVSA-N,7.0,True,c1ccc(Nc2ncnc3cc(OC[C@@H]4CCCNC4)ccc23)cc1
CHEMBL595615,COc1cc2c(Nc3ccc(-c4nc5ccccc5s4)cc3)ncnc2cc1OCCCN1CCN(C)CC1,OZWMSXPIQVMFDE-UHFFFAOYSA-N,7.337242168318426,True,c1ccc2sc(-c3ccc(Nc4ncnc5cc(OCCCN6CCNCC6)ccc45)cc3)nc2c1
CHEMBL1630114,Nc1ccccc1NC(=O)/C=C/c1cccc(-c2ccc3ncnc(Nc4ccc(OCc5cccc(F)c5)c(Cl)c4)c3c2)c1,OZWPBBYNOKRDFB-LFIBNONCSA-N,7.309803919971486,True,O=C(/C=C/c1cccc(-c2ccc3ncnc(Nc4ccc(OCc5ccccc5)cc4)c3c2)c1)Nc1ccccc1
CHEMBL3263373,Cc1ccc(C2=NN(C3=NC(c4ccccc4)CS3)C(c3ccc4ccccc4c3)C2)cc1C,OZYAMZNWANOCBT-UHFFFAOYSA-N,6.187086643357144,False,c1ccc(C2=NN(C3=NC(c4ccccc4)CS3)C(c3ccc4ccccc4c3)C2)cc1
CHEMBL3819120,O=C1NC(C(=O)Nc2cc3c(Nc4ccc(F)c(Cl)c4)ncnc3cc2OCCN2CCCCC2)CO1,PABOJZLNADUBBE-UHFFFAOYSA-N,7.592949185195749,True,O=C1NC(C(=O)Nc2cc3c(Nc4ccccc4)ncnc3cc2OCCN2CCCCC2)CO1
CHEMBL541307,CN(C)CC(CNNC(N)=O)C(=O)c1ccc(OCc2ccccc2)cc1,PAMFLGPSTJPJQG-UHFFFAOYSA-N,5.4089353929735005,False,c1ccc(COc2ccccc2)cc1
CHEMBL4244030,NCCCCCCC(=S)N/N=C1\CC2(CCCCC2)Oc2c1ccc1ccccc21,PARGQTASVFTBFK-HPNDGRJYSA-N,5.853871964321762,False,N=C1CC2(CCCCC2)Oc2c1ccc1ccccc21
CHEMBL4077917,CCC(=O)Nc1cccc(-c2cc3c(-c4[nH]c(-c5ccccc5)nc4-c4ccc(F)cc4)ccnc3[nH]2)c1,PAUYTHXFBQZUPI-UHFFFAOYSA-N,7.7281583934635005,True,c1ccc(-c2cc3c(-c4[nH]c(-c5ccccc5)nc4-c4ccccc4)ccnc3[nH]2)cc1
CHEMBL3622619,C=CC(=O)Nc1cc2c(Nc3ccc(NC(=O)C=C)c(C(F)(F)F)c3)ncnc2cc1OCCOC,PAWXHHDPFDLOAD-UHFFFAOYSA-N,6.938924676370208,True,c1ccc(Nc2ncnc3ccccc23)cc1
CHEMBL2332119,NC(=O)C1=C(N)C(=O)C=C(Nc2ccccc2O)C1=O,PAYLFJFRBIHGBV-UHFFFAOYSA-N,5.585026652029182,False,O=C1C=CC(=O)C(Nc2ccccc2)=C1
CHEMBL57347,CN1CCN(CCCNc2ncc3cc(-c4c(Cl)cccc4Cl)c(NC(=O)NC(C)(C)C)nc3n2)CC1,PAZDFSJAERQBCY-UHFFFAOYSA-N,6.823908740944319,True,c1ccc(-c2cnc3nc(NCCCN4CCNCC4)ncc3c2)cc1
CHEMBL590962,CCCCN(Cc1cccc(Br)c1O)C(=O)Nc1ccccc1,PAZHTUBWGGMCLX-UHFFFAOYSA-N,4.433209087618408,False,O=C(NCc1ccccc1)Nc1ccccc1
CHEMBL406845,CC(C)(C)n1nc(-c2ccc(Cl)cc2)c2c(N)ncnc21,PBBRWFOVCUAONR-UHFFFAOYSA-N,6.318758762624412,True,c1ccc(-c2n[nH]c3ncncc23)cc1
CHEMBL338049,CN[C@H]1C[C@@H]2O[C@](C)([C@H]1OC)n1c3ccccc3c3c4c(c5c6ccccc6n2c5c31)C(=O)N[C@@H]4O,PBCZSGKMGDDXIJ-YODCGEJZSA-N,7.769551078621726,True,O=C1NCc2c1c1c3ccccc3n3c1c1c2c2ccccc2n1C1CCC[C@@H]3O1
CHEMBL283682,CC#CC(=O)Nc1ccc2ncc(C#N)c(Nc3cccc(Br)c3)c2c1,PBDJWRUCRSLDEM-UHFFFAOYSA-N,6.026872146400301,False,c1ccc(Nc2ccnc3ccccc23)cc1
CHEMBL1087368,CCN(CC)CCNC(=O)c1[nH]c2cnnc(Nc3ccc(OCc4cccc(F)c4)c(Cl)c3)c2c1C,PBDWKKSYCSLCRJ-UHFFFAOYSA-N,5.935542010773082,False,c1ccc(COc2ccc(Nc3nncc4[nH]ccc34)cc2)cc1
CHEMBL113023,COc1ccc(Nc2ncc3cc(-c4c(Cl)cccc4Cl)c(=O)n(C)c3n2)cc1C,PBDZUUYDHCFPJM-UHFFFAOYSA-N,6.6020599913279625,True,O=c1[nH]c2nc(Nc3ccccc3)ncc2cc1-c1ccccc1
CHEMBL279459,COc1cc2c(Nc3c(F)cc(Br)cc3F)ncnc2cc1OCC1CCNCC1,PBESGEKOQIKSKI-UHFFFAOYSA-N,6.346787486224656,True,c1ccc(Nc2ncnc3cc(OCC4CCNCC4)ccc23)cc1
CHEMBL3896476,S=C(NNc1nncc2ccccc12)Nc1ccc(Cl)cc1,PBFFTWJHTSVERV-UHFFFAOYSA-N,7.1938200260161125,True,S=C(NNc1nncc2ccccc12)Nc1ccccc1
CHEMBL506414,Fc1cccc(COc2ccc(Nc3ncnc4sc(-c5cccs5)cc34)cc2Cl)c1,PBIJKZCHYCDPPC-UHFFFAOYSA-N,8.045757490560675,True,c1ccc(COc2ccc(Nc3ncnc4sc(-c5cccs5)cc34)cc2)cc1
CHEMBL1914659,Cc1ccccc1C(C)Nc1ncnc2[nH]c(-c3ccc(O)cc3)cc12,PBLLZMVBSNNOCF-UHFFFAOYSA-N,7.769551078621726,True,c1ccc(CNc2ncnc3[nH]c(-c4ccccc4)cc23)cc1
CHEMBL1173022,CC(=O)N1N=C(c2ccc(C)c(C)c2)CC1c1ccc(Cl)cc1,PBNPPJKFHDZIRY-UHFFFAOYSA-N,4.704872914747809,False,c1ccc(C2=NNC(c3ccccc3)C2)cc1
CHEMBL1828882,COc1ccc(CC(=O)NS(=O)(=O)c2ccc(F)cc2)cc1,PBQPETHNIUHIBB-UHFFFAOYSA-N,4.660747365967301,False,O=C(Cc1ccccc1)NS(=O)(=O)c1ccccc1
CHEMBL4097245,NP(=O)(OCCCC(=O)Oc1ccc2ncnc(Nc3ccc(F)c(Cl)c3)c2c1)N(CCCl)CCCl,PBRAZUJVTFOSPC-UHFFFAOYSA-N,8.060480747381382,True,c1ccc(Nc2ncnc3ccccc23)cc1
CHEMBL2381509,C=CC(=O)Nc1cccc(Oc2nc(Nc3ccc(N4CCN(CC(=O)OCC#CCOc5no[n+]([O-])c5S(=O)(=O)c5ccccc5)CC4)cc3OC)ncc2Cl)c1,PBRVAQVSLKUOCT-UHFFFAOYSA-N,7.2839966563652,True,O=C(CN1CCN(c2ccc(Nc3nccc(Oc4ccccc4)n3)cc2)CC1)OCC#CCOc1no[nH+]c1S(=O)(=O)c1ccccc1
CHEMBL3982289,O=C(CCl)OCCn1c(=O)oc2cc3ncnc(Nc4ccc(N5CCOCC5)c(Cl)c4)c3cc21,PBSHQQJKKJPYHE-UHFFFAOYSA-N,7.721246399047171,True,O=c1[nH]c2cc3c(Nc4ccc(N5CCOCC5)cc4)ncnc3cc2o1
CHEMBL3622651,COCCOc1cc2ncnc(Nc3ccc(F)c(Cl)c3)c2cc1NC(=O)/C=C/CN1CCCCC1,PBUHNKLFJPQTHB-AATRIKPKSA-N,8.67778070526608,True,O=C(/C=C/CN1CCCCC1)Nc1ccc2ncnc(Nc3ccccc3)c2c1
CHEMBL4202780,COc1cc(N2CCN(C)CC2)ccc1Nc1ncc(Cl)c(Oc2ccccc2NC(=O)/C=C/CN(C)C)n1,PBUXJOZGADIDJZ-JXMROGBWSA-N,5.216811308924743,False,c1ccc(Oc2ccnc(Nc3ccc(N4CCNCC4)cc3)n2)cc1
CHEMBL4284911,COc1cccc(Nc2cc(Nc3ccc(S(N)(=O)=O)cc3)ncn2)c1,PBVPHWLEVCHIRS-UHFFFAOYSA-N,5.910448117113546,False,c1ccc(Nc2cc(Nc3ccccc3)ncn2)cc1
CHEMBL1242665,CC(C)n1nc(-c2ccn3ccnc3c2)c2c(N)ncnc21,PBWTXSSLHGGJBR-UHFFFAOYSA-N,4.346787486224656,False,c1ncc2c(-c3ccn4ccnc4c3)n[nH]c2n1
CHEMBL379041,Fc1ccc2c(c1)CNc1c(NCc3ccccc3)ncnc1O2,PBYYAOQNRJEOJN-UHFFFAOYSA-N,5.050609993355087,False,c1ccc(CNc2ncnc3c2NCc2ccccc2O3)cc1
CHEMBL490768,N#CC(=Cc1cc(-c2ccccc2)c(O)c(-c2ccccc2)c1)C(N)=O,PCFQUUNVRNAUQG-UHFFFAOYSA-N,6.3979400086720375,True,c1ccc(-c2cccc(-c3ccccc3)c2)cc1
CHEMBL4213400,CC(C)C(CO)Nc1nc(Nc2ccc(N3CCNCC3)cc2)c2ncn(C(C)C)c2n1,PCKCQHTXFTYJSH-UHFFFAOYSA-N,7.107905397309519,True,c1nc(Nc2ccc(N3CCNCC3)cc2)c2nc[nH]c2n1
CHEMBL3930620,ON=C(O)CCCCCCn1cc(-c2ccc3ncnc(Nc4cccc(Cl)c4F)c3c2)nn1,PCKCQQLBJXBCNU-UHFFFAOYSA-N,9.920818753952377,True,c1ccc(Nc2ncnc3ccc(-c4c[nH]nn4)cc23)cc1
CHEMBL2425085,COc1cc2ncnc(Nc3ccc(F)c(Cl)c3)c2cc1OCCCN1CC(OC)C1,PCOJXJDERCUUJF-UHFFFAOYSA-N,7.468521082957745,True,c1ccc(Nc2ncnc3ccc(OCCCN4CCC4)cc23)cc1
CHEMBL193159,O=C(CCl)Nc1ccc2ncnc(Nc3cccc(Br)c3)c2c1,PCOWWMQRUYKPLC-UHFFFAOYSA-N,7.494850021680094,True,c1ccc(Nc2ncnc3ccccc23)cc1
CHEMBL4226965,C=CC(=O)Nc1cccc(NC(=O)Nc2ccnc(Nc3ccc(N4CCN(C)CC4)cc3)n2)c1,PCPQPMXPSNGQKS-UHFFFAOYSA-N,6.844663962534938,True,O=C(Nc1ccccc1)Nc1ccnc(Nc2ccc(N3CCNCC3)cc2)n1
CHEMBL136404,C/C=C/C(=O)Nc1cc2c(Nc3cccc(Br)c3)ncnc2cn1,PCRKFWDIMUJRAW-DUXPYHPUSA-N,8.113509274827518,True,c1ccc(Nc2ncnc3cnccc23)cc1
CHEMBL3699584,C=CC(=O)Nc1cccc(Nc2nc(Nc3ccc(N4CCN(C(=O)CO)CC4)cc3OC)ncc2C(F)(F)F)c1,PCXGVIRJVAHFKJ-UHFFFAOYSA-N,8.259637310505756,True,c1ccc(Nc2ccnc(Nc3ccc(N4CCNCC4)cc3)n2)cc1
CHEMBL3962233,COc1cc2c(Nc3ccc(NC(=O)Nc4ccc(Cl)cc4)c(Cl)c3)ncnc2cc1OCCCN1CCN(C)CC1,PDAORGBSUCRCDK-UHFFFAOYSA-N,9.0,True,O=C(Nc1ccccc1)Nc1ccc(Nc2ncnc3cc(OCCCN4CCNCC4)ccc23)cc1
CHEMBL120667,Cc1c(C)n(C)c2ncnc(Nc3cccc(Cl)c3)c12,PDAWAZKMZGJEIJ-UHFFFAOYSA-N,3.346787486224656,False,c1ccc(Nc2ncnc3[nH]ccc23)cc1
CHEMBL1173249,CC(=O)N1N=C(c2ccc(Cl)c(Cl)c2)CC1c1ccc(F)cc1,PDGYHHNDLCODKQ-UHFFFAOYSA-N,4.736363931411892,False,c1ccc(C2=NNC(c3ccccc3)C2)cc1
CHEMBL4228672,C=CC(=O)Nc1cc(Nc2ncc3ncn(-c4ccc(Cl)cc4)c3n2)c(OC)cc1N(C)CCN(C)C,PDHOXFCDPDNUDD-UHFFFAOYSA-N,8.4089353929735,True,c1ccc(Nc2ncc3ncn(-c4ccccc4)c3n2)cc1
CHEMBL2048790,O=C1NCc2cc(Oc3ccc(Nc4ncnc5ccn(CCO)c45)cc3Cl)ccc21,PDHPVHXAEDIWBQ-UHFFFAOYSA-N,6.292429823902063,False,O=C1NCc2cc(Oc3ccc(Nc4ncnc5cc[nH]c45)cc3)ccc21
CHEMBL3671585,C=CC(=O)Nc1cc2c(Nc3ccc(Cl)cc3F)ncnc2cc1OCCNC(=O)CN(C)C,PDIFYYQHVFGSAI-UHFFFAOYSA-N,6.377785977033705,True,c1ccc(Nc2ncnc3ccccc23)cc1
CHEMBL80809,CC(=O)NCCNCc1ccc(-c2cc3ncnc(Nc4ccc5[nH]ccc5c4)c3s2)cc1,PDLBTPKSQYCOOT-UHFFFAOYSA-N,8.301029995663981,True,c1ccc(-c2cc3ncnc(Nc4ccc5[nH]ccc5c4)c3s2)cc1
CHEMBL334026,Clc1cccc(Nc2[nH]nc3ncnc(Oc4cccc(Cl)c4)c23)c1,PDMAVKGRERGACM-UHFFFAOYSA-N,4.616184634019569,False,c1ccc(Nc2[nH]nc3ncnc(Oc4ccccc4)c23)cc1
CHEMBL76587,N#CC(C#N)Cc1ccc(O)cc1,PDRLQWJJFLVIRC-UHFFFAOYSA-N,2.1870866433571443,False,c1ccccc1
CHEMBL3263960,COc1cc2c(Oc3ccc(NS(=O)(=O)c4cccc(-c5ccoc5)c4)cc3F)ccnc2cc1OCCCN1CCOCC1,PDVPMUDAAPKQBR-UHFFFAOYSA-N,5.413412695328245,False,O=S(=O)(Nc1ccc(Oc2ccnc3cc(OCCCN4CCOCC4)ccc23)cc1)c1cccc(-c2ccoc2)c1
CHEMBL4290869,CC(C)(O)CC(=O)NCCc1ccc2ncnc(Nc3ccc(Oc4cccc(C(F)(F)F)c4)c(Cl)c3)c2c1,PDXFYKHCQHPMFZ-UHFFFAOYSA-N,8.008773924307505,True,c1ccc(Oc2ccc(Nc3ncnc4ccccc34)cc2)cc1
CHEMBL4086056,COc1cc2c(Nc3ccc(F)c(Cl)c3)ncnc2cc1OCCCN1C[C@H](O)[C@@H](O)[C@H](O)[C@H]1CO,PDXLFGKJVASXTN-IYRWYFENSA-N,8.747146969020108,True,c1ccc(Nc2ncnc3cc(OCCCN4CCCCC4)ccc23)cc1
CHEMBL391675,Fc1cccc(Cn2ncc3cc(Nc4ncnn5ccc(CN6CCCC6)c45)ccc32)c1,PDXYGSYLHJULFZ-UHFFFAOYSA-N,6.301029995663981,True,c1ccc(Cn2ncc3cc(Nc4ncnn5ccc(CN6CCCC6)c45)ccc32)cc1
CHEMBL460732,CS(=O)(=O)CCNCCCCOc1ccc2ncnc(Nc3ccc(S(=O)(=O)c4ccccc4)cc3)c2c1,PEBATQNNPRRNAH-UHFFFAOYSA-N,7.031517051446065,True,O=S(=O)(c1ccccc1)c1ccc(Nc2ncnc3ccccc23)cc1
CHEMBL59150,N#CC(=Cc1ccc2[nH]ccc2c1)C(=N)C(C#N)C#N,PEBPSCWSXYPIJD-UHFFFAOYSA-N,3.0861861476162837,False,c1ccc2[nH]ccc2c1
CHEMBL3263969,COc1cc2c(Oc3ccc(NS(=O)(=O)c4cccc(-c5ccco5)c4)cc3F)ccnc2cc1OCCCN1CCN(C)CC1,PEFYXLPKRGWTPZ-UHFFFAOYSA-N,5.719649306953994,False,O=S(=O)(Nc1ccc(Oc2ccnc3cc(OCCCN4CCNCC4)ccc23)cc1)c1cccc(-c2ccco2)c1
CHEMBL505896,COc1cc2c(Oc3ccc(-c4cnc(Cc5ccccc5)n(C)c4=O)cc3F)ccnc2cc1OCCCN1CCOCC1,PEGWVOKOYYAQEV-UHFFFAOYSA-N,5.769551078621726,False,O=c1[nH]c(Cc2ccccc2)ncc1-c1ccc(Oc2ccnc3cc(OCCCN4CCOCC4)ccc23)cc1
CHEMBL4216265,COc1cc(N2CCN(C)CC2)ccc1Nc1ncc(Cl)c(Oc2ccccc2NC(C)=O)n1,PEJUBMHYQKMFOZ-UHFFFAOYSA-N,5.375717904164332,False,c1ccc(Oc2ccnc(Nc3ccc(N4CCNCC4)cc3)n2)cc1
CHEMBL2337371,CC(C)(C)C(=O)Nc1nc(Nc2cccc(F)c2)c2c(n1)[nH]c1cccc(Cl)c12,PEJVLEHFOXMTEA-UHFFFAOYSA-N,4.511449283499556,False,c1ccc(Nc2ncnc3[nH]c4ccccc4c23)cc1
CHEMBL202424,CCCCC#CC(=O)Nc1cc2c(Nc3ccc(F)c(Cl)c3)ncnc2cn1,PEOYVSCYYMEJBB-UHFFFAOYSA-N,7.823908740944319,True,c1ccc(Nc2ncnc3cnccc23)cc1
CHEMBL14952,CS(=O)(=O)CCNCCCOc1ccc2ncnc(Nc3ccc(OCc4ccccc4)cc3)c2c1,PFBNCPMUCGZALP-UHFFFAOYSA-N,6.982966660701219,True,c1ccc(COc2ccc(Nc3ncnc4ccccc34)cc2)cc1
CHEMBL93635,O=[N+]([O-])c1ccc2c(Nc3cccc(Cl)c3)ncnc2c1,PFCDJDCJBTXAJZ-UHFFFAOYSA-N,6.091514981121351,False,c1ccc(Nc2ncnc3ccccc23)cc1
CHEMBL204330,COc1cc(OC2CCN(C(C)=O)CC2)c2c(Nc3ccc(F)c(Cl)c3)ncnc2c1,PFFBKPJBLXBNND-UHFFFAOYSA-N,6.058985756294431,False,c1ccc(Nc2ncnc3cccc(OC4CCNCC4)c23)cc1
CHEMBL338114,Brc1cccc(Nc2ncnc3cc(NCCc4c[nH]cn4)ncc23)c1,PFJRPGGNJFXXDJ-UHFFFAOYSA-N,9.040958607678906,True,c1ccc(Nc2ncnc3cc(NCCc4c[nH]cn4)ncc23)cc1
CHEMBL208286,COc1cc2ncnc(Nc3cccc(Cl)c3F)c2cc1CN(C)C(CO)C(N)=O,PFMSFEQGLHGUNF-UHFFFAOYSA-N,7.698970004336019,True,c1ccc(Nc2ncnc3ccccc23)cc1
CHEMBL3671507,C=CC(=O)Nc1cc2c(Nc3ccc(Br)cc3F)ncnc2cc1OCCNC(=O)NCCC,PFRACGZLZAHSRL-UHFFFAOYSA-N,7.585026652029182,True,c1ccc(Nc2ncnc3ccccc23)cc1
CHEMBL1242852,CC(C)n1nc(-c2ccc3c(ccn3C(=O)OC(C)(C)C)c2)c2c(N)ncnc21,PFRDPPRTLFHGLR-UHFFFAOYSA-N,6.747146969020107,True,c1ncc2c(-c3ccc4[nH]ccc4c3)n[nH]c2n1
CHEMBL2029697,Cc1nn(C)cc1C(=O)Nc1ccn(Cc2c(F)cccc2Cl)n1,PFSGCKBIPHVBCC-UHFFFAOYSA-N,4.140261433802853,False,O=C(Nc1ccn(Cc2ccccc2)n1)c1cn[nH]c1
CHEMBL1272006,OC[C@@H](Nc1ncnc2sc3c(c12)CCC3)c1ccccc1,PFTGHLRKXLYNKA-CYBMUJFWSA-N,5.962573502059376,False,c1ccc(CNc2ncnc3sc4c(c23)CCC4)cc1
CHEMBL1817965,C/C=C(\C)[C@H](O)[C@H](C)/C=C(C)/C=C/CC(C)=CCc1oc(OC)c(C)c(=O)c1C,PFVSUJLJFXJPMF-XYBZCDGXSA-N,6.327902142064282,True,O=c1ccocc1
CHEMBL589561,Oc1c(Br)cccc1CN(Cc1ccc(F)cc1)C(=S)Nc1ccccc1,PGLLJXXZDBFPCN-UHFFFAOYSA-N,6.008773924307505,False,S=C(Nc1ccccc1)N(Cc1ccccc1)Cc1ccccc1
CHEMBL1221512,CC[C@H](C)[C@@H](COC(Cc1ccccc1)C(=O)NC(CCS(C)(=O)=O)C(=O)OC(C)C)NC[C@@H](N)CS,PGOKBMWPBDRDGN-YYIOPDLGSA-N,5.492683959923586,False,c1ccccc1
CHEMBL3808884,COC(=O)c1cc2cc(NCc3cc(NC(=O)c4cc(-n5cnc(C)c5)cc(C(F)(F)F)c4)ccc3C)cnc2[nH]1,PGQWALGGBUYLQF-UHFFFAOYSA-N,7.823908740944319,True,O=C(Nc1cccc(CNc2cnc3[nH]ccc3c2)c1)c1cccc(-n2ccnc2)c1
CHEMBL1240565,Cn1nc(-c2cnc3[nH]ccc3c2)c2c(N)ncnc21,PGXQNHGXDFCMOJ-UHFFFAOYSA-N,4.823908740944319,False,c1ncc2c(-c3cnc4[nH]ccc4c3)n[nH]c2n1
CHEMBL1098120,NC1CCc2c(c3cc(OCCc4ccc(O)cc4)ccc3n2CCCCCc2ccccc2)C1,PGZRUXOTUOXUCU-UHFFFAOYSA-N,5.995678626217357,False,c1ccc(CCCCCn2c3c(c4cc(OCCc5ccccc5)ccc42)CCCC3)cc1
CHEMBL3671525,C=CC(=O)Nc1cc2c(Nc3ccc(Br)cc3F)ncnc2cc1OCCNC(=O)/C=C/CC,PGZSGIRUWAIJMW-AATRIKPKSA-N,7.443697499232712,True,c1ccc(Nc2ncnc3ccccc23)cc1
CHEMBL3234750,Cc1ccc(C(=O)Nc2ccc(CN3CCN(C)CC3)c(C(F)(F)F)c2)cc1NC(=O)c1cnc(Nc2ccccc2)nc1,PHBGPFOCLNZBNW-UHFFFAOYSA-N,8.221848749616356,True,O=C(Nc1cccc(C(=O)Nc2ccc(CN3CCNCC3)cc2)c1)c1cnc(Nc2ccccc2)nc1
CHEMBL1089524,CN(C)CCCC(=O)Nc1ccc2nccc(Nc3cccc(Br)c3)c2c1,PHFAEZLTGYDQNR-UHFFFAOYSA-N,8.769551078621726,True,c1ccc(Nc2ccnc3ccccc23)cc1
CHEMBL3931858,CN(C/C=C/C(=O)N1CCCC(n2nc(-c3ccc(Oc4ccccc4)cc3)c3c(N)ncnc32)C1)CCO,PHFLKOZUXLCTPT-UXBLZVDNSA-N,7.127843727251707,True,c1ccc(Oc2ccc(-c3nn(C4CCCNC4)c4ncncc34)cc2)cc1
CHEMBL206320,Fc1ccc2c(c1)CNc1c(Nc3cccc(-c4ccccc4)c3)ncnc1O2,PHNVKBDORVSXOC-UHFFFAOYSA-N,5.698970004336019,False,c1ccc(-c2cccc(Nc3ncnc4c3NCc3ccccc3O4)c2)cc1
CHEMBL527026,CCN1CCC(n2cc(CNc3cc(Cl)c4ncc(C#N)c(Nc5ccc(F)c(Cl)c5)c4c3)nn2)CC1,PHNZIIMWDVXPGG-UHFFFAOYSA-N,4.958607314841775,False,c1ccc(Nc2ccnc3ccc(NCc4cn(C5CCNCC5)nn4)cc23)cc1
CHEMBL1958219,COc1ccc(C2=NN(c3nc(O)cs3)C(c3ccc(F)cc3)C2)cc1,PHXFSWWSQYUKFM-UHFFFAOYSA-N,5.22548303427145,False,c1ccc(C2=NN(c3nccs3)C(c3ccccc3)C2)cc1
CHEMBL391778,NCC1CCN(Cc2ccn3ncnc(Nc4ccc5c(cnn5Cc5cccc(F)c5)c4)c23)CC1,PHYKCHVITBAQIF-UHFFFAOYSA-N,7.455931955649724,True,c1ccc(Cn2ncc3cc(Nc4ncnn5ccc(CN6CCCCC6)c45)ccc32)cc1
CHEMBL333454,COc1cc(C=C(C#N)C(N)=O)cc(CSc2ccc(C)cc2)c1O,PIEHGIDXVHAXHW-UHFFFAOYSA-N,5.060480747381382,False,c1ccc(CSc2ccccc2)cc1
CHEMBL1958213,Cc1ccc(C2=NN(c3nc(O)cs3)C(c3ccc(F)cc3)C2)cc1,PIGFSLMRERKGQI-UHFFFAOYSA-N,5.696803942579511,False,c1ccc(C2=NN(c3nccs3)C(c3ccccc3)C2)cc1
CHEMBL2312652,CN1CCC(NC(=O)c2cnc(Nc3cc(Cl)cc(Cl)c3)nc2N[C@@H]2COC[C@H]2O)CC1,PIKLKDCPFVVYDK-QZTJIDSGSA-N,4.522878745280337,False,O=C(NC1CCNCC1)c1cnc(Nc2ccccc2)nc1N[C@H]1CCOC1
CHEMBL3344214,CS(=O)(=O)CCNC(CS(C)(=O)=O)c1ccc(-c2ccc3ncnc(Nc4ccc(OCc5cccc(F)c5)c(Cl)c4)c3c2)o1,PILNXPUSWCNKOU-UHFFFAOYSA-N,7.542118103266008,True,c1ccc(COc2ccc(Nc3ncnc4ccc(-c5ccco5)cc34)cc2)cc1
CHEMBL202970,COc1cc2c(cc1OC)Oc1ncnc(Nc3ccc(F)c(Cl)c3)c1NC2,PIRRCCINNCBLGG-UHFFFAOYSA-N,5.920818753952375,False,c1ccc(Nc2ncnc3c2NCc2ccccc2O3)cc1
CHEMBL176470,Nc1ncnc2c1c(-c1ccccc1)cn2-c1ccccc1CNCCO,PISPWRJZOUBGAI-UHFFFAOYSA-N,5.1938200260161125,False,c1ccc(-c2cn(-c3ccccc3)c3ncncc23)cc1
CHEMBL3233766,O=C(CN1CCN(CCO)CC1)Nc1cc2c(Nc3ccc(F)c(Cl)c3)ncnc2s1,PISSUKZNROHTRJ-UHFFFAOYSA-N,6.113509274827518,False,O=C(CN1CCNCC1)Nc1cc2c(Nc3ccccc3)ncnc2s1
CHEMBL3900054,COc1cc2ncnc(Nc3cccc(Cl)c3F)c2cc1OC1CCN(C(=O)CO)CC1,PIXGREVHVGOWSM-UHFFFAOYSA-N,6.690369832574101,True,c1ccc(Nc2ncnc3ccc(OC4CCNCC4)cc23)cc1
CHEMBL3805774,CCOc1cc2ncnc(Nc3cccc(OC)c3)c2c2c1OCCO2,PJADTLKXGYODKV-UHFFFAOYSA-N,8.356547323513812,True,c1ccc(Nc2ncnc3ccc4c(c23)OCCO4)cc1
CHEMBL589826,C=CCCCCOc1cc2c(Nc3ccc(F)c(Cl)c3)ncnc2cc1OC,PJCLYYMFEIOAPR-UHFFFAOYSA-N,7.486782399932061,True,c1ccc(Nc2ncnc3ccccc23)cc1
CHEMBL91925,CCN(CC)C/C=C/C(=O)Nc1ccc2ncnc(Nc3cccc(Br)c3)c2c1,PJDCIIPPRINIGB-RMKNXTFCSA-N,7.136677139879544,True,c1ccc(Nc2ncnc3ccccc23)cc1
CHEMBL2347961,CN(C)CCCCC(=O)Nc1cccc(-c2c(-c3ccccc3)oc3ncnc(N[C@H](CO)c4ccccc4)c23)c1,PJEIORHBQLYUQM-HHHXNRCGSA-N,7.468521082957745,True,c1ccc(CNc2ncnc3oc(-c4ccccc4)c(-c4ccccc4)c23)cc1
CHEMBL540590,O=[N+]([O-])c1ccc2c(c1)sc1c(Nc3cccc(Br)c3)ncnc12,PJELGIDEIWAUCE-UHFFFAOYSA-N,7.318758762624412,True,c1ccc(Nc2ncnc3c2sc2ccccc23)cc1
CHEMBL1928312,COc1ccc2[nH]c(C(=O)c3cc4c(Nc5ccc(F)c(Cl)c5)ncnc4s3)cc2c1,PJHRRMICMJBPRK-UHFFFAOYSA-N,8.226945306635738,True,O=C(c1cc2ccccc2[nH]1)c1cc2c(Nc3ccccc3)ncnc2s1
CHEMBL4287141,C=C=CC(=O)Nc1cc(Nc2nccc(-c3cn(C)c4cc(F)ccc34)n2)c(OC)cc1N(C)CCN(C)C,PJJWOOHVLQEDNL-UHFFFAOYSA-N,7.978810700930062,True,c1ccc(Nc2nccc(-c3c[nH]c4ccccc34)n2)cc1
CHEMBL3133756,O=C(Nc1cccc(Nc2ncnc3cc(OCCCN4CCN(CCO)CC4)ccc23)c1)Nc1ccc(Cl)c(C(F)(F)F)c1,PJJYEJOYFHFLRW-UHFFFAOYSA-N,7.00436480540245,True,O=C(Nc1ccccc1)Nc1cccc(Nc2ncnc3cc(OCCCN4CCNCC4)ccc23)c1
CHEMBL4095195,Cc1ccccc1Cc1nnc(Cc2nc3ccccc3[nH]2)o1,PJRIAEASQYXDCE-UHFFFAOYSA-N,4.301029995663981,False,c1ccc(Cc2nnc(Cc3nc4ccccc4[nH]3)o2)cc1
CHEMBL3671561,C=CC(=O)Nc1cc2c(Nc3ccc(Br)cc3F)ncnc2cc1OCC1CNC(=O)O1,PJTNXYFSQNXMMA-UHFFFAOYSA-N,7.769551078621726,True,O=C1NCC(COc2ccc3c(Nc4ccccc4)ncnc3c2)O1
CHEMBL1240545,CC(C)n1nc(-c2ccc(CC#N)cc2)c2c(N)ncnc21,PJWDSDGNSMGWKJ-UHFFFAOYSA-N,4.886056647693163,False,c1ccc(-c2n[nH]c3ncncc23)cc1
CHEMBL3655342,CN(C)C(=O)N1CCN(C/C=C/C(=O)N2CCc3c(sc4ncnc(Nc5ccc(F)c(Cl)c5)c34)C2)CC1,PJXFDSFGZUPIKW-ONEGZZNKSA-N,9.0,True,O=C(/C=C/CN1CCNCC1)N1CCc2c(sc3ncnc(Nc4ccccc4)c23)C1
CHEMBL602728,O=C(Nc1cccc2ccccc12)c1ccc(N(CCCl)CCCl)cc1,PKAIPZNLOTUQKE-UHFFFAOYSA-N,7.045757490560675,True,O=C(Nc1cccc2ccccc12)c1ccccc1
CHEMBL4072383,COc1ccc2c(c1)CCCN2c1nc(N)nc2c(Cc3ccccc3)c[nH]c12,PKCHURCPSDMMLR-UHFFFAOYSA-N,7.326979092871104,True,c1ccc(Cc2c[nH]c3c(N4CCCc5ccccc54)ncnc23)cc1
CHEMBL382073,CCN(CC)CCC#CC(=O)Nc1ccc2ncnc(Nc3ccc(F)c(Cl)c3)c2c1,PKKRQPPSMXAKFM-UHFFFAOYSA-N,8.744727494896694,True,c1ccc(Nc2ncnc3ccccc23)cc1
CHEMBL3751976,C=CC(=O)Nc1cccc(-n2c(=O)cc(CC)c3cnc(Nc4ccc(N5CCN(C)CC5)cc4OC)nc32)c1,PKSQIHFZQJKHSS-UHFFFAOYSA-N,8.173925197299173,True,O=c1ccc2cnc(Nc3ccc(N4CCNCC4)cc3)nc2n1-c1ccccc1
CHEMBL3763360,COc1ccc(/C=C/C(=O)Nc2cc3c(Nc4ccc(F)c(Cl)c4)ncnc3cc2O[C@H]2CCOC2)cc1,PKVCAQKGXZUIDA-ZTJJKMQJSA-N,8.040958607678906,True,O=C(/C=C/c1ccccc1)Nc1cc2c(Nc3ccccc3)ncnc2cc1O[C@H]1CCOC1
CHEMBL726,OCCN1CCN(CCCN2c3ccccc3Sc3ccc(C(F)(F)F)cc32)CC1,PLDUPXSUYLZYBN-UHFFFAOYSA-N,4.396779821991734,False,c1ccc2c(c1)Sc1ccccc1N2CCCN1CCNCC1
CHEMBL598797,C#Cc1cccc(Nc2ncnc3cc(OC)c(OCCCCCCC(O)=NO)cc23)c1,PLIVFNIUGLLCEK-UHFFFAOYSA-N,8.619788758288394,True,c1ccc(Nc2ncnc3ccccc23)cc1
CHEMBL3759085,C[C@@H](Nc1ncnc2sc(-c3ccccc3C(N)=O)cc12)c1ccccc1,PLKYPQUBIRABHS-CYBMUJFWSA-N,6.559090917934782,True,c1ccc(CNc2ncnc3sc(-c4ccccc4)cc23)cc1
CHEMBL3263961,COc1cc2c(Oc3ccc(NS(=O)(=O)c4cccc(-c5cnn(C)c5)c4)cc3F)ccnc2cc1OCCCN1CCOCC1,PLLKNTADWFHSNK-UHFFFAOYSA-N,5.863279432843593,False,O=S(=O)(Nc1ccc(Oc2ccnc3cc(OCCCN4CCOCC4)ccc23)cc1)c1cccc(-c2cn[nH]c2)c1
CHEMBL1243283,CCOc1cc2ncc(C#N)c(Nc3ccc(F)c(Cl)c3)c2cc1NC(=O)/C=C/CNCc1cn(CCF)nn1,PLNCBERXTZFKGL-ONEGZZNKSA-N,8.742321425130816,True,O=C(/C=C/CNCc1c[nH]nn1)Nc1ccc2nccc(Nc3ccccc3)c2c1
CHEMBL116525,CC#CC(=O)Nc1cc2c(Nc3cccc(Br)c3)c(C#N)cnc2cc1OC,PLQLHGCLAWKBJG-UHFFFAOYSA-N,6.040958607678906,False,c1ccc(Nc2ccnc3ccccc23)cc1
CHEMBL4087646,NP(=O)(OCCCCOc1ccc2ncnc(Nc3ccc(F)c(Cl)c3)c2c1)N(CCCl)CCCl,PLUOKMHXJSTGCQ-UHFFFAOYSA-N,8.221848749616356,True,c1ccc(Nc2ncnc3ccccc23)cc1
CHEMBL3221541,CCOC(=O)Nc1ccc(Nc2ncnc3cc(OCCN4CCOCC4)c(OC)cc23)cc1C,PLYBJTYMLUTPEL-UHFFFAOYSA-N,5.096910013008056,False,c1ccc(Nc2ncnc3cc(OCCN4CCOCC4)ccc23)cc1
CHEMBL120069,Cc1cccc(Nc2ncnc3[nH]nc(Nc4cccc(Cl)c4)c23)c1,PLZVTPONFFMTDM-UHFFFAOYSA-N,6.886056647693163,True,c1ccc(Nc2ncnc3[nH]nc(Nc4ccccc4)c23)cc1
CHEMBL3233789,CN1CCN(C/C=C/C(=O)Nc2cc3c(Nc4ccc(F)c(Cl)c4)ncnc3s2)CC1,PMBVRSBBPUXLED-NSCUHMNNSA-N,6.906578314837764,True,O=C(/C=C/CN1CCNCC1)Nc1cc2c(Nc3ccccc3)ncnc2s1
CHEMBL3622679,C#Cc1cccc(Nc2ncnc3cc(O[C@H]4CCOC4)c(NC(=O)/C=C/CNC(C)C)cc23)c1,PMCYOYPVLDNCBF-JLXBBBJOSA-N,8.193820026016112,True,c1ccc(Nc2ncnc3cc(O[C@H]4CCOC4)ccc23)cc1
CHEMBL2325087,NC(=S)N1N=C(c2ccc(Cl)c(Cl)c2)CC1c1ccc2ccccc2c1,PMNCGPKTYMEYRZ-UHFFFAOYSA-N,6.180456064458131,False,c1ccc(C2=NNC(c3ccc4ccccc4c3)C2)cc1
CHEMBL213342,CS(=O)(=O)CCNCc1ccc(-c2ccc3ncnc(Nc4ccc(OCc5ccccc5)cc4)c3c2)o1,PMNXVLOADVXDDY-UHFFFAOYSA-N,7.568636235841012,True,c1ccc(COc2ccc(Nc3ncnc4ccc(-c5ccco5)cc34)cc2)cc1
CHEMBL4100377,C=CC(=O)Nc1ccc(OC)c(Nc2cc(-c3[nH]c(SC)nc3C3CCC3)ccn2)c1,PNBWTGHSYHDHRR-UHFFFAOYSA-N,8.167491087293763,True,c1ccc(Nc2cc(-c3[nH]cnc3C3CCC3)ccn2)cc1
CHEMBL1242294,CC(C)n1nc(-c2ccc3[nH]ccc3c2)c2c(N)ncnc21,PNEGWAQERPTPDN-UHFFFAOYSA-N,6.75448733218585,True,c1ncc2c(-c3ccc4[nH]ccc4c3)n[nH]c2n1
CHEMBL3676355,C=CC(=O)Nc1cc2c(Nc3cc(Cl)c(Br)cc3F)ncnc2cc1OCCNC(=O)CN(C)C,PNENUMJQDWNJEW-UHFFFAOYSA-N,8.045757490560675,True,c1ccc(Nc2ncnc3ccccc23)cc1
CHEMBL95320,C#Cc1cccc(Nc2c(C#N)cnc3cc(OCCOC)c(OCCOC)cc23)c1,PNKFULCCPOFCJC-UHFFFAOYSA-N,6.070581074285707,False,c1ccc(Nc2ccnc3ccccc23)cc1
CHEMBL3622670,CC(C)NC/C=C/C(=O)Nc1cc2c(Nc3ccc(F)c(Cl)c3)ncnc2cc1O[C@H]1CCOC1,PNPLCESPECXCFO-IDOMTICXSA-N,8.154901959985743,True,c1ccc(Nc2ncnc3cc(O[C@H]4CCOC4)ccc23)cc1
CHEMBL540701,C=CCOc1ccc2ncnc(Nc3ccc(OCc4ccccc4)cc3)c2c1,PNZSTSKDYDRMIY-UHFFFAOYSA-N,7.102372908709558,True,c1ccc(COc2ccc(Nc3ncnc4ccccc34)cc2)cc1
CHEMBL1958221,COc1ccc(C2=NN(c3nc(O)cs3)C(c3ccc(Br)cc3)C2)cc1,PODILHWRRVMRLZ-UHFFFAOYSA-N,5.899629454882437,False,c1ccc(C2=NN(c3nccs3)C(c3ccccc3)C2)cc1
CHEMBL3622622,C=CC(=O)Nc1cc2c(Nc3ccc(OCc4cccc(F)c4)cc3)ncnc2cc1O[C@H]1CCOC1,POJGLMCWEBQVGJ-QFIPXVFZSA-N,7.141462802430361,True,c1ccc(COc2ccc(Nc3ncnc4cc(O[C@H]5CCOC5)ccc34)cc2)cc1
CHEMBL3416634,C#Cc1cc2c(Nc3ccc(OCc4cccc(F)c4)c(Cl)c3)ncnc2s1,POJRAIDOFSJODM-UHFFFAOYSA-N,7.1487416512809245,True,c1ccc(COc2ccc(Nc3ncnc4sccc34)cc2)cc1
CHEMBL4290568,C=C=CC(=O)Nc1cc(Nc2ncc(C)c(-c3cn(C)c4ccccc34)n2)c(OC)cc1N(C)CCN(C)C,POKBBAAURWHIIV-UHFFFAOYSA-N,8.2839966563652,True,c1ccc(Nc2nccc(-c3c[nH]c4ccccc34)n2)cc1
CHEMBL1098121,COc1ccc(CCCCCn2cc(CCN)c3cc(OCCc4ccc(O)cc4)ccc32)cc1,POLXUFYBMIRDEG-UHFFFAOYSA-N,5.356547323513812,False,c1ccc(CCCCCn2ccc3cc(OCCc4ccccc4)ccc32)cc1
CHEMBL1095130,Nc1nc(Nc2ccc(Cl)cc2F)c2cc(Cc3ccc(Cl)cc3Cl)[nH]c2n1,POTIQPCBICOMND-UHFFFAOYSA-N,5.6020599913279625,False,c1ccc(Cc2cc3c(Nc4ccccc4)ncnc3[nH]2)cc1
CHEMBL337026,CN[C@H]1C[C@@H]2O[C@](C)([C@H]1OC)n1c3ccccc3c3c4c(c5c6ccccc6n2c5c31)C(=O)NC4=O,POTTVLREWUNNRO-XCXUBNKDSA-N,6.698970004336019,True,O=C1NC(=O)c2c1c1c3ccccc3n3c1c1c2c2ccccc2n1[C@@H]1CCCC3O1
CHEMBL4091010,CC(C)CC(NC(=O)OC(C)(C)C)C(=O)Nc1ccc2ncnc(Nc3cccc(Br)c3)c2c1,POYJJGBBXYWWNI-UHFFFAOYSA-N,6.838631997765026,True,c1ccc(Nc2ncnc3ccccc23)cc1
CHEMBL3676391,C=CC(=O)Nc1cc2c(Nc3ccc(Br)cc3F)ncnc2cc1OCCOCCOC(=O)CC(=O)OCC,PPNPTLLSQTYHSE-UHFFFAOYSA-N,6.609064892896621,True,c1ccc(Nc2ncnc3ccccc23)cc1
CHEMBL3639984,C=CC(=O)Nc1cccc(Nc2nc(Nc3ccc(N4CCN(C(=O)CO)CC4)cc3OC(F)(F)F)ncc2C(F)(F)F)c1,PPOKBGQNCHKPRL-UHFFFAOYSA-N,7.187086643357144,True,c1ccc(Nc2ccnc(Nc3ccc(N4CCNCC4)cc3)n2)cc1
CHEMBL4069672,COc1ccc2c(c1)CCCN2c1nc(C)nc2c(Cc3ccccc3)c[nH]c12,PPPAXHZNSMYQFU-UHFFFAOYSA-N,7.4736607226101555,True,c1ccc(Cc2c[nH]c3c(N4CCCc5ccccc54)ncnc23)cc1
CHEMBL3814959,NC(=O)Nc1ccc2ncnc(Nc3ccc(Br)cc3)c2c1,PPRJOMHKRXELRQ-UHFFFAOYSA-N,9.09528445472132,True,c1ccc(Nc2ncnc3ccccc23)cc1
CHEMBL3765789,COc1cc2ncnc(Nc3cccc(NC(=O)C45CC6CC(CC(C6)C4)C5)c3)c2cc1OCCCN1CCOCC1,PPURPCBFUCBUMT-UHFFFAOYSA-N,6.798602875679549,True,O=C(Nc1cccc(Nc2ncnc3ccc(OCCCN4CCOCC4)cc23)c1)C12CC3CC(CC(C3)C1)C2
CHEMBL3676389,C=CC(=O)Nc1cc2c(Nc3ccc(Br)cc3F)ncnc2cc1OCCNC(=O)C(C)N,PPYSXGBNOGMWKR-UHFFFAOYSA-N,7.744727494896693,True,c1ccc(Nc2ncnc3ccccc23)cc1
CHEMBL497803,COC(=O)N1CCC[C@@H]1C#Cc1cc2ncnc(Nc3ccc(OCc4cccc(F)c4)c(Cl)c3)c2s1,PQJQRBWLIHKVMV-HXUWFJFHSA-N,6.853871964321762,True,C(#C[C@H]1CCCN1)c1cc2ncnc(Nc3ccc(OCc4ccccc4)cc3)c2s1
CHEMBL3936505,CCOc1cc2ncnc(Nc3ccc(NS(=O)(=O)c4ccccc4)cc3)c2cc1NC(=O)/C=C/CN1CCN(C)CC1,PQMINPFSUDRKEW-JXMROGBWSA-N,7.086186147616283,True,O=C(/C=C/CN1CCNCC1)Nc1ccc2ncnc(Nc3ccc(NS(=O)(=O)c4ccccc4)cc3)c2c1
CHEMBL4097369,O=C(Nc1ccc2ncnc(Nc3cccc(Br)c3)c2c1)c1ccco1,PQMRVBDJKHPGRM-UHFFFAOYSA-N,8.075720713938118,True,O=C(Nc1ccc2ncnc(Nc3ccccc3)c2c1)c1ccco1
CHEMBL1828880,COc1ccc(CC(=O)NS(=O)(=O)c2ccccc2)cc1,PQQWXVQKTIBKQQ-UHFFFAOYSA-N,4.581698708680254,False,O=C(Cc1ccccc1)NS(=O)(=O)c1ccccc1
CHEMBL1821876,Fc1ccc(C2CC(c3ccc(Br)cc3)=NN2c2nc(-c3ccccc3)cs2)cc1,PQRAWFCSJYTMAI-UHFFFAOYSA-N,4.949233688766958,False,c1ccc(C2=NN(c3nc(-c4ccccc4)cs3)C(c3ccccc3)C2)cc1
CHEMBL1242568,Nc1ncnc2c1c(-c1ccc(F)c(O)c1)nn2C1CCCC1,PQRFMBAACAPZPP-UHFFFAOYSA-N,6.497572880015568,True,c1ccc(-c2nn(C3CCCC3)c3ncncc23)cc1
CHEMBL256529,CON=Cc1c(N)ncnc1Nc1ccc(OCc2cc(F)cc(F)c2)c(Cl)c1,PQSHNUPLASBIBU-UHFFFAOYSA-N,7.481486060122112,True,c1ccc(COc2ccc(Nc3ccncn3)cc2)cc1
CHEMBL2312646,CN1CCC(NC(=O)c2cnc(NCc3cc(Cl)ccc3Cl)nc2NC2CCCC2)CC1,PRAFFLMXUBGHGX-UHFFFAOYSA-N,4.522878745280337,False,O=C(NC1CCNCC1)c1cnc(NCc2ccccc2)nc1NC1CCCC1
CHEMBL4213146,CCc1c2cc(C(F)(F)F)ccc2n2cc(Cc3ccccc3)[nH]c(=O)c12,PRCMEBOIYCUAHP-UHFFFAOYSA-N,5.4089353929735005,False,O=c1[nH]c(Cc2ccccc2)cn2c1cc1ccccc12
CHEMBL453336,COc1cc(C2=C(c3cn(COCc4ccccc4)c4ccccc34)CNC2=O)cc(OC)c1OC,PRGQUWCDXPFMCG-UHFFFAOYSA-N,4.853871964321762,False,O=C1NCC(c2cn(COCc3ccccc3)c3ccccc23)=C1c1ccccc1
CHEMBL4065301,COc1cccc(-c2nnc(Cc3nc4ccccc4[nH]3)o2)c1OC,PRHCQSIFZOASTC-UHFFFAOYSA-N,4.214670164989233,False,c1ccc(-c2nnc(Cc3nc4ccccc4[nH]3)o2)cc1
CHEMBL80745,COc1cc(C=C(C#N)C(=N)C(C#N)C#N)cc(O)c1O,PRINOBSDVUFWNK-UHFFFAOYSA-N,5.920818753952375,False,c1ccccc1
CHEMBL3754785,COc1ccc(-c2cc(NC(=O)Nc3ccccn3)cc(OC)c2OC)cn1,PRLSBGOTRITOFH-UHFFFAOYSA-N,7.176590985107455,True,O=C(Nc1cccc(-c2cccnc2)c1)Nc1ccccn1
CHEMBL1958025,Oc1csc(N2N=C(c3ccc(F)cc3)CC2c2ccccc2)n1,PRMDUKYDGYOIPL-UHFFFAOYSA-N,5.089375595110798,False,c1ccc(C2=NN(c3nccs3)C(c3ccccc3)C2)cc1
CHEMBL3632637,CCOC(=O)C(C=Nc1ccc2ncnc(Nc3ccc(OCc4ccccn4)c(Cl)c3)c2c1)C(=O)OCC,PRRHHSZMXNBBIY-UHFFFAOYSA-N,5.991399828238082,False,c1ccc(COc2ccc(Nc3ncnc4ccccc34)cc2)nc1
CHEMBL3740385,Cc1[nH]c(-c2ccccc2)c(-c2ccccc2)c1C(=O)c1cn(-c2ccc(Cl)cc2)nc1C(=O)Nc1ccccc1,PRSAJUGSNSUBMQ-UHFFFAOYSA-N,5.422508200162775,False,O=C(c1cn(-c2ccccc2)nc1C(=O)Nc1ccccc1)c1c[nH]c(-c2ccccc2)c1-c1ccccc1
CHEMBL304414,Cn1c(SSc2c(C(=O)Nc3ccccc3)c3ccccc3n2C)c(C(=O)Nc2ccccc2)c2ccccc21,PRTBWEHHMHBKER-UHFFFAOYSA-N,5.0,False,O=C(Nc1ccccc1)c1c(SSc2[nH]c3ccccc3c2C(=O)Nc2ccccc2)[nH]c2ccccc12
CHEMBL2035810,C=CC(=O)NCc1coc(-c2c(N)ncnc2Nc2ccc(OCc3ccccn3)c(Cl)c2)n1,PRTPANUTPYMUDM-UHFFFAOYSA-N,8.481486060122112,True,c1ccc(COc2ccc(Nc3ncncc3-c3ncco3)cc2)nc1
CHEMBL4072048,C=CC(=O)Nc1cccc(-n2c(=O)cc(C)c3cnc(Nc4ccc(N5CC(C)N(C)C(C)C5)cc4OC)nc32)c1,PRYBDIYFEXNDDP-UHFFFAOYSA-N,8.481486060122112,True,O=c1ccc2cnc(Nc3ccc(N4CCNCC4)cc3)nc2n1-c1ccccc1
CHEMBL4073874,CN(C)C/C=C/C(=O)N1CCC[C@@H](n2nc(-c3ccccc3)c3c(N)ncnc32)C1,PRYICAVDSVRANS-VDZSZVPASA-N,6.657577319177793,True,c1ccc(-c2nn([C@@H]3CCCNC3)c3ncncc23)cc1
CHEMBL3219135,C=CC(=O)Nc1cccc(N2C(=O)C(Cc3ccc(Cl)cc3)N(C)C(=O)c3cnc(Nc4ccc(N5CCN(C)CC5)cc4OC)nc32)c1,PRYOMGLDNWMVAE-UHFFFAOYSA-N,7.427476902150362,True,O=C1NC(Cc2ccccc2)C(=O)N(c2ccccc2)c2nc(Nc3ccc(N4CCNCC4)cc3)ncc21
CHEMBL1929554,Nc1nc(Nc2ccc(Cl)cc2F)c2cc(Cc3cccc4ccccc34)[nH]c2n1,PRZWTILSLPADKE-UHFFFAOYSA-N,3.9503943874050265,False,c1ccc(Nc2ncnc3[nH]c(Cc4cccc5ccccc45)cc23)cc1
CHEMBL3959632,C=CC(=O)Nc1cccc(-n2c(NC(=O)c3cccc(C(F)(F)F)c3)nc3cc(C)ccc32)c1,PSCDDKKRCVRBLR-UHFFFAOYSA-N,8.397940008672037,True,O=C(Nc1nc2ccccc2n1-c1ccccc1)c1ccccc1
CHEMBL3608434,C=CC(=O)N[C@@H]1CN(c2nc(Nc3cn(CC)nc3OC)c3ncn(C)c3n2)C[C@H]1F,PSPIKBBNOVUACC-VXGBXAGGSA-N,8.221848749616356,True,c1nc2c(Nc3cn[nH]c3)nc(N3CCCC3)nc2[nH]1
CHEMBL3676340,C=CC(=O)Nc1cc2c(Nc3c(F)cc(Br)cc3F)ncnc2cc1OCCNC(C)=O,PSPLRUCSARYWEJ-UHFFFAOYSA-N,7.657577319177793,True,c1ccc(Nc2ncnc3ccccc23)cc1
CHEMBL311109,NC(=O)C1CCN(Cc2ccc(-c3cc4ncnc(Nc5ccc6[nH]ccc6c5)c4s3)cc2)CC1,PSRIIUUKNWOHQJ-UHFFFAOYSA-N,8.154901959985743,True,c1nc(Nc2ccc3[nH]ccc3c2)c2sc(-c3ccc(CN4CCCCC4)cc3)cc2n1
CHEMBL3604921,C=CC(=O)Nc1cccc(Oc2nc(Nc3cc(C)[nH]n3)cc(N3CCN(C)CC3)n2)c1,PSWJMRDJPWAQDI-UHFFFAOYSA-N,6.301029995663981,True,c1ccc(Oc2nc(Nc3cc[nH]n3)cc(N3CCNCC3)n2)cc1
CHEMBL136492,CN(c1ccccc1)c1ncnc2ccc(N)cc12,PSXWUNUQIWYMMT-UHFFFAOYSA-N,5.075720713938118,False,c1ccc(Nc2ncnc3ccccc23)cc1
CHEMBL1242572,Nc1ncnc2c1c(-c1ccc3c[nH]nc3c1)nn2C1CCCC1,PSYXHVWBVRRNHD-UHFFFAOYSA-N,6.119186407719209,False,c1ncc2c(-c3ccc4c[nH]nc4c3)nn(C3CCCC3)c2n1
CHEMBL205966,Nc1ccc(C#Cc2cncnc2Nc2ccc(OCc3cccc(F)c3)c(Cl)c2)cc1,PTARQPWAPBTGAG-UHFFFAOYSA-N,7.522878745280337,True,C(#Cc1cncnc1Nc1ccc(OCc2ccccc2)cc1)c1ccccc1
CHEMBL69960,C=c1cc(C(=O)N2CCOCC2)[nH]c1=Cc1c(O)[nH]c2ncnc(Nc3ccc(F)c(Cl)c3)c12,PTBGGVCPGDVOLH-UHFFFAOYSA-N,6.769551078621726,True,C=c1cc(C(=O)N2CCOCC2)[nH]c1=Cc1c[nH]c2ncnc(Nc3ccccc3)c12
CHEMBL1200679,[Zn+2],PTFCDOFLOPIGGS-UHFFFAOYSA-N,5.659873293894568,False,
CHEMBL168266,Nc1ncnc2c1c(-c1ccccc1)cn2C1CC(O)C1,PTOVCSIEMQUGPX-UHFFFAOYSA-N,5.549750891680639,False,c1ccc(-c2cn(C3CCC3)c3ncncc23)cc1
CHEMBL3921655,CC#CC(=O)N[C@H]1CC[C@@H](n2nc(-c3ccc(Oc4ccccc4)cc3)c3c(N)ncnc32)CC1,PTPSYWCHGKIOKO-BGYRXZFFSA-N,6.806041021980813,True,c1ccc(Oc2ccc(-c3nn(C4CCCCC4)c4ncncc34)cc2)cc1
CHEMBL1173651,Cc1ncc([N+](=O)[O-])n1CCOC(=O)/C=C/c1ccc(Br)cc1,PTSBVBCAYLTQNL-QPJJXVBHSA-N,5.489454989793388,False,O=C(/C=C/c1ccccc1)OCCn1ccnc1
CHEMBL37373,CN(C)CCn1ccc2cc3c(Nc4cccc(Br)c4)ncnc3cc21,PUGPTATVELXSCS-UHFFFAOYSA-N,7.387216143280264,True,c1ccc(Nc2ncnc3cc4[nH]ccc4cc23)cc1
CHEMBL214798,COc1cc2ncnc(Nc3cccc(Cl)c3F)c2cc1OC1CCN(C)CC1,PUGRPTFZBHHZPM-UHFFFAOYSA-N,8.698970004336019,True,c1ccc(Nc2ncnc3ccc(OC4CCNCC4)cc23)cc1
CHEMBL1830258,NC(=S)NN=C(C=Cc1ccccc1Cl)c1ccccc1,PULNRPJMZJFXLC-UHFFFAOYSA-N,4.63320361671327,False,N=C(C=Cc1ccccc1)c1ccccc1
CHEMBL1958214,Cc1ccc(C2=NN(c3nc(O)cs3)C(c3ccc(Cl)cc3)C2)cc1,PUNQXALVACTHRP-UHFFFAOYSA-N,5.779891911959945,False,c1ccc(C2=NN(c3nccs3)C(c3ccccc3)C2)cc1
CHEMBL2047247,Nc1nc2c(c(Nc3ccc(Cl)cc3)n1)-c1ccccc1C2,PUNTVOFUMRATBV-UHFFFAOYSA-N,4.585026652029182,False,c1ccc(Nc2ncnc3c2-c2ccccc2C3)cc1
CHEMBL2087354,Cc1ccc(S(=O)(=O)N2CCOc3cc4ncnc(Nc5cccc(Br)c5)c4cc3OCC2)cc1,PUPCMYJENNVFMI-UHFFFAOYSA-N,6.823908740944319,True,O=S(=O)(c1ccccc1)N1CCOc2cc3ncnc(Nc4ccccc4)c3cc2OCC1
CHEMBL2047245,CC(C)c1ccc(Nc2nc(N)nc3c2-c2ccccc2C3)cc1,PUPIDEKMUKQDBG-UHFFFAOYSA-N,4.370590400897281,False,c1ccc(Nc2ncnc3c2-c2ccccc2C3)cc1
CHEMBL1683959,Cc1ncnc(Nc2ccc(OCc3cccc(F)c3)c(Cl)c2)c1C=NOCCCN1CCOCC1,PUPXFZQHXRUOTN-UHFFFAOYSA-N,7.187086643357144,True,C(=NOCCCN1CCOCC1)c1cncnc1Nc1ccc(OCc2ccccc2)cc1
CHEMBL3287898,CCc1ccccc1NC(=O)N1C[C@@H](C)Oc2cc(-c3ccc([C@H]4CC[C@H](CC(=O)O)CC4)cc3)ccc21,PUQLADUSPHHAJY-CQOQZXRMSA-N,5.1249387366083,False,O=C(Nc1ccccc1)N1CCOc2cc(-c3ccc(C4CCCCC4)cc3)ccc21
CHEMBL4064224,C=CC(=O)Nc1cccc(-c2c[nH]c3nccc(Cl)c23)c1,PUSDZKAAVHRBQB-UHFFFAOYSA-N,6.338187314462739,True,c1ccc(-c2c[nH]c3ncccc23)cc1
CHEMBL4076363,NCCCSc1nc(-c2ccc(F)cc2)c(-c2ccnc(Nc3ccccc3)c2)[nH]1,PUWGDNPKCVGFJN-UHFFFAOYSA-N,7.920818753952375,True,c1ccc(Nc2cc(-c3[nH]cnc3-c3ccccc3)ccn2)cc1
CHEMBL3237946,CCOC(=O)C1C(=N)N(c2cccnc2)C2=C(C(=O)CCC2)C1c1c(C)nn(-c2ccc(Cl)cc2)c1Cl,PVCDNTDXZKNGDE-UHFFFAOYSA-N,5.211124884224583,False,N=C1CC(c2cnn(-c3ccccc3)c2)C2=C(CCCC2=O)N1c1cccnc1
CHEMBL53404,CC(=O)Nc1cc2ncnc(NCc3ccccc3)c2cn1,PVCHTGBTKFGXJK-UHFFFAOYSA-N,7.0,True,c1ccc(CNc2ncnc3ccncc23)cc1
CHEMBL68920,C=c1cc(C)[nH]c1=Cc1c(O)[nH]c2ncnc(Nc3ccc(F)c(Cl)c3)c12,PVHGBBWMVITZHW-UHFFFAOYSA-N,7.387216143280264,True,C=c1cc[nH]c1=Cc1c[nH]c2ncnc(Nc3ccccc3)c12
CHEMBL330879,COc1cc(C=C(C#N)C(N)=O)cc(CSc2ccc3ccccc3c2)c1O,PWAFUGMDLMAVBQ-UHFFFAOYSA-N,5.180456064458131,False,c1ccc(CSc2ccc3ccccc3c2)cc1
CHEMBL53850,CNc1ccc2ncncc2c1,PWGHYZCBWGVCIO-UHFFFAOYSA-N,8.154901959985743,True,c1ccc2ncncc2c1
CHEMBL300217,Nc1ccc2ncnc(Nc3cccc(Br)c3)c2n1,PWLAEHXFQCNKSK-UHFFFAOYSA-N,8.119186407719209,True,c1ccc(Nc2ncnc3cccnc23)cc1
CHEMBL3904257,O=C(/C=C/CN1CCCC1)Nc1cc2c(Nc3ccc(OCc4cccc(F)c4)c(Cl)c3)ncnc2cn1,PWLHYVUELGJGPD-QPJJXVBHSA-N,7.431798275933005,True,O=C(/C=C/CN1CCCC1)Nc1cc2c(Nc3ccc(OCc4ccccc4)cc3)ncnc2cn1
CHEMBL1097368,c1ccc(CCc2cc3c(Nc4ccc5[nH]ccc5c4)ncnc3[nH]2)cc1,PWLPHODRHOUKAZ-UHFFFAOYSA-N,4.251037138743839,False,c1ccc(CCc2cc3c(Nc4ccc5[nH]ccc5c4)ncnc3[nH]2)cc1
CHEMBL87084,Oc1cc2cc(-c3ccncc3)cnc2cc1O,PWPSIWFFYVGDHO-UHFFFAOYSA-N,5.301029995663981,False,c1ccc2ncc(-c3ccncc3)cc2c1
CHEMBL2325101,Clc1ccc(C2=NN(c3ccccc3)C(c3ccc4ccccc4c3)C2)cc1Cl,PWQAYVPGWSRNKH-UHFFFAOYSA-N,7.301029995663981,True,c1ccc(C2=NN(c3ccccc3)C(c3ccc4ccccc4c3)C2)cc1
CHEMBL3979482,C#Cc1cccc(Nc2ncnc3ccc(OCCCC(O)=NO)cc23)c1,PWQNLOZKTWADFT-UHFFFAOYSA-N,7.0,True,c1ccc(Nc2ncnc3ccccc23)cc1
CHEMBL4284413,O=C(Nc1nccs1)C(c1ccccc1)N1Cc2ccccc2C1=O,PWRVRDCBFYLYFU-UHFFFAOYSA-N,7.619788758288394,True,O=C(Nc1nccs1)C(c1ccccc1)N1Cc2ccccc2C1=O
CHEMBL77814,N#CC(C#N)C=Nc1ccc(O)cc1,PWSIIVCKYNJKKF-UHFFFAOYSA-N,3.4559319556497243,False,c1ccccc1
CHEMBL287022,CC#CC(=O)Nc1cnc2ncc(C#N)c(Nc3ccc(F)c(Cl)c3)c2c1,PWVHLRJTWXCLHE-UHFFFAOYSA-N,5.424535034261977,False,c1ccc(Nc2ccnc3ncccc23)cc1
CHEMBL589832,O=C(Nc1ccc([N+](=O)[O-])cc1)c1ccc(N(CCCl)CCCl)cc1,PWZYWYPWXWMXFF-UHFFFAOYSA-N,4.715343717211485,False,O=C(Nc1ccccc1)c1ccccc1
CHEMBL3735474,CO[C@H]1CCN(c2nccc(Nc3cc4c(cn3)nc(CO)n4C(C)C)n2)CC1(F)F,PXBGUQFPFOVMDS-HNNXBMFYSA-N,6.0,False,c1cc(Nc2cc3[nH]cnc3cn2)nc(N2CCCCC2)n1
CHEMBL437890,CN1CCN(CCC#CC(=O)Nc2cc3c(Nc4ccc(F)c(Br)c4)ncnc3cn2)CC1,PXBVPDIMCOILPS-UHFFFAOYSA-N,8.958607314841775,True,O=C(C#CCCN1CCNCC1)Nc1cc2c(Nc3ccccc3)ncnc2cn1
CHEMBL4203804,COc1cc(N2CCN(C)CC2)ccc1Nc1ncc(Cl)c(Oc2ccc(NC(C)=O)cc2)n1,PXFIENHQGCMODS-UHFFFAOYSA-N,5.511449283499555,False,c1ccc(Oc2ccnc(Nc3ccc(N4CCNCC4)cc3)n2)cc1
CHEMBL3753886,O=C(Nc1ccncc1)Nc1cc(-c2cccnc2)ccc1OC(F)(F)F,PXFKZTVTPPCRCO-UHFFFAOYSA-N,7.012244383261477,True,O=C(Nc1ccncc1)Nc1cccc(-c2cccnc2)c1
CHEMBL169570,Nc1ncnc2c1c(-c1ccc(O)cc1)cn2C1CCCC1,PXGNDOOTUBVRMA-UHFFFAOYSA-N,6.6020599913279625,True,c1ccc(-c2cn(C3CCCC3)c3ncncc23)cc1
CHEMBL402339,COc1cc(Nc2ncnc3[nH]nc(OCCN4CCC(O)CC4)c23)ccc1OCc1cccc(F)c1,PXOQNEQRSUORAM-UHFFFAOYSA-N,7.886056647693163,True,c1ccc(COc2ccc(Nc3ncnc4[nH]nc(OCCN5CCCCC5)c34)cc2)cc1
CHEMBL4173470,C=CC(=O)Nc1cc(Nc2nccc(Nc3ccccc3-n3nccn3)n2)c(OC)cc1N1CCC(N(C)C)CC1,PXRRARLWTJBHIA-UHFFFAOYSA-N,6.694004117229195,True,c1ccc(-n2nccn2)c(Nc2ccnc(Nc3ccc(N4CCCCC4)cc3)n2)c1
CHEMBL4066951,Nc1cccc(-c2cc3c(-c4[nH]c(-c5ccccc5)nc4-c4ccc(F)cc4)ccnc3[nH]2)c1,PXUHHEWBVGCUHR-UHFFFAOYSA-N,7.812479279163536,True,c1ccc(-c2cc3c(-c4[nH]c(-c5ccccc5)nc4-c4ccccc4)ccnc3[nH]2)cc1
CHEMBL523122,COCCOc1cc2ncnc(Nc3c(Cl)ccc4c3OCO4)c2cc1NC(=O)C1CCCN1,PXVOZEZXKFLOOY-UHFFFAOYSA-N,5.146910470148134,False,O=C(Nc1ccc2ncnc(Nc3cccc4c3OCO4)c2c1)C1CCCN1
CHEMBL589822,Oc1csc(=N/N=C/c2ccc(F)cc2)[nH]1,PXXJZRMJQDMFOC-LFYBBSHMSA-N,5.661543506395395,False,C(=N\N=c1[nH]ccs1)/c1ccccc1
CHEMBL3604910,CCC(=O)Nc1ccc2c(Nc3cc[nH]n3)nc(-c3ccccc3)nc2c1,PXXRUTHYKIZABM-UHFFFAOYSA-N,5.657577319177793,False,c1ccc(-c2nc(Nc3cc[nH]n3)c3ccccc3n2)cc1
CHEMBL3087196,C=CC(=O)N1CC[C@H](N2C(=O)N(c3ccccc3)Cc3cnc(Nc4ccc(N5CCN(C)CC5)cc4)nc32)C1,PYBABMFTQNANEK-SANMLTNESA-N,7.536107011014092,True,O=C1N(c2ccccc2)Cc2cnc(Nc3ccc(N4CCNCC4)cc3)nc2N1[C@H]1CCNC1
CHEMBL3325473,COC(=O)C1C(=N)N(c2cccnc2)C2=C(C(=O)CCC2)C1c1cc2ccccc2n2nnnc12,PYBWHOAPKLWAIN-UHFFFAOYSA-N,5.958607314841775,False,N=C1CC(c2cc3ccccc3n3nnnc23)C2=C(CCCC2=O)N1c1cccnc1
CHEMBL1830259,NC(=S)NN=C(C=Cc1ccccc1Br)c1ccccc1,PYEJINQLXNJQOF-UHFFFAOYSA-N,4.585026652029182,False,N=C(C=Cc1ccccc1)c1ccccc1
CHEMBL3747570,CC(=O)N1N=C(c2ccccc2)CC1c1ccc(C(=O)OC(C)Cn2c([N+](=O)[O-])cnc2C)cc1,PYKAVGMHBXWHKV-UHFFFAOYSA-N,4.912218582190458,False,O=C(OCCn1ccnc1)c1ccc(C2CC(c3ccccc3)=NN2)cc1
CHEMBL3699616,C=CC(=O)Nc1cccc(Oc2nc(Nc3ccc(N4CCN(C(=O)CC(C)(C)C)CC4)cc3OC)ncc2C(F)(F)F)c1,PYNFIMQJVVVSBG-UHFFFAOYSA-N,6.187086643357144,False,c1ccc(Oc2ccnc(Nc3ccc(N4CCNCC4)cc3)n2)cc1
CHEMBL160303,CS(=O)(=O)CCNc1nc(-c2ccc3ncnc(Nc4ccc5c(cnn5Cc5ccccc5)c4)c3c2)cs1,PYTBGGBGRRJDNT-UHFFFAOYSA-N,7.1487416512809245,True,c1ccc(Cn2ncc3cc(Nc4ncnc5ccc(-c6cscn6)cc45)ccc32)cc1
CHEMBL144908,N#CC(=Cc1ccc(O)c(O)c1)C(=O)NCCNC(=O)C(C#N)=Cc1ccc(O)c(O)c1,PZIRTMUUDNWDHP-UHFFFAOYSA-N,6.301029995663981,True,O=C(C=Cc1ccccc1)NCCNC(=O)C=Cc1ccccc1
CHEMBL464210,CNC(=O)c1cc(Nc2ccc(-c3nc4ccccc4s3)cc2)ccn1,PZXJFNOGRSYDFV-UHFFFAOYSA-N,5.698970004336019,False,c1ccc2sc(-c3ccc(Nc4ccncc4)cc3)nc2c1
CHEMBL437885,COc1cc2ncnc(Nc3cccc(Cl)c3F)c2cc1CN1CCCC1,QAAOTANJKRXNSC-UHFFFAOYSA-N,6.443697499232712,True,c1ccc(Nc2ncnc3ccc(CN4CCCC4)cc23)cc1
CHEMBL1916949,O=C(NS(=O)(=O)c1ccc(Cl)cc1)c1cccnc1,QABDXILHNKXIRZ-UHFFFAOYSA-N,4.595850750790305,False,O=C(NS(=O)(=O)c1ccccc1)c1cccnc1
CHEMBL2324873,Cc1ccc(C2=NN(C(N)=S)C(c3ccc4ccccc4c3)C2)cc1,QAEQSYBSVNAKON-UHFFFAOYSA-N,6.2839966563652006,False,c1ccc(C2=NNC(c3ccc4ccccc4c3)C2)cc1
CHEMBL4238771,Clc1ccc(SCc2n[nH]c(-c3ccc(Cl)cc3)n2)cc1,QAFYIAMZMFFEAQ-UHFFFAOYSA-N,4.341988603342887,False,c1ccc(SCc2n[nH]c(-c3ccccc3)n2)cc1
CHEMBL584,Cc1c(O)cccc1C(=O)N[C@@H](CSc1ccccc1)[C@H](O)CN1C[C@H]2CCCC[C@H]2CC1C(=O)NC(C)(C)C,QAGYKUNXZHXKMR-RHMILFQJSA-N,4.25469874696885,False,O=C(N[C@H](CCN1CC[C@@H]2CCCC[C@@H]2C1)CSc1ccccc1)c1ccccc1
CHEMBL461426,NC(=O)O[C@H]1CN[C@H](C#Cc2cc3ncnc(Nc4ccc(OCc5cccc(F)c5)c(Cl)c4)c3s2)C1,QAIGLWIBJKERDJ-IEBWSBKVSA-N,7.397940008672037,True,C(#C[C@@H]1CCCN1)c1cc2ncnc(Nc3ccc(OCc4ccccc4)cc3)c2s1
CHEMBL145,O=C(O)C=Cc1ccc(O)c(O)c1,QAIPRVGONGVQAS-UHFFFAOYSA-N,2.920818753952375,False,c1ccccc1
CHEMBL3934539,CCC(=O)Nc1cc2c(NCc3ccccc3)ncnc2cc1OC,QALRXYIKCAELSZ-UHFFFAOYSA-N,6.866461091629782,True,c1ccc(CNc2ncnc3ccccc23)cc1
CHEMBL380006,COc1cc2ncnc(Nc3cccc(Cl)c3F)c2cc1CN(C)C(C)C(=O)N(C)C,QANFVYUCQKENPQ-UHFFFAOYSA-N,7.397940008672037,True,c1ccc(Nc2ncnc3ccccc23)cc1
CHEMBL455434,O=C(O[C@H]1CN[C@H](C#Cc2cc3ncnc(Nc4ccc(Cc5ccccc5)cc4)c3s2)C1)N1CCOCC1,QAOIGWCWWITZTC-JWQCQUIFSA-N,6.619788758288394,True,O=C(O[C@H]1CN[C@H](C#Cc2cc3ncnc(Nc4ccc(Cc5ccccc5)cc4)c3s2)C1)N1CCOCC1
CHEMBL1630110,ON=C(O)/C=C/c1ccc(-c2ccc3ncnc(Nc4ccc(OCc5cccc(F)c5)c(Cl)c4)c3c2)cc1,QAQXTNHOYJTPGB-AWNIVKPZSA-N,7.744727494896693,True,c1ccc(COc2ccc(Nc3ncnc4ccc(-c5ccccc5)cc34)cc2)cc1
CHEMBL3676364,C=CC(=O)Nc1cc2c(Nc3ccc(Br)c(Cl)c3F)ncnc2cc1OCCNC(=O)CCN(CC)CC,QASOHECZVDQOIK-UHFFFAOYSA-N,8.154901959985743,True,c1ccc(Nc2ncnc3ccccc23)cc1
CHEMBL129824,CN(C)CCCCCNc1cc2ncnc(Nc3cccc(Br)c3)c2cn1,QAUQFKRIRRUBIU-UHFFFAOYSA-N,8.075720713938118,True,c1ccc(Nc2ncnc3ccncc23)cc1
CHEMBL383499,CC(C)N(CC#CC(=O)Nc1cc2c(Nc3ccc(F)c(Cl)c3)ncnc2cn1)C(C)C,QAWQPXUVEVTPDR-UHFFFAOYSA-N,7.356547323513812,True,c1ccc(Nc2ncnc3cnccc23)cc1
CHEMBL428534,COc1cc2c(Nc3ccc(C)cc3F)ncnc2cc1OCC1CCNCC1,QAWSAMDJZZDGDW-UHFFFAOYSA-N,6.301029995663981,True,c1ccc(Nc2ncnc3cc(OCC4CCNCC4)ccc23)cc1
CHEMBL2029425,C=CC(=O)Nc1cccc(N2C(=O)N(C)Cc3cnc(Nc4ccc(N5CCC(N(C)C)CC5)cc4OC)nc32)c1,QBBSBGDJPPSSKJ-UHFFFAOYSA-N,8.453457336521868,True,O=C1NCc2cnc(Nc3ccc(N4CCCCC4)cc3)nc2N1c1ccccc1
CHEMBL3924787,C[C@@H](Nc1ncnc2ccc(OCCCCCC(O)=NO)cc12)c1ccccc1,QBFMDUKVTGGKMO-MRXNPFEDSA-N,7.0,True,c1ccc(CNc2ncnc3ccccc23)cc1
CHEMBL73301,COc1cccc(Nc2ncnc3[nH]c(C)c(C)c23)c1,QBIWREUCGXFGJR-UHFFFAOYSA-N,5.920818753952375,False,c1ccc(Nc2ncnc3[nH]ccc23)cc1
CHEMBL3699603,C=CC(=O)Nc1cccc(Nc2nc(Nc3ccc(N4CCN(C(=O)NC)CC4)cc3OC)ncc2C(F)(F)F)c1,QBKCKCBRLDNUCY-UHFFFAOYSA-N,8.259637310505756,True,c1ccc(Nc2ccnc(Nc3ccc(N4CCNCC4)cc3)n2)cc1
CHEMBL56132,N#CC(=Cc1ccc(O)c(O)c1)C(=O)c1ccccc1,QBKFKKGORMOFFU-UHFFFAOYSA-N,5.886056647693163,False,O=C(C=Cc1ccccc1)c1ccccc1
CHEMBL1172878,Cc1ncc([N+](=O)[O-])n1CCOC(=O)/C=C/c1ccccc1Cl,QBNMUADYOCPTHB-VOTSOKGWSA-N,4.681727919788373,False,O=C(/C=C/c1ccccc1)OCCn1ccnc1
CHEMBL245798,COc1cc2c(N[C@@H]3C[C@H]3c3ccccc3)c(C#N)cnc2cc1OC1CCN(C)CC1,QBOYVPOZZYKQRT-NZQKXSOJSA-N,6.443697499232712,True,c1ccc([C@@H]2C[C@H]2Nc2ccnc3cc(OC4CCNCC4)ccc23)cc1
CHEMBL1242476,CC(C)n1nc(-c2ccc3c(N)[nH]nc3c2)c2c(N)ncnc21,QBPMDFDPUIVKQA-UHFFFAOYSA-N,6.684029654543082,True,c1ncc2c(-c3ccc4c[nH]nc4c3)n[nH]c2n1
CHEMBL4094086,C=CC(=O)Nc1cc(Nc2nc(OC)cc(-c3cn(C)c4ccccc34)n2)c(OC)cc1N(C)CCN(C)C,QBQSCGMDSJFWBF-UHFFFAOYSA-N,7.886056647693163,True,c1ccc(Nc2nccc(-c3c[nH]c4ccccc34)n2)cc1
CHEMBL234580,O=C1CNCCN(Cc2ccn3ncnc(Nc4ccc5c(cnn5Cc5cccc(F)c5)c4)c23)C1,QBWGGFOGWBCOKX-UHFFFAOYSA-N,6.107905397309519,False,O=C1CNCCN(Cc2ccn3ncnc(Nc4ccc5c(cnn5Cc5ccccc5)c4)c23)C1
CHEMBL431191,COc1cccc(Nc2ncnc3[nH]c4c(c23)CCCC4)c1,QBWMZVFWLZJROU-UHFFFAOYSA-N,6.065501548756432,False,c1ccc(Nc2ncnc3[nH]c4c(c23)CCCC4)cc1
CHEMBL380972,COc1cc2c(cc1OC)Oc1ncnc(Nc3cccc(Br)c3)c1NC2,QBXBZNIQLIPRLA-UHFFFAOYSA-N,6.468521082957745,True,c1ccc(Nc2ncnc3c2NCc2ccccc2O3)cc1
CHEMBL104244,CN1CCN(CCCCNc2ncc3cc(-c4c(Cl)cccc4Cl)c(=O)n(C)c3n2)CC1,QCDZPARUOUZGLL-UHFFFAOYSA-N,6.6777807052660805,True,O=c1[nH]c2nc(NCCCCN3CCNCC3)ncc2cc1-c1ccccc1
CHEMBL597949,C#CCOc1cc2c(Nc3ccc(F)c(Cl)c3)ncnc2cc1OC,QCPPIWXNTVLCAK-UHFFFAOYSA-N,7.829738284605042,True,c1ccc(Nc2ncnc3ccccc23)cc1
CHEMBL3676382,C=CC(=O)Nc1cc2c(Nc3cc(OC)c(Cl)cc3OC)ncnc2cc1OCCNC(=O)CN(C)C,QCROOTBGMAHVGX-UHFFFAOYSA-N,7.853871964321762,True,c1ccc(Nc2ncnc3ccccc23)cc1
CHEMBL438075,CC(=O)Nc1ccc(C#Cc2cncnc2Nc2ccc(OCc3cccc(F)c3)c(Cl)c2)cc1,QCSMBZIRYHZMOU-UHFFFAOYSA-N,4.600326278518962,False,C(#Cc1cncnc1Nc1ccc(OCc2ccccc2)cc1)c1ccccc1
CHEMBL1812567,O=C(/C=C/c1cccs1)Nc1ccc2ncnc(Nc3cccc(Cl)c3)c2c1,QCXGPXCCRSBZGD-VQHVLOKHSA-N,5.055517327849831,False,O=C(/C=C/c1cccs1)Nc1ccc2ncnc(Nc3ccccc3)c2c1
CHEMBL3233784,O=C(/C=C/CN1CCCCC1)Nc1cc2c(Nc3ccc(F)c(Cl)c3)ncnc2s1,QDASMWJJFLCOHF-SNAWJCMRSA-N,8.045757490560675,True,O=C(/C=C/CN1CCCCC1)Nc1cc2c(Nc3ccccc3)ncnc2s1
CHEMBL1080271,CCN(CC)CCNC(=O)c1cc2cnnc(Nc3ccc(OCc4cccc(F)c4)c(Cl)c3)c2[nH]1,QDGJXOSRDOUWFQ-UHFFFAOYSA-N,4.1122702027119695,False,c1ccc(COc2ccc(Nc3nncc4cc[nH]c34)cc2)cc1
CHEMBL474323,COc1cc2ncnc(-c3c[nH]c4cc(F)c(C)cc34)c2cc1OC,QDHLJTKZOXNREZ-UHFFFAOYSA-N,6.273272790973428,False,c1ccc2c(-c3c[nH]c4ccccc34)ncnc2c1
CHEMBL4103201,C=CC(=O)N1CCC[C@@H](n2nc(-c3cnc4[nH]ccc4c3)c3c(N)ncnc32)C1,QDLVDDNIYQVRGN-CQSZACIVSA-N,8.698970004336019,True,c1ncc2c(-c3cnc4[nH]ccc4c3)nn([C@@H]3CCCNC3)c2n1
CHEMBL4218431,N#Cc1ccc(O)c(-c2nc(NCc3cnccn3)c3ccccc3n2)c1,QDODJLGZFKWWCO-UHFFFAOYSA-N,7.769551078621726,True,c1ccc(-c2nc(NCc3cnccn3)c3ccccc3n2)cc1
CHEMBL3671550,C=CC(=O)Nc1cc2c(Nc3ccc(Br)cc3F)ncnc2cc1OC(C)CNC(C)=O,QEEAABFVJCOYPN-UHFFFAOYSA-N,7.443697499232712,True,c1ccc(Nc2ncnc3ccccc23)cc1
CHEMBL3948661,COc1cc2c(Nc3ccc(Cl)c(Cl)c3)ncnc2cc1OCc1ccc2nc(C(F)(F)F)cc(Cl)c2c1,QEIAACVSNFOMGZ-UHFFFAOYSA-N,7.301029995663981,True,c1ccc(Nc2ncnc3cc(OCc4ccc5ncccc5c4)ccc23)cc1
CHEMBL367442,Nc1ncnc2c1c(-c1ccccc1)cn2-c1ccc(CO)cc1,QEKCMFKWDZHOOD-UHFFFAOYSA-N,6.154901959985743,False,c1ccc(-c2cn(-c3ccccc3)c3ncncc23)cc1
CHEMBL2018756,CCOC(=O)Nc1ccc(Nc2ncnc3cc(OC)c(OC)cc23)cc1C,QEKKQKSAUFTIBW-UHFFFAOYSA-N,6.045757490560675,False,c1ccc(Nc2ncnc3ccccc23)cc1
CHEMBL126791,Brc1cccc(Nc2ncnc3cc(NCCCn4ccnc4)ncc23)c1,QENYREVCVOGEQU-UHFFFAOYSA-N,9.292429823902063,True,c1ccc(Nc2ncnc3cc(NCCCn4ccnc4)ncc23)cc1
CHEMBL3898447,C=CC(=O)N1CCC(Oc2cc3c(Nc4cccc(Cl)c4F)ncnc3cc2OC)CC1,QESBRKONDSWGSK-UHFFFAOYSA-N,8.221848749616356,True,c1ccc(Nc2ncnc3ccc(OC4CCNCC4)cc23)cc1
CHEMBL76444,Cc1[nH]c2ncnc(N(C)c3cccc(Cl)c3)c2c1C,QEVBDDTXWGEPBR-UHFFFAOYSA-N,6.301029995663981,True,c1ccc(Nc2ncnc3[nH]ccc23)cc1
CHEMBL3671541,C=CC(=O)Nc1cc2c(Nc3ccc(Br)cc3F)ncnc2cc1OCCNC(=O)C(=O)OCC,QEWGTHVMSDULHL-UHFFFAOYSA-N,7.008773924307505,True,c1ccc(Nc2ncnc3ccccc23)cc1
CHEMBL187431,Cc1ccc(Nc2ncnn3c(C)ccc23)cc1O,QFAYCQKPUDKQJB-UHFFFAOYSA-N,4.531652669587842,False,c1ccc(Nc2ncnn3cccc23)cc1
CHEMBL333231,Clc1cccc(CNc2[nH]nc3ncnc(Nc4cccc(Cl)c4)c23)c1,QFEGUXCVHFPAEW-UHFFFAOYSA-N,7.585026652029182,True,c1ccc(CNc2[nH]nc3ncnc(Nc4ccccc4)c23)cc1
CHEMBL115440,COCCOCC#CC(=O)Nc1ccc2ncc(C#N)c(Nc3cccc(Br)c3)c2c1,QFRXIKQLGYNTBV-UHFFFAOYSA-N,6.031517051446064,False,c1ccc(Nc2ccnc3ccccc23)cc1
CHEMBL1241683,CC(C)n1nc(-c2ccc3nc(Cl)ccc3c2)c2c(N)ncnc21,QFUHCUNJMQVKME-UHFFFAOYSA-N,4.0,False,c1cnc2ccc(-c3n[nH]c4ncncc34)cc2c1
CHEMBL602645,CCCN(CCC)C(=O)c1ccc(N(CCCl)CCCl)cc1,QFWVLMXFGQNABU-UHFFFAOYSA-N,4.525346746637937,False,c1ccccc1
CHEMBL53711,CN(C)c1cc2c(Nc3cccc(Br)c3)ncnc2cn1,QFXMHNZCUIIRHD-UHFFFAOYSA-N,11.221848749616356,True,c1ccc(Nc2ncnc3cnccc23)cc1
CHEMBL3297891,Cc1nc(Nc2cccc3ccccc23)c2cc(C)oc2n1,QGCZOEDZZYAKIV-UHFFFAOYSA-N,6.838033383635925,True,c1ccc2c(Nc3ncnc4occc34)cccc2c1
CHEMBL4094174,O=C(Nc1ccc2ncnc(Nc3cccc(Cl)c3)c2c1)C1CCC2(CC1)OOC1(CCCCC1)OO2,QGHKJWBUQDKSJR-UHFFFAOYSA-N,7.076652343502174,True,O=C(Nc1ccc2ncnc(Nc3ccccc3)c2c1)C1CCC2(CC1)OOC1(CCCCC1)OO2
CHEMBL66101,COc1ccc(/C=C/c2cnc3cc(OC)c(OC)cc3c2)cc1,QGIQAOODDVIYMZ-SNAWJCMRSA-N,4.698970004336019,False,C(=C\c1cnc2ccccc2c1)/c1ccccc1
CHEMBL424375,COc1cccc(-c2cn(-c3ccc(CNCCO)cc3)c3ncnc(N)c23)c1,QGPSFIYTQAONCS-UHFFFAOYSA-N,6.522878745280337,True,c1ccc(-c2cn(-c3ccccc3)c3ncncc23)cc1
CHEMBL247127,c1cncc(Cn2ncc3cc(Nc4ncnn5ccc(COC[C@@H]6CNCCO6)c45)ccc32)c1,QGTJGYUQPVBUGS-QFIPXVFZSA-N,6.091514981121351,False,c1cncc(Cn2ncc3cc(Nc4ncnn5ccc(COC[C@@H]6CNCCO6)c45)ccc32)c1
CHEMBL4062617,C=CC(=O)NCc1cccc(-c2nc(-c3ccnc4[nH]c(-c5ccccc5)cc34)c(C3CC3)[nH]2)c1,QGVIUJRUZBFQDM-UHFFFAOYSA-N,5.406713932979542,False,c1ccc(-c2cc3c(-c4nc(-c5ccccc5)[nH]c4C4CC4)ccnc3[nH]2)cc1
CHEMBL514566,Nc1ncnc(Nc2ccc3c(cnn3Cc3cccc(F)c3)c2)c1C=NN1CCN(CCO)CC1,QHAHIGAQWUSAND-UHFFFAOYSA-N,8.045757490560675,True,C(=NN1CCNCC1)c1cncnc1Nc1ccc2c(cnn2Cc2ccccc2)c1
CHEMBL36727,Cn1ccc2cc3c(Nc4cccc(Br)c4)ncnc3cc21,QHAWLYRLLOXJAY-UHFFFAOYSA-N,9.096910013008056,True,c1ccc(Nc2ncnc3cc4[nH]ccc4cc23)cc1
CHEMBL578255,CC=C1C(=NC(=O)OCCN2CCOCC2)NC2N=CN=C(Nc3ccc4c(cnn4Cc4ccccc4)c3)C12,QHENDTBDHPTJQT-UHFFFAOYSA-N,6.954677021213342,True,C=C1C(=NC(=O)OCCN2CCOCC2)NC2N=CN=C(Nc3ccc4c(cnn4Cc4ccccc4)c3)C12
CHEMBL322395,COc1cc(Nc2c(C#N)cnc3cc(-c4ccc(CN5CCOCC5)cc4)ccc23)c(Cl)cc1Cl,QHESHAOBGKRAPW-UHFFFAOYSA-N,5.522878745280337,False,c1ccc(Nc2ccnc3cc(-c4ccc(CN5CCOCC5)cc4)ccc23)cc1
CHEMBL231663,COC(=O)C1CCN(Cc2ccn3ncnc(Nc4ccc5c(cnn5Cc5cccc(F)c5)c4)c23)CC1,QHGVESLEXVDJPY-UHFFFAOYSA-N,6.0,False,c1ccc(Cn2ncc3cc(Nc4ncnn5ccc(CN6CCCCC6)c45)ccc32)cc1
CHEMBL92902,CN1CCC=C(C(=O)Nc2ccc3ncnc(Nc4cccc(Br)c4)c3c2)C1,QHSKAAHDPBBIMT-UHFFFAOYSA-N,6.939302159646388,True,O=C(Nc1ccc2ncnc(Nc3ccccc3)c2c1)C1=CCCNC1
CHEMBL2348417,O=C(NCCO)C1=Cc2c(ncnc2Nc2ccc(Oc3cccc4sccc34)c(Cl)c2)NCC1,QHUDPFOODLMGQO-UHFFFAOYSA-N,7.443697499232712,True,C1=Cc2c(ncnc2Nc2ccc(Oc3cccc4sccc34)cc2)NCC1
CHEMBL499534,O=C(O[C@H]1CN[C@H](C#Cc2cc3ncnc(Nc4ccc(OCc5cccc(F)c5)c(Cl)c4)c3s2)C1)N1CCNCC1,QHVIPDJZOQGJIA-FYYLOGMGSA-N,7.200659450546418,True,O=C(O[C@H]1CN[C@H](C#Cc2cc3ncnc(Nc4ccc(OCc5ccccc5)cc4)c3s2)C1)N1CCNCC1
CHEMBL4288300,COc1cccc(Nc2cc(Nc3cc(OC)ccc3OC)ncn2)c1,QIAHWAXXEKSCCE-UHFFFAOYSA-N,7.585026652029182,True,c1ccc(Nc2cc(Nc3ccccc3)ncn2)cc1
CHEMBL3671511,C=CC(=O)Nc1cc2c(Nc3ccc(Br)cc3F)ncnc2cc1OCCNC(=O)NC(C)CC,QIAQUEWCLIWXJA-UHFFFAOYSA-N,7.698970004336019,True,c1ccc(Nc2ncnc3ccccc23)cc1
CHEMBL1630107,ON=C(O)/C=C/c1ccc(-c2ccc3ncnc(Nc4ccc(OCc5cccc(F)c5)c(Cl)c4)c3c2)o1,QIGGJMQSVPHSJB-YRNVUSSQSA-N,8.602059991327963,True,c1ccc(COc2ccc(Nc3ncnc4ccc(-c5ccco5)cc34)cc2)cc1
CHEMBL395591,Fc1cccc(Cn2ncc3cc(Nc4ncnn5ccc(COCC6CNCCOC6)c45)ccc32)c1,QIHGEXNGPGTFID-UHFFFAOYSA-N,6.6777807052660805,True,c1ccc(Cn2ncc3cc(Nc4ncnn5ccc(COCC6CNCCOC6)c45)ccc32)cc1
CHEMBL4162882,CC/C=C/C(=O)Nc1cc2c(N3CCc4ccccc43)ncnc2cc1OC,QIHUWGQYPLGFPI-RUDMXATFSA-N,7.769551078621726,True,c1ccc2c(c1)CCN2c1ncnc2ccccc12
CHEMBL3914159,C=CC(=O)N1CC(Oc2cc3c(Nc4ccc(Cl)c(Cl)c4F)ncnc3cc2OC)C1,QIMXUZNKIMFXLS-UHFFFAOYSA-N,8.221848749616356,True,c1ccc(Nc2ncnc3ccc(OC4CNC4)cc23)cc1
CHEMBL4069003,NP(=O)(OCCCOc1ccc2ncnc(Nc3cccc(Br)c3)c2c1)N(CCCl)CCCl,QINSOUANYOEWLZ-UHFFFAOYSA-N,8.522878745280337,True,c1ccc(Nc2ncnc3ccccc23)cc1
CHEMBL1958027,Oc1csc(N2N=C(c3ccc(F)cc3)CC2c2ccc(Cl)cc2)n1,QIUTZYBWGKVERK-UHFFFAOYSA-N,4.961777361631282,False,c1ccc(C2=NN(c3nccs3)C(c3ccccc3)C2)cc1
CHEMBL3972168,C=CC(=O)N1CC[C@@H](Oc2cc3c(Nc4ccc(F)c(Cl)c4F)ncnc3cc2OC)CC1C(=O)OC,QIYKORVSWNMNRD-YJJYDOSJSA-N,8.356547323513812,True,c1ccc(Nc2ncnc3ccc(OC4CCNCC4)cc23)cc1
CHEMBL3747776,CC(=O)N1N=C(c2ccc(Br)cc2)CC1c1ccc(C(=O)OC(C)Cn2c([N+](=O)[O-])cnc2C)cc1,QIZIADMZXFUUMW-UHFFFAOYSA-N,5.224753740259764,False,O=C(OCCn1ccnc1)c1ccc(C2CC(c3ccccc3)=NN2)cc1
CHEMBL2283253,O=C(/C=C/c1ccccc1)Nc1cc(F)c(F)c(F)c1,QJDMCTRZYNBBEN-VOTSOKGWSA-N,4.890084136976206,False,O=C(/C=C/c1ccccc1)Nc1ccccc1
CHEMBL3931038,C=CC(=O)Nc1cccc(Nc2nc(Nc3ccc(-n4ccnc4)cc3)ncc2[N+](=O)[O-])c1,QJDZQTWIVCSFGX-UHFFFAOYSA-N,7.00788851221305,True,c1ccc(Nc2ccnc(Nc3ccc(-n4ccnc4)cc3)n2)cc1
CHEMBL4161396,COc1cc2ncnc(N3CCc4ccccc43)c2cc1NC(=O)/C=C/CN1CCCCC1,QJHMREZWKKASBI-JXMROGBWSA-N,7.342944147142896,True,O=C(/C=C/CN1CCCCC1)Nc1ccc2ncnc(N3CCc4ccccc43)c2c1
CHEMBL3133752,COc1cc2ncnc(Nc3cccc(NC(=O)Nc4ccc(Cl)c(C(F)(F)F)c4)c3)c2cc1OCCCN1CCOCC1,QJVCNHYCOKNFLA-UHFFFAOYSA-N,7.086186147616283,True,O=C(Nc1ccccc1)Nc1cccc(Nc2ncnc3ccc(OCCCN4CCOCC4)cc23)c1
CHEMBL3901622,C[C@@H](Nc1ncnc2oc(-c3ccc(NCCN(C)C)cc3)cc12)c1ccccc1,QJXSNAGEGZAXGL-QGZVFWFLSA-N,9.397940008672036,True,c1ccc(CNc2ncnc3oc(-c4ccccc4)cc23)cc1
CHEMBL2437473,COc1ccc(Nc2ncc3ncc(=O)n(-c4cccc(N)c4)c3n2)cc1,QKANEQHLFOWQRR-UHFFFAOYSA-N,4.672028376376989,False,O=c1cnc2cnc(Nc3ccccc3)nc2n1-c1ccccc1
CHEMBL1080815,Clc1cccc(Nc2ncnc3ccc(Cl)cc23)c1,QKCFZLIUAVWYRM-UHFFFAOYSA-N,5.568636235841012,False,c1ccc(Nc2ncnc3ccccc23)cc1
CHEMBL3663929,C=CC(=O)N1CC[C@@H](Oc2nc(Nc3ccc(N4CCC(N5CCN(C)CC5)CC4)cc3)c(C(N)=O)nc2CC)C1,QKDCLUARMDUUKN-XMMPIXPASA-N,8.096910013008056,True,c1cc(N2CCC(N3CCNCC3)CC2)ccc1Nc1cncc(O[C@@H]2CCNC2)n1
CHEMBL3671568,C=CC(=O)Nc1cc2c(Nc3ccc(Br)cc3F)ncnc2cc1OCCNC(=O)C1CCCN1C,QKEQHMZWPIXXEY-UHFFFAOYSA-N,7.161150909262744,True,O=C(NCCOc1ccc2c(Nc3ccccc3)ncnc2c1)C1CCCN1
CHEMBL394057,O=C(O)COCc1ccn2ncnc(Nc3ccc4c(cnn4Cc4cccc(F)c4)c3)c12,QKLWVDQKXUTTEU-UHFFFAOYSA-N,7.522878745280337,True,c1ccc(Cn2ncc3cc(Nc4ncnn5cccc45)ccc32)cc1
CHEMBL1812560,O=C(/C=C/c1ccccc1[N+](=O)[O-])Nc1ccc2ncnc(Nc3cccc(Br)c3)c2c1,QKMIUXGTOIHPPR-DHZHZOJOSA-N,5.991399828238082,False,O=C(/C=C/c1ccccc1)Nc1ccc2ncnc(Nc3ccccc3)c2c1
CHEMBL591040,C=C=CCCCCOc1cc2c(Nc3ccc(F)c(Cl)c3)ncnc2cc1O,QKSLQDKGPPYGOY-UHFFFAOYSA-N,7.183758700008217,True,c1ccc(Nc2ncnc3ccccc23)cc1
CHEMBL93461,CC(=O)Nc1ccc2c(Nc3cccc(Br)c3)ncnc2c1,QKWCLFRBLRJXQM-UHFFFAOYSA-N,7.397940008672037,True,c1ccc(Nc2ncnc3ccccc23)cc1
CHEMBL1172803,Cc1ncc([N+](=O)[O-])n1CCOC(=O)/C=C/c1ccc(Cl)cc1,QKYBBNMPJXASCG-QPJJXVBHSA-N,5.441291429466834,False,O=C(/C=C/c1ccccc1)OCCn1ccnc1
CHEMBL3980622,CCC(=O)Nc1cc2c(Nc3ccc(Cc4ccccn4)cc3)ncnc2cc1OC,QLFTUFXDFRRBKL-UHFFFAOYSA-N,6.688246138944246,True,c1ccc(Cc2ccc(Nc3ncnc4ccccc34)cc2)nc1
CHEMBL4093642,COc1cc(Br)c(C=C2CN(C(C)C)CC(=Cc3nc(C)c(C)nc3C)C2=NO)cc1OC,QLJVUGOZYMSDGQ-UHFFFAOYSA-N,5.309803919971486,False,N=C1C(=Cc2ccccc2)CNCC1=Cc1cnccn1
CHEMBL215716,[O-][S+]1CCN(Cc2ccc(-c3ccc4ncnc(Nc5ccc(OCc6ccccc6)c(F)c5)c4c3)o2)CC1,QLLLIGGXRUNRDR-UHFFFAOYSA-N,7.795880017344075,True,c1ccc(COc2ccc(Nc3ncnc4ccc(-c5ccc(CN6CC[SH+]CC6)o5)cc34)cc2)cc1
CHEMBL251123,CCOc1cc2ncnc(/C=C/CCCc3ccccc3)c2cc1OCC,QLOYTAAAUVDJCT-GXDHUFHOSA-N,6.853871964321762,True,C(=C\c1ncnc2ccccc12)/CCCc1ccccc1
CHEMBL4062830,CCCN1CC[C@H](N2C(=O)N(c3ccccc3Cl)Cc3cnc(Nc4ccc(N5CCN(C)CC5)c(C)c4)nc32)C1,QLQIHEIFJBGOFX-VWLOTQADSA-N,7.277366077466188,True,O=C1N(c2ccccc2)Cc2cnc(Nc3ccc(N4CCNCC4)cc3)nc2N1[C@H]1CCNC1
CHEMBL469355,NS(=O)(=O)c1ccc(Nc2nc3ncnc(Nc4ccc(F)c(Cl)c4)c3s2)cc1,QMAYPCNOXVCKRW-UHFFFAOYSA-N,8.045757490560675,True,c1ccc(Nc2nc3ncnc(Nc4ccccc4)c3s2)cc1
CHEMBL383760,CNC(=O)C1CCCN1Cc1cc2c(Nc3cccc(Cl)c3F)ncnc2cc1OC,QMGNNNRCEMYKNG-UHFFFAOYSA-N,7.301029995663981,True,c1ccc(Nc2ncnc3ccc(CN4CCCC4)cc23)cc1
CHEMBL4225828,CNC(=O)c1ccc(Sc2cccc(NC(=S)Nc3ccc(Cl)c(C(F)(F)F)c3)c2)nc1,QMRSZKRJQUFALC-UHFFFAOYSA-N,6.224753740259764,False,S=C(Nc1ccccc1)Nc1cccc(Sc2ccccn2)c1
CHEMBL484108,Nc1nc(Nc2cccc(Br)c2)c2cc(CCc3cccc4ccccc34)[nH]c2n1,QMVUXJFOCASEQU-UHFFFAOYSA-N,5.318758762624412,False,c1ccc(Nc2ncnc3[nH]c(CCc4cccc5ccccc45)cc23)cc1
CHEMBL461782,CCOC(=O)c1ccc(N2CCOCC2)c(NS(=O)(=O)c2cc(Br)c(Cl)s2)c1,QNBDIJUSIIMDQQ-UHFFFAOYSA-N,4.954677021213342,False,O=S(=O)(Nc1ccccc1N1CCOCC1)c1cccs1
CHEMBL69966,C#Cc1cccc(Nc2ncnc3[nH]c(O)c(C=c4[nH]c(C(=O)NCCN5CCOCC5)cc4=C)c23)c1,QNCPHGDKTOGERW-UHFFFAOYSA-N,7.744727494896693,True,C=c1cc(C(=O)NCCN2CCOCC2)[nH]c1=Cc1c[nH]c2ncnc(Nc3ccccc3)c12
CHEMBL4207316,CCc1c(C(=O)NC(CO)Cc2ccccc2)[nH]c2ccc(C(F)(F)F)cc12,QNHQLBLUWHLFSC-UHFFFAOYSA-N,6.045757490560675,False,O=C(NCCc1ccccc1)c1cc2ccccc2[nH]1
CHEMBL201307,COc1cc2c(Nc3ncc(CC(=O)Nc4cccc(F)c4)s3)ncnc2cc1OCCCN1CCC(CO)CC1,QNJAKUMXJFWQOG-UHFFFAOYSA-N,6.096910013008056,False,O=C(Cc1cnc(Nc2ncnc3cc(OCCCN4CCCCC4)ccc23)s1)Nc1ccccc1
CHEMBL1173667,NC(=S)N1N=C(c2ccc(Cl)c(Cl)c2)CC1c1ccc(O)cc1,QNLDNZHJFQMGHT-UHFFFAOYSA-N,5.278189384787453,False,c1ccc(C2=NNC(c3ccccc3)C2)cc1
CHEMBL57300,N#CC(C#N)=C1CCc2c1ccc(O)c2O,QNMCUDUCYPYEQM-UHFFFAOYSA-N,5.154901959985743,False,C=C1CCc2ccccc21
CHEMBL113185,COc1cc(Nc2nccc(-c3ccc(NCCN)nc3)n2)cc(OC)c1OC,QNULKTUETCUJKC-UHFFFAOYSA-N,5.292429823902063,False,c1ccc(Nc2nccc(-c3cccnc3)n2)cc1
CHEMBL4087489,C1=CC2=C(Cc3nnc(Cc4nc5ccccc5[nH]4)o3)CNC2C=C1,QODIOKLYPVTMKD-UHFFFAOYSA-N,4.064492734175287,False,C1=CC2=C(Cc3nnc(Cc4nc5ccccc5[nH]4)o3)CNC2C=C1
CHEMBL4082724,COc1cc2c(Oc3ccc(NC(=O)c4nc5ccccc5n(-c5ccc(F)cc5)c4=O)cc3F)ccnc2cc1OCCCN1CCN(C)CC1,QODZCSPDZVDCSD-UHFFFAOYSA-N,6.008406259143765,False,O=C(Nc1ccc(Oc2ccnc3cc(OCCCN4CCNCC4)ccc23)cc1)c1nc2ccccc2n(-c2ccccc2)c1=O
CHEMBL3671477,C=CC(=O)Nc1cc2c(Nc3ccc(Br)cc3F)ncnc2cc1OCC1CCN(C(=O)CS(C)(=O)=O)CC1,QOLLSSWROWSEGI-UHFFFAOYSA-N,7.585026652029182,True,c1ccc(Nc2ncnc3cc(OCC4CCNCC4)ccc23)cc1
CHEMBL3621220,C=CC(=O)Nc1cc2c(Nc3ccc(OCc4cccc(F)c4)c(Cl)c3)ncnc2cc1OCCOC,QORKHYDTJJDLQZ-UHFFFAOYSA-N,6.990549104201306,True,c1ccc(COc2ccc(Nc3ncnc4ccccc34)cc2)cc1
CHEMBL332269,CCCCNc1ncc2cc(-c3c(Cl)cccc3Cl)c(=O)n(C)c2n1,QOSLUZXSYUGPOU-UHFFFAOYSA-N,5.356547323513812,False,O=c1[nH]c2ncncc2cc1-c1ccccc1
CHEMBL4074248,NCCn1c(-c2ccccc2)nc2cc(Cl)ccc2c1=O,QOWAEYZXMPTATE-UHFFFAOYSA-N,6.542118103266008,True,O=c1[nH]c(-c2ccccc2)nc2ccccc12
CHEMBL3742349,CCOC(=O)c1nn(-c2ccc(C)cc2)cc1C(=O)c1c(C)[nH]c(-c2ccccc2)c1-c1ccccc1,QOWXYGQKYJHGRZ-UHFFFAOYSA-N,5.103473782510445,False,O=C(c1cnn(-c2ccccc2)c1)c1c[nH]c(-c2ccccc2)c1-c1ccccc1
CHEMBL1242113,CCn1nc(-c2ccc(OC)c(O)c2)c2c(N)ncnc21,QOYOSSAKTDDRJV-UHFFFAOYSA-N,5.1904402853647325,False,c1ccc(-c2n[nH]c3ncncc23)cc1
CHEMBL62756,Nc1ncnc2c1ncn2-c1ccccc1,QOZYZBRNUYGQNF-UHFFFAOYSA-N,4.823908740944319,False,c1ccc(-n2cnc3cncnc32)cc1
CHEMBL2070196,O=C(Nc1ccc2ncnc(Nc3cccc(Cl)c3)c2c1)C1COc2ccccc2O1,QPBVHOJHCCLHIT-UHFFFAOYSA-N,5.560667306169737,False,O=C(Nc1ccc2ncnc(Nc3ccccc3)c2c1)C1COc2ccccc2O1
CHEMBL3416622,COc1ccccc1-c1cc2c(NCc3cccs3)ncnc2s1,QPHDGMSNEOJVKJ-UHFFFAOYSA-N,6.769551078621726,True,c1ccc(-c2cc3c(NCc4cccs4)ncnc3s2)cc1
CHEMBL4089863,C=CC(=O)Nc1cc(Nc2[nH]nc3ccc(-c4ccc5ccccc5c4)cc23)c(OC)cc1N(C)CCN(C)C,QPNXLQHAJUTVIF-UHFFFAOYSA-N,8.958607314841775,True,c1ccc(Nc2[nH]nc3ccc(-c4ccc5ccccc5c4)cc23)cc1
CHEMBL2178352,CN1CCN(c2ccc(Nc3ncc4nc(Nc5ccccc5)n(C5CCCC5)c4n3)cc2)CC1,QPOURHROVVCOHC-UHFFFAOYSA-N,6.3979400086720375,True,c1ccc(Nc2nc3cnc(Nc4ccc(N5CCNCC5)cc4)nc3n2C2CCCC2)cc1
CHEMBL428777,CC(Oc1cccc2ncnc(Nc3ccc(OCc4ccccn4)c(Cl)c3)c12)C(=O)N(C)C,QPPYSOHWFOUKPX-UHFFFAOYSA-N,7.657577319177793,True,c1ccc(COc2ccc(Nc3ncnc4ccccc34)cc2)nc1
CHEMBL3297900,CCCN(c1ccc(OC)cc1)c1nc(C)nc2oc(C)cc12,QPQFPSZHEIFSMF-UHFFFAOYSA-N,7.134896025358872,True,c1ccc(Nc2ncnc3occc23)cc1
CHEMBL2316141,COc1cc(/C=C2\CCC/C(=C\c3cccc(Cl)c3)C2=O)cc(OC)c1,QPQXKYPXOWABMC-BEQMOXJMSA-N,5.657577319177793,False,O=C1/C(=C/c2ccccc2)CCC/C1=C\c1ccccc1
CHEMBL77825,COc1ccc(NN=C(C#N)C#N)cc1,QPXWFPKBHJKCTE-UHFFFAOYSA-N,3.221848749616356,False,c1ccccc1
CHEMBL1241300,COc1ccc(-c2[nH]nc3ncnc(N)c23)cc1O,QPZURRPXZSPBJE-UHFFFAOYSA-N,4.0,False,c1ccc(-c2[nH]nc3ncncc23)cc1
CHEMBL308582,Cc1[nH]c2ncnc(Nc3cccc(F)c3)c2c1C,QQBKALJLRAEGBT-UHFFFAOYSA-N,6.259637310505756,False,c1ccc(Nc2ncnc3[nH]ccc23)cc1
CHEMBL1683955,Cc1ncnc(Nc2ccc(OCc3cccc(F)c3)c(Cl)c2)c1C,QQDKYSNDWYIWJF-UHFFFAOYSA-N,7.769551078621726,True,c1ccc(COc2ccc(Nc3ccncn3)cc2)cc1
CHEMBL3939429,COc1ccc(-c2cc3c(NCc4ccccc4)ncnc3o2)cc1,QQFYEVBPQHZGQK-UHFFFAOYSA-N,7.130768280269024,True,c1ccc(CNc2ncnc3oc(-c4ccccc4)cc23)cc1
CHEMBL3929002,COc1cc2c(Nc3ccc(Cl)c(Cl)c3)ncnc2cc1OCc1csc2ccc(Cl)cc12,QQGZOWNAHJAXCG-UHFFFAOYSA-N,7.301029995663981,True,c1ccc(Nc2ncnc3cc(OCc4csc5ccccc45)ccc23)cc1
CHEMBL2337373,Nc1nc(Nc2ccccc2)c2c(n1)[nH]c1ccccc12,QQJZIMVTIBWSMO-UHFFFAOYSA-N,6.832682665251824,True,c1ccc(Nc2ncnc3[nH]c4ccccc4c23)cc1
CHEMBL2087361,C#Cc1cccc(Nc2ncnc3cc4c(cc23)OCCOCCOCCO4)c1,QQLKULDARVNMAL-UHFFFAOYSA-N,8.698970004336019,True,c1ccc(Nc2ncnc3cc4c(cc23)OCCOCCOCCO4)cc1
CHEMBL249509,C#Cc1ccc2ncnc(Nc3ccc(F)c(Cl)c3)c2c1,QQMOCUDUISYUKW-UHFFFAOYSA-N,6.896538377905295,True,c1ccc(Nc2ncnc3ccccc23)cc1
CHEMBL3676381,C=CC(=O)Nc1cc2c(Nc3ccc(Br)c(Cl)c3F)ncnc2cc1OCCNC(=O)OC,QQNYFZMXLDOHEF-UHFFFAOYSA-N,7.008773924307505,True,c1ccc(Nc2ncnc3ccccc23)cc1
CHEMBL63356,Oc1cc2cc(-c3cccnc3)cnc2cc1O,QQQXEUOUDIWAIJ-UHFFFAOYSA-N,6.301029995663981,True,c1cncc(-c2cnc3ccccc3c2)c1
CHEMBL3622655,CCOc1cc2ncnc(Nc3ccc(F)c(Cl)c3)c2cc1NC(=O)/C=C/CN(C)C1CC1,QQRIPCOSROOLJG-SNAWJCMRSA-N,8.259637310505756,True,O=C(/C=C/CNC1CC1)Nc1ccc2ncnc(Nc3ccccc3)c2c1
CHEMBL3752248,O=C(Nc1nccs1)Nc1cc(-c2cncnc2)ccc1OC(F)(F)F,QQTMJZNCEDYJES-UHFFFAOYSA-N,7.144420277498282,True,O=C(Nc1cccc(-c2cncnc2)c1)Nc1nccs1
CHEMBL1272222,C=CC(=O)N1CCc2c(sc3ncnc(N[C@H](C)c4ccccc4)c23)C1,QQTRHLQUUWPNNO-CYBMUJFWSA-N,7.698970004336019,True,c1ccc(CNc2ncnc3sc4c(c23)CCNC4)cc1
CHEMBL293889,Cn1c(SSc2c(C(=O)Nc3ccccc3)c3cc(Cl)ccc3n2C)c(C(=O)Nc2ccccc2)c2cc(Cl)ccc21,QQYQXWACNBHSDE-UHFFFAOYSA-N,5.366531544420413,False,O=C(Nc1ccccc1)c1c(SSc2[nH]c3ccccc3c2C(=O)Nc2ccccc2)[nH]c2ccccc12
CHEMBL595497,CCCC(=Cc1coc2nc(N)nc(N)c12)c1ccccc1OC,QRIUQJQGVYRORZ-UHFFFAOYSA-N,3.795066477645856,False,C(=Cc1coc2ncncc12)c1ccccc1
CHEMBL1242666,CC(C)n1nc(-c2ccc3c(C=O)c[nH]c3c2)c2c(N)ncnc21,QRJVSLZNMWIKRS-UHFFFAOYSA-N,6.195179321278838,False,c1ncc2c(-c3ccc4cc[nH]c4c3)n[nH]c2n1
CHEMBL589589,CC(C)c1ccc(NC(=O)c2ccc(N(CCCl)CCCl)cc2)cc1,QRMCZLGDRXISCZ-UHFFFAOYSA-N,6.1249387366083,False,O=C(Nc1ccccc1)c1ccccc1
CHEMBL113985,COc1cc(NC(=O)/C=C/CN2CCOCC2)cc2c(Nc3cccc(Br)c3)c(C#N)cnc12,QROTXBMVKQDLPG-ZZXKWVIFSA-N,5.268411234813261,False,O=C(/C=C/CN1CCOCC1)Nc1ccc2nccc(Nc3ccccc3)c2c1
CHEMBL3263364,COc1ccc(C2=NN(c3nc(O)cs3)C(c3cccc4ccccc34)C2)cc1,QROVWKAFYCXVFM-UHFFFAOYSA-N,5.257274868695301,False,c1ccc(C2=NN(c3nccs3)C(c3cccc4ccccc34)C2)cc1
CHEMBL383030,COC(=O)c1c(OCCCN(C)C)c2ccccc2c2oc3c(c12)C(=O)c1ccccc1C3=O,QROZNTBKLCEHDK-UHFFFAOYSA-N,4.866461091629782,False,O=C1c2ccccc2C(=O)c2c1oc1c2ccc2ccccc21
CHEMBL2348415,CS(=O)(=O)CCNC(=O)C1=Cc2c(ncnc2Nc2ccc(Oc3cccc(C(F)(F)F)c3)c(Cl)c2)NCC1,QRXMEGUJRZKMEO-UHFFFAOYSA-N,7.1249387366083,True,C1=Cc2c(ncnc2Nc2ccc(Oc3ccccc3)cc2)NCC1
CHEMBL592200,Oc1c(Cl)cc(Cl)cc1CN(Cc1ccc(F)cc1)C(=S)Nc1ccccc1,QSDHRATYXWRXIW-UHFFFAOYSA-N,5.872895201635192,False,S=C(Nc1ccccc1)N(Cc1ccccc1)Cc1ccccc1
CHEMBL3921555,CN1CCN(C/C=C/C(=O)Nc2cc3c(Nc4ccc(F)c(Cl)c4)ncnc3cn2)CC1,QSGIGRAFESHIBA-NSCUHMNNSA-N,7.721246399047171,True,O=C(/C=C/CN1CCNCC1)Nc1cc2c(Nc3ccccc3)ncnc2cn1
CHEMBL599047,O=C(Cn1sc2ccccc2c1=O)Nc1ccc2ncnc(Nc3cccc(Br)c3)c2c1,QSKTXQACKBOBKD-UHFFFAOYSA-N,9.070581074285707,True,O=C(Cn1sc2ccccc2c1=O)Nc1ccc2ncnc(Nc3ccccc3)c2c1
CHEMBL2029436,C=CC(=O)Nc1cccc(N2C(=O)N(c3ccccc3)Cc3cnc(Nc4ccc(N5CCN(C)CC5)cc4OC)nc32)c1,QSMLEYYCYZLPGW-UHFFFAOYSA-N,9.522878745280336,True,O=C1N(c2ccccc2)Cc2cnc(Nc3ccc(N4CCNCC4)cc3)nc2N1c1ccccc1
CHEMBL2333991,COc1cc2ncnc(Nc3cccc(-c4ccccc4)c3)c2cc1OC,QSNRYLKZJBIXOJ-UHFFFAOYSA-N,6.897223385116559,True,c1ccc(-c2cccc(Nc3ncnc4ccccc34)c2)cc1
CHEMBL4072986,S=C(Nc1ccc2ncnc(Nc3cccc(Cl)c3)c2c1)Nc1ncc(Cl)s1,QSOAFXAKXAVTQH-UHFFFAOYSA-N,6.920818753952375,True,S=C(Nc1ccc2ncnc(Nc3ccccc3)c2c1)Nc1nccs1
CHEMBL93173,COc1cc2ncnc(NCc3cccc(C)c3)c2cc1OC,QSPYRNNXWWNWNG-UHFFFAOYSA-N,6.769551078621726,True,c1ccc(CNc2ncnc3ccccc23)cc1
CHEMBL3971939,C=CC(=O)N1CCC(Oc2cc3c(Nc4cccc(C)c4)ncnc3cc2OC)CC1,QSSKFKCURYVBPD-UHFFFAOYSA-N,8.031517051446064,True,c1ccc(Nc2ncnc3ccc(OC4CCNCC4)cc23)cc1
CHEMBL542893,O=C(CCN1CCOCC1)c1ccc(OCc2ccccc2)cc1,QSTDXROSWSUWIL-UHFFFAOYSA-N,5.823908740944319,False,O=C(CCN1CCOCC1)c1ccc(OCc2ccccc2)cc1
CHEMBL165547,CN(CC(O)CO)c1cc2c(Nc3cccc(Br)c3)ncnc2cn1,QSUNZQDMCQHQDO-UHFFFAOYSA-N,9.2518119729938,True,c1ccc(Nc2ncnc3cnccc23)cc1
CHEMBL4084249,COc1ccc(-c2nnc(Cc3nc4ccccc4[nH]3)o2)cc1,QTCFUIHSDZEVMP-UHFFFAOYSA-N,7.008773924307505,True,c1ccc(-c2nnc(Cc3nc4ccccc4[nH]3)o2)cc1
CHEMBL3586177,O=C1N=C(N2CCCC2C(=O)Nc2ccc3ncnc(Nc4cccc(Cl)c4)c3c2)S/C1=C/c1cccc(Br)n1,QTDIMPXNGJZOMX-OEAKJJBVSA-N,5.508638306165727,False,O=C1N=C(N2CCCC2C(=O)Nc2ccc3ncnc(Nc4ccccc4)c3c2)S/C1=C/c1ccccn1
CHEMBL292648,N#CC(C#N)=C1CCCc2c(O)cccc21,QTIIRIGGCVGCBD-UHFFFAOYSA-N,2.920818753952375,False,C=C1CCCc2ccccc21
CHEMBL4066118,c1ccc2c(Cc3nnc(Cc4nc5ccccc5[nH]4)o3)cccc2c1,QTILXTTYIGTLDB-UHFFFAOYSA-N,5.2441251443275085,False,c1ccc2c(Cc3nnc(Cc4nc5ccccc5[nH]4)o3)cccc2c1
CHEMBL379093,Fc1cccc(COc2ccc(Nc3ncncc3C#Cc3ccccc3)cc2Cl)c1,QTJJFCPBQRQZAR-UHFFFAOYSA-N,7.102372908709558,True,C(#Cc1cncnc1Nc1ccc(OCc2ccccc2)cc1)c1ccccc1
CHEMBL2385991,Cc1ccc(NC(=O)c2ccc(CN3CCN(C)CC3)cc2)cc1C(=O)Nc1ccc(OCc2cccc(F)c2)c(Cl)c1,QTNCCBNVGSFFAJ-UHFFFAOYSA-N,6.221848749616356,False,O=C(Nc1cccc(C(=O)Nc2ccc(OCc3ccccc3)cc2)c1)c1ccc(CN2CCNCC2)cc1
CHEMBL434063,CN(CCOc1ccc(CC(Nc2ccccc2C(=O)c2ccccc2)C(=O)O)cc1)c1ccccn1,QTQMRBZOBKYXCG-UHFFFAOYSA-N,4.96273290543129,False,O=C(c1ccccc1)c1ccccc1NCCc1ccc(OCCNc2ccccn2)cc1
CHEMBL202556,O=C(C#CCN1CCOCC1)Nc1cc2c(Nc3ccc(F)c(Cl)c3)ncnc2cn1,QTRVZMFRXOALDJ-UHFFFAOYSA-N,8.508638306165727,True,O=C(C#CCN1CCOCC1)Nc1cc2c(Nc3ccccc3)ncnc2cn1
CHEMBL2347965,CC(=O)Nc1cccc(-c2c(-c3ccccc3)oc3ncnc(N[C@H](CO)c4ccccc4)c23)c1,QTVUEQZXBRDKNW-HSZRJFAPSA-N,6.661543506395395,True,c1ccc(CNc2ncnc3oc(-c4ccccc4)c(-c4ccccc4)c23)cc1
CHEMBL4092951,CNC(=S)Nc1ccc2ncnc(Nc3cccc(Br)c3)c2c1,QTZSYEFHGBRFQD-UHFFFAOYSA-N,8.040958607678906,True,c1ccc(Nc2ncnc3ccccc23)cc1
CHEMBL345641,O=C(Nc1ccccc1)c1c(SSc2[nH]c3ccccc3c2C(=O)Nc2ccccc2)[nH]c2ccccc12,QUFRAHTWCZTVHT-UHFFFAOYSA-N,4.0,False,O=C(Nc1ccccc1)c1c(SSc2[nH]c3ccccc3c2C(=O)Nc2ccccc2)[nH]c2ccccc12
CHEMBL1095131,Nc1nc(Nc2cccc(F)c2)c2cc(Cc3ccc(Cl)cc3Cl)[nH]c2n1,QUIDZUWCCTZDCX-UHFFFAOYSA-N,3.791558643561433,False,c1ccc(Cc2cc3c(Nc4ccccc4)ncnc3[nH]2)cc1
CHEMBL429827,Cc1ccn2ncnc(Nc3ccc4c(cnn4Cc4ccccc4)c3)c12,QUMXZLSLZVWESB-UHFFFAOYSA-N,7.0655015487564325,True,c1ccc(Cn2ncc3cc(Nc4ncnn5cccc45)ccc32)cc1
CHEMBL3736508,COC1CCN(c2nccc(Nc3cc4c(cn3)nc(C)n4C(C)C)n2)CC1,QUOQTGPAFKSIQB-UHFFFAOYSA-N,6.05453141486818,False,c1cc(Nc2cc3[nH]cnc3cn2)nc(N2CCCCC2)n1
CHEMBL1254364,Cc1ccccc1Cc1cc2c(Nc3cccc(Br)c3)nc(N)nc2n1C,QUYCCARCAMJDBA-UHFFFAOYSA-N,4.892790030352131,False,c1ccc(Cc2cc3c(Nc4ccccc4)ncnc3[nH]2)cc1
CHEMBL4094527,C=CC(=O)N1CCC[C@@H](n2ncc3c(N)ncnc32)C1,QVAUTZCJTDTZTJ-SECBINFHSA-N,5.6020599913279625,False,c1ncc2cnn([C@@H]3CCCNC3)c2n1
CHEMBL3759815,C[C@@H](Nc1ncnc2sc(-c3ccc(CO)cc3F)cc12)c1ccccc1,QVBAQXYZVJTSLC-CYBMUJFWSA-N,7.886056647693163,True,c1ccc(CNc2ncnc3sc(-c4ccccc4)cc23)cc1
CHEMBL1241776,CC(C)n1nc(-c2ccc3[nH]cnc(=O)c3c2)c2c(N)ncnc21,QVFCDPRQRUAFKS-UHFFFAOYSA-N,5.130768280269024,False,O=c1nc[nH]c2ccc(-c3n[nH]c4ncncc34)cc12
CHEMBL185853,Cc1ccc(Nc2ncnn3cccc23)cc1O,QVHFAUADDZADAN-UHFFFAOYSA-N,6.292429823902063,False,c1ccc(Nc2ncnn3cccc23)cc1
CHEMBL2047248,Nc1nc2c(c(Nc3cccc(Br)c3)n1)-c1ccccc1C2,QVKUVEHRSYCMGZ-UHFFFAOYSA-N,4.617982957425132,False,c1ccc(Nc2ncnc3c2-c2ccccc2C3)cc1
CHEMBL1683961,Cc1ncnc(Nc2ccc(OCc3cccc(F)c3)c(Cl)c2)c1C#CCCCN1CCOCC1,QVKVCKWOXKTLCP-UHFFFAOYSA-N,7.468521082957745,True,C(#Cc1cncnc1Nc1ccc(OCc2ccccc2)cc1)CCCN1CCOCC1
CHEMBL3752916,Cn1cnc(-c2cc(NC(=O)Nc3nccs3)cc(C(F)(F)F)c2)c1,QVLIRLCNXYKTNQ-UHFFFAOYSA-N,6.507574887223914,True,O=C(Nc1cccc(-c2c[nH]cn2)c1)Nc1nccs1
CHEMBL79064,N#CC(C#N)C(=O)c1ccc(O)cc1,QVNWVYWUJBWEDI-UHFFFAOYSA-N,3.638272163982407,False,c1ccccc1
CHEMBL398154,CCOc1cc2ncnc(NC3=CC(=O)C(OCc4ccccn4)=CC3=O)c2cc1NC(=O)/C=C/CN(C)C,QVVKYQOIYUSEGU-VQHVLOKHSA-N,7.041914151478915,True,O=C1C=C(OCc2ccccn2)C(=O)C=C1Nc1ncnc2ccccc12
CHEMBL346553,COC(=O)c1ccc(C(=O)c2c(SSc3c(C(=O)c4ccc(C(=O)OC)cc4)c4ccccc4n3C)n(C)c3ccccc23)cc1,QVVWIAHPRDHWQD-UHFFFAOYSA-N,5.214670164989233,False,O=C(c1ccccc1)c1c(SSc2[nH]c3ccccc3c2C(=O)c2ccccc2)[nH]c2ccccc12
CHEMBL308645,C=c1cc(CCC(=O)O)[nH]c1=Cc1c(O)[nH]c2ncnc(Nc3ccc(F)c(Cl)c3)c12,QVYSWBVBGTVNHR-UHFFFAOYSA-N,8.327902142064282,True,C=c1cc[nH]c1=Cc1c[nH]c2ncnc(Nc3ccccc3)c12
CHEMBL3894102,Nc1ncnc2c1c(-c1ccc(Oc3ccccc3)cc1)nn2[C@H]1CC[C@@H](NC(=O)/C=C/CN2CCOCC2)CC1,QWEKIGQOBHAQDZ-WWBGYUKBSA-N,6.563996464330104,True,O=C(/C=C/CN1CCOCC1)N[C@H]1CC[C@@H](n2nc(-c3ccc(Oc4ccccc4)cc3)c3cncnc32)CC1
CHEMBL2031310,C=CC(=O)Nc1cc2c(Nc3ccc(OCc4ccccn4)c(Cl)c3)c(C#N)cnc2cc1OCC,QWGBPZPZQJJAMU-UHFFFAOYSA-N,7.294992040666663,True,c1ccc(COc2ccc(Nc3ccnc4ccccc34)cc2)nc1
CHEMBL3671577,C=CC(=O)Nc1cc2c(Nc3ccc(Br)cc3F)ncnc2cc1OCCNC(=O)CN1CC=CC1,QWIUMUFIKLQVQM-UHFFFAOYSA-N,7.494850021680094,True,O=C(CN1CC=CC1)NCCOc1ccc2c(Nc3ccccc3)ncnc2c1
CHEMBL211003,CNC(=O)C(C)N(C)Cc1cc2c(Nc3cccc(Cl)c3F)ncnc2cc1OC,QWNVYGCSKJLQIT-UHFFFAOYSA-N,7.522878745280337,True,c1ccc(Nc2ncnc3ccccc23)cc1
CHEMBL2426377,COc1ccc(NC(=O)/C=C/CN(C)C)cc1Nc1ncc(C)c(-c2cnn3ccccc23)n1,QWVDOEJGSQMFKO-VQHVLOKHSA-N,4.619788758288394,False,c1ccc(Nc2nccc(-c3cnn4ccccc34)n2)cc1
CHEMBL3805775,COCC(C)Oc1cc2ncnc(Nc3ccc(F)c(Cl)c3)c2c2c1OCCO2,QXBBWXNHVHJSBC-UHFFFAOYSA-N,6.606951533583222,True,c1ccc(Nc2ncnc3ccc4c(c23)OCCO4)cc1
CHEMBL3759356,C[C@@H](Nc1ncnc2sc(-c3cccc(C(=O)O)c3)cc12)c1ccccc1,QXBIJLLPORMKGP-CYBMUJFWSA-N,8.096910013008056,True,c1ccc(CNc2ncnc3sc(-c4ccccc4)cc23)cc1
CHEMBL3040597,CS(=O)(=O)NCCNCc1ccc(-c2ccc3ncnc(Nc4ccc(OCc5cccc(F)c5)c(Cl)c4)c3c2)o1,QXBRLYYVUXFWHN-UHFFFAOYSA-N,7.768353689499302,True,c1ccc(COc2ccc(Nc3ncnc4ccc(-c5ccco5)cc34)cc2)cc1
CHEMBL2426278,C=CC(=O)Nc1cc(Nc2ncc(Cl)c(-c3c[nH]c4ccccc34)n2)c(OC)cc1N1CCN(C)CC1,QXHOCHWKUSXBGX-UHFFFAOYSA-N,6.113509274827518,False,c1ccc2c(-c3ccnc(Nc4ccc(N5CCNCC5)cc4)n3)c[nH]c2c1
CHEMBL472544,Nc1ncnc(Nc2ccc(OCc3ccccc3)c(Cl)c2)c1C(=O)NNC(=O)CCN1CCOCC1,QXIJLZUHVBQWAZ-UHFFFAOYSA-N,6.207608310501746,False,O=C(CCN1CCOCC1)NNC(=O)c1cncnc1Nc1ccc(OCc2ccccc2)cc1
CHEMBL4062877,Cc1[nH]nc2ccc(-c3cc(N[C@@H](CO)c4ccccc4)cnc3-c3cc(F)ccc3O)cc12,QXIOZIFTPMAING-VWLOTQADSA-N,8.327902142064282,True,c1ccc(CNc2cnc(-c3ccccc3)c(-c3ccc4n[nH]cc4c3)c2)cc1
CHEMBL3961202,C=CC(=O)N(C)c1cccc(-n2c(NC(=O)c3cccc(C(F)(F)F)c3)nc3cc(C)ccc32)c1,QXTXQNKGIMCCDI-UHFFFAOYSA-N,4.651500429716163,False,O=C(Nc1nc2ccccc2n1-c1ccccc1)c1ccccc1
CHEMBL92985,Fc1cccc(Nc2ncnc3ccccc23)c1,QXULSIJDISMUNF-UHFFFAOYSA-N,7.251811972993799,True,c1ccc(Nc2ncnc3ccccc23)cc1
CHEMBL1082012,Cc1c(C(=O)NCCN2CCN(C)CC2)[nH]c2cnnc(Nc3ccc(OCc4cccc(F)c4)c(Cl)c3)c12,QXWHKOZXCRDBND-UHFFFAOYSA-N,6.590066876668706,True,O=C(NCCN1CCNCC1)c1cc2c(Nc3ccc(OCc4ccccc4)cc3)nncc2[nH]1
CHEMBL2031299,O=C(CCN1CCOCC1)Nc1ccc2ncnc(Nc3cccc(Br)c3)c2c1,QXXYOYCCHAEKLL-UHFFFAOYSA-N,9.292429823902063,True,O=C(CCN1CCOCC1)Nc1ccc2ncnc(Nc3ccccc3)c2c1
CHEMBL56142,COc1cc2ncnc(Nc3ccc(F)c(Cl)c3)c2cc1OCCN1CCCCC1,QXZNYTGAAOAYAM-UHFFFAOYSA-N,7.008773924307505,True,c1ccc(Nc2ncnc3ccc(OCCN4CCCCC4)cc23)cc1
CHEMBL3775046,O=C1COc2cc3ncnc(Nc4ccc(F)c(Cl)c4)c3cc2N1CCCN1CCCCC1,QYARHCHQXFUEMO-UHFFFAOYSA-N,6.860435733824151,True,O=C1COc2cc3ncnc(Nc4ccccc4)c3cc2N1CCCN1CCCCC1
CHEMBL3943512,CCC(=O)Nc1cc2c(Nc3ccc(Oc4ccccc4)cc3)ncnc2cc1OC,QYBXJSPKRPAHQB-UHFFFAOYSA-N,7.187086643357144,True,c1ccc(Oc2ccc(Nc3ncnc4ccccc34)cc2)cc1
CHEMBL4082000,C=CC(=O)Nc1cc(Nc2[nH]nc3cc(-c4cccc(C(F)(F)F)c4)ccc23)c(OC)cc1N(C)CCN(C)C,QYIXKZSSLXPWRL-UHFFFAOYSA-N,7.42021640338319,True,c1ccc(Nc2[nH]nc3cc(-c4ccccc4)ccc23)cc1
CHEMBL3233781,CN(C)CCCN(C)C/C=C/C(=O)Nc1cc2c(Nc3ccc(F)c(Cl)c3)ncnc2s1,QYLCQESZNMYESM-GQCTYLIASA-N,7.031517051446065,True,c1ccc(Nc2ncnc3sccc23)cc1
CHEMBL1242285,CC(C)n1nc(-c2cc(O)cc(Br)c2)c2c(N)ncnc21,QYPSALIXKCRYNZ-UHFFFAOYSA-N,6.603800652904264,True,c1ccc(-c2n[nH]c3ncncc23)cc1
CHEMBL583403,CC=C1C(=NC(=O)OC[C@@H]2COCCN2)NC2N=CN=C(Nc3ccc4c(cnn4Cc4cccc(F)c4)c3)C12,QYQXYEKUPMXFCF-VVJOPDHISA-N,7.638272163982407,True,C=C1C(=NC(=O)OC[C@@H]2COCCN2)NC2N=CN=C(Nc3ccc4c(cnn4Cc4ccccc4)c3)C12
CHEMBL3612575,C#Cc1cccc(Nc2ncnc3cc4oc(=O)n(CCCC(=O)OCC)c4cc23)c1,QYUDBDKAQJSQRV-UHFFFAOYSA-N,5.2441251443275085,False,O=c1[nH]c2cc3c(Nc4ccccc4)ncnc3cc2o1
CHEMBL78700,Cc1cc2cc(Nc3ccnc4cc(-c5ccc(CNCCCO)cc5)sc34)ccc2[nH]1,QYULUQACUCDZHT-UHFFFAOYSA-N,6.301029995663981,True,c1ccc(-c2cc3nccc(Nc4ccc5[nH]ccc5c4)c3s2)cc1
CHEMBL3676387,C=CC(=O)Nc1cc2c(Nc3ccc(Br)cc3F)ncnc2cc1OCC1CCN(C(=O)NCC)CC1,QYXDMOYCHRRSMH-UHFFFAOYSA-N,7.698970004336019,True,c1ccc(Nc2ncnc3cc(OCC4CCNCC4)ccc23)cc1
CHEMBL3604920,C=CC(=O)Nc1ccccc1Oc1nc(Nc2cc(C)[nH]n2)cc(N2CCN(C)CC2)n1,QYZCKEQZGXBBSX-UHFFFAOYSA-N,6.045757490560675,False,c1ccc(Oc2nc(Nc3cc[nH]n3)cc(N3CCNCC3)n2)cc1
CHEMBL428039,CCOc1cc2ncnc(NC3=CC(=O)C(OC)=CC3=O)c2cc1NC(=O)/C=C/CN(C)C,QYZCYYQLUANKGJ-VOTSOKGWSA-N,6.097290187030123,False,O=C1C=CC(=O)C(Nc2ncnc3ccccc23)=C1
CHEMBL3739771,C#Cc1cccc(Nc2ncnc3cc(OCCOC(=O)Cc4c(C)n(C(=O)c5ccc(Cl)cc5)c5ccc(OC)cc45)c(OCCOC(=O)Cc4c(C)n(C(=O)c5ccc(Cl)cc5)c5ccc(OC)cc45)cc23)c1,QZCVZUVEJDKHSK-UHFFFAOYSA-N,7.481486060122112,True,O=C(Cc1cn(C(=O)c2ccccc2)c2ccccc12)OCCOc1cc2ncnc(Nc3ccccc3)c2cc1OCCOC(=O)Cc1cn(C(=O)c2ccccc2)c2ccccc12
CHEMBL3962032,CCC(=O)Nc1cc2c(Nc3ccc4c(ccn4CC(C)C)c3)ncnc2cc1OC,QZDUIPPQFKHLHS-UHFFFAOYSA-N,6.375717904164332,True,c1ccc2c(Nc3ccc4[nH]ccc4c3)ncnc2c1
CHEMBL4078023,Cc1nc(C)c(C=C2CN(C)CC(=Cc3nc(C)c(C)nc3C)C2=NO)nc1C,QZGVQWZHOUQPHG-UHFFFAOYSA-N,7.698970004336019,True,N=C1C(=Cc2cnccn2)CNCC1=Cc1cnccn1
CHEMBL1683964,Cc1ncnc(Nc2ccc(OCc3cccc(F)c3)c(Cl)c2)c1C=Cc1ccc(CN2CCOCC2)cc1,QZLWDYINRJTWPO-UHFFFAOYSA-N,6.920818753952375,True,C(=Cc1cncnc1Nc1ccc(OCc2ccccc2)cc1)c1ccc(CN2CCOCC2)cc1
CHEMBL3234737,Cc1ccc(C(=O)Nc2ccc(CN3CCN(C)CC3)c(C(F)(F)F)c2)cc1NC(=O)c1ccccn1,QZQHIZMWLSSLTB-UHFFFAOYSA-N,6.2403321553103694,False,O=C(Nc1ccc(CN2CCNCC2)cc1)c1cccc(NC(=O)c2ccccn2)c1
CHEMBL4208167,COc1cc(N2CCN(C)CC2)ccc1Nc1ncc(Cl)c(Oc2ccc([N+](=O)[O-])cc2)n1,QZQYYIFCMYVDJU-UHFFFAOYSA-N,5.028724151261895,False,c1ccc(Oc2ccnc(Nc3ccc(N4CCNCC4)cc3)n2)cc1
CHEMBL166307,CN1CCN(NCCCNc2cc3c(Nc4cccc(Br)c4)ncnc3cn2)CC1,QZUOQDCANBALJY-UHFFFAOYSA-N,8.4089353929735,True,c1ccc(Nc2ncnc3cnc(NCCCNN4CCNCC4)cc23)cc1
CHEMBL4290355,COc1ccc(-c2nc3sc(-c4ccccc4)cn3n2)cc1,QZWBQEOVXIFHNC-UHFFFAOYSA-N,5.251811972993799,False,c1ccc(-c2nc3sc(-c4ccccc4)cn3n2)cc1
CHEMBL3910915,C=CC(=O)N1CCC(Oc2cc3c(Nc4ccc(Br)c(C)c4)ncnc3cc2OC)CC1,QZWJEZPKWFMCFH-UHFFFAOYSA-N,8.119186407719209,True,c1ccc(Nc2ncnc3ccc(OC4CCNCC4)cc23)cc1
CHEMBL2424799,CSCCCNc1ccc2ncnc(Nc3cccc(Cl)c3)c2c1,RAAGRRXTDVCVCJ-UHFFFAOYSA-N,5.292429823902063,False,c1ccc(Nc2ncnc3ccccc23)cc1
CHEMBL3746212,CC(=O)N1N=C(c2ccc(Br)cc2)CC1c1ccc(C(=O)OCCn2c([N+](=O)[O-])cnc2C)cc1,RACDIYVVIGQFAY-UHFFFAOYSA-N,5.384049948343598,False,O=C(OCCn1ccnc1)c1ccc(C2CC(c3ccccc3)=NN2)cc1
CHEMBL2064391,CC(=O)c1cccc(Nc2ncnc3cc4oc(=O)n(CCCN5CCOCC5)c4cc23)c1,RAEOEBBAAKUVNC-UHFFFAOYSA-N,5.167491087293763,False,O=c1oc2cc3ncnc(Nc4ccccc4)c3cc2n1CCCN1CCOCC1
CHEMBL1683975,Cc1ncnc(Nc2ccc(OCc3cccc(F)c3)c(Cl)c2)c1C#CCCNCc1ccccc1,RAFDIVJEOBJAIO-UHFFFAOYSA-N,6.568636235841012,True,C(#Cc1cncnc1Nc1ccc(OCc2ccccc2)cc1)CCNCc1ccccc1
CHEMBL3968784,C=CC(=O)N1CC[C@H](Oc2cc3c(Nc4ccc(Cl)c(Cl)c4F)ncnc3cc2OC)C1,RAHSHQQWQIMPOG-LBPRGKRZSA-N,8.154901959985743,True,c1ccc(Nc2ncnc3ccc(O[C@H]4CCNC4)cc23)cc1
CHEMBL113996,COc1cc2ncc(C#N)c(Nc3ccc(F)c(Cl)c3)c2cc1NC(=O)/C=C/CN1CCOCC1,RAKHHLWOXRVOCS-NSCUHMNNSA-N,4.867420152340263,False,O=C(/C=C/CN1CCOCC1)Nc1ccc2nccc(Nc3ccccc3)c2c1
CHEMBL474431,CS(=O)(=O)CCNCc1cc(-c2cc3ncnc(Nc4ccc(OCc5cccc(F)c5)c(Cl)c4)c3s2)cs1,RAKHTNLGXMUAQG-UHFFFAOYSA-N,8.522878745280337,True,c1ccc(COc2ccc(Nc3ncnc4cc(-c5ccsc5)sc34)cc2)cc1
CHEMBL342792,COc1cc(/C=C(\C#N)S(=O)(=O)/C(C#N)=C/c2cc(O)c(O)c(OC)c2)cc(O)c1O,RALUAQCUICRVFY-NPJRDEIVSA-N,6.026872146400301,False,O=S(=O)(C=Cc1ccccc1)/C=C/c1ccccc1
CHEMBL3805508,c1ccc(COc2cccc(C3CC(c4ccc5c(c4)OCCO5)=NN3c3ccccc3)c2)cc1,RAOLORXQSSGBAC-UHFFFAOYSA-N,5.101274818410507,False,c1ccc(COc2cccc(C3CC(c4ccc5c(c4)OCCO5)=NN3c3ccccc3)c2)cc1
CHEMBL15202,COc1ccc2ncnc(Nc3ccc(OCc4ccccc4)cc3)c2c1,RARTTYYZTRKYDS-UHFFFAOYSA-N,7.167491087293763,True,c1ccc(COc2ccc(Nc3ncnc4ccccc34)cc2)cc1
CHEMBL4078801,CCC(=O)N1CC[C@H](N2C(=O)N(c3cccc(OC)c3F)Cc3cnc(Nc4ccc(N5CCN(C)CC5)c(C)c4)nc32)C1,RASMRPARPWDHRL-DEOSSOPVSA-N,6.375717904164332,True,O=C1N(c2ccccc2)Cc2cnc(Nc3ccc(N4CCNCC4)cc3)nc2N1[C@H]1CCNC1
CHEMBL3741655,Cc1[nH]c(-c2ccccc2)c(-c2ccccc2)c1-c1nnc(C)c2nn(-c3ccc(Cl)cc3)cc12,RAWATNKHBZVOJZ-UHFFFAOYSA-N,5.5934598195660445,False,c1ccc(-c2[nH]cc(-c3nncc4nn(-c5ccccc5)cc34)c2-c2ccccc2)cc1
CHEMBL3797839,CC(=O)c1ccc(NC(=O)c2cc3ccccc3[nH]2)cc1,RAYBDIRNWWZVBG-UHFFFAOYSA-N,4.301029995663981,False,O=C(Nc1ccccc1)c1cc2ccccc2[nH]1
CHEMBL4075015,C=CC(=O)N1CCC[C@@H](n2nc(-c3ccc(N(C)C)c4ccccc34)c3c(N)ncnc32)C1,RAYWUYNIGKKYMD-MRXNPFEDSA-N,6.568636235841012,True,c1ccc2c(-c3nn([C@@H]4CCCNC4)c4ncncc34)cccc2c1
CHEMBL3133912,C=CC(=O)Nc1ccc2ncnc(Nc3ccc(S(=O)(=O)Nc4nccs4)cc3)c2c1,RBCHXTTVPXLCIA-UHFFFAOYSA-N,4.359518563029578,False,O=S(=O)(Nc1nccs1)c1ccc(Nc2ncnc3ccccc23)cc1
CHEMBL2425092,COc1cc2ncnc(Nc3ccc(F)c(Cl)c3)c2cc1OCCCN1CC2(COC2)C1,RBNCDKJSVBUSHW-UHFFFAOYSA-N,7.251811972993799,True,c1ccc(Nc2ncnc3ccc(OCCCN4CC5(COC5)C4)cc23)cc1
CHEMBL567873,CC=C1C(=NC(=O)OC[C@@H]2COCCN2)NC2N=CN=C(Nc3ccc4c(cnn4Cc4ccccc4)c3)C12,RBTWAHILIITYGP-VVJOPDHISA-N,7.481486060122112,True,C=C1C(=NC(=O)OC[C@@H]2COCCN2)NC2N=CN=C(Nc3ccc4c(cnn4Cc4ccccc4)c3)C12
CHEMBL109631,Cn1c(=O)c(-c2c(Cl)cccc2Cl)cc2cnc(Nc3cccc(C(=O)O)c3)nc21,RBURTLAMOSHNGX-UHFFFAOYSA-N,6.721246399047171,True,O=c1[nH]c2nc(Nc3ccccc3)ncc2cc1-c1ccccc1
CHEMBL3671526,C=CC(=O)Nc1cc2c(Nc3ccc(Br)cc3F)ncnc2cc1OCCNC(=O)/C=C/CN(C)C,RBVDARIRGNJNFG-AATRIKPKSA-N,7.795880017344075,True,c1ccc(Nc2ncnc3ccccc23)cc1
CHEMBL2048903,OCCn1ccc2ncnc(Nc3ccc(Oc4cccc5[nH]ncc45)c(Cl)c3)c21,RBVREWVCSCUBOY-UHFFFAOYSA-N,8.721246399047171,True,c1cc(Oc2ccc(Nc3ncnc4cc[nH]c34)cc2)c2cn[nH]c2c1
CHEMBL4164936,NS(=O)(=O)c1ccc(-n2c(SCC(=O)Nc3cc(Cl)c(Cl)cc3Cl)nc3cc4ccccc4cc3c2=O)cc1,RCAPTXCVXVNKPS-UHFFFAOYSA-N,6.619788758288394,True,O=C(CSc1nc2cc3ccccc3cc2c(=O)n1-c1ccccc1)Nc1ccccc1
CHEMBL3754301,Cn1cnc(-c2cc(NC(=O)Nc3ccncc3)cc(C(F)(F)F)c2)c1,RCBOFGVMJMAYFN-UHFFFAOYSA-N,6.780939667551139,True,O=C(Nc1ccncc1)Nc1cccc(-c2c[nH]cn2)c1
CHEMBL327307,COc1cc2ncnc(Nc3ccc(Br)c(Br)c3)c2cc1OC,RCDYQKFTBRQJIS-UHFFFAOYSA-N,10.142667503568733,True,c1ccc(Nc2ncnc3ccccc23)cc1
CHEMBL3922182,C=CC(=O)N1CC[C@H](Oc2cc3c(Nc4ccc(OCc5ccccn5)c(Cl)c4)ncnc3cc2OC)C1,RCIHONXVAMXMHQ-FQEVSTJZSA-N,8.301029995663981,True,c1ccc(COc2ccc(Nc3ncnc4ccc(O[C@H]5CCNC5)cc34)cc2)nc1
CHEMBL474324,COCCOc1cc2ncnc(-c3c[nH]c4cc(F)c(Cl)cc34)c2cc1OCCOC,RCJMJDAEVZYXLD-UHFFFAOYSA-N,6.326058001365912,True,c1ccc2c(-c3c[nH]c4ccccc34)ncnc2c1
CHEMBL295961,CNc1ccc2cncnc2c1,RCKARIZPXGPJSH-UHFFFAOYSA-N,8.397940008672037,True,c1ccc2ncncc2c1
CHEMBL1812434,O=C(/C=C/c1ccccc1Br)Nc1ccc2ncnc(Nc3cccc(Br)c3)c2c1,RCKUPYHQCFJMHW-DHZHZOJOSA-N,5.368556230986828,False,O=C(/C=C/c1ccccc1)Nc1ccc2ncnc(Nc3ccccc3)c2c1
CHEMBL3674152,COc1cc(C(=O)NN2CCN(C)CC2)ccc1Nc1ncc2nc(Nc3ccccc3)n(C(C)C)c2n1,RCODRVRIPGNRTG-UHFFFAOYSA-N,8.154901959985743,True,O=C(NN1CCNCC1)c1ccc(Nc2ncc3nc(Nc4ccccc4)[nH]c3n2)cc1
CHEMBL342828,O=C(/C=C/C(=O)Nc1cc2c(Nc3cccc(Br)c3)ncnc2cn1)NCCCn1ccnc1,RCQQOUGGIYVAKT-AATRIKPKSA-N,7.853871964321762,True,O=C(/C=C/C(=O)Nc1cc2c(Nc3ccccc3)ncnc2cn1)NCCCn1ccnc1
CHEMBL3901943,C=CC(=O)N1CCCCC(n2c(NC(=O)c3cccc(C(F)(F)F)c3)nc3cc(C)ccc32)C1,RCSCITPXZCYWJL-UHFFFAOYSA-N,6.080921907623926,False,O=C(Nc1nc2ccccc2n1C1CCCCNC1)c1ccccc1
CHEMBL524457,Nc1ncnc(Nc2ccc3c(cnn3Cc3cccc(F)c3)c2)c1C=NN1CCCCC1,RCUSFXIASRCUQJ-UHFFFAOYSA-N,7.522878745280337,True,C(=NN1CCCCC1)c1cncnc1Nc1ccc2c(cnn2Cc2ccccc2)c1
CHEMBL2029698,C=C(NN=Cc1c[nH]nc1-c1ccccc1)[C@H](C)Cc1ccccc1,RCVYWSLFNFGKPE-MRXNPFEDSA-N,4.575118363368933,False,C=C(CCc1ccccc1)NN=Cc1c[nH]nc1-c1ccccc1
CHEMBL4210550,COc1ccc(-c2c3c4cc(O)c(OCCCN(C)C)cc4oc(=O)c3n3ccc4cc(O)c(OC)cc4c23)cc1O,RCWAUFSPZKGKEY-UHFFFAOYSA-N,7.083019952679618,True,O=c1oc2ccccc2c2c(-c3ccccc3)c3c4ccccc4ccn3c12
CHEMBL419409,COc1ccc(C#CC(C)(C)N)cc1C(=O)c1ccc(Nc2ccc(F)cc2F)cc1,RCXVRYYLBZGIFP-UHFFFAOYSA-N,5.055517327849831,False,O=C(c1ccccc1)c1ccc(Nc2ccccc2)cc1
CHEMBL3085375,COc1cc2ncnc(C#C[C@@](C)(Cc3ccccc3)N3CCC(C(=O)O)CC3)c2cc1OC,RDFKVDKCEUPXBU-MHZLTWQESA-N,7.481486060122112,True,C(#CC(Cc1ccccc1)N1CCCCC1)c1ncnc2ccccc12
CHEMBL2325105,NC(=S)N1N=C(c2ccc(Br)cc2)CC1c1cccc2ccccc12,RDNWDRUSXRDQOG-UHFFFAOYSA-N,5.245651664288982,False,c1ccc(C2=NNC(c3cccc4ccccc34)C2)cc1
CHEMBL60472,COc1ccc2c(C(=O)Nc3ccccc3)c(SSc3c(C(=O)Nc4ccccc4)c4ccc(OC)cc4n3C)n(C)c2c1,RDOOVEMEWGTJTD-UHFFFAOYSA-N,5.443697499232712,False,O=C(Nc1ccccc1)c1c(SSc2[nH]c3ccccc3c2C(=O)Nc2ccccc2)[nH]c2ccccc12
CHEMBL186580,COc1cc2ncnc(Nc3cc(NC(=O)c4ccccc4)c(F)cc3F)c2cc1OC,RDRNBLXUDTUCRQ-UHFFFAOYSA-N,6.309803919971486,True,O=C(Nc1cccc(Nc2ncnc3ccccc23)c1)c1ccccc1
CHEMBL310827,Cc1c[nH]c2ccc(Nc3ncnc4cc(-c5ccccc5)sc34)cc12,RDSINGBRTMDIHM-UHFFFAOYSA-N,8.301029995663981,True,c1ccc(-c2cc3ncnc(Nc4ccc5[nH]ccc5c4)c3s2)cc1
CHEMBL3740907,C/C(=N\Nc1ncc(Cl)c(Nc2cccc(NC(=O)/C=C/CN(C)C)c2)n1)c1ccc(F)cc1F,RDSWLPZCLDNNGF-GDOKVMMWSA-N,6.142667503568731,False,C(=NNc1nccc(Nc2ccccc2)n1)c1ccccc1
CHEMBL3360605,COc1cc2c(Nc3ccc(F)c(Cl)c3)ncnc2cc1OCCCCCCn1ccnc1[N+](=O)[O-],RDZPGHUQXAWIOQ-UHFFFAOYSA-N,8.84163750790475,True,c1ccc(Nc2ncnc3cc(OCCCCCCn4ccnc4)ccc23)cc1
CHEMBL50,O=c1c(O)c(-c2ccc(O)c(O)c2)oc2cc(O)cc(O)c12,REFJWTPEDVJJIY-UHFFFAOYSA-N,6.045757490560675,False,O=c1cc(-c2ccccc2)oc2ccccc12
CHEMBL3088222,Cc1ncc([N+](=O)[O-])n1C/C(=N/NC(=O)c1ccccc1O)c1ccc(Br)cc1,REGSBTZPYLTYEF-JWGURIENSA-N,5.58838029403677,False,O=C(N/N=C(/Cn1ccnc1)c1ccccc1)c1ccccc1
CHEMBL501256,Nc1ncnc2c1ncn2CC(=O)c1cccnc1,REGWEYNSZPBUMQ-UHFFFAOYSA-N,4.031517051446065,False,O=C(Cn1cnc2cncnc21)c1cccnc1
CHEMBL4062178,Cc1cc(Nc2ncc3c(n2)N([C@H]2CCN(C(=O)CO)C2)C(=O)N(c2ccccc2Cl)C3)ccc1N1CCN(C)CC1,REHVINSVSMZXOT-QHCPKHFHSA-N,8.154901959985743,True,O=C1N(c2ccccc2)Cc2cnc(Nc3ccc(N4CCNCC4)cc3)nc2N1[C@H]1CCNC1
CHEMBL4215164,COc1cc(N2CCN(C)CC2)ccc1Nc1ncc(Cl)c(Oc2cccc(NC(=O)CCO)c2)n1,REJGYEAFJGXQCJ-UHFFFAOYSA-N,5.798602875679549,False,c1ccc(Oc2ccnc(Nc3ccc(N4CCNCC4)cc3)n2)cc1
CHEMBL3344215,CS(=O)(=O)C[C@@H](N)c1ccc(-c2ccc3ncnc(Nc4ccc(OCc5cccc(F)c5)c(Cl)c4)c3c2)o1,RENFOOCUNGUUHO-HSZRJFAPSA-N,7.966576244513051,True,c1ccc(COc2ccc(Nc3ncnc4ccc(-c5ccco5)cc34)cc2)cc1
CHEMBL3344220,CS(=O)(=O)C[C@H](N)c1ccc(-c2ccc3ncnc(Nc4ccc(OCc5cccc(F)c5)c(Cl)c4)c3c2)o1,RENFOOCUNGUUHO-QHCPKHFHSA-N,7.8696662315049934,True,c1ccc(COc2ccc(Nc3ncnc4ccc(-c5ccco5)cc34)cc2)cc1
CHEMBL3344209,CS(=O)(=O)CC(N)c1ccc(-c2ccc3ncnc(Nc4ccc(OCc5cccc(F)c5)c(Cl)c4)c3c2)o1,RENFOOCUNGUUHO-UHFFFAOYSA-N,7.75448733218585,True,c1ccc(COc2ccc(Nc3ncnc4ccc(-c5ccco5)cc34)cc2)cc1
CHEMBL4104950,COc1cc2ncnc(Nc3ccc(OCc4cccc(F)c4)c(Cl)c3)c2cc1OCCCOP(N)(=O)N(CCCl)CCCl,RESZILDIQVNANF-UHFFFAOYSA-N,7.657577319177793,True,c1ccc(COc2ccc(Nc3ncnc4ccccc34)cc2)cc1
CHEMBL3233762,CN(C)CCN(C)CC(=O)Nc1cc2c(Nc3ccc(F)c(Cl)c3)ncnc2s1,REVIIPLYMPLAKU-UHFFFAOYSA-N,5.36794783329419,False,c1ccc(Nc2ncnc3sccc23)cc1
CHEMBL3671519,C=CC(=O)Nc1cc2c(Nc3ccc(Br)cc3F)ncnc2cc1OCCNC(=O)CSC,RFLCMWQKNNQDPU-UHFFFAOYSA-N,7.4089353929735005,True,c1ccc(Nc2ncnc3ccccc23)cc1
CHEMBL3612596,CCOC(=O)CCCn1c(=O)oc2cc3ncnc(Nc4ccc(OC(C)C)cc4)c3cc21,RFSWRECRAQFFST-UHFFFAOYSA-N,6.795880017344075,True,O=c1[nH]c2cc3c(Nc4ccccc4)ncnc3cc2o1
CHEMBL3357645,O=C(Nc1cc2c(Nc3ccc(F)c(Cl)c3)ncnc2cc1O[C@H]1CCOC1)/C(F)=C/CN1CCCCC1,RFXHNJBBKBSDIB-GRKMDYAMSA-N,7.785156151952302,True,O=C(/C=C/CN1CCCCC1)Nc1cc2c(Nc3ccccc3)ncnc2cc1O[C@H]1CCOC1
CHEMBL3357646,O=C(Nc1cc2c(Nc3ccc(F)c(Cl)c3)ncnc2cc1O[C@H]1CCOC1)/C(F)=C\CN1CCCCC1,RFXHNJBBKBSDIB-YBHWRHNVSA-N,8.593459819566045,True,O=C(/C=C\CN1CCCCC1)Nc1cc2c(Nc3ccccc3)ncnc2cc1O[C@H]1CCOC1
CHEMBL308593,Cc1[nH]c2ncnc(Nc3cccc(Cl)c3)c2c1-c1ccccc1,RFZCRPOSLBJMCF-UHFFFAOYSA-N,6.638272163982407,True,c1ccc(Nc2ncnc3[nH]cc(-c4ccccc4)c23)cc1
CHEMBL3353405,C=CC(=O)Nc1cc(Nc2ncc(Cl)c(-c3cnn4ccccc34)n2)c(OC)cc1N1CC(N(C)C)C1,RFZOHHKCEHQQBE-UHFFFAOYSA-N,5.3979400086720375,False,c1ccn2ncc(-c3ccnc(Nc4ccc(N5CCC5)cc4)n3)c2c1
CHEMBL3133896,C=CC(=O)N1CCc2c(sc3ncnc(Nc4ccc(Br)cc4F)c23)C1,RFZUJPCONIQJEF-UHFFFAOYSA-N,5.430626090384954,False,c1ccc(Nc2ncnc3sc4c(c23)CCNC4)cc1
CHEMBL1812559,O=C(/C=C/c1ccc([N+](=O)[O-])cc1)Nc1ccc2ncnc(Nc3cccc(Br)c3)c2c1,RGEWUMWJBBATJD-IZZDOVSWSA-N,5.287350298372789,False,O=C(/C=C/c1ccccc1)Nc1ccc2ncnc(Nc3ccccc3)c2c1
CHEMBL3217993,Nc1ccccc1NC(=O)c1ccc(COc2ccc3ncnc(Nc4cccc(Br)c4)c3c2)cc1,RGIXMSXCHQWNPC-UHFFFAOYSA-N,7.481486060122112,True,O=C(Nc1ccccc1)c1ccc(COc2ccc3ncnc(Nc4ccccc4)c3c2)cc1
CHEMBL450786,C=c1c(C(=O)N2CCC[C@@H]2CN2CCCC2)c(C)[nH]c1=Cc1c(O)[nH]c2ccc(S(=O)(=O)Cc3c(Cl)cccc3Cl)cc12,RGKJUXUCXBXHFO-OAQYLSRUSA-N,5.42021640338319,False,C=c1c(C(=O)N2CCC[C@@H]2CN2CCCC2)c[nH]c1=Cc1c[nH]c2ccc(S(=O)(=O)Cc3ccccc3)cc12
CHEMBL328691,COC(=O)Nc1ccc2ncnc(Nc3cccc(Br)c3)c2c1,RGKYDFXVADGYLB-UHFFFAOYSA-N,7.920818753952375,True,c1ccc(Nc2ncnc3ccccc23)cc1
CHEMBL3906330,O=C(CBr)OCCn1c(=O)oc2cc3ncnc(Nc4ccc(F)c(F)c4)c3cc21,RGPPENXNCJVEBN-UHFFFAOYSA-N,6.522878745280337,True,O=c1[nH]c2cc3c(Nc4ccccc4)ncnc3cc2o1
CHEMBL2324870,NC(=S)N1N=C(c2ccc(Cl)cc2)CC1c1ccc2ccccc2c1,RGUNUECSTMHJBW-UHFFFAOYSA-N,6.275724130399211,False,c1ccc(C2=NNC(c3ccc4ccccc4c3)C2)cc1
CHEMBL179451,ClCCNc1ccc2ncnc(Nc3cccc(Cl)c3)c2c1,RGZBNUZXRSSFQM-UHFFFAOYSA-N,7.585026652029182,True,c1ccc(Nc2ncnc3ccccc23)cc1
CHEMBL3633152,C=CC(=O)Nc1cccc(-n2c(=O)cc(C)c3cnc(Nc4ccc(OCCN(C)C)cc4OC)nc32)c1,RGZXAQQHXALOBL-UHFFFAOYSA-N,8.397940008672037,True,O=c1ccc2cnc(Nc3ccccc3)nc2n1-c1ccccc1
CHEMBL131715,CO[C@H]1[C@@H](N(C)C(=O)c2ccc(Cl)cc2)C[C@@H]2O[C@@]1(C)n1c3ccccc3c3c4c(c5c6ccccc6n2c5c31)C(=O)NC4,RHBWAFDCVFMIFK-PZFYLCKJSA-N,5.154901959985743,False,O=C(N[C@@H]1CC2O[C@@H](C1)n1c3ccccc3c3c4c(c5c6ccccc6n2c5c31)CNC4=O)c1ccccc1
CHEMBL388286,COc1ccc(N(CCCl)CCN=NNc2ccc3ncnc(Nc4cccc(Cl)c4)c3c2)cc1,RHDJKVOUEVEVHF-UHFFFAOYSA-N,5.402304814074488,False,c1ccc(NCCN=NNc2ccc3ncnc(Nc4ccccc4)c3c2)cc1
CHEMBL1242202,COc1ccc(-c2nn(C3CCC(C)C3)c3ncnc(N)c23)cc1O,RHFWTFDTRBFIHU-UHFFFAOYSA-N,6.568636235841012,True,c1ccc(-c2nn(C3CCCC3)c3ncncc23)cc1
CHEMBL3671570,C=CC(=O)Nc1cc2c(Nc3ccc(Br)cc3F)ncnc2cc1OCCNC(=O)CN1CCCCC1,RHGWXTYSJLZTBJ-UHFFFAOYSA-N,8.154901959985743,True,O=C(CN1CCCCC1)NCCOc1ccc2c(Nc3ccccc3)ncnc2c1
CHEMBL128987,Brc1cccc(Nc2ncnc3cc(NCCN4CCOCC4)ncc23)c1,RHIKOEXNOGXDPV-UHFFFAOYSA-N,8.494850021680094,True,c1ccc(Nc2ncnc3cc(NCCN4CCOCC4)ncc23)cc1
CHEMBL257478,Cc1ccc(Oc2ccc(Nc3ncnc4cccc(OC(C)C(=O)N(C)CCO)c34)cc2C)cn1,RHKOFLSVENLYDP-UHFFFAOYSA-N,5.698970004336019,False,c1cncc(Oc2ccc(Nc3ncnc4ccccc34)cc2)c1
CHEMBL202360,C#CC(=O)Nc1ccc2ncnc(Nc3cccc(Br)c3)c2c1,RHNCTEJANSMRNV-UHFFFAOYSA-N,8.795880017344075,True,c1ccc(Nc2ncnc3ccccc23)cc1
CHEMBL3671529,C=CC(=O)Nc1cc2c(Nc3ccc(Br)cc3F)ncnc2cc1OCCNC(=O)CN,RHNPQUDHHOMHDW-UHFFFAOYSA-N,7.050609993355087,True,c1ccc(Nc2ncnc3ccccc23)cc1
CHEMBL3671506,C=CC(=O)Nc1cc2c(Nc3ccc(Br)cc3F)ncnc2cc1OCCNS(C)(=O)=O,RHPPSEKINPIOTC-UHFFFAOYSA-N,7.602059991327962,True,c1ccc(Nc2ncnc3ccccc23)cc1
CHEMBL334439,CCN(CC)CCn1c([Se][Se]c2c(C(=O)NC)c3ccccc3n2CCN(CC)CC)c(C(=O)NC)c2ccccc21,RHQWHANZNHLOIO-UHFFFAOYSA-N,5.161150909262744,False,c1ccc2[nH]c([Se][Se]c3cc4ccccc4[nH]3)cc2c1
CHEMBL411897,COC1CCN(CCOc2[nH]nc3ncnc(Nc4ccc(OCc5ccccn5)c(Cl)c4)c23)CC1,RHSAUGZCZKFNLC-UHFFFAOYSA-N,7.552841968657781,True,c1ccc(COc2ccc(Nc3ncnc4n[nH]c(OCCN5CCCCC5)c34)cc2)nc1
CHEMBL1173652,Cc1ncc([N+](=O)[O-])n1CCOC(=O)/C=C/c1ccccc1,RHVQGNOZEPBSSD-BQYQJAHWSA-N,5.106238237942057,False,O=C(/C=C/c1ccccc1)OCCn1ccnc1
CHEMBL2112370,COC[C@@H]1CCCN1C/C=C/C(=O)Nc1ccc2ncnc(Nc3cccc(Br)c3)c2c1,RHVQWSMLJGXEQH-BFSLETRISA-N,6.882728704344236,True,O=C(/C=C/CN1CCCC1)Nc1ccc2ncnc(Nc3ccccc3)c2c1
CHEMBL419501,COC[C@H]1CCCN1C/C=C/C(=O)Nc1ccc2ncnc(Nc3cccc(Br)c3)c2c1,RHVQWSMLJGXEQH-BTZGUFSASA-N,7.070581074285707,True,O=C(/C=C/CN1CCCC1)Nc1ccc2ncnc(Nc3ccccc3)c2c1
CHEMBL2112369,COC[C@@H]1CCCN1C/C=C\C(=O)Nc1ccc2ncnc(Nc3cccc(Br)c3)c2c1,RHVQWSMLJGXEQH-CWWFIGIMSA-N,6.7121982700697735,True,O=C(/C=C\CN1CCCC1)Nc1ccc2ncnc(Nc3ccccc3)c2c1
CHEMBL1945645,O=C(NS(=O)(=O)c1ccc(Cl)cc1)c1ccc(Cl)nc1,RHWDALMOXXJFOR-UHFFFAOYSA-N,4.741123370627869,False,O=C(NS(=O)(=O)c1ccccc1)c1cccnc1
CHEMBL4075530,Oc1ccc(NC(=S)Nc2ccc3ncnc(Nc4cccc(Br)c4)c3c2)cc1,RHWWACRDHYXVHE-UHFFFAOYSA-N,8.050609993355087,True,S=C(Nc1ccccc1)Nc1ccc2ncnc(Nc3ccccc3)c2c1
CHEMBL3425671,COc1cc(N2CCN(C)CC2)ccc1Nc1ncc(Cl)c(Oc2cccc(NC(C)=O)c2)n1,RHYMWMBUICSCMV-UHFFFAOYSA-N,5.485452247339714,False,c1ccc(Oc2ccnc(Nc3ccc(N4CCNCC4)cc3)n2)cc1
CHEMBL597950,C=C=CCOc1cc2c(Nc3ccc(F)c(Cl)c3)ncnc2cc1O,RIBKVVLEGYLFLZ-UHFFFAOYSA-N,7.623423042943488,True,c1ccc(Nc2ncnc3ccccc23)cc1
CHEMBL3671484,C=CC(=O)Nc1cc2c(Nc3ccc(Br)cc3F)ncnc2cc1OCC1CCN(C(=O)CN(C)C)CC1,RIFKDQITWFTYJS-UHFFFAOYSA-N,8.221848749616356,True,c1ccc(Nc2ncnc3cc(OCC4CCNCC4)ccc23)cc1
CHEMBL2283249,CCOc1ccc(NC(=O)/C=C/c2ccccc2)cc1,RIFUMXPVIPANHG-MDWZMJQESA-N,4.99012436628784,False,O=C(/C=C/c1ccccc1)Nc1ccccc1
CHEMBL3671549,C=CC(=O)Nc1cc2c(Nc3ccc(Br)c(F)c3)ncnc2cc1OCCNC(=O)CN(C)C,RIGSMDFVBGSWIZ-UHFFFAOYSA-N,7.107905397309519,True,c1ccc(Nc2ncnc3ccccc23)cc1
CHEMBL2064386,O=c1oc2cc3ncnc(Nc4ccc(OCc5ccccc5)cc4)c3cc2n1CCCN1CCOCC1,RJARHRSDCQNMIU-UHFFFAOYSA-N,6.853871964321762,True,O=c1oc2cc3ncnc(Nc4ccc(OCc5ccccc5)cc4)c3cc2n1CCCN1CCOCC1
CHEMBL1645475,NC1CCN(Cc2ccn3ncnc(Nc4cc(Cl)cc(Cl)c4)c23)CC1,RJCCTILJUFFGCE-UHFFFAOYSA-N,6.886056647693163,True,c1ccc(Nc2ncnn3ccc(CN4CCCCC4)c23)cc1
CHEMBL3806200,COCCOc1cc2ncnc(Nc3ccc(Cl)c([N+](=O)[O-])c3)c2c2c1OCCO2,RJJLWCAGCDVRBE-UHFFFAOYSA-N,7.441291429466834,True,c1ccc(Nc2ncnc3ccc4c(c23)OCCO4)cc1
CHEMBL3633141,C=CC(=O)Nc1cc(Nc2cncc(-c3cn(C)c4ccccc34)n2)c(OC)cc1N(C)CCN(C)C,RJLKDGKEPBBBIJ-UHFFFAOYSA-N,7.823908740944319,True,c1ccc(Nc2cncc(-c3c[nH]c4ccccc34)n2)cc1
CHEMBL1448,O=C(Nc1ccc([N+](=O)[O-])cc1Cl)c1cc(Cl)ccc1O,RJMUSRYZPJIFPJ-UHFFFAOYSA-N,4.978810700930062,False,O=C(Nc1ccccc1)c1ccccc1
CHEMBL3745929,CCOc1ccc(C2=NN(C(C)=O)C(c3ccc(C(=O)OC(C)Cn4c([N+](=O)[O-])cnc4C)cc3)C2)cc1,RJQSBCKLTGILQO-UHFFFAOYSA-N,4.5699249444480605,False,O=C(OCCn1ccnc1)c1ccc(C2CC(c3ccccc3)=NN2)cc1
CHEMBL3219504,CC1(C)OB(c2ccc3ncnc(Nc4cccc(Cl)c4)c3c2)OC1(C)C,RJWXSWDTSCCVME-UHFFFAOYSA-N,6.229147988357855,False,c1ccc(Nc2ncnc3ccc(B4OCCO4)cc23)cc1
CHEMBL3612592,CCOC(=O)CCCn1c(=O)oc2cc3ncnc(Nc4ccc(F)c(F)c4)c3cc21,RJXNSBYIRVOGJX-UHFFFAOYSA-N,6.853871964321762,True,O=c1[nH]c2cc3c(Nc4ccccc4)ncnc3cc2o1
CHEMBL501050,O=C(O[C@H]1CN[C@H](C#Cc2cc3ncnc(Nc4ccc(Sc5cccc(F)c5)c(Cl)c4)c3s2)C1)N1CCOCC1,RJZPDKUWHMCJNM-TZIWHRDSSA-N,6.200659450546418,False,O=C(O[C@H]1CN[C@H](C#Cc2cc3ncnc(Nc4ccc(Sc5ccccc5)cc4)c3s2)C1)N1CCOCC1
CHEMBL1928291,O=C(c1cc2ccccc2[nH]1)c1cc2c(Nc3ccc(F)c(Cl)c3)ncnc2s1,RJZRAQCJBYKZLL-UHFFFAOYSA-N,8.25649023527157,True,O=C(c1cc2ccccc2[nH]1)c1cc2c(Nc3ccccc3)ncnc2s1
CHEMBL3416438,Fc1ccc(Nc2ncnc3sc(Br)cc23)cc1Cl,RKAOIUASFLPAOD-UHFFFAOYSA-N,7.275724130399211,True,c1ccc(Nc2ncnc3sccc23)cc1
CHEMBL4098967,C=CC(=O)Nc1cc(Nc2nccc(-c3cn4c5c(cccc35)CCC4)n2)c(OC)cc1N1CCC(CN(C)C)C1,RKCPPWDERJHFAU-UHFFFAOYSA-N,8.397940008672037,True,c1cc2c3c(c1)c(-c1ccnc(Nc4ccc(N5CCCC5)cc4)n1)cn3CCC2
CHEMBL1828863,Cc1ncc([N+](=O)[O-])n1CC(=O)NS(=O)(=O)c1ccc(Cl)cc1,RKEVYIWMMZTIEB-UHFFFAOYSA-N,5.821023052706831,False,O=C(Cn1ccnc1)NS(=O)(=O)c1ccccc1
CHEMBL4202413,COc1cc(N2CCN(C)CC2)ccc1Nc1ncc(Cl)c(Oc2cccc(NC(=O)COCc3ccccc3)c2)n1,RKGSSQYWLOVFPK-UHFFFAOYSA-N,5.5934598195660445,False,O=C(COCc1ccccc1)Nc1cccc(Oc2ccnc(Nc3ccc(N4CCNCC4)cc3)n2)c1
CHEMBL1645466,C#Cc1cccc(Nc2ncnn3ccc(CN4CCC(N)CC4)c23)c1,RKUHGVDFHLNNLT-UHFFFAOYSA-N,8.0,True,c1ccc(Nc2ncnn3ccc(CN4CCCCC4)c23)cc1
CHEMBL1271950,OC[C@@H](Nc1ncnc2sc3c(c12)CCCC3)c1ccccc1,RKXBEEIQSIDVHS-CQSZACIVSA-N,6.142667503568731,False,c1ccc(CNc2ncnc3sc4c(c23)CCCC4)cc1
CHEMBL395883,COc1cn2ncnc(Nc3ccc4c(cnn4Cc4cccc(F)c4)c3)c2c1COC[C@@H]1CNCCO1,RKYBUDCAJWXFQO-QFIPXVFZSA-N,6.366531544420413,True,c1ccc(Cn2ncc3cc(Nc4ncnn5ccc(COC[C@@H]6CNCCO6)c45)ccc32)cc1
CHEMBL346863,Brc1cccc(Nc2ncnc3c2sc2ncsc23)c1,RLAGSKIPOCVMQK-UHFFFAOYSA-N,7.397940008672037,True,c1ccc(Nc2ncnc3c2sc2ncsc23)cc1
CHEMBL461140,CN(C)CCOc1ccc(C=Cc2cc(-c3cc4c(=O)[nH]cnc4[nH]3)ccn2)cc1,RLAJOHAIIACFAM-UHFFFAOYSA-N,5.481486060122112,False,O=c1[nH]cnc2[nH]c(-c3ccnc(C=Cc4ccccc4)c3)cc12
CHEMBL3671516,C=CC(=O)Nc1cc2c(Nc3ccc(Br)cc3F)ncnc2cc1SCCNC(C)=O,RLCCESPCQUPJAN-UHFFFAOYSA-N,6.962573502059376,True,c1ccc(Nc2ncnc3ccccc23)cc1
CHEMBL169467,COc1ccc(CC(CO)n2cc(-c3cccc(O)c3)c3c(N)ncnc32)cc1,RLICCWOKSVSSOF-UHFFFAOYSA-N,5.468521082957745,False,c1ccc(CCn2cc(-c3ccccc3)c3cncnc32)cc1
CHEMBL3092309,O=C(NCCN1CCCCC1)Nc1cc2c(Nc3ccc(F)c(Cl)c3)ncnc2cc1O[C@H]1CCOC1,RLKFWXIKUUDQPW-SFHVURJKSA-N,6.782516055786093,True,O=C(NCCN1CCCCC1)Nc1cc2c(Nc3ccccc3)ncnc2cc1O[C@H]1CCOC1
CHEMBL2087357,Brc1cccc(Nc2ncnc3cc4c(cc23)OCCSCCO4)c1,RLLLZDOUARGSHF-UHFFFAOYSA-N,8.154901959985743,True,c1ccc(Nc2ncnc3cc4c(cc23)OCCSCCO4)cc1
CHEMBL93784,COCC1CCCN1CC#CC(=O)Nc1ccc2ncnc(Nc3cccc(Br)c3)c2c1,RLNZIWVIDMGNEN-UHFFFAOYSA-N,7.187086643357144,True,O=C(C#CCN1CCCC1)Nc1ccc2ncnc(Nc3ccccc3)c2c1
CHEMBL3098325,COc1cc2nc(Cl)nc(Nc3ccc(C(N)=O)cc3)c2cc1OC,RLPIYJHRUPAEHW-UHFFFAOYSA-N,6.045757490560675,False,c1ccc(Nc2ncnc3ccccc23)cc1
CHEMBL4127317,C=CC(=O)Nc1cccc(-n2c(=O)n(C(C)C)c(=O)c3cnc(Nc4ccc(N5CCN(C)CC5)cc4OC)nc32)c1,RLWORZOMJGXPLR-UHFFFAOYSA-N,9.522878745280336,True,O=c1[nH]c(=O)n(-c2ccccc2)c2nc(Nc3ccc(N4CCNCC4)cc3)ncc12
CHEMBL2336355,COc1ccccc1NC(=O)/C=C/c1ccccc1,RMBQQMJNYKVGEL-VAWYXSNFSA-N,5.287350298372789,False,O=C(/C=C/c1ccccc1)Nc1ccccc1
CHEMBL162034,CN(C)CCNc1cc2c(Nc3cccc(Br)c3)ncnc2cn1,RMBTVBFZJFUISC-UHFFFAOYSA-N,8.958607314841775,True,c1ccc(Nc2ncnc3cnccc23)cc1
CHEMBL4214496,O=C(NC(CO)Cc1ccccc1)c1cc2cc(Cl)ccc2[nH]1,RMGBACQDIOIZHJ-UHFFFAOYSA-N,6.096910013008056,False,O=C(NCCc1ccccc1)c1cc2ccccc2[nH]1
CHEMBL215171,CS(=O)(=O)CCOCc1ccc(-c2ccc3ncnc(Nc4ccc(OCc5cccc(F)c5)c(Cl)c4)c3c2)o1,RMPVKBBFQRDYJT-UHFFFAOYSA-N,7.585026652029182,True,c1ccc(COc2ccc(Nc3ncnc4ccc(-c5ccco5)cc34)cc2)cc1
CHEMBL77298,COc1cc(C=C(C#N)C#N)cc(Br)c1O,RMTVRMJDCJSEMW-UHFFFAOYSA-N,3.8153085691824016,False,c1ccccc1
CHEMBL150280,c1ccc(Nc2ncnc3[nH]c4ccccc4c23)cc1,RNCCWYOKKBCIPY-UHFFFAOYSA-N,6.578396073130168,True,c1ccc(Nc2ncnc3[nH]c4ccccc4c23)cc1
CHEMBL543904,COc1cc2ncnc(Nc3cc(OC)c(OC)c(OC)c3)c2cc1OC,RNCVPFCGSMNPPO-UHFFFAOYSA-N,6.301029995663981,True,c1ccc(Nc2ncnc3ccccc23)cc1
CHEMBL433520,CCN(CC)CC(O)CNc1cc2c(Nc3cccc(Br)c3)ncnc2cn1,RNIMVALSZBLGMI-UHFFFAOYSA-N,8.337242168318426,True,c1ccc(Nc2ncnc3cnccc23)cc1
CHEMBL3758768,COc1cc(CO)ccc1-c1cc2c(Nc3ccccc3)ncnc2s1,RNJBDSKCYVELPW-UHFFFAOYSA-N,7.853871964321762,True,c1ccc(Nc2ncnc3sc(-c4ccccc4)cc23)cc1
CHEMBL3918367,Cc1cccc2c1nc(NC(=O)c1cccc(C(F)(F)F)c1)n2[C@H]1CC[C@H](O)CC1,RNUPNZIBAJHWTG-QAQDUYKDSA-N,5.863279432843593,False,O=C(Nc1nc2ccccc2n1C1CCCCC1)c1ccccc1
CHEMBL1958211,COc1ccc(C2CC(c3ccc(Br)cc3)=NN2c2nc(O)cs2)cc1,RNVJXTDROUJRKH-UHFFFAOYSA-N,5.099086932262331,False,c1ccc(C2=NN(c3nccs3)C(c3ccccc3)C2)cc1
CHEMBL4075917,Cc1[nH]nc2ccc(-c3cc(N[C@@H](CO)c4ccccc4)cnc3-c3ccc(F)cc3O)cc12,ROHJEIACUNTGFP-VWLOTQADSA-N,8.09151498112135,True,c1ccc(CNc2cnc(-c3ccccc3)c(-c3ccc4n[nH]cc4c3)c2)cc1
CHEMBL308339,N#CC(C#N)=C1C(=O)NC(=O)NC1=O,ROKDPRGNTRBMOO-UHFFFAOYSA-N,2.853871964321762,False,C=C1C(=O)NC(=O)NC1=O
CHEMBL1272324,CCN(CC)C/C=C/C(=O)N1CCc2c(sc3ncnc(N[C@H](CO)c4ccccc4)c23)C1,ROLISRUBXWRDMG-OJLWIZQOSA-N,8.045757490560675,True,c1ccc(CNc2ncnc3sc4c(c23)CCNC4)cc1
CHEMBL591213,CCCCCCOC(=O)COc1cc(O)c2c(=O)cc(-c3ccccc3)oc2c1,ROMGDNPTGDLHKM-UHFFFAOYSA-N,5.040005161671584,False,O=c1cc(-c2ccccc2)oc2ccccc12
CHEMBL7939,O=C1NC(=O)c2cc(Nc3ccc(F)cc3)c(Nc3ccc(F)cc3)cc21,RONQPWQYDRPRGG-UHFFFAOYSA-N,6.154901959985743,False,O=C1NC(=O)c2cc(Nc3ccccc3)c(Nc3ccccc3)cc21
CHEMBL555797,COc1cc2ncnc(Nc3ccc4c(c3)CCC4)c2cc1OC,ROWZBCBRQQSSRI-UHFFFAOYSA-N,6.221848749616356,False,c1ccc2c(Nc3ccc4c(c3)CCC4)ncnc2c1
CHEMBL3235201,Cc1ccc(Oc2nc3ccc(C)cc3cc2/C=N/NC(=O)Cn2c([N+](=O)[O-])cnc2C)cc1,ROYUJUFXDGQEMG-RPPGKUMJSA-N,6.7447274948966935,True,O=C(Cn1ccnc1)N/N=C/c1cc2ccccc2nc1Oc1ccccc1
CHEMBL4113919,CC(C)n1c(Nc2ccccc2)nc2cnc(Nc3ccc(C(=O)N[N+]4=CCN(C)CC4)cc3)nc21,RPFOKTXBVUCVAD-UHFFFAOYSA-O,8.522878745280337,True,O=C(N[N+]1=CCNCC1)c1ccc(Nc2ncc3nc(Nc4ccccc4)[nH]c3n2)cc1
CHEMBL3234753,Cc1ccc(C(=O)Nc2ccc(CN3CCN(C)CC3)c(C(F)(F)F)c2)cc1NC(=O)c1cnc2[nH]ncc2c1,RPGBOGQFYIGBSZ-UHFFFAOYSA-N,7.522878745280337,True,O=C(Nc1ccc(CN2CCNCC2)cc1)c1cccc(NC(=O)c2cnc3[nH]ncc3c2)c1
CHEMBL1947046,COc1ccccc1Nc1ccnc(Nc2ccccc2OC)n1,RPHIAMNJFYVZHV-UHFFFAOYSA-N,4.043831569524636,False,c1ccc(Nc2ccnc(Nc3ccccc3)n2)cc1
CHEMBL3678952,COc1cccc(Nc2nc3cnc(Nc4ccc(N5CCN(C)CC5)cc4)nc3n2C(C)C)c1,RPHNDUBGTOJBFI-UHFFFAOYSA-N,8.397940008672037,True,c1ccc(Nc2nc3cnc(Nc4ccc(N5CCNCC5)cc4)nc3[nH]2)cc1
CHEMBL603968,CCCCCCCCOC(=O)COc1cc(O)c2c(=O)cc(-c3ccccc3)oc2c1,RPTVKSWFJINXJQ-UHFFFAOYSA-N,5.2335871528876,False,O=c1cc(-c2ccccc2)oc2ccccc12
CHEMBL2031308,CCOc1cc2ncc(C#N)c(Nc3ccc(F)c(Cl)c3)c2cc1NC(=O)CCN1CCCCC1,RPVWZZLEKBXDNP-UHFFFAOYSA-N,8.655607726314889,True,O=C(CCN1CCCCC1)Nc1ccc2nccc(Nc3ccccc3)c2c1
CHEMBL4282506,N#CCC(=O)N=Nc1c(O)[nH]c2ccc(S(=O)(=O)N3CCOCC3)cc12,RPXDEHYEUCFVOM-UHFFFAOYSA-N,7.638272163982407,True,O=S(=O)(c1ccc2[nH]ccc2c1)N1CCOCC1
CHEMBL3753623,COc1ccc(-c2ccc(OC(F)(F)F)c(NC(=O)Nc3ccncc3)c2)cn1,RPXILCAORZPTRI-UHFFFAOYSA-N,6.987458027224164,True,O=C(Nc1ccncc1)Nc1cccc(-c2cccnc2)c1
CHEMBL3985004,ON=C(O)CCCCCCOc1ccc(-c2cc3c(NCc4ccccc4)ncnc3[nH]2)cc1,RPXMTNZWJALSGT-UHFFFAOYSA-N,7.0,True,c1ccc(CNc2ncnc3[nH]c(-c4ccccc4)cc23)cc1
CHEMBL4084248,C=CC(=O)NCCSc1nc(-c2ccc(F)c(C(F)(F)F)c2)c(-c2ccnc(Nc3ccccc3)c2)[nH]1,RQRXBOXDVYOBIU-UHFFFAOYSA-N,6.189767482004916,False,c1ccc(Nc2cc(-c3[nH]cnc3-c3ccccc3)ccn2)cc1
CHEMBL7699,O=c1c(-c2cccc(Cl)c2)coc2cc(O)ccc12,RQYVHBZWMYJJAJ-UHFFFAOYSA-N,4.230622673923862,False,O=c1c(-c2ccccc2)coc2ccccc12
CHEMBL598377,COc1cc2ncnc(Nc3ccc(F)c(Cl)c3)c2cc1OCCCCCCC(O)=NO,RQYVKBOWLRVISJ-UHFFFAOYSA-N,8.508638306165727,True,c1ccc(Nc2ncnc3ccccc23)cc1
CHEMBL1929308,CC(C)(C)c1ccc(-c2nnc(SCc3ccccc3)o2)cc1,RQZNTKKDONSPRU-UHFFFAOYSA-N,5.128427064454121,False,c1ccc(CSc2nnc(-c3ccccc3)o2)cc1
CHEMBL475594,CN(C)Cc1ccc(-c2cc3ncnc(Nc4ccc(OCc5cccc(F)c5)c(Cl)c4)c3s2)o1,RRBYOZUVIOQSSM-UHFFFAOYSA-N,8.698970004336019,True,c1ccc(COc2ccc(Nc3ncnc4cc(-c5ccco5)sc34)cc2)cc1
CHEMBL4286943,COc1cc(-c2nc3sc(-c4ccccc4)cn3n2)cc(OC)c1OC,RRCJUEYHZHBWFC-UHFFFAOYSA-N,5.552841968657781,False,c1ccc(-c2nc3sc(-c4ccccc4)cn3n2)cc1
CHEMBL4213519,COc1ccc(-c2c3c4cc(OC)c(OCCN(C)C)cc4oc(=O)c3n3ccc4cc(O)c(OC)cc4c23)cc1O,RRPONGIFXUMNSO-UHFFFAOYSA-N,6.2519671058698565,False,O=c1oc2ccccc2c2c(-c3ccccc3)c3c4ccccc4ccn3c12
CHEMBL214689,CS(=O)(=O)CCNCc1ccc(-c2ccc3ncnc(Nc4ccc(OCc5ccccc5)c(Br)c4)c3c2)o1,RRURVOSFXQLYQR-UHFFFAOYSA-N,7.602059991327962,True,c1ccc(COc2ccc(Nc3ncnc4ccc(-c5ccco5)cc34)cc2)cc1
CHEMBL57366,CC(C)(C)NC(=O)Nc1nc2nc(N)ncc2cc1-c1c(Cl)cccc1Cl,RRWSNCZYJCOEFX-UHFFFAOYSA-N,6.346787486224656,True,c1ccc(-c2cnc3ncncc3c2)cc1
CHEMBL1934625,Cc1ncnc(Nc2ccc(OCc3cccc(F)c3)c(Cl)c2)c1C#Cc1ccc(CN(C)C)cc1,RRXSXSCXMPQLTP-UHFFFAOYSA-N,8.154901959985743,True,C(#Cc1cncnc1Nc1ccc(OCc2ccccc2)cc1)c1ccccc1
CHEMBL31419,C=CC(=O)Nc1cc2c(Nc3cccc(Br)c3)ncnc2cc1OCCCN1CCOCC1,RSAVYUKMYLHWGE-UHFFFAOYSA-N,8.443697499232712,True,c1ccc(Nc2ncnc3cc(OCCCN4CCOCC4)ccc23)cc1
CHEMBL3921129,CCOc1cc2ncnc(Nc3ccc4c(cnn4Cc4ccccc4)c3)c2cc1NC(=O)/C=C/CN1CCN(C)CC1,RSEKNDZBPQNPGL-JXMROGBWSA-N,7.638272163982407,True,O=C(/C=C/CN1CCNCC1)Nc1ccc2ncnc(Nc3ccc4c(cnn4Cc4ccccc4)c3)c2c1
CHEMBL246489,COCCOCc1ccn2ncnc(Nc3ccc4c(cnn4Cc4cccc(F)c4)c3)c12,RSIUAJHRAOKMFS-UHFFFAOYSA-N,6.309803919971486,True,c1ccc(Cn2ncc3cc(Nc4ncnn5cccc45)ccc32)cc1
CHEMBL3960911,CCC(=O)Nc1cc2c(Nc3ccc4c(c3)CCN4Cc3ccccn3)ncnc2cc1OC,RSJGJVCLGCMCLO-UHFFFAOYSA-N,6.284832642151542,False,c1ccc(CN2CCc3cc(Nc4ncnc5ccccc45)ccc32)nc1
CHEMBL2148050,CS(=O)(=O)CC(=O)NCCn1ccc2ncnc(Nc3ccc(Oc4cccc(Cl)c4)c(Cl)c3)c21,RSJIZNRDILNEMO-UHFFFAOYSA-N,8.173925197299173,True,c1ccc(Oc2ccc(Nc3ncnc4cc[nH]c34)cc2)cc1
CHEMBL3741473,O=C(Nc1ccc(CN2CCCCC2)cc1)Nc1ccc2ncnc(Nc3cccc(C(F)(F)F)c3)c2c1,RSNNOUWADQQHGE-UHFFFAOYSA-N,8.301029995663981,True,O=C(Nc1ccc(CN2CCCCC2)cc1)Nc1ccc2ncnc(Nc3ccccc3)c2c1
CHEMBL572028,CC(=O)OCOC(=O)N(C)N=Nc1ccc2ncnc(Nc3cccc(Cl)c3)c2c1,RSOLNUPXBUNNJM-UHFFFAOYSA-N,6.200659450546418,False,c1ccc(Nc2ncnc3ccccc23)cc1
CHEMBL3983201,COc1cc2c(Nc3ccc(Cl)c(Cl)c3)ncnc2cc1OCc1csc(-c2ccc(C(F)(F)F)cc2)n1,RSQKKUZJTBAHBG-UHFFFAOYSA-N,7.301029995663981,True,c1ccc(Nc2ncnc3cc(OCc4csc(-c5ccccc5)n4)ccc23)cc1
CHEMBL56802,COc1cc2ncnc(Nc3cccc(C)c3)c2cc1OC,RSVNNWQHWIOIOC-UHFFFAOYSA-N,8.301029995663981,True,c1ccc(Nc2ncnc3ccccc23)cc1
CHEMBL3416619,Brc1cc2c(NCc3cccs3)ncnc2s1,RSXRHKPNAUVVRK-UHFFFAOYSA-N,5.862013267276469,False,c1csc(CNc2ncnc3sccc23)c1
CHEMBL3633932,CCNC(=O)Nc1ccc2ncnc(Nc3ccc(OCc4cccc(F)c4)c(Cl)c3)c2c1,RTBZZZASZOKFFS-UHFFFAOYSA-N,7.455931955649724,True,c1ccc(COc2ccc(Nc3ncnc4ccccc34)cc2)cc1
CHEMBL3919447,C=CC(=O)N1CC[C@H](Oc2cc3c(N[C@H](C)c4ccccc4)ncnc3cc2OC)C1,RTRKXKKOOFQSCE-AEFFLSMTSA-N,7.920818753952375,True,c1ccc(CNc2ncnc3ccc(O[C@H]4CCNC4)cc23)cc1
CHEMBL4077064,C=CC(=O)N1CCc2ccc(-n3c(=O)ccc4cnc5ccc(-c6cnn(C)c6)cc5c43)cc21,RTRNJQOBEOISFQ-UHFFFAOYSA-N,6.058488567365597,False,O=c1ccc2cnc3ccc(-c4cn[nH]c4)cc3c2n1-c1ccc2c(c1)NCC2
CHEMBL3899216,Cc1cc(NS(=O)(=O)c2ccc(Nc3nncc4ccccc34)cc2)no1,RTWIUHXCAFIOQK-UHFFFAOYSA-N,6.886056647693163,True,O=S(=O)(Nc1ccon1)c1ccc(Nc2nncc3ccccc23)cc1
CHEMBL2148047,CC(C)(C)S(=O)(=O)CC(=O)NCCn1ccc2ncnc(Nc3ccc(Oc4cccc(C(F)(F)F)c4)c(Cl)c3)c21,RUEMCYBCUGHERT-UHFFFAOYSA-N,7.251811972993799,True,c1ccc(Oc2ccc(Nc3ncnc4cc[nH]c34)cc2)cc1
CHEMBL3622674,C#Cc1cccc(Nc2ncnc3cc(OC)c(NC(=O)/C=C/CN(C)C4CC4)cc23)c1,RUQDSCKLVMLTGG-RMKNXTFCSA-N,8.481486060122112,True,O=C(/C=C/CNC1CC1)Nc1ccc2ncnc(Nc3ccccc3)c2c1
CHEMBL1240566,Cn1nc(-c2ccc3cc[nH]c3c2)c2c(N)ncnc21,RUQMPILTACLXOK-UHFFFAOYSA-N,5.537602002101044,False,c1ncc2c(-c3ccc4cc[nH]c4c3)n[nH]c2n1
CHEMBL489083,N=C(N)SCCCn1c(=O)c2c(c1=O)n1c3ccccc3cc1c1cccc3ccn2c31,RUTCIZOQGCWURK-UHFFFAOYSA-N,5.337242168318426,False,O=c1[nH]c(=O)c2c1n1ccc3cccc(c31)c1cc3ccccc3n12
CHEMBL589830,O=C(Nc1ccc(Cl)cc1)c1ccc(N(CCCl)CCCl)cc1,RUZLWGNXOCCORA-UHFFFAOYSA-N,5.826813731587726,False,O=C(Nc1ccccc1)c1ccccc1
CHEMBL4068839,C=CC(=O)N1CCC[C@@H](n2nc(-c3ccc(OCc4ccccn4)c(Cl)c3)c3c(N)ncnc32)C1,RVCKMZIQUFKZFD-GOSISDBHSA-N,8.275724130399212,True,c1ccc(COc2ccc(-c3nn([C@@H]4CCCNC4)c4ncncc34)cc2)nc1
CHEMBL399953,COc1cc2ncnc(C#CC(C)(C)Cc3ccccc3)c2cc1OC,RVEDAUKOXMSMKQ-UHFFFAOYSA-N,7.886056647693163,True,C(#Cc1ncnc2ccccc12)CCc1ccccc1
CHEMBL373025,CCc1c(CO)cn2ncnc(Nc3ccc4c(cnn4Cc4ccccc4)c3)c12,RVFNMWDKGFLUFT-UHFFFAOYSA-N,6.309803919971486,True,c1ccc(Cn2ncc3cc(Nc4ncnn5cccc45)ccc32)cc1
CHEMBL3671488,C=CC(=O)Nc1cc2c(Nc3ccc(Br)cc3F)ncnc2cc1OCCCNC(=O)C(F)(F)F,RVHJFVOVALAVIJ-UHFFFAOYSA-N,7.229147988357855,True,c1ccc(Nc2ncnc3ccccc23)cc1
CHEMBL3622666,O=C(/C=C/CNC1CC1)Nc1cc2c(Nc3ccc(F)c(Cl)c3)ncnc2cc1O[C@H]1CCOC1,RVSQKIFMHKORJJ-IMLGJKEDSA-N,8.187086643357144,True,O=C(/C=C/CNC1CC1)Nc1cc2c(Nc3ccccc3)ncnc2cc1O[C@H]1CCOC1
CHEMBL77381,N#CC(=Cc1ccc[nH]1)C(=O)O,RVTZJVIKNDCLAC-UHFFFAOYSA-N,2.866461091629782,False,c1cc[nH]c1
CHEMBL4078182,S=C(Nc1cccc(Cl)c1)Nc1ccc2ncnc(Nc3cccc(Br)c3)c2c1,RVUPEWVGGKZLBK-UHFFFAOYSA-N,7.686132779630847,True,S=C(Nc1ccccc1)Nc1ccc2ncnc(Nc3ccccc3)c2c1
CHEMBL3219502,COc1cc2ncnc(Nc3cccc(Cl)c3)c2cc1B1OC(C)(C)C(C)(C)O1,RVYBEYDDKJTSQR-UHFFFAOYSA-N,6.309803919971486,True,c1ccc(Nc2ncnc3ccc(B4OCCO4)cc23)cc1
CHEMBL3798658,O=C(Nc1cccc(C(O)c2ccccc2)c1)c1cc2ccccc2[nH]1,RVYZYLPGEYDXNK-UHFFFAOYSA-N,4.823908740944319,False,O=C(Nc1cccc(Cc2ccccc2)c1)c1cc2ccccc2[nH]1
CHEMBL1173794,Cc1ccc(C2=NN(C(N)=S)C(c3ccccc3Cl)C2)cc1C,RVZPCKKTXIBTBZ-UHFFFAOYSA-N,5.412289034981089,False,c1ccc(C2=NNC(c3ccccc3)C2)cc1
CHEMBL4070640,CCC(=O)N1CC[C@H](N2C(=O)N(c3ccccc3OC)Cc3cnc(Nc4ccc(N5CCN(C)CC5)c(C)c4)nc32)C1,RWBFBLBCISYMOO-VWLOTQADSA-N,7.562249437179612,True,O=C1N(c2ccccc2)Cc2cnc(Nc3ccc(N4CCNCC4)cc3)nc2N1[C@H]1CCNC1
CHEMBL3671493,C=CC(=O)Nc1cc2c(Nc3ccc(Br)cc3F)ncnc2cc1OCCCCNC(C)=O,RWBZRZZVHCQBPV-UHFFFAOYSA-N,8.0,True,c1ccc(Nc2ncnc3ccccc23)cc1
CHEMBL3360610,C#Cc1cccc(Nc2ncnc3cc(OCCCCCCn4ccnc4[N+](=O)[O-])c(OC)cc23)c1,RWGIYOGVCTYDNX-UHFFFAOYSA-N,9.244125144327509,True,c1ccc(Nc2ncnc3cc(OCCCCCCn4ccnc4)ccc23)cc1
CHEMBL4225166,C=CC(=O)Nc1cc(Nc2ncc3ncn(-c4ccc(F)c(Br)c4)c3n2)c(OC)cc1N(C)CCN(C)C,RWHRNCLGKRNXPB-UHFFFAOYSA-N,8.638272163982407,True,c1ccc(Nc2ncc3ncn(-c4ccccc4)c3n2)cc1
CHEMBL279035,O=C(O)c1ccc(NN2C(=O)c3c(c4c5cccc(O)c5n(C5OC(CO)C(O)C(O)C5O)c4c4[nH]c5c(O)cccc5c34)C2=O)cc1,RWLBBEHUWVDEBP-UHFFFAOYSA-N,4.045757490560675,False,O=C1c2c(c3c4ccccc4n(C4CCCCO4)c3c3[nH]c4ccccc4c23)C(=O)N1Nc1ccccc1
CHEMBL3655336,O=C(/C=C/CN1CCCOCC1)N1CCc2c(sc3ncnc(Nc4ccc(F)c(Cl)c4)c23)C1,RWLIEDPJUCGAIH-HNQUOIGGSA-N,9.0,True,O=C(/C=C/CN1CCCOCC1)N1CCc2c(sc3ncnc(Nc4ccccc4)c23)C1
CHEMBL249919,OCC#Cc1ccc2ncnc(Nc3ccc(F)c(Cl)c3)c2c1,RWLVCMCVCFJFDU-UHFFFAOYSA-N,7.85078088734462,True,c1ccc(Nc2ncnc3ccccc23)cc1
CHEMBL3234865,Cc1ccc(Oc2nc3ccccc3cc2/C=N/NC(=O)Cn2c([N+](=O)[O-])cnc2C)cc1,RWPGVTRJOVHHSX-BRJLIKDPSA-N,4.635824367229381,False,O=C(Cn1ccnc1)N/N=C/c1cc2ccccc2nc1Oc1ccccc1
CHEMBL328704,CCN(CC)CC#CC(=O)Nc1ccc2ncnc(Nc3cccc(Br)c3)c2c1,RWRYVPUMPZVZSS-UHFFFAOYSA-N,7.920818753952375,True,c1ccc(Nc2ncnc3ccccc23)cc1
CHEMBL3775148,O=C1COc2cc3ncnc(Nc4ccccc4)c3cc2N1CCCN1CCOCC1,RWTVBTMCWHUZPO-UHFFFAOYSA-N,6.285167487566667,False,O=C1COc2cc3ncnc(Nc4ccccc4)c3cc2N1CCCN1CCOCC1
CHEMBL3671489,C=CC(=O)Nc1cc2c(Nc3ccc(Br)cc3F)ncnc2cc1OCCCNC(=O)NCC,RWZGZLPZVJTIAS-UHFFFAOYSA-N,7.958607314841775,True,c1ccc(Nc2ncnc3ccccc23)cc1
CHEMBL1242110,CC(C)n1nc(-c2cccc(O)c2F)c2c(N)ncnc21,RXNGGTYNZUEFOM-UHFFFAOYSA-N,5.429457060118103,False,c1ccc(-c2n[nH]c3ncncc23)cc1
CHEMBL1203940,CCOc1cc2ncnc(Nc3ccc(F)cc3)c2cc1OCC,RXOKOKWXZNENPQ-UHFFFAOYSA-N,7.795880017344075,True,c1ccc(Nc2ncnc3ccccc23)cc1
CHEMBL3133821,Oc1cccc(Nc2ccnc3[nH]c4ccccc4c23)c1,RXPZOSHFGJWSLQ-UHFFFAOYSA-N,6.568636235841012,True,c1ccc(Nc2ccnc3[nH]c4ccccc4c23)cc1
CHEMBL2029434,C=CC(=O)Nc1cccc(N2C(=O)N(C(C)C)Cc3cnc(Nc4ccc(N5CCN(C)CC5)cc4OC)nc32)c1,RXRZLNAQLIRKLZ-UHFFFAOYSA-N,9.42021640338319,True,O=C1NCc2cnc(Nc3ccc(N4CCNCC4)cc3)nc2N1c1ccccc1
CHEMBL206280,Fc1ccc(Nc2ncnc3c2NCc2cc(Br)ccc2O3)cc1Cl,RXSWGOQRLDFWFT-UHFFFAOYSA-N,5.698970004336019,False,c1ccc(Nc2ncnc3c2NCc2ccccc2O3)cc1
CHEMBL3950630,Cc1cc(C)nc(NS(=O)(=O)c2ccc(Nc3nncc4ccccc34)cc2)n1,RXVARTZYPOQZBI-UHFFFAOYSA-N,8.173925197299173,True,O=S(=O)(Nc1ncccn1)c1ccc(Nc2nncc3ccccc23)cc1
CHEMBL564829,CNC(=O)c1nn(C)c2c1C(C)(C)Cc1cnc(Nc3ccc(N4CCN(C)CC4)cc3)nc1-2,RXZMYLDMFYNEIM-UHFFFAOYSA-N,5.513003111568177,False,c1cc(N2CCNCC2)ccc1Nc1ncc2c(n1)-c1[nH]ncc1CC2
CHEMBL324926,COc1cc(Nc2ncc3cc(-c4c(Cl)cccc4Cl)c(=O)n(C)c3n2)cc(OC)c1,RYCIKEDAOOTILW-UHFFFAOYSA-N,6.481486060122112,True,O=c1[nH]c2nc(Nc3ccccc3)ncc2cc1-c1ccccc1
CHEMBL1242973,COC(=O)[C@@]1(Cc2ccc(O)c(CC=C(C)C)c2)OC(=O)C(=O)C1c1ccc(O)cc1,RYHLQSVMWLBCJO-JWIMYKKASA-N,3.229147988357856,False,O=C1OC(Cc2ccccc2)C(c2ccccc2)C1=O
CHEMBL3353397,C=CC(=O)Nc1cc(Nc2ncc(Cl)c(-c3cnn4ccccc34)n2)c(OC)cc1N1CCN(C(=O)C2CCCCN2)CC1,RYKMWJWUJDVQOB-UHFFFAOYSA-N,4.376381725246618,False,O=C(C1CCCCN1)N1CCN(c2ccc(Nc3nccc(-c4cnn5ccccc45)n3)cc2)CC1
CHEMBL490987,CC(C)NC(=O)c1ccc(S(=O)(=O)Oc2ccc(/C=C/[N+](=O)[O-])cc2)cc1,RYMKTVKTAIKRTD-VAWYXSNFSA-N,6.0,False,O=S(=O)(Oc1ccccc1)c1ccccc1
CHEMBL94275,O=[N+]([O-])c1ccc2c(Nc3cccc(Br)c3)ncnc2c1,RZBBKHCMKJSCKV-UHFFFAOYSA-N,6.0,False,c1ccc(Nc2ncnc3ccccc23)cc1
CHEMBL3893822,Cc1ccc(Oc2ccc(Nc3ncnc4ccc(-c5cn(CCCCCCC(O)=NO)nn5)cc34)cc2C)cn1,RZBKGDSTLKCOCW-UHFFFAOYSA-N,8.0,True,c1cncc(Oc2ccc(Nc3ncnc4ccc(-c5c[nH]nn5)cc34)cc2)c1
CHEMBL213818,CS(=O)(=O)CCNCc1ccc(-c2ccc3ncnc(Nc4ccc(OCc5cccc(F)c5)cc4)c3c2)o1,RZEMPBRXCDBLDH-UHFFFAOYSA-N,7.619788758288394,True,c1ccc(COc2ccc(Nc3ncnc4ccc(-c5ccco5)cc34)cc2)cc1
CHEMBL3963403,Fc1ccc(C=CC(=NNc2nncc3ccccc23)c2ccccc2)cc1,RZJRJEDTYIELCA-UHFFFAOYSA-N,8.161150909262744,True,C(=Cc1ccccc1)C(=NNc1nncc2ccccc12)c1ccccc1
CHEMBL3671502,C=CC(=O)Nc1cc2c(Nc3ccc(Br)cc3F)ncnc2cc1OCCN,RZLHXVSQWOPUOD-UHFFFAOYSA-N,8.397940008672037,True,c1ccc(Nc2ncnc3ccccc23)cc1
CHEMBL1928890,Clc1cccc(Nc2ncnc3ccc(NCc4ccc(Br)cc4)cc23)c1,RZNCBIIAICOMLS-UHFFFAOYSA-N,5.246416941107094,False,c1ccc(CNc2ccc3ncnc(Nc4ccccc4)c3c2)cc1
CHEMBL4082764,NCc1cccc(-c2nc(-c3ccc(F)cc3)c(-c3ccnc4[nH]c(-c5ccccc5)cc34)[nH]2)c1,RZOMTAPFIYLQIJ-UHFFFAOYSA-N,6.473660722610156,True,c1ccc(-c2cc3c(-c4[nH]c(-c5ccccc5)nc4-c4ccccc4)ccnc3[nH]2)cc1
CHEMBL257411,CC(Oc1cccc2ncnc(Nc3ccc4c(cnn4Cc4nccs4)c3)c12)C(=O)N1CCOCC1,RZPOCZHUFDCVQZ-UHFFFAOYSA-N,6.436518914605589,True,O=C(COc1cccc2ncnc(Nc3ccc4c(cnn4Cc4nccs4)c3)c12)N1CCOCC1
CHEMBL75718,N#CC=Cc1ccc(O)cc1,RZROIDXECXAOTO-UHFFFAOYSA-N,2.6197887582883936,False,c1ccccc1
CHEMBL1683952,Fc1cccc(COc2ccc(Nc3cc(-c4ccsc4)ncn3)cc2Cl)c1,RZXIJFPEMANFOZ-UHFFFAOYSA-N,4.657577319177793,False,c1ccc(COc2ccc(Nc3cc(-c4ccsc4)ncn3)cc2)cc1
CHEMBL3647420,CCOc1cc2ncc(C#N)c(Nc3ccc(OCc4ccccn4)c(Cl)c3)c2cc1NC(=O)/C=C/[C@H]1CCCN1C,SADXACCFNXBCFY-IYNHSRRRSA-N,7.346787486224656,True,O=C(/C=C/[C@H]1CCCN1)Nc1ccc2nccc(Nc3ccc(OCc4ccccn4)cc3)c2c1
CHEMBL3647417,CCOc1cc2ncc(C#N)c(Nc3ccc(OCc4ccccn4)c(Cl)c3)c2cc1NC(=O)/C=C/[C@@H]1CCCN1C,SADXACCFNXBCFY-YKATVRGKSA-N,7.318758762624412,True,O=C(/C=C/[C@@H]1CCCN1)Nc1ccc2nccc(Nc3ccc(OCc4ccccn4)cc3)c2c1
CHEMBL208292,COc1cc2ncnc(Nc3cccc(Cl)c3F)c2cc1CN1CCCC1C(N)=O,SAERMKUGKADQHG-UHFFFAOYSA-N,7.761439372640169,True,c1ccc(Nc2ncnc3ccc(CN4CCCC4)cc23)cc1
CHEMBL4177348,O=C(CN1CCOCC1)Nc1ccc2ncnc(Nc3cccc(Br)c3)c2c1,SAGHGQPVPDHSSM-UHFFFAOYSA-N,7.008773924307505,True,O=C(CN1CCOCC1)Nc1ccc2ncnc(Nc3ccccc3)c2c1
CHEMBL1828881,COc1ccc(CC(=O)NS(=O)(=O)c2ccc(C)cc2)cc1,SAGXYHNKKZAQHQ-UHFFFAOYSA-N,4.414313721547504,False,O=C(Cc1ccccc1)NS(=O)(=O)c1ccccc1
CHEMBL121405,OC1(c2nc(-c3ccc(F)cc3)c(-c3ccnc(NC4CCCCC4)c3)o2)CCNCC1,SAMLUEXYGUANPP-UHFFFAOYSA-N,5.698970004336019,False,c1ccc(-c2nc(C3CCNCC3)oc2-c2ccnc(NC3CCCCC3)c2)cc1
CHEMBL3344212,CS(=O)(=O)CC(NC1CCCCC1)c1ccc(-c2ccc3ncnc(Nc4ccc(OCc5cccc(F)c5)c(Cl)c4)c3c2)o1,SBDHHGPMARTGSE-UHFFFAOYSA-N,7.112382699664264,True,c1ccc(COc2ccc(Nc3ncnc4ccc(-c5ccc(CNC6CCCCC6)o5)cc34)cc2)cc1
CHEMBL514771,COc1cc2nccc(Nc3ccc(F)c(Cl)c3)c2cc1NC(=O)/C=C/C(C)N1CCOCC1,SBGGEGBXNPOMAC-ZZXKWVIFSA-N,4.975104039892515,False,O=C(/C=C/CN1CCOCC1)Nc1ccc2nccc(Nc3ccccc3)c2c1
CHEMBL424853,Fc1ccc2c(c1)CNc1c(Nc3ccc(F)c(Cl)c3)ncnc1O2,SBGSTANUSUBCFW-UHFFFAOYSA-N,6.0,False,c1ccc(Nc2ncnc3c2NCc2ccccc2O3)cc1
CHEMBL3263380,Cc1ccc(C2=NN(c3nc(O)cs3)C(c3ccc4ccccc4c3)C2)cc1C,SBLCJXLAHDIZPM-UHFFFAOYSA-N,6.920818753952375,True,c1ccc(C2=NN(c3nccs3)C(c3ccc4ccccc4c3)C2)cc1
CHEMBL3612594,CCOC(=O)CCCn1c(=O)oc2cc3ncnc(Nc4ccc(O)cc4)c3cc21,SBMUEVUTJNFWAJ-UHFFFAOYSA-N,7.698970004336019,True,O=c1[nH]c2cc3c(Nc4ccccc4)ncnc3cc2o1
CHEMBL4068047,C=CC(=O)Nc1cc(-n2c(=O)cc(C)c3cnc(Nc4ccc(N5CCN(C)CC5)cc4OC)nc32)cc(C(F)(F)F)c1,SBQNECOKZYOWMS-UHFFFAOYSA-N,8.698970004336019,True,O=c1ccc2cnc(Nc3ccc(N4CCNCC4)cc3)nc2n1-c1ccccc1
CHEMBL461811,Cc1cc(Oc2ccc(Nc3ncnc4cc(C#C[C@@H]5C[C@@H](OC(=O)N6CCOCC6)CN5)sc34)cc2Cl)no1,SBYLTLVZZWSDEP-IEBWSBKVSA-N,6.3979400086720375,True,O=C(O[C@H]1CN[C@H](C#Cc2cc3ncnc(Nc4ccc(Oc5ccon5)cc4)c3s2)C1)N1CCOCC1
CHEMBL51320,c1ccc(CNc2ncnc3cnccc23)cc1,SCPGISLJHLHVLE-UHFFFAOYSA-N,5.692503962086787,False,c1ccc(CNc2ncnc3cnccc23)cc1
CHEMBL3740492,Cc1c(C(=O)c2coc3c2cc(O)c2ccccc23)[nH]c(-c2ccccc2)c1-c1ccccc1,SCSSLRWQFRELMA-UHFFFAOYSA-N,5.292429823902063,False,O=C(c1cc(-c2ccccc2)c(-c2ccccc2)[nH]1)c1coc2c1ccc1ccccc12
CHEMBL4218052,COc1cc(N2CCN(C)CC2)ccc1Nc1ncc(Cl)c(Oc2cccc(N=C=S)c2)n1,SCZWBTGOWFCNSG-UHFFFAOYSA-N,5.251037138743839,False,c1ccc(Oc2ccnc(Nc3ccc(N4CCNCC4)cc3)n2)cc1
CHEMBL507821,O=C(O[C@H]1CN[C@H](C#Cc2cc3ncnc(Nc4ccc5c(cnn5Cc5ccccc5)c4)c3s2)C1)N1CCOCC1,SDHRCQGCPUPURT-ILBGXUMGSA-N,7.096910013008056,True,O=C(O[C@H]1CN[C@H](C#Cc2cc3ncnc(Nc4ccc5c(cnn5Cc5ccccc5)c4)c3s2)C1)N1CCOCC1
CHEMBL4080934,C=CC(=O)Nc1cc(Nc2nccc(-c3cn4c5c(cccc35)CCC4)n2)c(OC)cc1N1CC(CCN(C)C)C1,SDOHWHFANSPDAN-UHFFFAOYSA-N,7.838631997765026,True,c1cc2c3c(c1)c(-c1ccnc(Nc4ccc(N5CCC5)cc4)n1)cn3CCC2
CHEMBL3085378,CCN(CC)[C@@](C)(C#Cc1ncnc2cc(OC)c(OC)cc12)CCc1ccccc1,SDPZPDJPVLTMKD-AREMUKBSSA-N,5.920818753952375,False,C(#Cc1ncnc2ccccc12)CCCc1ccccc1
CHEMBL4093114,Fc1c(NC(=S)Nc2ccc3ncnc(Nc4cccc(Br)c4)c3c2)cccc1C(F)(F)F,SDVVARQBHMKKJU-UHFFFAOYSA-N,6.949233688766958,True,S=C(Nc1ccccc1)Nc1ccc2ncnc(Nc3ccccc3)c2c1
CHEMBL3628791,Fc1ccc(Nc2ncnc3sccc23)cc1Cl,SDZQYPACAPOYTG-UHFFFAOYSA-N,5.525783735923745,False,c1ccc(Nc2ncnc3sccc23)cc1
CHEMBL4087383,CCC(=O)N1CC[C@H](N2C(=O)N(c3cc(OC)ccc3F)Cc3cnc(Nc4ccc(N5CCN(C)CC5)cc4OC)nc32)C1,SEBYLFIVYASTRE-QHCPKHFHSA-N,5.795880017344075,False,O=C1N(c2ccccc2)Cc2cnc(Nc3ccc(N4CCNCC4)cc3)nc2N1[C@H]1CCNC1
CHEMBL3975710,ON=C(O)/C=C/c1ccc(OCCOc2ccc3ncnc(Nc4ccc(F)c(Cl)c4)c3c2)cc1,SEDDPFLHZRESKS-XCVCLJGOSA-N,6.0,False,c1ccc(Nc2ncnc3ccc(OCCOc4ccccc4)cc23)cc1
CHEMBL154080,COC(=O)c1ccc(CNC(=O)CCc2c(SSc3[nH]c4ccccc4c3CCC(=O)NCc3ccc(C(=O)OC)cc3)[nH]c3ccccc23)cc1,SEFPCKRFUORUQG-UHFFFAOYSA-N,4.356547323513812,False,O=C(CCc1c(SSc2[nH]c3ccccc3c2CCC(=O)NCc2ccccc2)[nH]c2ccccc12)NCc1ccccc1
CHEMBL2048907,CC(C)(O)C(=O)NCCn1ccc2ncnc(Nc3ccc(Oc4cccc5sncc45)c(Cl)c3)c21,SEHAPCZLZSSPLF-UHFFFAOYSA-N,8.154901959985743,True,c1cc(Oc2ccc(Nc3ncnc4cc[nH]c34)cc2)c2cnsc2c1
CHEMBL56319,CCOC(=O)C(Cc1ccccc1)=NC(=O)C(C#N)Cc1ccc(O)c(O)c1,SEOLBAMRWONTTM-UHFFFAOYSA-N,5.815308569182401,False,O=C(CCc1ccccc1)N=CCc1ccccc1
CHEMBL3219506,OB(O)c1ccc2ncnc(Nc3ccc(F)c(Cl)c3)c2c1,SESKZHLGRYOBRC-UHFFFAOYSA-N,6.096910013008056,False,c1ccc(Nc2ncnc3ccccc23)cc1
CHEMBL3612578,CCOC(=O)CCCn1c(=O)oc2cc3ncnc(Nc4ccc(Cl)cc4)c3cc21,SEUCLHIHSBSHOP-UHFFFAOYSA-N,5.920818753952375,False,O=c1[nH]c2cc3c(Nc4ccccc4)ncnc3cc2o1
CHEMBL3218000,C#Cc1cccc(Nc2ncnc3ccc(OCc4ccc(C(=O)Nc5ccccc5N)cc4)cc23)c1,SEVGOOROBLVJGK-UHFFFAOYSA-N,7.107905397309519,True,O=C(Nc1ccccc1)c1ccc(COc2ccc3ncnc(Nc4ccccc4)c3c2)cc1
CHEMBL2148051,CC(C(=O)NCCn1ccc2ncnc(Nc3ccc(Oc4cccc(Cl)c4)c(Cl)c3)c21)S(C)(=O)=O,SEXLNNKPTDAAAL-UHFFFAOYSA-N,8.008773924307505,True,c1ccc(Oc2ccc(Nc3ncnc4cc[nH]c34)cc2)cc1
CHEMBL485065,NCCNC(=O)c1ccc(S(=O)(=O)Oc2ccc(/C=C/[N+](=O)[O-])cc2)cc1,SEZNYMUPQATMFM-FMIVXFBMSA-N,5.284318117920506,False,O=S(=O)(Oc1ccccc1)c1ccccc1
CHEMBL3604925,CCC(=O)Nc1ccc(Oc2nc(Nc3cc(C)[nH]n3)cc(N3CCN(C)CC3)n2)cc1,SFJBXXJTMGDYNG-UHFFFAOYSA-N,6.154901959985743,False,c1ccc(Oc2nc(Nc3cc[nH]n3)cc(N3CCNCC3)n2)cc1
CHEMBL497184,CCO[C@H]1CN[C@H](C#Cc2cc3ncnc(Nc4ccc(OCc5cccc(F)c5)c(Cl)c4)c3s2)C1,SFLDOYMGTGAPKO-TZIWHRDSSA-N,6.939302159646388,True,C(#C[C@@H]1CCCN1)c1cc2ncnc(Nc3ccc(OCc4ccccc4)cc3)c2s1
CHEMBL4092990,C=CC(=O)Nc1ccc(CN(C(=O)Nc2c(Cl)c(OC)cc(OC)c2Cl)c2cc(Nc3ccc(N4CCN(C)CC4)cc3)ncn2)cc1,SFLKJNSBBVSPFE-UHFFFAOYSA-N,7.774690718274137,True,O=C(Nc1ccccc1)N(Cc1ccccc1)c1cc(Nc2ccc(N3CCNCC3)cc2)ncn1
CHEMBL352954,Nc1ncnc2c1c(-c1ccccc1)cn2C1CCCC1,SFSJABJVSLHBAD-UHFFFAOYSA-N,6.301029995663981,True,c1ccc(-c2cn(C3CCCC3)c3ncncc23)cc1
CHEMBL3671485,C=CC(=O)Nc1cc2c(Nc3ccc(Br)cc3F)ncnc2cc1OCC1CCN(C(=O)NC(C)(C)C)CC1,SFSSJAHDZCXDRO-UHFFFAOYSA-N,7.853871964321762,True,c1ccc(Nc2ncnc3cc(OCC4CCNCC4)ccc23)cc1
CHEMBL3297897,COc1ccc(Nc2nc(C)nc3oc(C)cc23)cc1,SFTLZKDAWSMUNG-UHFFFAOYSA-N,7.374687549038326,True,c1ccc(Nc2ncnc3occc23)cc1
CHEMBL52076,Nc1cc2ncnc(Nc3cccc(Br)c3)c2cn1,SFUYILVZGXHCDG-UHFFFAOYSA-N,8.0,True,c1ccc(Nc2ncnc3ccncc23)cc1
CHEMBL209343,CNc1ccc2ncnc(Nc3cccc(Cl)c3)c2c1,SFZSLQNVKFDVLY-UHFFFAOYSA-N,8.397940008672037,True,c1ccc(Nc2ncnc3ccccc23)cc1
CHEMBL207718,COc1cc2ncnc(Nc3cccc(Cl)c3F)c2cc1CN(C)C1(C(N)=O)CN(C)C1,SGSZBDPHZWMJPU-UHFFFAOYSA-N,7.698970004336019,True,c1ccc(Nc2ncnc3ccc(CNC4CNC4)cc23)cc1
CHEMBL245278,C[C@H](c1cccc(F)c1)n1ncc2cc(Nc3ncnn4ccc(COC[C@@H]5CNCCO5)c34)ccc21,SGYAQGSCPQGXLC-KOSHJBKYSA-N,7.167491087293763,True,c1ccc(Cn2ncc3cc(Nc4ncnn5ccc(COC[C@@H]6CNCCO6)c45)ccc32)cc1
CHEMBL397122,C[C@@H](c1cccc(F)c1)n1ncc2cc(Nc3ncnn4ccc(COC[C@@H]5CNCCO5)c34)ccc21,SGYAQGSCPQGXLC-UUOWRZLLSA-N,6.3979400086720375,True,c1ccc(Cn2ncc3cc(Nc4ncnn5ccc(COC[C@@H]6CNCCO6)c45)ccc32)cc1
CHEMBL1643971,C=CC(=O)Nc1cccc(Oc2nc(Nc3ccc(N4CCOCC4)cc3OC)ncc2Cl)c1,SGYVANQNHBGWFO-UHFFFAOYSA-N,8.259637310505756,True,c1ccc(Oc2ccnc(Nc3ccc(N4CCOCC4)cc3)n2)cc1
CHEMBL4241486,O=C(N/N=C1\CC2(CCCCC2)Oc2c1ccc1ccccc21)C1C2CC3CC(C2)CC1C3,SGZWKWDDCXXCAG-QCWLDUFUSA-N,5.920818753952375,False,O=C(N/N=C1\CC2(CCCCC2)Oc2c1ccc1ccccc21)C1C2CC3CC(C2)CC1C3
CHEMBL328955,Nc1ccc2c(Nc3cccc(Cl)c3)ncnc2c1,SHJIAUOHYKFYCU-UHFFFAOYSA-N,9.602059991327964,True,c1ccc(Nc2ncnc3ccccc23)cc1
CHEMBL500115,CS(=O)(=O)O[C@H]1CN[C@H](C#Cc2cc3ncnc(Nc4ccc(OCc5cccc(F)c5)c(Cl)c4)c3s2)C1,SHMDVAIGKWZURP-UYAOXDASSA-N,7.091514981121351,True,C(#C[C@@H]1CCCN1)c1cc2ncnc(Nc3ccc(OCc4ccccc4)cc3)c2s1
CHEMBL4089120,CCC(=O)N1CC[C@H](N2C(=O)N(c3cccc(OC(F)(F)F)c3)Cc3cnc(Nc4ccc(N5CCN(C)CC5)c(C)c4)nc32)C1,SHMVUUPUSVWHFH-VWLOTQADSA-N,6.051098239029786,False,O=C1N(c2ccccc2)Cc2cnc(Nc3ccc(N4CCNCC4)cc3)nc2N1[C@H]1CCNC1
CHEMBL1830267,Cc1ccc(C=CC(=NNC(N)=S)c2ccccc2)cc1,SHPUVHYBHKPKPR-UHFFFAOYSA-N,4.759700417997288,False,N=C(C=Cc1ccccc1)c1ccccc1
CHEMBL3676360,C=CC(=O)Nc1cc2c(Nc3cc(Cl)c(Cl)cc3F)ncnc2cc1OCCNC(=O)CN(C)C,SHRZDXFZUPQARN-UHFFFAOYSA-N,8.045757490560675,True,c1ccc(Nc2ncnc3ccccc23)cc1
CHEMBL3699593,C=CC(=O)Nc1cccc(Nc2nc(Nc3ccc(N4CCN(S(C)(=O)=O)CC4)cc3OC)ncc2C(F)(F)F)c1,SHSKZEADGDUNPX-UHFFFAOYSA-N,7.698970004336019,True,c1ccc(Nc2ccnc(Nc3ccc(N4CCNCC4)cc3)n2)cc1
CHEMBL1202473,COc1cc2c(Nc3cc(O)c(C)cc3F)ncnc2cc1OCC1CCN(C)CC1,SIABKVPDKZOJCK-UHFFFAOYSA-N,6.522878745280337,True,c1ccc(Nc2ncnc3cc(OCC4CCNCC4)ccc23)cc1
CHEMBL92936,CNc1cc2ncnc(Nc3cccc(Br)c3)c2cc1[N+](=O)[O-],SIBSADYFORJTDQ-UHFFFAOYSA-N,7.167491087293763,True,c1ccc(Nc2ncnc3ccccc23)cc1
CHEMBL4098412,CSc1nc(-c2ccc(F)cc2)c(-c2ccnc(Nc3cc(N4CCN(C)CC4)cc([N+](=O)[O-])c3)c2)[nH]1,SICPCCQPWGKEBF-UHFFFAOYSA-N,7.920818753952375,True,c1ccc(-c2nc[nH]c2-c2ccnc(Nc3cccc(N4CCNCC4)c3)c2)cc1
CHEMBL3218346,C=CC(=O)Nc1cccc(Nc2cc(Nc3cccc(Br)c3)ncn2)c1,SIHPKLUMSSJTTA-UHFFFAOYSA-N,8.267606240177031,True,c1ccc(Nc2cc(Nc3ccccc3)ncn2)cc1
CHEMBL3353399,C=CC(=O)Nc1cc(Nc2ncc(Cl)c(-c3cnn4ccccc34)n2)c(OC)cc1N1CCN(C(=O)CNC)CC1,SIKCGJIZDJHPPU-UHFFFAOYSA-N,4.180456064458132,False,c1ccn2ncc(-c3ccnc(Nc4ccc(N5CCNCC5)cc4)n3)c2c1
CHEMBL401054,COc1cc2ncc(C#N)c(N[C@@H]3C[C@H]3c3ccccc3)c2cc1OCCN1CCOCC1,SIMNHPGTUXYIRW-NZQKXSOJSA-N,6.392544976785331,True,c1ccc([C@@H]2C[C@H]2Nc2ccnc3ccc(OCCN4CCOCC4)cc23)cc1
CHEMBL3758739,CC1(C)OCc2c(Nc3[nH]nc4c(Cl)cccc34)nc(-c3c[nH]nc3C(F)F)nc21,SIMOEFIOKHUVBO-UHFFFAOYSA-N,6.431798275933005,True,c1ccc2c(Nc3nc(-c4cn[nH]c4)nc4c3COC4)[nH]nc2c1
CHEMBL2283252,O=C(/C=C/c1ccccc1)Nc1cc(F)cc(F)c1,SIQBJLBTFVYUHE-VOTSOKGWSA-N,4.878440155812499,False,O=C(/C=C/c1ccccc1)Nc1ccccc1
CHEMBL3759199,COc1cccc(OC)c1-c1cc2c(N[C@H](CO)c3ccccc3)ncnc2s1,SIQIYGQLUVVWAO-MRXNPFEDSA-N,9.045757490560677,True,c1ccc(CNc2ncnc3sc(-c4ccccc4)cc23)cc1
CHEMBL1080272,O=C(NCCN1CCCC1)c1cc2cnnc(Nc3ccc(OCc4cccc(F)c4)c(Cl)c3)c2[nH]1,SJCQYTOHJMCKJL-UHFFFAOYSA-N,4.8198741248359465,False,O=C(NCCN1CCCC1)c1cc2cnnc(Nc3ccc(OCc4ccccc4)cc3)c2[nH]1
CHEMBL325589,Cn1c(=O)c(-c2c(Cl)cccc2Cl)cc2cnc(Nc3cccnc3)nc21,SJHLMHPRVRNIFW-UHFFFAOYSA-N,6.292429823902063,False,O=c1[nH]c2nc(Nc3cccnc3)ncc2cc1-c1ccccc1
CHEMBL186080,Cc1cc2c(Nc3ccc(F)c(Cl)c3)ncnn2c1,SJLCKPQILXEAQP-UHFFFAOYSA-N,6.823908740944319,True,c1ccc(Nc2ncnn3cccc23)cc1
CHEMBL2437484,COc1ccc(Nc2ncc3ncc(=O)n(-c4cccc(NC(=O)/C=C/CN(C)C)c4)c3n2)cc1,SJMNSZVROFACMM-VMPITWQZSA-N,4.250596100989473,False,O=c1cnc2cnc(Nc3ccccc3)nc2n1-c1ccccc1
CHEMBL495734,CC(=O)N1CCC[C@@H]1C#Cc1cc2ncnc(Nc3ccc(OCc4cccc(F)c4)c(Cl)c3)c2s1,SJNOIJITAJHKOV-OAQYLSRUSA-N,7.236572006437063,True,C(#C[C@H]1CCCN1)c1cc2ncnc(Nc3ccc(OCc4ccccc4)cc3)c2s1
CHEMBL3977022,C=CC(=O)Nc1cccc(Nc2nc(Nc3ccc(OCCn4cncn4)cc3)ncc2Cl)c1,SJOULGHZZWXSPK-UHFFFAOYSA-N,6.985479461242076,True,c1ccc(Nc2ccnc(Nc3ccc(OCCn4cncn4)cc3)n2)cc1
CHEMBL3931223,COc1cc2c(Oc3ccc(NC(=O)c4cn(-c5ccccc5OC)cn4)cc3F)ccnc2cc1OCCCN1CCN(C)CC1,SJSWLZFLXRBNSJ-UHFFFAOYSA-N,6.161150909262744,False,O=C(Nc1ccc(Oc2ccnc3cc(OCCCN4CCNCC4)ccc23)cc1)c1cn(-c2ccccc2)cn1
CHEMBL77342,Cc1cc2cc(Nc3ccnc4cc(-c5ccc(CNCCOCCO)cc5)sc34)ccc2[nH]1,SJSZXGFLISXGGM-UHFFFAOYSA-N,6.18243463044022,False,c1ccc(-c2cc3nccc(Nc4ccc5[nH]ccc5c4)c3s2)cc1
CHEMBL1256432,CN1CCN([C@H]2CC[C@H](n3nc(-c4ccc(Nc5nc6cccc(Cl)c6o5)c(F)c4)c4c(N)ncnc43)CC2)CC1,SKBWQUPLWQUWPH-WGSAOQKQSA-N,5.5406075122407685,False,c1ccc2oc(Nc3ccc(-c4nn([C@H]5CC[C@H](N6CCNCC6)CC5)c5ncncc45)cc3)nc2c1
CHEMBL448929,CCc1cc(Nc2nccc(-c3c(-c4cccc(C(=O)Nc5c(F)cccc5F)c4)nc4ccccn34)n2)c(OC)cc1N1CCC(N2CCN(S(C)(=O)=O)CC2)CC1,SKFDSQFYKXYVPS-UHFFFAOYSA-N,7.657577319177793,True,O=C(Nc1ccccc1)c1cccc(-c2nc3ccccn3c2-c2ccnc(Nc3ccc(N4CCC(N5CCNCC5)CC4)cc3)n2)c1
CHEMBL117326,C=C(CN(C)C)C(=O)Nc1cc2c(Nc3ccc(F)c(Cl)c3)c(C#N)cnc2cc1OCC,SKHNDANTAUGBJJ-UHFFFAOYSA-N,6.251811972993799,False,c1ccc(Nc2ccnc3ccccc23)cc1
CHEMBL250523,COc1cc2ncnc(C#CCOc3ccccc3)c2cc1OC,SKJFTWBCHDIBAC-UHFFFAOYSA-N,7.823908740944319,True,C(#Cc1ncnc2ccccc12)COc1ccccc1
CHEMBL1254199,CN(c1cccc(Br)c1)c1nc(N)nc2[nH]c(Cc3ccccc3)cc12,SKKIJQLGOTXDRV-UHFFFAOYSA-N,4.274905478918531,False,c1ccc(Cc2cc3c(Nc4ccccc4)ncnc3[nH]2)cc1
CHEMBL3960167,Cc1cc(C(=O)Nc2nc3cccc(C)c3n2[C@@H]2CCCCN(C(=O)/C=C/CN(C)C)C2)ccn1,SKLAQDNYYXAFGK-QWDXWUACSA-N,8.675717544702307,True,O=C(Nc1nc2ccccc2n1[C@@H]1CCCCNC1)c1ccncc1
CHEMBL1173023,CC(=O)N1N=C(c2ccc(C)c(C)c2)CC1c1ccc(Br)cc1,SKPDUMIEGIXXAE-UHFFFAOYSA-N,4.685922008220787,False,c1ccc(C2=NNC(c3ccccc3)C2)cc1
CHEMBL4103370,Clc1ccc(-c2nnc(Cc3nc4ccccc4[nH]3)o2)cc1,SKURHCCLIBABGC-UHFFFAOYSA-N,7.091514981121351,True,c1ccc(-c2nnc(Cc3nc4ccccc4[nH]3)o2)cc1
CHEMBL574058,Cc1cc(Nc2ncc3cc(-c4c(Cl)cccc4Cl)c(=O)n(C)c3n2)ccc1F,SLCFEJAMCRLYRG-UHFFFAOYSA-N,6.4089353929735005,True,O=c1[nH]c2nc(Nc3ccccc3)ncc2cc1-c1ccccc1
CHEMBL3933895,CCOc1cc2ncnc(Nc3ccc4c(ccn4S(=O)(=O)c4ccccc4)c3)c2cc1NC(=O)/C=C/CN1CCOCC1,SLSKTJBHIGULOP-RMKNXTFCSA-N,6.913640169325252,True,O=C(/C=C/CN1CCOCC1)Nc1ccc2ncnc(Nc3ccc4c(ccn4S(=O)(=O)c4ccccc4)c3)c2c1
CHEMBL1914657,CC(Nc1ncnc2[nH]c(-c3ccc(O)cc3)cc12)c1ccc(C(F)(F)F)cc1,SLTFOBNOJWROLI-UHFFFAOYSA-N,5.336487529584844,False,c1ccc(CNc2ncnc3[nH]c(-c4ccccc4)cc23)cc1
CHEMBL203529,Fc1ccc2c(c1)CNc1c(Nc3ccccc3)ncnc1O2,SLZBIOGVOZLGMW-UHFFFAOYSA-N,5.154901959985743,False,c1ccc(Nc2ncnc3c2NCc2ccccc2O3)cc1
CHEMBL242131,CN(C)C/C=C/C(=O)Nc1ccc2ncnc(Nc3ccc(Br)cc3F)c2c1,SLZOGARBQLIHCR-ONEGZZNKSA-N,6.152427340857888,False,c1ccc(Nc2ncnc3ccccc23)cc1
CHEMBL355191,COc1cccc(-c2cn(C3CCC3)c3ncnc(N)c23)c1,SMFAJPHTYQUDOC-UHFFFAOYSA-N,6.346787486224656,True,c1ccc(-c2cn(C3CCC3)c3ncncc23)cc1
CHEMBL3909438,Cc1ccc2nc(NC(=O)c3cccc(C(F)(F)F)c3)n([C@H]3CC[C@H](O)CC3)c2c1,SMLJZTPPSWWMDY-QAQDUYKDSA-N,6.552841968657781,True,O=C(Nc1nc2ccccc2n1C1CCCCC1)c1ccccc1
CHEMBL116547,COc1cc(C=C(C#N)C(=O)c2ccc(O)c(O)c2)cc(CSCc2ccccc2)c1O,SMPHSAOFBCCNMS-UHFFFAOYSA-N,6.1249387366083,False,O=C(C=Cc1cccc(CSCc2ccccc2)c1)c1ccccc1
CHEMBL3655339,O=C(/C=C/[C@@H]1CCCN1)N1CCc2c(sc3ncnc(Nc4ccc(F)c(Cl)c4)c23)C1,SMQXTKSNVNONRG-BPJJOFIESA-N,8.698970004336019,True,O=C(/C=C/[C@@H]1CCCN1)N1CCc2c(sc3ncnc(Nc4ccccc4)c23)C1
CHEMBL3237939,Cc1ccc(-n2nc(C)c(C3C(C#N)C(=N)N(c4cccnc4)C4=CCCC(=O)C43)c2Cl)cc1,SMQYZARSIZBTBL-UHFFFAOYSA-N,4.99481948749622,False,N=C1CC(c2cnn(-c3ccccc3)c2)C2C(=O)CCC=C2N1c1cccnc1
CHEMBL1821870,Cc1ccc(C2=NN(c3nc(-c4ccc(Cl)cc4)cs3)C(c3ccc(Cl)cc3)C2)cc1C,SMRJCFJKLGDGNN-UHFFFAOYSA-N,6.721246399047171,True,c1ccc(C2=NN(c3nc(-c4ccccc4)cs3)C(c3ccccc3)C2)cc1
CHEMBL206782,COC(=O)CCCC(=O)Nc1cccc(C#Cc2cncnc2Nc2ccc(OCc3cccc(F)c3)c(Cl)c2)c1,SMSOSQRBSNFBDH-UHFFFAOYSA-N,7.508638306165727,True,C(#Cc1cncnc1Nc1ccc(OCc2ccccc2)cc1)c1ccccc1
CHEMBL589847,O=C(NCc1ccccc1)c1ccc(N(CCCl)CCCl)cc1,SMUJOARBULKATQ-UHFFFAOYSA-N,4.756713853916554,False,O=C(NCc1ccccc1)c1ccccc1
CHEMBL1095465,COc1ccc(OC)c(Cc2cc3c(Nc4cccc(Br)c4)nc(N)nc3[nH]2)c1,SMXAGMTVWRGJRI-UHFFFAOYSA-N,4.8996294548824375,False,c1ccc(Cc2cc3c(Nc4ccccc4)ncnc3[nH]2)cc1
CHEMBL338935,CO[C@H]1[C@@H](N(C)C(=O)CN)C[C@@H]2O[C@@]1(C)n1c3ccccc3c3c4c(c5c6ccccc6n2c5c31)C(=O)NC4,SMZYTCQRZVNFFJ-PVAPRNRXSA-N,6.657577319177793,True,O=C1NCc2c1c1c3ccccc3n3c1c1c2c2ccccc2n1C1CCC[C@@H]3O1
CHEMBL3671480,C=CC(=O)Nc1cc2c(Nc3ccc(Br)cc3F)ncnc2cc1OCc1ccncc1,SNBZJZUPCUEFMH-UHFFFAOYSA-N,7.251811972993799,True,c1ccc(Nc2ncnc3cc(OCc4ccncc4)ccc23)cc1
CHEMBL3699598,C=CC(=O)Nc1cccc(Oc2nc(Nc3ccc(N4CCN(S(C)(=O)=O)CC4)cc3OC)ncc2C(F)(F)F)c1,SNFZHTGBYLFGLP-UHFFFAOYSA-N,7.187086643357144,True,c1ccc(Oc2ccnc(Nc3ccc(N4CCNCC4)cc3)n2)cc1
CHEMBL597773,COc1cc2ncnc(Nc3ccc(F)c(Cl)c3)c2cc1NC(=O)CCCCCCC(O)=NO,SNGQUXXOIHSAPK-UHFFFAOYSA-N,8.67778070526608,True,c1ccc(Nc2ncnc3ccccc23)cc1
CHEMBL4097682,CCC(=O)N1CC[C@H](N2C(=O)N(c3ccc(F)cc3)Cc3cnc(Nc4ccc(N5CCN(C)CC5)c(C)c4)nc32)C1,SNGTXEQRZGNNJM-SANMLTNESA-N,7.145086977692144,True,O=C1N(c2ccccc2)Cc2cnc(Nc3ccc(N4CCNCC4)cc3)nc2N1[C@H]1CCNC1
CHEMBL1242386,CC(C)n1nc(-c2ccc3[nH]ncc3c2)c2c(N)ncnc21,SNHKARUQVBJTQS-UHFFFAOYSA-N,5.958607314841775,False,c1ncc2c(-c3ccc4[nH]ncc4c3)n[nH]c2n1
CHEMBL263788,COc1cc2ncc(C#N)c(Nc3cccc(Br)c3)c2cc1NC(=O)/C=C/CN(C)C,SNKBFOKVNBZMBE-VMPITWQZSA-N,6.102372908709558,False,c1ccc(Nc2ccnc3ccccc23)cc1
CHEMBL1958033,Oc1csc(N2N=C(c3ccc(Cl)cc3)CC2c2ccc(Cl)cc2)n1,SNNBSQFVUWFITM-UHFFFAOYSA-N,5.088309841246138,False,c1ccc(C2=NN(c3nccs3)C(c3ccccc3)C2)cc1
CHEMBL2347970,OC[C@@H](Nc1ncnc2oc(-c3ccccc3)c(-c3ccco3)c12)c1ccccc1,SNPLCMYCBIYMEV-GOSISDBHSA-N,6.362510270487489,True,c1ccc(CNc2ncnc3oc(-c4ccccc4)c(-c4ccco4)c23)cc1
CHEMBL1821892,COc1ccc(C2=NN(c3nc(-c4ccccc4)cs3)C(c3ccc(Br)cc3)C2)cc1,SNWZOGJDJQYMCL-UHFFFAOYSA-N,5.254925208417943,False,c1ccc(C2=NN(c3nc(-c4ccccc4)cs3)C(c3ccccc3)C2)cc1
CHEMBL2316159,COc1cc(/C=C2\CCCC(=Cc3cc(C(C)(C)C)c(O)c(C(C)(C)C)c3)C2=O)cc(OC)c1,SNYZTPOUJHDPAX-LLXROEEISA-N,5.318758762624412,False,O=C1C(=Cc2ccccc2)CCC/C1=C\c1ccccc1
CHEMBL4206193,COc1ccc(-c2c3c4cc(OC)c(OCCCN(C)C)cc4oc(=O)c3n3ccc4cc(O)c(OC)cc4c23)cc1O,SNZMPFNYAZMZKW-UHFFFAOYSA-N,6.725149679983336,True,O=c1oc2ccccc2c2c(-c3ccccc3)c3c4ccccc4ccn3c12
CHEMBL598610,COc1cc2c(Nc3ccc(F)c(Cl)c3)ncnc2cc1OCCCCCCC(O)=NO,SOCMOTGNRXRMOH-UHFFFAOYSA-N,8.154901959985743,True,c1ccc(Nc2ncnc3ccccc23)cc1
CHEMBL326100,COc1cc(C=C(C#N)C(N)=O)cc(CSCc2ccccc2Cl)c1O,SOENYCXOSGATJG-UHFFFAOYSA-N,5.6020599913279625,False,c1ccc(CSCc2ccccc2)cc1
CHEMBL212201,O=S(=O)(CCCCNCc1ccc(-c2ccc3ncnc(Nc4ccc(OCc5ccccc5)c(Cl)c4)c3c2)o1)c1ccccc1,SOFMGJHORUKREC-UHFFFAOYSA-N,7.301029995663981,True,O=S(=O)(CCCCNCc1ccc(-c2ccc3ncnc(Nc4ccc(OCc5ccccc5)cc4)c3c2)o1)c1ccccc1
CHEMBL1914658,C[C@@H](Nc1ncnc2[nH]c(-c3ccc(O)cc3)cc12)c1ccccc1F,SONPCRONNUNFNX-GFCCVEGCSA-N,8.096910013008056,True,c1ccc(CNc2ncnc3[nH]c(-c4ccccc4)cc23)cc1
CHEMBL3764312,COCCOc1cc2ncnc(Nc3ccc(NC(=O)C45CC6CC(CC(C6)C4)C5)cc3C)c2cc1OCCOC,SONXKFRJLOFCTO-UHFFFAOYSA-N,7.782516055786093,True,O=C(Nc1ccc(Nc2ncnc3ccccc23)cc1)C12CC3CC(CC(C3)C1)C2
CHEMBL2426277,C=CC(=O)Nc1cc(Nc2ncc(Cl)c(-c3cnn4ccccc34)n2)c(OC)cc1N1CCN(C)CC1,SOSWXMRNLZWISK-UHFFFAOYSA-N,4.920818753952375,False,c1ccn2ncc(-c3ccnc(Nc4ccc(N5CCNCC5)cc4)n3)c2c1
CHEMBL4097627,Oc1cccc(-c2nc(-c3ccc(F)cc3)c(-c3ccnc4[nH]c(-c5ccccc5)cc34)[nH]2)c1,SOTOGKXMOXJSOQ-UHFFFAOYSA-N,7.627087997029893,True,c1ccc(-c2cc3c(-c4[nH]c(-c5ccccc5)nc4-c4ccccc4)ccnc3[nH]2)cc1
CHEMBL54400,CNc1cc2ncnc(Nc3cccc(Br)c3)c2cn1,SOVBDLAXFPZPCR-UHFFFAOYSA-N,9.886056647693165,True,c1ccc(Nc2ncnc3ccncc23)cc1
CHEMBL604042,Oc1ccc(CN(Cc2cccc(Br)c2O)C(=S)Nc2ccccc2)cc1,SOXYLYNQTNNXEV-UHFFFAOYSA-N,6.920818753952375,True,S=C(Nc1ccccc1)N(Cc1ccccc1)Cc1ccccc1
CHEMBL3671498,C=CC(=O)Nc1cc2c(Nc3ccc(Br)cc3F)ncnc2cc1OCCNC(=O)CN(C)C,SOYOGGAXHRNJSO-UHFFFAOYSA-N,8.698970004336019,True,c1ccc(Nc2ncnc3ccccc23)cc1
CHEMBL3671566,C=CC(=O)Nc1cc2c(Nc3ccc(Br)cc3F)ncnc2cc1OCCNC(=O)N1CCN(C)CC1,SPELKVATJBMWHZ-UHFFFAOYSA-N,7.886056647693163,True,O=C(NCCOc1ccc2c(Nc3ccccc3)ncnc2c1)N1CCNCC1
CHEMBL460731,CS(=O)(=O)CCNCCCCOc1ccc2ncnc(Nc3ccc(F)c(Cl)c3)c2c1,SPEQBPSZWOMRLO-UHFFFAOYSA-N,7.698970004336019,True,c1ccc(Nc2ncnc3ccccc23)cc1
CHEMBL56455,COc1ccc(CCNC(=O)C(C#N)=Cc2ccc(O)c(O)c2)cc1OC,SPPRJVVDZRWCNP-UHFFFAOYSA-N,5.769551078621726,False,O=C(C=Cc1ccccc1)NCCc1ccccc1
CHEMBL1242384,CC(C)n1nc(-c2ccc3c(ccn3C)c2)c2c(N)ncnc21,SPUWUOGLPPVXCW-UHFFFAOYSA-N,6.019996628416253,False,c1ncc2c(-c3ccc4[nH]ccc4c3)n[nH]c2n1
CHEMBL2312649,CN1CCC(NC(=O)c2cnc(Nc3cc(Cl)cc(Cl)c3)nc2NC2CCC(N(C)C)CC2)CC1,SQKBBDOFPPNVCL-UHFFFAOYSA-N,4.522878745280337,False,O=C(NC1CCNCC1)c1cnc(Nc2ccccc2)nc1NC1CCCCC1
CHEMBL1821886,Cc1ccc(C2CC(c3ccc(Br)cc3)=NN2c2nc(-c3ccc(Cl)cc3)cs2)cc1,SQOKKHQFCXEADP-UHFFFAOYSA-N,4.5502131530142265,False,c1ccc(C2=NN(c3nc(-c4ccccc4)cs3)C(c3ccccc3)C2)cc1
CHEMBL1173454,Cc1ccc(C2=NN(C(N)=S)C(c3ccc([N+](=O)[O-])cc3)C2)cc1C,SQRBULDMAYBTJT-UHFFFAOYSA-N,5.514278573518419,False,c1ccc(C2=NNC(c3ccccc3)C2)cc1
CHEMBL4277911,C=C=CC(=O)Nc1cc(Nc2nccc(-c3cn(C)c4ccccc34)n2)c(OC)cc1N(CC)CCN(C)C,SQRVGFKCWSJLGT-UHFFFAOYSA-N,9.096910013008056,True,c1ccc(Nc2nccc(-c3c[nH]c4ccccc34)n2)cc1
CHEMBL3759359,COc1c(CO)cccc1-c1cc2c(N[C@H](C)c3ccccc3)ncnc2s1,SQUQAWDKEWMOOC-CQSZACIVSA-N,8.823908740944319,True,c1ccc(CNc2ncnc3sc(-c4ccccc4)cc23)cc1
CHEMBL3237932,COc1cc(N2CCN(C)CC2)ccc1Nc1ncc(Cl)c(Oc2cccc(NC(=O)CCN3CCCCC3)c2)n1,SQVQPFVHUAQBBA-UHFFFAOYSA-N,5.0,False,O=C(CCN1CCCCC1)Nc1cccc(Oc2ccnc(Nc3ccc(N4CCNCC4)cc3)n2)c1
CHEMBL1172917,NC(=S)N1N=C(c2ccc(Cl)c(Cl)c2)CC1c1ccc(Br)cc1,SQWROUHFTLYQQG-UHFFFAOYSA-N,5.164309428507575,False,c1ccc(C2=NNC(c3ccccc3)C2)cc1
CHEMBL3092320,O=C(Nc1cc2c(Nc3ccc(F)c(Cl)c3)ncnc2cc1O[C@H]1CCOC1)N1CCC(F)(F)C1,SQWZVZOXRJHIJX-AWEZNQCLSA-N,5.801068130067791,False,O=C(Nc1cc2c(Nc3ccccc3)ncnc2cc1O[C@H]1CCOC1)N1CCCC1
CHEMBL443906,c1cc(Nc2ncnc3[nH]cnc23)cc(-c2nc3ccccc3s2)c1,SRCAIQMBBDVLGX-UHFFFAOYSA-N,5.769551078621726,False,c1cc(Nc2ncnc3[nH]cnc23)cc(-c2nc3ccccc3s2)c1
CHEMBL256527,CON=Cc1c(N)ncnc1Nc1ccc2c(cnn2Cc2ccc(F)cc2)c1,SRECGCFCXBFPTP-UHFFFAOYSA-N,6.982966660701219,True,c1ccc(Cn2ncc3cc(Nc4ccncn4)ccc32)cc1
CHEMBL2047241,Nc1nc2c(c(Nc3ccc(F)cc3)n1)-c1ccccc1C2,SRFCANVGZHMDGN-UHFFFAOYSA-N,3.558933593360737,False,c1ccc(Nc2ncnc3c2-c2ccccc2C3)cc1
CHEMBL248045,COc1ccc2c(N[C@@H]3C[C@H]3c3ccccc3)c(C#N)cnc2c1,SRISCUOQTDYYHZ-PKOBYXMFSA-N,5.58838029403677,False,c1ccc([C@@H]2C[C@H]2Nc2ccnc3ccccc23)cc1
CHEMBL247915,NC1CCN(Cc2ccn3ncnc(Nc4ccc5c(cnn5Cc5cccnc5)c4)c23)CC1,SRIYNYFAYVOGRJ-UHFFFAOYSA-N,6.721246399047171,True,c1cncc(Cn2ncc3cc(Nc4ncnn5ccc(CN6CCCCC6)c45)ccc32)c1
CHEMBL2283245,CC(C)c1ccc(NC(=O)/C=C/c2ccccc2)cc1,SRJUSGJYCYFWDF-MDWZMJQESA-N,4.836242476018044,False,O=C(/C=C/c1ccccc1)Nc1ccccc1
CHEMBL4072392,CC(=O)c1ccccc1-n1c(-c2ccccc2)nc2cc(Cl)ccc2c1=O,SRKOWDMHWXRYFA-UHFFFAOYSA-N,6.142667503568731,False,O=c1c2ccccc2nc(-c2ccccc2)n1-c1ccccc1
CHEMBL593274,COc1cc2c(Nc3ccc(-c4nc5ccccc5s4)c(Cl)c3)ncnc2cc1OCCCN1CCN(C)CC1,SRNHAKVSFVSSPN-UHFFFAOYSA-N,7.795880017344075,True,c1ccc2sc(-c3ccc(Nc4ncnc5cc(OCCCN6CCNCC6)ccc45)cc3)nc2c1
CHEMBL57712,N#CC(C#N)=Cc1cc[n+]([O-])cc1,SRNWYLUMADRBIH-UHFFFAOYSA-N,2.886056647693163,False,c1cc[nH+]cc1
CHEMBL127086,O=C(O)CCNc1cc2ncnc(Nc3cccc(Br)c3)c2cn1,SRQBKAXEENMWFO-UHFFFAOYSA-N,9.214670164989233,True,c1ccc(Nc2ncnc3ccncc23)cc1
CHEMBL355322,COc1cccc(-c2cn(C3CCN(CC(N)=O)C3)c3ncnc(N)c23)c1,SRVDBASMNUCPHD-UHFFFAOYSA-N,6.356547323513812,True,c1ccc(-c2cn(C3CCNC3)c3ncncc23)cc1
CHEMBL76082,N#CC(C#N)=Cc1cc2c(cc1[N+](=O)[O-])OCO2,SRYYXVFONUYVLR-UHFFFAOYSA-N,3.2518119729937998,False,c1ccc2c(c1)OCO2
CHEMBL3753532,COc1cc(NC(=O)Nc2ccccn2)cc(-c2c[nH]cn2)c1OC,SRZKOTJEDLCNES-UHFFFAOYSA-N,7.605373235727791,True,O=C(Nc1cccc(-c2c[nH]cn2)c1)Nc1ccccn1
CHEMBL3647967,C=CC(=O)N[C@H]1CC[C@@H](n2nc(-c3ccc(Oc4ccccc4)cc3)c3c(N)ncnc32)CC1,SSDFTYWIYVWCIE-KDURUIRLSA-N,7.686132779630847,True,c1ccc(Oc2ccc(-c3nn(C4CCCCC4)c4ncncc34)cc2)cc1
CHEMBL3912266,C=CC(=O)N[C@H]1CC[C@H](n2nc(-c3ccc(Oc4ccccc4)cc3)c3c(N)ncnc32)CC1,SSDFTYWIYVWCIE-WGSAOQKQSA-N,7.351639989019068,True,c1ccc(Oc2ccc(-c3nn(C4CCCCC4)c4ncncc34)cc2)cc1
CHEMBL595406,COc1cc2c(Nc3ccc(-c4nc5ccccc5s4)cc3C)ncnc2cc1OCCCN1CCN(C)CC1,SSHDKAJDJAVHAF-UHFFFAOYSA-N,6.6020599913279625,True,c1ccc2sc(-c3ccc(Nc4ncnc5cc(OCCCN6CCNCC6)ccc45)cc3)nc2c1
CHEMBL135861,CNC(=O)c1c([Se][Se]c2[nH]c3ccccc3c2C(=O)NC)[nH]c2ccccc12,SSIOMHJBYZEOEK-UHFFFAOYSA-N,4.886056647693163,False,c1ccc2[nH]c([Se][Se]c3cc4ccccc4[nH]3)cc2c1
CHEMBL3416614,Brc1cc2c(NCc3ccncc3)ncnc2s1,SSNOOYSAFIDADT-UHFFFAOYSA-N,5.410832609453952,False,c1cc(CNc2ncnc3sccc23)ccn1
CHEMBL205652,Fc1cccc(COc2ccc(Nc3ccncn3)cc2Cl)c1,SSNRTALFAXFKNE-UHFFFAOYSA-N,6.494850021680094,True,c1ccc(COc2ccc(Nc3ccncn3)cc2)cc1
CHEMBL163188,Cc1cccc(Nc2ncnc3cnc(N(C)C)cc23)c1,SSOSNGLIBSWZMG-UHFFFAOYSA-N,8.55284196865778,True,c1ccc(Nc2ncnc3cnccc23)cc1
CHEMBL94109,O=C(/C=C/CN1CCC(N2CCCCC2)CC1)Nc1ccc2ncnc(Nc3cccc(Br)c3)c2c1,SSRSEBNRBASBBM-VMPITWQZSA-N,7.167491087293763,True,O=C(/C=C/CN1CCC(N2CCCCC2)CC1)Nc1ccc2ncnc(Nc3ccccc3)c2c1
CHEMBL247866,CC(C)Nc1ncnc2oc(-c3ccc(OCCN4CCCC4)cc3)c(-c3ccccc3)c12,SSVDSZIWJBBCNN-UHFFFAOYSA-N,5.987584625237567,False,c1ccc(-c2c(-c3ccc(OCCN4CCCC4)cc3)oc3ncncc23)cc1
CHEMBL1241948,CC(C)n1nc(-c2cccc(NS(C)(=O)=O)c2)c2c(N)ncnc21,SSVLAVRFVKSIND-UHFFFAOYSA-N,4.0,False,c1ccc(-c2n[nH]c3ncncc23)cc1
CHEMBL479800,Fc1cccc(COc2ccc(Nc3ncnc4cc(-c5ccco5)sc34)cc2Cl)c1,SSYMKGVXLKENJR-UHFFFAOYSA-N,8.0,True,c1ccc(COc2ccc(Nc3ncnc4cc(-c5ccco5)sc34)cc2)cc1
CHEMBL3921664,CC(C)S(=O)(=O)c1ccccc1Nc1nc(N/N=C/c2ccc(F)cc2)ncc1Cl,STKCTXOVMCUJSB-BHGWPJFGSA-N,6.2441251443275085,False,C(=N\Nc1nccc(Nc2ccccc2)n1)/c1ccccc1
CHEMBL14699,COc1cc2ncnc(Nc3ccc(F)c(Cl)c3)c2cc1OCCN1CCOCC1,STNFCUFBMSVMBL-UHFFFAOYSA-N,8.0,True,c1ccc(Nc2ncnc3ccc(OCCN4CCOCC4)cc23)cc1
CHEMBL3633933,CCNC(=O)Nc1ccc2ncnc(Nc3ccc(OCc4ccccn4)c(Cl)c3)c2c1,STQXJADJAGHYFB-UHFFFAOYSA-N,6.6439741428068775,True,c1ccc(COc2ccc(Nc3ncnc4ccccc34)cc2)nc1
CHEMBL1630108,ON=C(O)/C=C/c1ccc(-c2ccc3ncnc(Nc4ccc(OCc5cccc(F)c5)c(Cl)c4)c3c2)s1,SUBNLERWESOYMX-YRNVUSSQSA-N,8.318758762624412,True,c1ccc(COc2ccc(Nc3ncnc4ccc(-c5cccs5)cc34)cc2)cc1
CHEMBL2437475,COc1ccc(-n2c(=O)cnc3cnc(Nc4ccc(N)cc4)nc32)cc1,SUEFUBDCBOJENJ-UHFFFAOYSA-N,5.170438943700607,False,O=c1cnc2cnc(Nc3ccccc3)nc2n1-c1ccccc1
CHEMBL311129,Cc1c(-c2ccccc2)[nH]c2ncnc(Nc3cccc(Cl)c3)c12,SUHVLNRNLVTOCF-UHFFFAOYSA-N,8.0,True,c1ccc(Nc2ncnc3[nH]c(-c4ccccc4)cc23)cc1
CHEMBL241918,CCOc1cc2ncnc(NC3=CC(=O)C(OCc4cccc(OC)c4)=CC3=O)c2cc1NC(=O)/C=C/CN(C)C,SULRERSGIWVFEH-JXMROGBWSA-N,6.969400278034049,True,O=C1C=C(OCc2ccccc2)C(=O)C=C1Nc1ncnc2ccccc12
CHEMBL3671486,C=CC(=O)Nc1cc2c(Nc3ccc(Br)cc3F)ncnc2cc1OCCCNC(=O)CN(C)C,SUPFKVRCENJLNR-UHFFFAOYSA-N,8.698970004336019,True,c1ccc(Nc2ncnc3ccccc23)cc1
CHEMBL3353408,C=CC(=O)Nc1cc(Nc2ncc(Cl)c(-c3c[nH]c4ccccc34)n2)c(OC)cc1N(C)CCN(C)C,SUPQPCQJBYPRPC-UHFFFAOYSA-N,6.698970004336019,True,c1ccc(Nc2nccc(-c3c[nH]c4ccccc34)n2)cc1
CHEMBL497804,O[C@H]1CN[C@H](C#Cc2cc3ncnc(Nc4ccc(OCc5cccc(F)c5)c(Cl)c4)c3s2)C1,SUSUDFJYOFEUFG-IEBWSBKVSA-N,7.853871964321762,True,C(#C[C@@H]1CCCN1)c1cc2ncnc(Nc3ccc(OCc4ccccc4)cc3)c2s1
CHEMBL290096,Brc1cccc(Nc2ncnc3ccccc23)c1,SUTRLYZWRGPLSJ-UHFFFAOYSA-N,7.568636235841012,True,c1ccc(Nc2ncnc3ccccc23)cc1
CHEMBL3355881,C#Cc1cccc(Nc2ncnc3cc(OC)c(OCCCCCn4ccnc4[N+](=O)[O-])cc23)c1,SUUQUGFBBWLFFH-UHFFFAOYSA-N,9.309803919971486,True,c1ccc(Nc2ncnc3ccc(OCCCCCn4ccnc4)cc23)cc1
CHEMBL3234757,CC(C)c1ccc(C(=O)Nc2ccc(CN3CCN(C)CC3)c(C(F)(F)F)c2)cc1NC(=O)c1cnc2[nH]ccc2c1,SUUZFEQGUGHTTA-UHFFFAOYSA-N,6.795880017344075,True,O=C(Nc1ccc(CN2CCNCC2)cc1)c1cccc(NC(=O)c2cnc3[nH]ccc3c2)c1
CHEMBL48802,C[S+]([O-])CCCCN=C=S,SUVMJBTUFCVSAD-UHFFFAOYSA-N,5.045757490560675,False,
CHEMBL1784637,CNC(=O)c1ncc(C#Cc2cc(C(=O)Nc3ccc(CN4CCN(CCO)CC4)c(C(F)(F)F)c3)ccc2C)n1C,SUXYGJZMCWKJJI-UHFFFAOYSA-N,6.133122185662501,False,O=C(Nc1ccc(CN2CCNCC2)cc1)c1cccc(C#Cc2cnc[nH]2)c1
CHEMBL2437223,CSCCNCc1ccc(-c2ccc3ncnc(Nc4ccc(OCc5cccc(F)c5)c(Cl)c4)c3c2)o1,SVDARJHLGCNCRG-UHFFFAOYSA-N,7.425140483253597,True,c1ccc(COc2ccc(Nc3ncnc4ccc(-c5ccco5)cc34)cc2)cc1
CHEMBL2048909,CC(C)(C(=O)NCCn1ccc2ncnc(Nc3ccc(Oc4cccc5sncc45)c(Cl)c3)c21)S(C)(=O)=O,SVRFIUCPQRDGOA-UHFFFAOYSA-N,8.259637310505756,True,c1cc(Oc2ccc(Nc3ncnc4cc[nH]c34)cc2)c2cnsc2c1
CHEMBL75177,Clc1cccc(Nc2ncnc3[nH]c4c(c23)CCCC4)c1,SVXFOLMQBCUDSL-UHFFFAOYSA-N,7.537602002101044,True,c1ccc(Nc2ncnc3[nH]c4c(c23)CCCC4)cc1
CHEMBL1257912,CC(=O)Nc1ccc2c(c1)C(c1ccccc1Cl)=Nc1c[nH]nc1N2,SVZUZSDHGKVQNU-UHFFFAOYSA-N,6.139063379299906,False,c1ccc(C2=Nc3c[nH]nc3Nc3ccccc32)cc1
CHEMBL2348419,COC(=O)C1=Cc2c(ncnc2Nc2ccc(Oc3cccc(C(F)(F)F)c3)c(Cl)c2)NCC1,SVZZZOQIVCYFKH-UHFFFAOYSA-N,6.958607314841775,True,C1=Cc2c(ncnc2Nc2ccc(Oc3ccccc3)cc2)NCC1
CHEMBL286160,COCCOc1cc2ncnc(Nc3ccc(Cl)cc3F)c2cc1OC,SWIHGAFGYUTAOY-UHFFFAOYSA-N,7.0,True,c1ccc(Nc2ncnc3ccccc23)cc1
CHEMBL3344219,CCCCCCC(=O)ON[C@H](CS(C)(=O)=O)c1ccc(-c2ccc3ncnc(Nc4ccc(OCc5cccc(F)c5)c(Cl)c4)c3c2)o1,SWMGNCSEVSFTQH-SSEXGKCCSA-N,6.957818405484234,True,c1ccc(COc2ccc(Nc3ncnc4ccc(-c5ccco5)cc34)cc2)cc1
CHEMBL319244,O=C(C=Cc1ccc(O)c(O)c1)OCCc1ccccc1,SWUARLUWKZWEBQ-UHFFFAOYSA-N,5.997833938243492,False,O=C(C=Cc1ccccc1)OCCc1ccccc1
CHEMBL421686,Cc1[nH]c2ncnc(NCc3ccccc3)c2c1C,SWWFXMGJQPPKRW-UHFFFAOYSA-N,5.96657624451305,False,c1ccc(CNc2ncnc3[nH]ccc23)cc1
CHEMBL3734786,Cc1nc2cnc(Nc3ccnc(N4CC[C@H](O)C(F)(F)C4)n3)cc2n1C(C)C,SXBQBMPZTKSXKA-HNNXBMFYSA-N,5.982966660701219,False,c1cc(Nc2cc3[nH]cnc3cn2)nc(N2CCCCC2)n1
CHEMBL213560,O=C1NC(=O)N(CCc2ccccc2)C1=Cc1ccc(O)cc1,SXBULDIKCMKRBS-UHFFFAOYSA-N,6.1487416512809245,False,O=C1NC(=O)N(CCc2ccccc2)C1=Cc1ccccc1
CHEMBL2048789,O=C1NCc2ccc(Oc3ccc(Nc4ncnc5ccn(CCO)c45)cc3Cl)cc21,SXHXSFDRRRWGRB-UHFFFAOYSA-N,8.10790539730952,True,O=C1NCc2ccc(Oc3ccc(Nc4ncnc5cc[nH]c45)cc3)cc21
CHEMBL181742,Clc1cc(Nc2ncnc3nn4ccccc4c23)ccc1OCc1ccccc1,SXKKJDFMAPGQSG-UHFFFAOYSA-N,7.301029995663981,True,c1ccc(COc2ccc(Nc3ncnc4nn5ccccc5c34)cc2)cc1
CHEMBL55794,COc1cc2ncnc(Nc3ccc(F)c(Cl)c3)c2cc1OCCNC(C)C,SXOWTHDMELDFHL-UHFFFAOYSA-N,6.508638306165727,True,c1ccc(Nc2ncnc3ccccc23)cc1
CHEMBL126137,CN(C)CCN(C)c1cc2ncnc(Nc3cccc(Br)c3)c2cn1,SXQLAYKKOJLZRB-UHFFFAOYSA-N,7.397940008672037,True,c1ccc(Nc2ncnc3ccncc23)cc1
CHEMBL194349,CCOC(=O)c1cn2ncnc(Nc3ccc(Oc4ccccc4)cc3)c2c1CC,SXUTWMUWKOLBDA-UHFFFAOYSA-N,6.214670164989233,False,c1ccc(Oc2ccc(Nc3ncnn4cccc34)cc2)cc1
CHEMBL3760090,COc1cc2c(Nc3ccc(NC(=O)c4ccc(Cl)cc4)cc3)ncnc2cc1OCCCN1CCN(C)CC1,SYBFJVJKOITZFD-UHFFFAOYSA-N,5.876148359032914,False,O=C(Nc1ccc(Nc2ncnc3cc(OCCCN4CCNCC4)ccc23)cc1)c1ccccc1
CHEMBL3699615,C=CC(=O)Nc1cccc(Nc2nc(Nc3ccc(N4CCN(S(C)(=O)=O)CC4)cc3OC)ncc2Cl)c1,SYBJZAZQBBVLFV-UHFFFAOYSA-N,8.259637310505756,True,c1ccc(Nc2ccnc(Nc3ccc(N4CCNCC4)cc3)n2)cc1
CHEMBL2385982,CCOc1cc([N+](=O)[O-])c(C(=O)Nc2ccc(F)c(Cl)c2)cc1NC(=O)/C=C/CN(C)C,SYCDLHBLWKJQNK-AATRIKPKSA-N,5.221848749616356,False,O=C(Nc1ccccc1)c1ccccc1
CHEMBL3805461,C#Cc1cccc(Nc2ncnc3cc(OCCOC)c4c(c23)OCCO4)c1,SYCYMWZFELUOFO-UHFFFAOYSA-N,7.67778070526608,True,c1ccc(Nc2ncnc3ccc4c(c23)OCCO4)cc1
CHEMBL50415,O=C(Nc1ccccc1)c1cc2cc(O)c(O)cc2cn1,SYDQSDKPIPVKLH-UHFFFAOYSA-N,5.251811972993799,False,O=C(Nc1ccccc1)c1cc2ccccc2cn1
CHEMBL3980550,CN(C)C/C=C/C(=O)NC1CCC(n2nc(-c3ccc(Oc4ccccc4)cc3)c3c(N)ncnc32)CC1,SYFFKWAKQHJCOM-RMKNXTFCSA-N,7.647238808276169,True,c1ccc(Oc2ccc(-c3nn(C4CCCCC4)c4ncncc34)cc2)cc1
CHEMBL3893004,CN(C)C/C=C/C(=O)N[C@H]1CC[C@H](n2nc(-c3ccc(Oc4ccccc4)cc3)c3c(N)ncnc32)CC1,SYFFKWAKQHJCOM-UKLJSHNNSA-N,7.647238808276169,True,c1ccc(Oc2ccc(-c3nn(C4CCCCC4)c4ncncc34)cc2)cc1
CHEMBL3889694,CN(C)C/C=C/C(=O)N[C@H]1CC[C@@H](n2nc(-c3ccc(Oc4ccccc4)cc3)c3c(N)ncnc32)CC1,SYFFKWAKQHJCOM-YEALQQFWSA-N,7.078833949362261,True,c1ccc(Oc2ccc(-c3nn(C4CCCCC4)c4ncncc34)cc2)cc1
CHEMBL383121,COc1ccc2c(c1)CNc1c(Nc3ccccc3)ncnc1O2,SYJIYJSNAYNAFP-UHFFFAOYSA-N,5.1249387366083,False,c1ccc(Nc2ncnc3c2NCc2ccccc2O3)cc1
CHEMBL3233794,O=C(/C=C/CN1CC2(CCOCC2)C1)Nc1cc2c(Nc3ccc(F)c(Cl)c3)ncnc2s1,SZLAQBNHGVKZED-OWOJBTEDSA-N,5.665747357665769,False,O=C(/C=C/CN1CC2(CCOCC2)C1)Nc1cc2c(Nc3ccccc3)ncnc2s1
CHEMBL40130,Brc1cccc(Nc2ncnc3cc4c(ccn4CCN4CCOCC4)cc23)c1,SZOXQULADAMXOQ-UHFFFAOYSA-N,8.431798275933005,True,c1ccc(Nc2ncnc3cc4c(ccn4CCN4CCOCC4)cc23)cc1
CHEMBL543600,CC(CN(C)C)C(=O)c1ccc(OS(=O)(=O)c2ccc(C(=O)O)cc2)cc1,SZUHJWJQFZTBMP-UHFFFAOYSA-N,4.0,False,O=S(=O)(Oc1ccccc1)c1ccccc1
CHEMBL351920,CC(=O)c1c(SSc2c(C(C)=O)c3ccccc3n2C)n(C)c2ccccc12,TTWGTAOWALLDCB-UHFFFAOYSA-N,5.251811972993799,False,c1ccc2[nH]c(SSc3cc4ccccc4[nH]3)cc2c1
CHEMBL3633936,CCOC(=O)C(C=Nc1ccc2ncnc(Nc3ccc(OCc4cccc(F)c4)c(Cl)c3)c2c1)C(=O)OCC,TUBAGDFAVXKNDZ-UHFFFAOYSA-N,6.090443970758825,False,c1ccc(COc2ccc(Nc3ncnc4ccccc34)cc2)cc1
CHEMBL130208,CO[C@H]1[C@@H](N(C)C(=O)c2cccc([N+](=O)[O-])c2)C[C@@H]2O[C@@]1(C)n1c3ccccc3c3c4c(c5c6ccccc6n2c5c31)C(=O)NC4,TUBBFDZWFNUZLH-PZFYLCKJSA-N,5.318758762624412,False,O=C(N[C@@H]1CC2O[C@@H](C1)n1c3ccccc3c3c4c(c5c6ccccc6n2c5c31)CNC4=O)c1ccccc1
CHEMBL56543,N#CC(=Cc1ccc(O)c(O)c1)C(=O)NCc1ccccc1,TUCIOBMMDDOEMM-UHFFFAOYSA-N,7.0,True,O=C(C=Cc1ccccc1)NCc1ccccc1
CHEMBL79215,c1ccc(NCCN(c2cc3ncnc(Nc4ccc5[nH]ccc5c4)c3s2)n2cccc2)cc1,TUGBVZCJQUNZOM-UHFFFAOYSA-N,9.0,True,c1ccc(NCCN(c2cc3ncnc(Nc4ccc5[nH]ccc5c4)c3s2)n2cccc2)cc1
CHEMBL2385993,Cc1ccc(NC(=O)c2ccc(CN3CCN(C)CC3)cc2)cc1C(=O)Nc1nccc(-c2cccc(F)c2)n1,TUHOZCYXPAPEME-UHFFFAOYSA-N,5.221848749616356,False,O=C(Nc1cccc(C(=O)Nc2nccc(-c3ccccc3)n2)c1)c1ccc(CN2CCNCC2)cc1
CHEMBL3914599,CCCN1CCCOC(COc2cc3ncnc(Nc4ccc(Cl)c(Cl)c4)c3cc2OC)C1,TUJUURQEVYFCIN-UHFFFAOYSA-N,7.301029995663981,True,c1ccc(Nc2ncnc3cc(OCC4CNCCCO4)ccc23)cc1
CHEMBL3805949,CC(C)Oc1cc2ncnc(Nc3ccc(F)c(C#N)c3)c2c2c1OCCO2,TUOAPNJJVOHHOI-UHFFFAOYSA-N,6.503623945987599,True,c1ccc(Nc2ncnc3ccc4c(c23)OCCO4)cc1
CHEMBL202621,O=C(C#CCN1CCOCC1)Nc1ccc2ncnc(Nc3ccc(F)c(Cl)c3)c2c1,TURWKCNNQKWOTA-UHFFFAOYSA-N,7.0655015487564325,True,O=C(C#CCN1CCOCC1)Nc1ccc2ncnc(Nc3ccccc3)c2c1
CHEMBL402113,CON=Cc1c(N)ncnc1Nc1ccc2c(cnn2Cc2ccccc2)c1,TUVKKBPRVDBWKZ-UHFFFAOYSA-N,7.356547323513812,True,c1ccc(Cn2ncc3cc(Nc4ccncn4)ccc32)cc1
CHEMBL1914674,C[C@@H](Nc1ncnc2[nH]c(-c3ccc(C#N)cc3)cc12)c1ccc(F)cc1,TUWHDDIOMXGHHR-CYBMUJFWSA-N,7.853871964321762,True,c1ccc(CNc2ncnc3[nH]c(-c4ccccc4)cc23)cc1
CHEMBL2385971,CN1CCN(Cc2ccc(C(=O)Nc3ccc(-c4cncc(C#N)c4Nc4ccc(F)c(Cl)c4)cc3)cc2)CC1,TUWKAINTBNFPSS-UHFFFAOYSA-N,5.522878745280337,False,O=C(Nc1ccc(-c2cnccc2Nc2ccccc2)cc1)c1ccc(CN2CCNCC2)cc1
CHEMBL355269,COc1cccc(-c2cn(C3CCN(CC(=O)N(C)C)CC3)c3ncnc(N)c23)c1,TUXRFGDOGJUGFD-UHFFFAOYSA-N,6.1249387366083,False,c1ccc(-c2cn(C3CCNCC3)c3ncncc23)cc1
CHEMBL3883534,C=CC(=O)Nc1cc2c(Nc3ccc(F)c(Cl)c3)ncnc2cc1OC,TUYDDIWQXWTNSW-UHFFFAOYSA-N,8.154901959985743,True,c1ccc(Nc2ncnc3ccccc23)cc1
CHEMBL3759459,COC(=O)c1ccc(-c2cc3c(N[C@H](C)c4ccccc4)ncnc3s2)c(OC)c1,TVCOOUOSYRSXSU-CQSZACIVSA-N,7.698970004336019,True,c1ccc(CNc2ncnc3sc(-c4ccccc4)cc23)cc1
CHEMBL421047,CN(C)C/C=C/C(=O)Nc1cc2c(Nc3ccc(F)c(Cl)c3)c(C#N)cnc2cc1OC(F)(F)F,TVFXIBINWPOVQP-ONEGZZNKSA-N,5.578396073130168,False,c1ccc(Nc2ccnc3ccccc23)cc1
CHEMBL4276744,C=CC(=O)Nc1ccccc1Nc1nc(Nc2ccc(OCCCN3CCOCC3)cc2)ncc1Cl,TVHBPGXGJIIGFO-UHFFFAOYSA-N,7.667561540084394,True,c1ccc(Nc2ccnc(Nc3ccc(OCCCN4CCOCC4)cc3)n2)cc1
CHEMBL336192,COC(=O)c1ccc(C(=O)N(C)[C@H]2C[C@@H]3O[C@](C)([C@H]2OC)n2c4ccccc4c4c5c(c6c7ccccc7n3c6c42)C(=O)NC5)cc1,TVIALAOHRQNPOI-FYTQPZCRSA-N,5.130768280269024,False,O=C(N[C@@H]1CC2O[C@@H](C1)n1c3ccccc3c3c4c(c5c6ccccc6n2c5c31)CNC4=O)c1ccccc1
CHEMBL246072,Fc1cccc(Cn2ncc3cc(Nc4ncnn5ccc(COCC6CCNCC6)c45)ccc32)c1,TVMGXFANDKLGPL-UHFFFAOYSA-N,6.886056647693163,True,c1ccc(Cn2ncc3cc(Nc4ncnn5ccc(COCC6CCNCC6)c45)ccc32)cc1
CHEMBL1241863,CC(C)n1nc(-c2ccc3[nH]c(=O)ccc3c2)c2c(N)ncnc21,TVPWCFIAQIHELW-UHFFFAOYSA-N,5.173925197299173,False,O=c1ccc2cc(-c3n[nH]c4ncncc34)ccc2[nH]1
CHEMBL202411,O=C(C#CCO)Nc1ccc2ncnc(Nc3ccc(F)c(Cl)c3)c2c1,TVQHGTHLBVLBIA-UHFFFAOYSA-N,8.853871964321762,True,c1ccc(Nc2ncnc3ccccc23)cc1
CHEMBL2348414,O=C(NCCO)C1=Cc2c(ncnc2Nc2ccc(Oc3cccc(C(F)(F)F)c3)c(Cl)c2)NCC1,TVQSEOBXKSIHNK-UHFFFAOYSA-N,7.42021640338319,True,C1=Cc2c(ncnc2Nc2ccc(Oc3ccccc3)cc2)NCC1
CHEMBL516979,COC[C@H]1Oc2cc3ncnc(Nc4cccc(I)c4)c3cc2O[C@@H]1COC,TVSKFMAUUMEPPY-RTBURBONSA-N,8.779891911959945,True,c1ccc(Nc2ncnc3cc4c(cc23)OCCO4)cc1
CHEMBL4205392,C=CC(=O)N[C@@H]1CN(c2nc(Nc3cn(C)nc3OC)c3ncn(CC)c3n2)C[C@H]1F,TVZDMLIBOQCFAB-VXGBXAGGSA-N,8.096910013008056,True,c1nc2c(Nc3cn[nH]c3)nc(N3CCCC3)nc2[nH]1
CHEMBL3760071,COC(=O)c1cc(OC)c(-c2cc3c(N[C@H](C)c4ccccc4)ncnc3s2)c(OC)c1,TVZHKACIUDGIDJ-CQSZACIVSA-N,8.397940008672037,True,c1ccc(CNc2ncnc3sc(-c4ccccc4)cc23)cc1
CHEMBL4288374,O=C(NCCN1CCOCC1)Nc1ccc(-c2cc3c(Nc4ccc(Oc5cccc(C(F)(F)F)c5)c(Cl)c4)ncnc3s2)cc1,TWDYINDEKINRQQ-UHFFFAOYSA-N,7.037630664329979,True,O=C(NCCN1CCOCC1)Nc1ccc(-c2cc3c(Nc4ccc(Oc5ccccc5)cc4)ncnc3s2)cc1
CHEMBL3416635,Fc1cccc(COc2ccc(Nc3ncnc4sc(C#CC5CCCN5)cc34)cc2Cl)c1,TWIUFSQIKGYUBP-UHFFFAOYSA-N,6.962573502059376,True,C(#CC1CCCN1)c1cc2c(Nc3ccc(OCc4ccccc4)cc3)ncnc2s1
CHEMBL76557,N#CCNC(=O)C(C#N)=Cc1ccc(O)cc1,TWSUNDMWXLUVBD-UHFFFAOYSA-N,3.204119982655925,False,c1ccccc1
CHEMBL51853,Nc1cc2c(Nc3cccc(Br)c3)ncnc2cn1,TWTYLCVLKNHZDT-UHFFFAOYSA-N,9.886056647693165,True,c1ccc(Nc2ncnc3cnccc23)cc1
CHEMBL168550,COc1cccc(-c2cn(C3CC(CNCCO)C3)c3ncnc(N)c23)c1,TWUSYQHQSFRUMW-UHFFFAOYSA-N,6.309803919971486,True,c1ccc(-c2cn(C3CCC3)c3ncncc23)cc1
CHEMBL91428,COc1cc2ncnc(Nc3cc4ccccc4cn3)c2cc1OC,TWVXDJSEKDRXKV-UHFFFAOYSA-N,6.180456064458131,False,c1ccc2cc(Nc3ncnc4ccccc34)ncc2c1
CHEMBL3622654,COCCOc1cc2ncnc(Nc3ccc(F)c(Cl)c3)c2cc1NC(=O)/C=C/CN(C)C1CC1,TWYABWUURBRPAF-ONEGZZNKSA-N,8.050609993355087,True,O=C(/C=C/CNC1CC1)Nc1ccc2ncnc(Nc3ccccc3)c2c1
CHEMBL338944,CO[C@H]1[C@@H](N(C)C(=O)c2cccc(Cl)c2)C[C@@H]2O[C@@]1(C)n1c3ccccc3c3c4c(c5c6ccccc6n2c5c31)C(=O)NC4,TXBFOGDMTCNBBT-PZFYLCKJSA-N,5.337242168318426,False,O=C(N[C@@H]1CC2O[C@@H](C1)n1c3ccccc3c3c4c(c5c6ccccc6n2c5c31)CNC4=O)c1ccccc1
CHEMBL4065503,Cc1nnc(NC(=S)Nc2ccc3ncnc(Nc4cccc(Cl)c4)c3c2)s1,TXHBWQABUBILJP-UHFFFAOYSA-N,6.920818753952375,True,S=C(Nc1ccc2ncnc(Nc3ccccc3)c2c1)Nc1nncs1
CHEMBL4069070,COc1ccc(OC)c(Sc2cccc3[nH]c4nc(N)nc(N)c4c23)c1,TXHGXJGNQUMSBD-UHFFFAOYSA-N,5.366531544420413,False,c1ccc(Sc2cccc3[nH]c4ncncc4c23)cc1
CHEMBL1683970,Cc1ncnc(Nc2ccc(OCc3cccc(F)c3)c(Cl)c2)c1C#CCCN1CCOCC1,TXIRDIAXSNWNPA-UHFFFAOYSA-N,7.886056647693163,True,C(#Cc1cncnc1Nc1ccc(OCc2ccccc2)cc1)CCN1CCOCC1
CHEMBL571040,C=CC(=O)N1CCCC1C(=O)Nc1cc2c(Nc3cccc(Cl)c3F)ncnc2cc1OCCOC,TXSZGBMOPCXBTP-UHFFFAOYSA-N,7.886056647693163,True,O=C(Nc1ccc2ncnc(Nc3ccccc3)c2c1)C1CCCN1
CHEMBL1379917,O=C(Nc1cc(N2CCOCC2)ncn1)c1ccc(F)cc1,TXVGFVZTROUDRA-UHFFFAOYSA-N,6.882728704344236,True,O=C(Nc1cc(N2CCOCC2)ncn1)c1ccccc1
CHEMBL4229010,C=CC(=O)Nc1cccc(NC(=O)Nc2ccnc(Nc3ccc(N(CC)CC)cc3OC)n2)c1,TXXKGJZYRJUPQR-UHFFFAOYSA-N,6.73754891026957,True,O=C(Nc1ccccc1)Nc1ccnc(Nc2ccccc2)n1
CHEMBL1241943,Nc1ncnc2c1c(-c1ccc(Cl)c(O)c1)nn2CCC1CCCNC1,TXZDVQGUIJKUMP-UHFFFAOYSA-N,4.688246138944246,False,c1ccc(-c2nn(CCC3CCCNC3)c3ncncc23)cc1
CHEMBL2018751,COC(=O)Nc1ccc(Nc2ncnc3cc(OC)c(OC)cc23)cc1Cl,TYIAEQRPJACAIN-UHFFFAOYSA-N,5.211124884224583,False,c1ccc(Nc2ncnc3ccccc23)cc1
CHEMBL193681,CCc1c(C(=O)NCCCn2ccnc2)cn2ncnc(Nc3ccc4c(cnn4Cc4ccccc4)c3)c12,TYIJYIGEKOSLCM-UHFFFAOYSA-N,7.397940008672037,True,O=C(NCCCn1ccnc1)c1cc2c(Nc3ccc4c(cnn4Cc4ccccc4)c3)ncnn2c1
CHEMBL4226177,C=CC(=O)Nc1cccc(NC(=O)Nc2ccnc(Nc3ccc(C(=O)N4CCN(C)CC4)cc3OC)n2)c1,TYKIRTOCIRMODO-UHFFFAOYSA-N,6.012333735073725,False,O=C(Nc1ccccc1)Nc1ccnc(Nc2ccc(C(=O)N3CCNCC3)cc2)n1
CHEMBL3416441,Fc1cccc(COc2ccc(Nc3ncnc4sc(Br)cc34)cc2Cl)c1,TYKMVEODBSWVAI-UHFFFAOYSA-N,6.590066876668706,True,c1ccc(COc2ccc(Nc3ncnc4sccc34)cc2)cc1
CHEMBL267019,O=C1NC(=O)c2cc(Nc3ccc(O)cc3)c(Nc3ccc(O)cc3)cc21,TYLKNORJFZPIPX-UHFFFAOYSA-N,5.6020599913279625,False,O=C1NC(=O)c2cc(Nc3ccccc3)c(Nc3ccccc3)cc21
CHEMBL434827,CCN(CC)CCCNC(=O)/C=C/C(=O)Nc1cc2c(Nc3cccc(Br)c3)ncnc2cn1,TYPAATJNKNDNOD-MDZDMXLPSA-N,7.67778070526608,True,c1ccc(Nc2ncnc3cnccc23)cc1
CHEMBL310514,N#CC(C#N)=Cc1ccc[nH]1,TYUOTJYAWYXOSN-UHFFFAOYSA-N,3.585026652029182,False,c1cc[nH]c1
CHEMBL399371,CCOc1cc2ncnc(/C=C/CCc3ccccc3)c2cc1OCC,TYVCCOFEERYUGD-UKTHLTGXSA-N,8.301029995663981,True,C(=C\c1ncnc2ccccc12)/CCc1ccccc1
CHEMBL592224,Cc1cc(C)c(O)c(CN(Cc2ccc(F)cc2)C(=S)Nc2ccccc2)c1,TZBDHYWZRVNCMC-UHFFFAOYSA-N,4.711974464611637,False,S=C(Nc1ccccc1)N(Cc1ccccc1)Cc1ccccc1
CHEMBL44,O=c1c(-c2ccc(O)cc2)coc2cc(O)cc(O)c12,TZBJGXHYKVUXJN-UHFFFAOYSA-N,6.0,False,O=c1c(-c2ccccc2)coc2ccccc12
CHEMBL3676341,C=CC(=O)Nc1cc2c(Nc3cc(Cl)c(Cl)cc3F)ncnc2cc1OCCNC(C)=O,TZDAEWGVZVGBPE-UHFFFAOYSA-N,8.301029995663981,True,c1ccc(Nc2ncnc3ccccc23)cc1
CHEMBL1958019,Oc1csc(N2N=C(c3ccccc3)CC2c2ccccc2)n1,TZGNOCLNPUJSTR-UHFFFAOYSA-N,5.471083299722345,False,c1ccc(C2=NN(c3nccs3)C(c3ccccc3)C2)cc1
CHEMBL358092,COC(=O)c1ccc(-c2ccc(-c3ccccc3)cc2O)cc1,TZJXEJDCWDKAIX-UHFFFAOYSA-N,4.853871964321762,False,c1ccc(-c2ccc(-c3ccccc3)cc2)cc1
CHEMBL3910361,C#Cc1cccc(Nc2ncnc3cc4oc(=O)n(CCOC(=O)CBr)c4cc23)c1,TZYIEAQKOJXMIB-UHFFFAOYSA-N,5.2839966563652006,False,O=c1[nH]c2cc3c(Nc4ccccc4)ncnc3cc2o1
CHEMBL1830266,NC(=S)NN=C(C=Cc1ccc(Br)cc1)c1ccccc1,UAJLSLYNXZTXHH-UHFFFAOYSA-N,4.57577192930402,False,N=C(C=Cc1ccccc1)c1ccccc1
CHEMBL1241391,CC(C)n1nc(-c2cncnc2)c2c(N)ncnc21,UAKWDILRCZKWFX-UHFFFAOYSA-N,4.0,False,c1ncc(-c2n[nH]c3ncncc23)cn1
CHEMBL52882,CNC1=CC2N=CN(C)/C(=N\c3cccc(Br)c3)C2C=N1,UARBXUYIJZLCKY-HKWRFOASSA-N,8.508638306165727,True,C1=CC2N=CN/C(=N\c3ccccc3)C2C=N1
CHEMBL1092382,CCC(=O)Nc1ccc2nccc(Nc3cccc(Br)c3)c2c1,UATWOAYHIISFBR-UHFFFAOYSA-N,7.795880017344075,True,c1ccc(Nc2ccnc3ccccc23)cc1
CHEMBL2087359,Brc1cccc(Nc2ncnc3cc4c(cc23)OCCCSCCCO4)c1,UAUYDWVTYSZYGT-UHFFFAOYSA-N,8.096910013008056,True,c1ccc(Nc2ncnc3cc4c(cc23)OCCCSCCCO4)cc1
CHEMBL524820,C[C@@H](O)c1c(O)cc2c(c1O)C(=O)c1c(O)cc(O)cc1C2=O,UAXWQASUOFZAIW-RXMQYKEDSA-N,4.425968732272281,False,O=C1c2ccccc2C(=O)c2ccccc21
CHEMBL2385990,Cc1ccc(NC(=O)/C=C/CN(C)C)cc1C(=O)Nc1ccc(OCc2cccc(F)c2)c(Cl)c1,UAYAHIZMPFVEGX-VMPITWQZSA-N,6.346787486224656,True,O=C(Nc1ccc(OCc2ccccc2)cc1)c1ccccc1
CHEMBL3092298,O=C(Nc1cc2c(Nc3ccc(F)c(Cl)c3)ncnc2cc1O[C@H]1CCOC1)N1CCC(F)(F)CC1,UBCHJGBQSIFFHH-HNNXBMFYSA-N,6.066006836168757,False,O=C(Nc1cc2c(Nc3ccccc3)ncnc2cc1O[C@H]1CCOC1)N1CCCCC1
CHEMBL4107818,Cc1ncnc2c1c(-c1ccc(Oc3ccccc3)cc1)nn2C[C@H]1CCCN1C(=O)/C=C/CN(C)C,UBDKHMQBZNCDSH-ZRGXPQFDSA-N,7.724688645458189,True,c1ccc(Oc2ccc(-c3nn(C[C@H]4CCCN4)c4ncncc34)cc2)cc1
CHEMBL3898690,C=CC(=O)N1CC(Oc2cc3c(Nc4cccc(Cl)c4)ncnc3cc2OC)C1,UBDZSHCYKRUUKT-UHFFFAOYSA-N,8.795880017344075,True,c1ccc(Nc2ncnc3ccc(OC4CNC4)cc23)cc1
CHEMBL4102942,Clc1ccc(-c2nnc(Cc3nc4cc(Cl)ccc4[nH]3)o2)c(Cl)c1,UBEVQYMSHABHOM-UHFFFAOYSA-N,4.345823458122039,False,c1ccc(-c2nnc(Cc3nc4ccccc4[nH]3)o2)cc1
CHEMBL4284841,COc1ccc(-c2c(C#N)c(O)c3nc4c(nc3c2C#N)[nH]c2ccc(S(=O)(=O)N3CCOCC3)cc24)cc1,UBGBUTRUHNIBQE-UHFFFAOYSA-N,6.96657624451305,True,O=S(=O)(c1ccc2[nH]c3nc4cc(-c5ccccc5)ccc4nc3c2c1)N1CCOCC1
CHEMBL298810,N#CC(C#N)=Cc1cc[nH]n1,UBHAOBPYJHLFBZ-UHFFFAOYSA-N,2.8297382846050425,False,c1cn[nH]c1
CHEMBL597303,CCCCCCCNC(=O)COc1cc(O)c2c(=O)cc(-c3ccccc3)oc2c1,UBHZWOZWFUBYMX-UHFFFAOYSA-N,5.202040356262804,False,O=c1cc(-c2ccccc2)oc2ccccc12
CHEMBL1241677,Nc1ncnc2c1c(-c1ccc(Cl)c(O)c1)nn2[C@@H]1CCNC1,UBJGLXSFXKIIFY-SECBINFHSA-N,4.906578314837765,False,c1ccc(-c2nn([C@@H]3CCNC3)c3ncncc23)cc1
CHEMBL288441,COc1cc(Nc2c(C#N)cnc3cc(OCCCN4CCN(C)CC4)c(OC)cc23)c(Cl)cc1Cl,UBPYILGKFZZVDX-UHFFFAOYSA-N,7.275724130399211,True,c1ccc(Nc2ccnc3cc(OCCCN4CCNCC4)ccc23)cc1
CHEMBL4093766,C=CC(=O)N1CC[C@H](n2c(=O)cc(C)c3cnc(Nc4ccc(N5CCN(C)CC5)cc4OC)nc32)C1,UBQLTEZUAMOROQ-FQEVSTJZSA-N,7.037157318798758,True,O=c1ccc2cnc(Nc3ccc(N4CCNCC4)cc3)nc2n1[C@H]1CCNC1
CHEMBL4073062,C=CC(=O)N1CC[C@@H](n2c(=O)cc(C)c3cnc(Nc4ccc(N5CCN(C)CC5)cc4OC)nc32)C1,UBQLTEZUAMOROQ-HXUWFJFHSA-N,6.36021478701318,True,O=c1ccc2cnc(Nc3ccc(N4CCNCC4)cc3)nc2n1[C@@H]1CCNC1
CHEMBL3970330,COCCOc1cc2ncnc(Nc3ccc4c(cnn4Cc4ccccc4)c3)c2cc1NC(=O)/C=C/CN1CCN(C)CC1,UCBARNSJTRWXQT-RMKNXTFCSA-N,7.795880017344075,True,O=C(/C=C/CN1CCNCC1)Nc1ccc2ncnc(Nc3ccc4c(cnn4Cc4ccccc4)c3)c2c1
CHEMBL3676385,C=CC(=O)Nc1cc2c(Nc3ccc(Br)c(Cl)c3F)ncnc2cc1OCCNC(=O)NCCC,UCGXLPHREMHIFF-UHFFFAOYSA-N,7.585026652029182,True,c1ccc(Nc2ncnc3ccccc23)cc1
CHEMBL787,CC(C)(O)c1ccccc1CC[C@@H](SCC1(CC(=O)O)CC1)c1cccc(/C=C/c2ccc3ccc(Cl)cc3n2)c1,UCHDWCPVSPXUMX-TZIWLTJVSA-N,5.495257363728312,False,C(=C\c1ccc2ccccc2n1)/c1cccc([C@@H](CCc2ccccc2)SCC2CC2)c1
CHEMBL177688,OCCCNc1cncc(-c2cncc(Nc3cccc(Cl)c3)n2)c1,UCHQCSDTPQKAKL-UHFFFAOYSA-N,5.866461091629782,False,c1ccc(Nc2cncc(-c3cccnc3)n2)cc1
CHEMBL2029430,C=CC(=O)Nc1cccc(N2C(=O)N(C)Cc3cnc(Nc4ccc(N5CCN(C)CC5)cc4OCC)nc32)c1,UCJOIOBLGZJVCC-UHFFFAOYSA-N,8.355561410532161,True,O=C1NCc2cnc(Nc3ccc(N4CCNCC4)cc3)nc2N1c1ccccc1
CHEMBL93049,COCOCC#CC(=O)Nc1ccc2ncnc(Nc3cccc(Br)c3)c2c1,UCKKZOCKASQMFK-UHFFFAOYSA-N,7.229147988357855,True,c1ccc(Nc2ncnc3ccccc23)cc1
CHEMBL596736,COc1cc2ncnc(Nc3ccc(F)c(Cl)c3)c2cc1OCCCCC(O)=NO,UCSIYDCODBRGKW-UHFFFAOYSA-N,8.0268721464003,True,c1ccc(Nc2ncnc3ccccc23)cc1
CHEMBL1914654,C[C@@H](Nc1ncnc2[nH]c(-c3ccc(O)cc3)cc12)c1ccc(F)cc1,UCXVUMLWJCEREU-GFCCVEGCSA-N,8.42021640338319,True,c1ccc(CNc2ncnc3[nH]c(-c4ccccc4)cc23)cc1
CHEMBL4292351,C=CC(=O)Nc1cccc(Nc2nc(Nc3ccc(CN4CCOCC4)cc3OC)ncc2Cl)c1,UCZBTCQODVEZNI-UHFFFAOYSA-N,7.769551078621726,True,c1ccc(Nc2ccnc(Nc3ccc(CN4CCOCC4)cc3)n2)cc1
CHEMBL3676368,C=CC(=O)Nc1cc2c(Nc3ccc(Br)c(Cl)c3F)ncnc2cc1OCCNC(=O)CCCN(C)C,UDBLADDGFQBCCT-UHFFFAOYSA-N,7.552841968657781,True,c1ccc(Nc2ncnc3ccccc23)cc1
CHEMBL1241676,Nc1ncnc2c1c(-c1ccc(Cl)c(O)c1)nn2C1CCCC1,UDUPSRWUDACGIS-UHFFFAOYSA-N,7.173925197299173,True,c1ccc(-c2nn(C3CCCC3)c3ncncc23)cc1
CHEMBL3967836,C=CC(=O)Nc1cccc(Nc2nc(Nc3ccc(NC4CN(C(=O)OC(C)(C)C)C4)cc3OC)ncc2C(F)(F)F)c1,UDVRGRBOAMOTGS-UHFFFAOYSA-N,8.301029995663981,True,c1ccc(Nc2ccnc(Nc3ccc(NC4CNC4)cc3)n2)cc1
CHEMBL392774,COC1CNCCN(Cc2ccn3ncnc(Nc4ccc5c(cnn5Cc5cccc(F)c5)c4)c23)C1,UEGFAJFCHWZVEB-UHFFFAOYSA-N,6.721246399047171,True,c1ccc(Cn2ncc3cc(Nc4ncnn5ccc(CN6CCCNCC6)c45)ccc32)cc1
CHEMBL428046,Fc1cccc(Cn2ncc3cc(Nc4ncnn5ccc(COC[C@H]6CNCCO6)c45)ccc32)c1,UEJUKJJOSDYORR-HSZRJFAPSA-N,7.080921907623926,True,c1ccc(Cn2ncc3cc(Nc4ncnn5ccc(COC[C@H]6CNCCO6)c45)ccc32)cc1
CHEMBL246284,Fc1cccc(Cn2ncc3cc(Nc4ncnn5ccc(COC[C@@H]6CNCCO6)c45)ccc32)c1,UEJUKJJOSDYORR-QHCPKHFHSA-N,7.214670164989233,True,c1ccc(Cn2ncc3cc(Nc4ncnn5ccc(COC[C@@H]6CNCCO6)c45)ccc32)cc1
CHEMBL65250,C#Cc1cc(Nc2ncnc3cc(OC)c(OC)cc23)ccc1F,UEKLAZGZLXRYAO-UHFFFAOYSA-N,8.397940008672037,True,c1ccc(Nc2ncnc3ccccc23)cc1
CHEMBL1172418,CC(=O)N1N=C(c2ccc(Cl)c(Cl)c2)CC1c1ccccc1Cl,UEQVVKSOVWSICC-UHFFFAOYSA-N,4.617082864912469,False,c1ccc(C2=NNC(c3ccccc3)C2)cc1
CHEMBL589560,Oc1c(Cl)cccc1CN(Cc1ccc(F)cc1)C(=S)Nc1ccccc1,UERCBPIXITWGQE-UHFFFAOYSA-N,6.173925197299173,False,S=C(Nc1ccccc1)N(Cc1ccccc1)Cc1ccccc1
CHEMBL210659,O=NN(CCCl)C(=O)Nc1ccc2ncnc(Nc3cccc(Cl)c3)c2c1,UERRLLRAXBKLET-UHFFFAOYSA-N,7.173925197299173,True,c1ccc(Nc2ncnc3ccccc23)cc1
CHEMBL600381,CCCCCCCCCCCCCCCCCCNC(=O)COc1cc(O)c2c(=O)cc(-c3ccccc3)oc2c1,UESVIKXUQPDQCL-UHFFFAOYSA-N,6.333482019445119,True,O=c1cc(-c2ccccc2)oc2ccccc12
CHEMBL300791,COc1cc2ncnc(Nc3ccc(F)c(Cl)c3)c2cc1OCCN1CCN(C)CC1,UEWRHTSERXIBRC-UHFFFAOYSA-N,8.0,True,c1ccc(Nc2ncnc3ccc(OCCN4CCNCC4)cc23)cc1
CHEMBL3758351,COc1cc(CO)ccc1-c1cc2c(Nc3ccc(F)c(Cl)c3)ncnc2s1,UFAGMYBEPBELPD-UHFFFAOYSA-N,8.698970004336019,True,c1ccc(Nc2ncnc3sc(-c4ccccc4)cc23)cc1
CHEMBL4279227,C=C=CC(=O)Nc1cc(Nc2nccc(-c3c[nH]c4ccccc34)n2)c(OC)cc1N(C)CCN(C)C,UFAUCOPNKSUVRE-UHFFFAOYSA-N,8.494850021680094,True,c1ccc(Nc2nccc(-c3c[nH]c4ccccc34)n2)cc1
CHEMBL3775459,Cc1cccc(Nc2ncnc3cc4c(cc23)N(CCCN2CCOCC2)C(=O)CO4)c1,UFEQFHZCXSPWQT-UHFFFAOYSA-N,6.728390698621168,True,O=C1COc2cc3ncnc(Nc4ccccc4)c3cc2N1CCCN1CCOCC1
CHEMBL2437482,C=CC(=O)Oc1ccc(-n2c(=O)cnc3cnc(Nc4ccc(OC)cc4)nc32)cc1,UFEYPVTVHUTYJF-UHFFFAOYSA-N,7.228412519118745,True,O=c1cnc2cnc(Nc3ccccc3)nc2n1-c1ccccc1
CHEMBL351629,CN(CC(=O)O)c1cc2c(Nc3cccc(Br)c3)ncnc2cn1,UFGHDYZMVXQBKH-UHFFFAOYSA-N,9.356547323513812,True,c1ccc(Nc2ncnc3cnccc23)cc1
CHEMBL172514,COCCNCCN1CCC(n2cc(-c3cccc(OC)c3)c3c(N)ncnc32)CC1,UFLGKZDFVFEGCP-UHFFFAOYSA-N,6.508638306165727,True,c1ccc(-c2cn(C3CCNCC3)c3ncncc23)cc1
CHEMBL93783,CN(C/C=C/C(=O)Nc1ccc2ncnc(Nc3cccc(Br)c3)c2c1)CCO,UFLUWNRWPWDTEF-ZZXKWVIFSA-N,7.853871964321762,True,c1ccc(Nc2ncnc3ccccc23)cc1
CHEMBL1914668,C[C@@H](Nc1ncnc2[nH]c(-c3ccc(F)cc3)cc12)c1ccccc1,UFNUUMYNCMMYIR-CYBMUJFWSA-N,8.18045606445813,True,c1ccc(CNc2ncnc3[nH]c(-c4ccccc4)cc23)cc1
CHEMBL94019,COc1cc2ncnc(NC3CCc4ccccc43)c2cc1OC,UFOPWVBMLYVOQR-UHFFFAOYSA-N,6.040958607678906,False,c1ccc2c(c1)CCC2Nc1ncnc2ccccc12
CHEMBL2316152,COc1cc(/C=C2\CCC/C(=C\c3ccccc3OC)C2=O)cc(OC)c1,UFXSXKGMRKSRAK-MMOYSQFZSA-N,4.681936665037238,False,O=C1/C(=C/c2ccccc2)CCC/C1=C\c1ccccc1
CHEMBL383444,COc1ccc2c(c1)CNc1c(Nc3cccc(Br)c3)ncnc1O2,UFZYNIZBKBEQKI-UHFFFAOYSA-N,5.508638306165727,False,c1ccc(Nc2ncnc3c2NCc2ccccc2O3)cc1
CHEMBL3218001,C#Cc1cccc(Nc2ncnc3ccc(S(=O)(=O)n4ccc(/C=C/C(=O)Nc5ccccc5N)c4)cc23)c1,UGEGMLHKJYPRKJ-JLHYYAGUSA-N,5.886056647693163,False,O=C(/C=C/c1ccn(S(=O)(=O)c2ccc3ncnc(Nc4ccccc4)c3c2)c1)Nc1ccccc1
CHEMBL3233761,CN(C)CCCC(=O)Nc1cc2c(Nc3ccc(F)c(Cl)c3)ncnc2s1,UGIDCLXLYXVXLN-UHFFFAOYSA-N,6.097453220686009,False,c1ccc(Nc2ncnc3sccc23)cc1
CHEMBL3622668,O=C(/C=C/CNC1CC1)Nc1cc2c(Nc3ccc(F)c(Cl)c3)ncnc2cc1OCC(F)(F)F,UGIWQEBCVHKHIW-OWOJBTEDSA-N,8.161150909262744,True,O=C(/C=C/CNC1CC1)Nc1ccc2ncnc(Nc3ccccc3)c2c1
CHEMBL138363,C=C(C)C(=O)Nc1cc2c(Nc3cccc(Br)c3)ncnc2cn1,UGKRCKRGEISAKC-UHFFFAOYSA-N,7.356547323513812,True,c1ccc(Nc2ncnc3cnccc23)cc1
CHEMBL4069284,CCC(=O)Nc1cc(Nc2[nH]nc3ccccc23)ccc1N(C)CCN(C)C,UGNJEJYIEUAIFO-UHFFFAOYSA-N,5.012065734767841,False,c1ccc(Nc2[nH]nc3ccccc23)cc1
CHEMBL3604941,C=CC(=O)Nc1cccc(Oc2nc(Nc3[nH]nc4ccccc34)cc(N3CCN(C(C)=O)CC3)n2)c1,UGPMQXFFYNSPKA-UHFFFAOYSA-N,5.443697499232712,False,c1ccc(Oc2nc(Nc3[nH]nc4ccccc34)cc(N3CCNCC3)n2)cc1
CHEMBL3639752,C=CC(=O)Nc1cc2c(Nc3cc(F)c(Br)cc3F)ncnc2cc1OCCNC(C)=O,UGPMTGRGGQYKIB-UHFFFAOYSA-N,7.920818753952375,True,c1ccc(Nc2ncnc3ccccc23)cc1
CHEMBL2325092,COc1ccc(C2=NN(c3ccccc3)C(c3cccc4ccccc34)C2)cc1,UGQFOLZMNOEWLQ-UHFFFAOYSA-N,7.0,True,c1ccc(C2=NN(c3ccccc3)C(c3cccc4ccccc34)C2)cc1
CHEMBL3671540,C=CC(=O)Nc1cc2c(Nc3ccc(F)cc3F)ncnc2cc1OCCNC(=O)CN(C)C,UGQFWYMJDDLZLM-UHFFFAOYSA-N,6.806875401645538,True,c1ccc(Nc2ncnc3ccccc23)cc1
CHEMBL591706,CCCCN(Cc1cccc(Cl)c1O)C(=O)Nc1ccccc1,UGSKHSZUOFAHGH-UHFFFAOYSA-N,4.493224463393357,False,O=C(NCc1ccccc1)Nc1ccccc1
CHEMBL1242756,Cn1nc(-c2ccc3ncccc3c2)c2c(N)ncnc21,UGUJFPIEAZXKAK-UHFFFAOYSA-N,4.468521082957745,False,c1cnc2ccc(-c3n[nH]c4ncncc34)cc2c1
CHEMBL3798501,C=CC(=O)Nc1cccc(Oc2nc(Nc3ccc(N4CCN(C(C)=O)CC4)cc3OC)ncc2SC)c1,UGWGOOAEFJICES-UHFFFAOYSA-N,7.057991946977687,True,c1ccc(Oc2ccnc(Nc3ccc(N4CCNCC4)cc3)n2)cc1
CHEMBL85021,CC(C)c1cc(C=C2C(=O)Nc3ccccc32)cc(C(C)C)c1O,UGWOQEABVJFWIV-UHFFFAOYSA-N,4.815308569182402,False,O=C1Nc2ccccc2C1=Cc1ccccc1
CHEMBL418909,CC(=O)NCCNCc1ccc(-c2cc3nccc(Nc4ccc5[nH]ccc5c4)c3s2)cc1,UGWUUDYHNSCFBW-UHFFFAOYSA-N,8.698970004336019,True,c1ccc(-c2cc3nccc(Nc4ccc5[nH]ccc5c4)c3s2)cc1
CHEMBL3601223,C=CC(=O)Nc1cccc(CNc2nc(Nc3ccc(N4CCN(C)CC4)cc3OC)ncc2Cl)c1,UGXCBYVBIJACEK-UHFFFAOYSA-N,6.388276691992658,True,c1ccc(CNc2ccnc(Nc3ccc(N4CCNCC4)cc3)n2)cc1
CHEMBL3938358,C=CC(=O)Nc1cccc(Nc2nc(Nc3ccc(OC)cc3OC)ncc2Cl)c1,UGZHYAQGGADKAK-UHFFFAOYSA-N,6.698970004336019,True,c1ccc(Nc2ccnc(Nc3ccccc3)n2)cc1
CHEMBL3233787,O=C(/C=C/CN1CCC(F)(F)CC1)Nc1cc2c(Nc3ccc(F)c(Cl)c3)ncnc2s1,UHEABVVFVAVASY-OWOJBTEDSA-N,8.154901959985743,True,O=C(/C=C/CN1CCCCC1)Nc1cc2c(Nc3ccccc3)ncnc2s1
CHEMBL538909,N#CC(=Cc1cc(Cc2ccccc2)c(O)c(Cc2ccccc2)c1)C(N)=O,UHGZPHGGTGUXMI-UHFFFAOYSA-N,6.221848749616356,False,c1ccc(Cc2cccc(Cc3ccccc3)c2)cc1
CHEMBL2205030,O=S1(=O)N=S(c2ccc(Br)cc2)c2ccncc21,UHNMDZJZAUMGNI-UHFFFAOYSA-N,5.267606240177031,False,O=S1(=O)N=S(c2ccccc2)c2ccncc21
CHEMBL153525,Brc1cccc(Nc2[nH]cnc3ccc4ccnc4c23)c1,UHNVIXLRUOPIRW-UHFFFAOYSA-N,8.906578314837764,True,c1ccc(Nc2[nH]cnc3ccc4ccnc4c23)cc1
CHEMBL24828,COc1cc2c(Nc3ccc(Br)cc3F)ncnc2cc1OCC1CCN(C)CC1,UHTHHESEBZOYNR-UHFFFAOYSA-N,6.5,True,c1ccc(Nc2ncnc3cc(OCC4CCNCC4)ccc23)cc1
CHEMBL3678948,C#Cc1cccc(Nc2nc3cnc(Nc4ccc(N5CCN(C)CC5)cc4)nc3n2C(C)C)c1,UHUCLHAHTSRPSQ-UHFFFAOYSA-N,8.397940008672037,True,c1ccc(Nc2nc3cnc(Nc4ccc(N5CCNCC5)cc4)nc3[nH]2)cc1
CHEMBL139044,C=C/C=C/C(=O)Nc1cc2c(Nc3cccc(Br)c3)ncnc2cn1,UHUXAMBAPFKPGQ-XVNBXDOJSA-N,7.568636235841012,True,c1ccc(Nc2ncnc3cnccc23)cc1
CHEMBL505705,Nc1ncnc2c1ncn2[C@@H]1O[C@H](COC(=O)c2ccc(S(=O)(=O)Oc3ccc(/C=C/[N+](=O)[O-])cc3)cc2)[C@@H](O)[C@H]1O,UHYWUEAMUOPMRO-YSKCLZGSSA-N,6.221848749616356,False,O=C(OC[C@@H]1CC[C@H](n2cnc3cncnc32)O1)c1ccc(S(=O)(=O)Oc2ccccc2)cc1
CHEMBL31373,C=CC(=O)Nc1ccc2ncnc(Nc3ccc(F)c(Cl)c3)c2c1,UIAARIUTYORWEV-UHFFFAOYSA-N,9.1249387366083,True,c1ccc(Nc2ncnc3ccccc23)cc1
CHEMBL3344210,CNC(CS(C)(=O)=O)c1ccc(-c2ccc3ncnc(Nc4ccc(OCc5cccc(F)c5)c(Cl)c4)c3c2)o1,UIKHYQLSZPHCKO-UHFFFAOYSA-N,7.458420756053419,True,c1ccc(COc2ccc(Nc3ncnc4ccc(-c5ccco5)cc34)cc2)cc1
CHEMBL3671475,C=CC(=O)Nc1cc2c(Nc3ccc(Br)cc3F)ncnc2cc1OCC1CCN(C(C)=O)CC1,UIKREWNIYFBAFO-UHFFFAOYSA-N,8.522878745280337,True,c1ccc(Nc2ncnc3cc(OCC4CCNCC4)ccc23)cc1
CHEMBL3671476,C=CC(=O)Nc1cc2c(Nc3ccc(Br)cc3F)ncnc2cc1OCC1CCN(C(=O)C(F)(F)F)CC1,UIMWWLHPSZWOBD-UHFFFAOYSA-N,7.327902142064282,True,c1ccc(Nc2ncnc3cc(OCC4CCNCC4)ccc23)cc1
CHEMBL1812572,O=C(/C=C/c1cccc([N+](=O)[O-])c1)Nc1ccc2ncnc(Nc3cccc(Br)c3)c2c1,UISDQRXQWZRAAA-JXMROGBWSA-N,6.920818753952375,True,O=C(/C=C/c1ccccc1)Nc1ccc2ncnc(Nc3ccccc3)c2c1
CHEMBL3828092,Fc1ccc(Nc2ncnc3ccc(-c4cnn(C5CCNCC5)c4)cc23)cc1Cl,UIVCMCJROZMDFB-UHFFFAOYSA-N,7.496209316942819,True,c1ccc(Nc2ncnc3ccc(-c4cnn(C5CCNCC5)c4)cc23)cc1
CHEMBL4096329,COc1ccc(Sc2cccc3[nH]c4nc(N)nc(N)c4c23)cc1,UIVZFFJWNPQWMA-UHFFFAOYSA-N,4.681936665037238,False,c1ccc(Sc2cccc3[nH]c4ncncc4c23)cc1
CHEMBL3957055,ON=C(O)CCCCCCn1cc(-c2ccc3ncnc(Nc4ccc(F)c(Cl)c4)c3c2)nn1,UIXUAKVMQUZXGY-UHFFFAOYSA-N,9.161150909262744,True,c1ccc(Nc2ncnc3ccc(-c4c[nH]nn4)cc23)cc1
CHEMBL345077,C=C[S+]([O-])c1cc2c(Nc3cccc(Br)c3)ncnc2cn1,UIYHGNBEHXNFBN-UHFFFAOYSA-N,6.468521082957745,True,c1ccc(Nc2ncnc3cnccc23)cc1
CHEMBL4097770,CCC(=O)N1CC[C@H](N2C(=O)N(c3ccc(C)cc3)Cc3cnc(Nc4ccc(N5CCN(C)CC5)c(C)c4)nc32)C1,UJAKKYBQOYTIBV-MHZLTWQESA-N,6.423658649794207,True,O=C1N(c2ccccc2)Cc2cnc(Nc3ccc(N4CCNCC4)cc3)nc2N1[C@H]1CCNC1
CHEMBL593860,COc1cc2c(Nc3ccc(-c4nc5ccccc5s4)c(OC)c3)ncnc2cc1OCCCN1CCN(C)CC1,UJBJAMOSBBJZBK-UHFFFAOYSA-N,8.698970004336019,True,c1ccc2sc(-c3ccc(Nc4ncnc5cc(OCCCN6CCNCC6)ccc45)cc3)nc2c1
CHEMBL3898077,C=C(CN(C)C)C(=O)N1CC(Oc2cc3c(Nc4ccc(F)c(Cl)c4F)ncnc3cc2OC)C1,UJPWCRNRQVYYIP-UHFFFAOYSA-N,8.698970004336019,True,c1ccc(Nc2ncnc3ccc(OC4CNC4)cc23)cc1
CHEMBL3671505,C=CC(=O)Nc1cc2c(Nc3ccc(Br)cc3F)ncnc2cc1OCCOC,UJQBDJHFABZCBZ-UHFFFAOYSA-N,7.602059991327962,True,c1ccc(Nc2ncnc3ccccc23)cc1
CHEMBL76985,N#C/C(=C\c1ccc(C=O)cc1)C(=O)O,UJSNKTGYHDLGGE-BJMVGYQFSA-N,4.327902142064283,False,c1ccccc1
CHEMBL250318,COc1cc2ncnc(C#CCCc3ccccc3)c2cc1OC,UJTHKWFURJCQDD-UHFFFAOYSA-N,7.853871964321762,True,C(#Cc1ncnc2ccccc12)CCc1ccccc1
CHEMBL4103757,C=CC(=O)Nc1cc(Nc2[nH]nc3cc(-c4cccc(N(C)C)c4)ccc23)c(OC)cc1N(C)CCN(C)C,UJZUDKOBJGPFMN-UHFFFAOYSA-N,7.657577319177793,True,c1ccc(Nc2[nH]nc3cc(-c4ccccc4)ccc23)cc1
CHEMBL3954273,C=CC(=O)Nc1cccc(Nc2nc(Nc3ccc(OC)c(OC)c3OC)ncc2Br)c1,UKFLBAQMJNODAB-UHFFFAOYSA-N,7.187086643357144,True,c1ccc(Nc2ccnc(Nc3ccccc3)n2)cc1
CHEMBL2347962,CN(C)CCCCCC(=O)Nc1cccc(-c2c(-c3ccccc3)oc3ncnc(N[C@H](CO)c4ccccc4)c23)c1,UKGLEIJYSJCQAB-MUUNZHRXSA-N,5.363813104801276,False,c1ccc(CNc2ncnc3oc(-c4ccccc4)c(-c4ccccc4)c23)cc1
CHEMBL1170459,Cc1ncc([N+](=O)[O-])n1CCOC(=O)/C=C/c1ccc2ccccc2c1,UKJQAMRNOQJBNJ-VQHVLOKHSA-N,5.239577516576788,False,O=C(/C=C/c1ccc2ccccc2c1)OCCn1ccnc1
CHEMBL4227490,C=CC(=O)Nc1cccc(NC(=O)Nc2ccnc(Nc3ccccc3OC)n2)c1,UKLIKRBCGWWHAL-UHFFFAOYSA-N,6.71669877129645,True,O=C(Nc1ccccc1)Nc1ccnc(Nc2ccccc2)n1
CHEMBL4227552,C=CC(=O)Nc1cccc(NC(=O)Nc2ccnc(Nc3ccc(N4CCN(CCF)CC4)cc3OC)n2)c1,UKQCMWMFTKFWKH-UHFFFAOYSA-N,6.801342913045577,True,O=C(Nc1ccccc1)Nc1ccnc(Nc2ccc(N3CCNCC3)cc2)n1
CHEMBL53637,C=CC(=O)Nc1ccc2ncnc(Nc3cccc(Cl)c3)c2c1,UKQXWBMAVBHAKP-UHFFFAOYSA-N,8.795880017344075,True,c1ccc(Nc2ncnc3ccccc23)cc1
CHEMBL3234742,Cc1ccc(C(=O)Nc2ccc(CN3CCN(C)CC3)c(C(F)(F)F)c2)cc1NC(=O)c1cnc(N)nc1,UKUKMYNQIZPWGJ-UHFFFAOYSA-N,7.366531544420413,True,O=C(Nc1cccc(C(=O)Nc2ccc(CN3CCNCC3)cc2)c1)c1cncnc1
CHEMBL3604933,C=CC(=O)Nc1cccc(Oc2nc(Nc3cc[nH]n3)cc(N3CCN(C)CC3)n2)c1,UKXJZXRDIMDNFP-UHFFFAOYSA-N,5.721246399047171,False,c1ccc(Oc2nc(Nc3cc[nH]n3)cc(N3CCNCC3)n2)cc1
CHEMBL3774451,O=C(Nc1ccc(Oc2ccnc3[nH]ccc23)c(F)c1)c1nnn(-c2ccc(F)cc2)c1C(F)(F)F,ULHLSSWDQFLSBL-UHFFFAOYSA-N,6.2349501780970495,False,O=C(Nc1ccc(Oc2ccnc3[nH]ccc23)cc1)c1cn(-c2ccccc2)nn1
CHEMBL299026,CCN(CC)CCCNc1ncc2cc(-c3c(Cl)cccc3Cl)c(NC(=O)NC(C)(C)C)nc2n1,ULIJLYCJYRQKBG-UHFFFAOYSA-N,5.207608310501746,False,c1ccc(-c2cnc3ncncc3c2)cc1
CHEMBL348146,CC(=O)OC(Cc1c(SSc2[nH]c3ccccc3c2CC(OC(C)=O)C(=O)NCc2ccccc2)[nH]c2ccccc12)C(=O)NCc1ccccc1,ULJVYCBHZIELSM-UHFFFAOYSA-N,4.552841968657781,False,O=C(CCc1c(SSc2[nH]c3ccccc3c2CCC(=O)NCc2ccccc2)[nH]c2ccccc12)NCc1ccccc1
CHEMBL4073912,FC(F)(F)c1csc(NC(=S)Nc2ccc3ncnc(Nc4cccc(Cl)c4)c3c2)n1,ULKJBEWLFAYGPT-UHFFFAOYSA-N,6.863279432843593,True,S=C(Nc1ccc2ncnc(Nc3ccccc3)c2c1)Nc1nccs1
CHEMBL1240553,COc1ccc(-c2nn(C3CCCC3)c3ncnc(N)c23)cc1OC,ULLIAFSPUSWCIL-UHFFFAOYSA-N,5.481486060122112,False,c1ccc(-c2nn(C3CCCC3)c3ncncc23)cc1
CHEMBL1242477,CC(C)n1nc(-c2ccc3c[nH]nc3c2)c2c(N)ncnc21,ULPBTMCLMXCXEB-UHFFFAOYSA-N,5.6020599913279625,False,c1ncc2c(-c3ccc4c[nH]nc4c3)n[nH]c2n1
CHEMBL3739586,Cc1ccc(-n2cc3c(-c4c[nH]c(-c5ccccc5)c4-c4ccccc4)n[nH]c(=O)c3n2)cc1,ULRHQDXXTVKDTL-UHFFFAOYSA-N,5.462180904926726,False,O=c1[nH]nc(-c2c[nH]c(-c3ccccc3)c2-c2ccccc2)c2cn(-c3ccccc3)nc12
CHEMBL103552,O=C(O)c1cc(N(Cc2ccccc2O)Cc2cc(O)ccc2O)ccc1O,ULTTYPMRMMDONC-UHFFFAOYSA-N,5.3872161432802645,False,c1ccc(CN(Cc2ccccc2)c2ccccc2)cc1
CHEMBL307599,Cc1ccc(Nc2ncnc3[nH]c(C)c(C)c23)cc1,ULUQCXYPIVGYDV-UHFFFAOYSA-N,5.6777807052660805,False,c1ccc(Nc2ncnc3[nH]ccc23)cc1
CHEMBL431977,NC(=O)C1CCN(Cc2ccc(-c3cc4nccc(Nc5ccc6[nH]ccc6c5)c4s3)cc2)CC1,ULUUNYJTTJIXHY-UHFFFAOYSA-N,9.0,True,c1cc(Nc2ccc3[nH]ccc3c2)c2sc(-c3ccc(CN4CCCCC4)cc3)cc2n1
CHEMBL553137,Cn1c2ccccc2c2ncnc(Nc3cccc(Br)c3)c21,ULWYMPIRZLVNFN-UHFFFAOYSA-N,6.8794260687941495,True,c1ccc(Nc2ncnc3c2[nH]c2ccccc23)cc1
CHEMBL3219132,C=CC(=O)Nc1cccc(N2C(=O)CN(c3ccccc3)C(=O)c3cnc(Nc4ccc(N5CCN(C)CC5)cc4OC)nc32)c1,ULXMPRHXSCCKLM-UHFFFAOYSA-N,8.15552282425432,True,O=C1c2cnc(Nc3ccc(N4CCNCC4)cc3)nc2N(c2ccccc2)C(=O)CN1c1ccccc1
CHEMBL1173655,CN(C)C/C=C/C(=O)Nc1cc2c(Nc3ccc(F)c(Cl)c3)ncnc2cc1O[C@H]1CCOC1,ULXXDDBFHOBEHA-CWDCEQMOSA-N,8.221848749616356,True,c1ccc(Nc2ncnc3cc(O[C@H]4CCOC4)ccc23)cc1
CHEMBL2347958,CN(C)C/C=C/C(=O)Nc1cc2c(Nc3ccc(F)c(Cl)c3)ncnc2cc1O[C@@H]1CCOC1,ULXXDDBFHOBEHA-QDLOVBKTSA-N,9.30102999566398,True,c1ccc(Nc2ncnc3cc(O[C@@H]4CCOC4)ccc23)cc1
CHEMBL3344213,CC(C)NC(CS(C)(=O)=O)c1ccc(-c2ccc3ncnc(Nc4ccc(OCc5cccc(F)c5)c(Cl)c4)c3c2)o1,ULXXLCZMVVOIBI-UHFFFAOYSA-N,7.406713932979542,True,c1ccc(COc2ccc(Nc3ncnc4ccc(-c5ccco5)cc34)cc2)cc1
CHEMBL52913,C=CC(=O)Nc1ccc2c(Nc3cccc(Cl)c3)ncnc2c1,ULYRDVLBRYCXFF-UHFFFAOYSA-N,9.602059991327964,True,c1ccc(Nc2ncnc3ccccc23)cc1
CHEMBL4067871,OC[C@H](Nc1cnc(-c2cc(Cl)ccc2O)c(-c2ccc3cnccc3c2)c1)c1ccccc1,UMBIRSZUCJNBHB-SANMLTNESA-N,8.3767507096021,True,c1ccc(CNc2cnc(-c3ccccc3)c(-c3ccc4cnccc4c3)c2)cc1
CHEMBL3604942,C=CC(=O)Nc1cccc(-c2nc(Nc3[nH]nc4ccccc34)cc(N3CCN(C)CC3)n2)c1,UMEGSGXZXLWQMC-UHFFFAOYSA-N,5.309803919971486,False,c1ccc(-c2nc(Nc3[nH]nc4ccccc34)cc(N3CCNCC3)n2)cc1
CHEMBL194958,CCc1c(C(N)=O)cn2ncnc(Nc3ccc4c(cnn4Cc4ccccc4)c3)c12,UMFUSRXYNCISOO-UHFFFAOYSA-N,6.920818753952375,True,c1ccc(Cn2ncc3cc(Nc4ncnn5cccc45)ccc32)cc1
CHEMBL55979,CC(NC(=O)C(C#N)=Cc1ccc(O)c(O)c1)c1ccccc1,UMGQVUWXNOJOSJ-UHFFFAOYSA-N,6.3979400086720375,True,O=C(C=Cc1ccccc1)NCc1ccccc1
CHEMBL3416633,C[C@H](N)C#Cc1cc2c(Nc3ccc(OCc4cccc(F)c4)c(Cl)c3)ncnc2s1,UMGYMAXDIGYRMA-AWEZNQCLSA-N,7.161150909262744,True,c1ccc(COc2ccc(Nc3ncnc4sccc34)cc2)cc1
CHEMBL251498,Fc1ccc(Nc2ncnc3ccc(C#CCN4CCOCC4)cc23)cc1Cl,UMHMHOVNVKCQES-UHFFFAOYSA-N,7.298432014944073,True,C(#Cc1ccc2ncnc(Nc3ccccc3)c2c1)CN1CCOCC1
CHEMBL309937,CCc1ccc(Nc2ncnc3[nH]c(C)c(C)c23)cc1,UMKKKGITXSYWJE-UHFFFAOYSA-N,4.110698297493689,False,c1ccc(Nc2ncnc3[nH]ccc23)cc1
CHEMBL3759369,C[C@@H](Nc1ncnc2sc(-c3cccc(C(=O)NCCN(C)C)c3)cc12)c1ccccc1,UMLZOFUYBPNPTG-QGZVFWFLSA-N,9.045757490560677,True,c1ccc(CNc2ncnc3sc(-c4ccccc4)cc23)cc1
CHEMBL1254443,Cc1ccccc1Cc1cc2c(N(C)c3cccc(Br)c3)nc(N)nc2n1C,UMMAWYSEGOHGJX-UHFFFAOYSA-N,5.920818753952375,False,c1ccc(Cc2cc3c(Nc4ccccc4)ncnc3[nH]2)cc1
CHEMBL4079506,CCC(=O)N1CC[C@H](N2C(=O)N(c3cc(OC)ccc3F)Cc3cnc(Nc4ccc(N5CCN(C)CC5)c(F)c4)nc32)C1,UMVCNODYSQKDEI-QFIPXVFZSA-N,5.886056647693163,False,O=C1N(c2ccccc2)Cc2cnc(Nc3ccc(N4CCNCC4)cc3)nc2N1[C@H]1CCNC1
CHEMBL380669,CC(C)N(CC#CC(=O)Nc1ccc2ncnc(Nc3ccc(F)c(Cl)c3)c2c1)C(C)C,UMWZSZYWDMVROC-UHFFFAOYSA-N,8.3767507096021,True,c1ccc(Nc2ncnc3ccccc23)cc1
CHEMBL1241772,CC(C)n1nc(-c2ccc(C#N)nc2)c2c(N)ncnc21,UMZSNSKPDRINJC-UHFFFAOYSA-N,4.0,False,c1cncc(-c2n[nH]c3ncncc23)c1
CHEMBL3671520,C=CC(=O)Nc1cc2c(Nc3ccc(Br)cc3F)ncnc2cc1OCCNC(=O)CS(C)(=O)=O,UNFSZGKSDKZSHK-UHFFFAOYSA-N,7.619788758288394,True,c1ccc(Nc2ncnc3ccccc23)cc1
CHEMBL3740131,CCOC(=O)c1nn(-c2ccccc2)cc1C(=O)c1c(C)[nH]c(-c2ccccc2)c1-c1ccccc1,UNKAGCJIUDPJFD-UHFFFAOYSA-N,5.492144128304169,False,O=C(c1cnn(-c2ccccc2)c1)c1c[nH]c(-c2ccccc2)c1-c1ccccc1
CHEMBL3357639,O=C(Nc1cc2c(Nc3ccc(F)c(Cl)c3)ncnc2cc1O[C@H]1CCOC1)/C(F)=C/CN1CCOCC1,UNTXLEZCEUSPFP-QNCXMEKNSA-N,7.671620396561262,True,O=C(/C=C/CN1CCOCC1)Nc1cc2c(Nc3ccccc3)ncnc2cc1O[C@H]1CCOC1
CHEMBL3357640,O=C(Nc1cc2c(Nc3ccc(F)c(Cl)c3)ncnc2cc1O[C@H]1CCOC1)/C(F)=C\CN1CCOCC1,UNTXLEZCEUSPFP-RAFOXNIDSA-N,7.367542707815276,True,O=C(/C=C\CN1CCOCC1)Nc1cc2c(Nc3ccccc3)ncnc2cc1O[C@H]1CCOC1
CHEMBL4129781,C=CC(=O)Nc1cccc(-n2c(=O)n(C(C)C)c(=O)c3cnc(Nc4ccc(N5CCC(N(C)C)CC5)cc4OC)nc32)c1,UNXBSODPRVRIBE-UHFFFAOYSA-N,9.096910013008056,True,O=c1[nH]c(=O)n(-c2ccccc2)c2nc(Nc3ccc(N4CCCCC4)cc3)ncc12
CHEMBL195029,COc1cc(Nc2c(C#N)cnc3cc4cc(OCCN5CCOCC5)c(OC)cc4cc23)c(Cl)cc1Cl,UNZHPVUBBKLAJR-UHFFFAOYSA-N,5.568636235841012,False,c1ccc(Nc2ccnc3cc4cc(OCCN5CCOCC5)ccc4cc23)cc1
CHEMBL3133907,C=CC(=O)Nc1ccc2ncnc(Nc3ccccc3CC)c2c1,UODMDCYUZIYYAM-UHFFFAOYSA-N,5.698970004336019,False,c1ccc(Nc2ncnc3ccccc23)cc1
CHEMBL20926,Cc1ccc(NC(=O)c2ccccc2)cc1Nc1nccc(-c2cccnc2)n1,UOEJSOXEHKCNAE-UHFFFAOYSA-N,4.187086643357144,False,O=C(Nc1cccc(Nc2nccc(-c3cccnc3)n2)c1)c1ccccc1
CHEMBL589823,Oc1csc(=N/N=C/c2ccc(Cl)cc2)[nH]1,UOEMQXMYAZDBPE-LFYBBSHMSA-N,5.7121982700697735,False,C(=N\N=c1[nH]ccs1)/c1ccccc1
CHEMBL3092306,CN(C)CCNC(=O)Nc1cc2c(Nc3ccc(F)c(Cl)c3)ncnc2cc1O[C@H]1CCOC1,UOGHOWRNOZLTER-HNNXBMFYSA-N,6.197226274708024,False,c1ccc(Nc2ncnc3cc(O[C@H]4CCOC4)ccc23)cc1
CHEMBL1234815,Cn1nc(-c2ccc3ccccc3c2)c2c(N)ncnc21,UOKGZPYGRJDACN-UHFFFAOYSA-N,6.411168274405792,True,c1ccc2cc(-c3n[nH]c4ncncc34)ccc2c1
CHEMBL93754,O=C(/C=C/Cn1cccn1)Nc1ccc2ncnc(Nc3cccc(Br)c3)c2c1,UOQUXSNSYHWJQN-QHHAFSJGSA-N,5.949233688766958,False,O=C(/C=C/Cn1cccn1)Nc1ccc2ncnc(Nc3ccccc3)c2c1
CHEMBL201840,COC(=O)c1c(OC)c2ccccc2c2oc3c(c12)C(=O)c1ccccc1C3=O,UOWBWTAGELTSTG-UHFFFAOYSA-N,4.8996294548824375,False,O=C1c2ccccc2C(=O)c2c1oc1c2ccc2ccccc21
CHEMBL3975990,C#Cc1cccc(Nc2ncnc3ccc(OCCCCCCC(O)=NO)cc23)c1,UPDVFBHUYSIDCL-UHFFFAOYSA-N,7.0,True,c1ccc(Nc2ncnc3ccccc23)cc1
CHEMBL590526,O=C(Nc1ccccc1)N(Cc1ccc(O)cc1)Cc1cc(Cl)cc(Cl)c1O,UPLFXZLXSLLHMJ-UHFFFAOYSA-N,5.730487055782084,False,O=C(Nc1ccccc1)N(Cc1ccccc1)Cc1ccccc1
CHEMBL1828869,O=C(Cc1ccc(F)cc1)NS(=O)(=O)c1ccc(Br)cc1,UPTLDQNYFPKNGN-UHFFFAOYSA-N,5.193141970481182,False,O=C(Cc1ccccc1)NS(=O)(=O)c1ccccc1
CHEMBL80030,C=C(CN(C)C)C(=O)c1ccc(OS(=O)(=O)c2ccc(C(=O)O)cc2)cc1,UPVWXHAZXKGELN-UHFFFAOYSA-N,6.638272163982407,True,O=S(=O)(Oc1ccccc1)c1ccccc1
CHEMBL3671546,C=C(C)C(=O)Nc1cc2c(Nc3ccc(Br)cc3F)ncnc2cc1OCCNC(C)=O,UQBFLJPRNOOVSR-UHFFFAOYSA-N,5.991399828238082,False,c1ccc(Nc2ncnc3ccccc23)cc1
CHEMBL1928947,C=CC(=O)Nc1cccc(Oc2cc(Nc3ccc(OCc4cccc(F)c4)c(Cl)c3)ncn2)c1,UQBXJPGUOYCCAX-UHFFFAOYSA-N,7.431798275933005,True,c1ccc(COc2ccc(Nc3cc(Oc4ccccc4)ncn3)cc2)cc1
CHEMBL4096207,C=CC(=O)Nc1cc(Nc2cc(-c3cccc(NC(=O)c4cc5c(s4)CCCC5)c3C)cn(C)c2=O)ccc1C(=O)N1CCOCC1,UQDKCJOIUBVSRC-UHFFFAOYSA-N,5.163486001109328,False,O=C(Nc1cccc(-c2c[nH]c(=O)c(Nc3ccc(C(=O)N4CCOCC4)cc3)c2)c1)c1cc2c(s1)CCCC2
CHEMBL3944095,CCC(=O)Nc1cc2c(Nc3ccc(NCc4ccccc4)cc3)ncnc2cc1OC,UQILHDPEYNQZHG-UHFFFAOYSA-N,6.416801226031377,True,c1ccc(CNc2ccc(Nc3ncnc4ccccc34)cc2)cc1
CHEMBL3676366,C=CC(=O)Nc1cc2c(Nc3ccc(Br)c(Cl)c3F)ncnc2cc1OCCNC(=O)COC,URGDWDVOUMUUID-UHFFFAOYSA-N,6.671620396561263,True,c1ccc(Nc2ncnc3ccccc23)cc1
CHEMBL3425664,COc1cc(N2CCN(C)CC2)ccc1Nc1ncc(Cl)c(Oc2cccc(NC(=O)/C(C#N)=C/C3CC3)c2)n1,URGNZKFHZDNLHH-XSFVSMFZSA-N,5.142667503568731,False,O=C(/C=C/C1CC1)Nc1cccc(Oc2ccnc(Nc3ccc(N4CCNCC4)cc3)n2)c1
CHEMBL72322,Oc1cccc(Nc2ncnc3[nH]c4c(c23)CCCC4)c1,URHWRBQIYOUYPM-UHFFFAOYSA-N,6.376750709602099,True,c1ccc(Nc2ncnc3[nH]c4c(c23)CCCC4)cc1
CHEMBL3133898,C=CC(=O)N1CCc2c(sc3ncnc(Nc4cccc(CC)c4)c23)C1,URJJOGWZSTWQKA-UHFFFAOYSA-N,5.058985756294431,False,c1ccc(Nc2ncnc3sc4c(c23)CCNC4)cc1
CHEMBL194389,COc1cccc2ncnc(Nc3ccc(OCc4ccccn4)c(Cl)c3)c12,URQBZIUFPRGLCE-UHFFFAOYSA-N,6.356547323513812,True,c1ccc(COc2ccc(Nc3ncnc4ccccc34)cc2)nc1
CHEMBL3699594,C=CC(=O)Nc1cccc(Oc2nc(Nc3ccc(N4CCN(C(=O)OC(C)(C)C)CC4)cc3OCC)ncc2Cl)c1,URSWCQCZHBRDPK-UHFFFAOYSA-N,7.698970004336019,True,c1ccc(Oc2ccnc(Nc3ccc(N4CCNCC4)cc3)n2)cc1
CHEMBL333038,Clc1cccc(Nc2ncnc3[nH]nc(Nc4cccc(Cl)c4)c23)c1,URVRJEIGGRSCLI-UHFFFAOYSA-N,6.481486060122112,True,c1ccc(Nc2ncnc3[nH]nc(Nc4ccccc4)c23)cc1
CHEMBL3978740,C=CC(=O)N1CCC(Oc2cc3c(Nc4cccc(C(F)(F)F)c4)ncnc3cc2OC)CC1,USGHNIVIMGBDLF-UHFFFAOYSA-N,7.790484985457369,True,c1ccc(Nc2ncnc3ccc(OC4CCNCC4)cc23)cc1
CHEMBL3219507,COc1cc2ncnc(Nc3cccc(Cl)c3)c2cc1B(O)O,USHKEDVAEAQBPH-UHFFFAOYSA-N,6.337242168318426,True,c1ccc(Nc2ncnc3ccccc23)cc1
CHEMBL1173602,NC(=S)N1N=C(c2ccc(Cl)c(Cl)c2)CC1c1ccccc1Cl,USJAOUSWGAHVII-UHFFFAOYSA-N,5.137868620686962,False,c1ccc(C2=NNC(c3ccccc3)C2)cc1
CHEMBL118000,N#Cc1cnc2ccc(NC(=O)/C=C/CN3CCOCC3)cc2c1Nc1ccc(F)c(Cl)c1,USKFPOBBUSZDCR-OWOJBTEDSA-N,5.6401645176601125,False,O=C(/C=C/CN1CCOCC1)Nc1ccc2nccc(Nc3ccccc3)c2c1
CHEMBL7981,COc1cc(OC)c2c(=O)c(-c3cccc(Cl)c3)coc2c1,USNKYQXLHXAMIJ-UHFFFAOYSA-N,3.3010299956639813,False,O=c1c(-c2ccccc2)coc2ccccc12
CHEMBL296407,N#CC(=Cc1ccc(O)c(O)c1)C(N)=O,USOXQZNJFMKTKJ-UHFFFAOYSA-N,5.0,False,c1ccccc1
CHEMBL4078914,C=CC(=O)Nc1cc(-n2c(=O)cc(C)c3cnc(Nc4ccc(N5CC(C)N(C)C(C)C5)cc4OC)nc32)cc(C(F)(F)F)c1,USQWQHBYMYWCMK-UHFFFAOYSA-N,8.481486060122112,True,O=c1ccc2cnc(Nc3ccc(N4CCNCC4)cc3)nc2n1-c1ccccc1
CHEMBL572031,C=COC(=O)N(C)N=Nc1ccc2ncnc(Nc3cccc(Cl)c3)c2c1,USRZMUAJPCYUBP-UHFFFAOYSA-N,6.142667503568731,False,c1ccc(Nc2ncnc3ccccc23)cc1
CHEMBL3325478,CCOC(=O)C1C(=N)N(c2cccnc2)C2=C(C(=O)CCC2)C1c1cc2cc(C)ccc2n2nnnc12,USTWKMBNMVFURT-UHFFFAOYSA-N,5.154901959985743,False,N=C1CC(c2cc3ccccc3n3nnnc23)C2=C(CCCC2=O)N1c1cccnc1
CHEMBL367625,CCn1cnc2c(Nc3cccc(Cl)c3)nc(N[C@@H]3CCCC[C@@H]3N)nc21,UTBSBSOBZHXMHI-LSDHHAIUSA-N,5.292429823902063,False,c1ccc(Nc2nc(NC3CCCCC3)nc3[nH]cnc23)cc1
CHEMBL3612572,COCCn1c(=O)oc2cc3ncnc(Nc4ccc(OC)c(OC)c4)c3cc21,UTCTXRMEMOYYKD-UHFFFAOYSA-N,5.259637310505756,False,O=c1[nH]c2cc3c(Nc4ccccc4)ncnc3cc2o1
CHEMBL453502,COc1cc(/C=C/[N+](=O)[O-])ccc1OS(=O)(=O)c1ccc(C(=O)OC[C@H]2O[C@@H](n3cnc4c(N)ncnc43)[C@H](O)[C@@H]2O)cc1,UTMLAQRGHJCWRX-RWYVROSXSA-N,6.301029995663981,True,O=C(OC[C@@H]1CC[C@H](n2cnc3cncnc32)O1)c1ccc(S(=O)(=O)Oc2ccccc2)cc1
CHEMBL4090601,C=CC(=O)N1CCC[C@@H](n2nc(-c3ccc4ccccc4c3)c3c(N)ncnc32)C1,UTTWFQUHUQLZGF-GOSISDBHSA-N,9.0,True,c1ccc2cc(-c3nn([C@@H]4CCCNC4)c4ncncc34)ccc2c1
CHEMBL3798128,C=CC(=O)Nc1cccc(Oc2nc(Nc3ccc(N4CCN(C(C)=O)CC4)cc3OC(F)F)ncc2SC)c1,UUAOWKSAEYOOIY-UHFFFAOYSA-N,7.411168274405792,True,c1ccc(Oc2ccnc(Nc3ccc(N4CCNCC4)cc3)n2)cc1
CHEMBL3960786,O=C(CBr)OCCn1c(=O)oc2cc3ncnc(Nc4ccc(NC(=O)N5CCCCC5)cc4)c3cc21,UUBGEOAHQOBCDH-UHFFFAOYSA-N,5.031517051446064,False,O=C(Nc1ccc(Nc2ncnc3cc4oc(=O)[nH]c4cc23)cc1)N1CCCCC1
CHEMBL408683,NC(=O)CN1CCC(n2cc(-c3cccc(O)c3)c3c(N)ncnc32)C1,UUEYTEZBJWMVIQ-UHFFFAOYSA-N,6.3979400086720375,True,c1ccc(-c2cn(C3CCNC3)c3ncncc23)cc1
CHEMBL57663,N#CC(C#N)=Cc1ccc(C#N)cc1,UUKLIKUNCGVVHN-UHFFFAOYSA-N,2.853871964321762,False,c1ccccc1
CHEMBL1944921,COc1cccc2c(O)c3c(c(O)c12)C(=O)C=CC3=O,UUTZLSHYHFBMHU-UHFFFAOYSA-N,5.366531544420413,False,O=C1C=CC(=O)c2cc3ccccc3cc21
CHEMBL1242844,Nc1ncnc2c1c(-c1ccc(F)c(O)c1)nn2CC1CCNCC1,UUXPLQHZTQRNPY-UHFFFAOYSA-N,4.0,False,c1ccc(-c2nn(CC3CCNCC3)c3ncncc23)cc1
CHEMBL461781,FC(F)(F)c1ccc(-n2cnnc2SCc2nc(COc3c(Cl)cccc3Cl)no2)cc1,UUZRVUXGULNUHU-UHFFFAOYSA-N,5.200659450546418,False,c1ccc(OCc2noc(CSc3nncn3-c3ccccc3)n2)cc1
CHEMBL2148052,CC(C)(C(=O)NCCn1ccc2ncnc(Nc3ccc(Oc4cccc(Cl)c4)c(Cl)c3)c21)S(C)(=O)=O,UVBKNBPCVRBUTF-UHFFFAOYSA-N,7.958607314841775,True,c1ccc(Oc2ccc(Nc3ncnc4cc[nH]c34)cc2)cc1
CHEMBL4089892,OCCCCc1nc(-c2ccc(F)cc2)c(-c2ccnc3[nH]c(-c4ccccc4)cc23)[nH]1,UVBXNSDEQMCSMK-UHFFFAOYSA-N,8.0762380391713,True,c1ccc(-c2cc3c(-c4[nH]cnc4-c4ccccc4)ccnc3[nH]2)cc1
CHEMBL81712,O=C(c1ccccc1)c1cc2ncnc(Nc3ccc4[nH]ccc4c3)c2s1,UVCZDNANYMDIHR-UHFFFAOYSA-N,8.045757490560675,True,O=C(c1ccccc1)c1cc2ncnc(Nc3ccc4[nH]ccc4c3)c2s1
CHEMBL1242471,CCOc1ccc(-c2[nH]nc3ncnc(N)c23)cc1OC,UVDQTDYLJGKKKD-UHFFFAOYSA-N,4.0,False,c1ccc(-c2[nH]nc3ncncc23)cc1
CHEMBL3963723,CCC(=O)Nc1cc2c(Nc3ccc4[nH]ccc4c3)ncnc2cc1OC,UVEBHXRRTIKHPI-UHFFFAOYSA-N,8.221848749616356,True,c1ccc2c(Nc3ccc4[nH]ccc4c3)ncnc2c1
CHEMBL1242574,CC(C)n1nc(-c2ccc3cc[nH]c3c2)c2c(N)ncnc21,UVFCDQJUKYMBAZ-UHFFFAOYSA-N,6.657577319177793,True,c1ncc2c(-c3ccc4cc[nH]c4c3)n[nH]c2n1
CHEMBL2337362,CC(C)c1ccc(Nc2nc(N)nc3[nH]c4cccc(Cl)c4c23)cc1,UVJIXQFNEQVNDC-UHFFFAOYSA-N,4.376750709602099,False,c1ccc(Nc2ncnc3[nH]c4ccccc4c23)cc1
CHEMBL3913778,C=CC(=O)Nc1cccc(Oc2nc(Nc3ccc(OC)cc3OC)ncc2Cl)c1,UVQSPGYTMSYCFZ-UHFFFAOYSA-N,6.698970004336019,True,c1ccc(Nc2nccc(Oc3ccccc3)n2)cc1
CHEMBL3676388,C=CC(=O)Nc1cc2c(Nc3cc(OC)c(Cl)cc3OC)ncnc2cc1OCCNC(C)=O,UVUWLFQIXSVZBI-UHFFFAOYSA-N,7.060480747381382,True,c1ccc(Nc2ncnc3ccccc23)cc1
CHEMBL1683949,Cc1cc(Nc2ccc(OCc3cccc(F)c3)c(Cl)c2)ncn1,UVYILPAEBXSCTR-UHFFFAOYSA-N,5.958607314841775,False,c1ccc(COc2ccc(Nc3ccncn3)cc2)cc1
CHEMBL4250191,COc1ccc(N(C)c2ncnc3occ(C)c23)cc1,UVZUIESPIIIPQW-UHFFFAOYSA-N,7.809668301829708,True,c1ccc(Nc2ncnc3occc23)cc1
CHEMBL451513,O=C(O[C@H]1CN[C@H](C#Cc2cc3ncnc(Nc4ccc(OCc5cccc(F)c5)c(Cl)c4)c3s2)C1)N1CCCC1,UWADRORTXGMUIP-FYYLOGMGSA-N,7.00436480540245,True,O=C(O[C@H]1CN[C@H](C#Cc2cc3ncnc(Nc4ccc(OCc5ccccc5)cc4)c3s2)C1)N1CCCC1
CHEMBL3746421,CC(=O)N1N=C(c2ccc(C(F)(F)F)cc2)CC1c1ccc(C(=O)OC(C)Cn2c([N+](=O)[O-])cnc2C)cc1,UWERUQQBFCQSFI-UHFFFAOYSA-N,5.175874166083451,False,O=C(OCCn1ccnc1)c1ccc(C2CC(c3ccccc3)=NN2)cc1
CHEMBL137534,CN(C)CCN=NNc1ccc2ncnc(Nc3cccc(Br)c3)c2c1,UWEUAESWKIVNSU-UHFFFAOYSA-N,7.42021640338319,True,c1ccc(Nc2ncnc3ccccc23)cc1
CHEMBL190567,COCC(=O)Nc1ccc2ncnc(Nc3cccc(I)c3)c2c1,UWMXSEPOOAWMGK-UHFFFAOYSA-N,6.823908740944319,True,c1ccc(Nc2ncnc3ccccc23)cc1
CHEMBL592466,Oc1ccc(CN(Cc2cccc(Cl)c2O)C(=S)Nc2ccccc2)cc1,UWNCZMKPXVIIEH-UHFFFAOYSA-N,7.096910013008056,True,S=C(Nc1ccccc1)N(Cc1ccccc1)Cc1ccccc1
CHEMBL255170,Cc1ccc(Oc2ccc(Nc3ncnc4[nH]nc(OCCN5CCC(O)CC5)c34)cc2Cl)cn1,UWUFUUGZSOQBCY-UHFFFAOYSA-N,8.154901959985743,True,c1cncc(Oc2ccc(Nc3ncnc4[nH]nc(OCCN5CCCCC5)c34)cc2)c1
CHEMBL2018754,CCCCOC(=O)Nc1ccc(Nc2ncnc3cc(OC)c(OC)cc23)cc1Cl,UWVMGEHVBNUXHS-UHFFFAOYSA-N,5.1938200260161125,False,c1ccc(Nc2ncnc3ccccc23)cc1
CHEMBL4097216,NP(=O)(OCCCOc1ccc2ncnc(Nc3ccc(OCc4cccc(F)c4)c(Cl)c3)c2c1)N(CCCl)CCCl,UWXPWGQSXVNVTA-UHFFFAOYSA-N,7.1249387366083,True,c1ccc(COc2ccc(Nc3ncnc4ccccc34)cc2)cc1
CHEMBL2103842,C[C@@H]1COC(=Nc2ccc3ncnc(Nc4ccc(OCc5nccs5)c(Cl)c4)c3c2)N1,UWXSAYUXVSFDBQ-CYBMUJFWSA-N,8.154901959985743,True,c1csc(COc2ccc(Nc3ncnc4ccc(N=C5NCCO5)cc34)cc2)n1
CHEMBL424302,N#CC(=Cc1ccc(O)c(O)c1)C(=O)NCCCCCCCCCCNC(=O)C(C#N)=Cc1ccc(O)c(O)c1,UXBLTQHRJBAYNB-UHFFFAOYSA-N,5.886056647693163,False,O=C(C=Cc1ccccc1)NCCCCCCCCCCNC(=O)C=Cc1ccccc1
CHEMBL247101,Cc1ccn2ncnc(Nc3ccc(OCc4cccc(F)c4)c(Cl)c3)c12,UXFJZTSGDOCCSL-UHFFFAOYSA-N,6.6020599913279625,True,c1ccc(COc2ccc(Nc3ncnn4cccc34)cc2)cc1
CHEMBL2335016,CC(C)(C)C(=O)Nc1nc(Nc2ccc(F)c(Cl)c2)c2cc(CCc3ccccn3)[nH]c2n1,UXLOIBJZAGQBEP-UHFFFAOYSA-N,4.787812395596042,False,c1ccc(Nc2ncnc3[nH]c(CCc4ccccn4)cc23)cc1
CHEMBL3940060,O=C(CCl)OCCn1c(=O)oc2cc3ncnc(Nc4ccc(F)c(Cl)c4)c3cc21,UXPURPRPVSKBPC-UHFFFAOYSA-N,6.481486060122112,True,O=c1[nH]c2cc3c(Nc4ccccc4)ncnc3cc2o1
CHEMBL155100,Brc1cccc(Nc2[nH]cnc3c2ccc2ncnc23)c1,UXTTTXKAGRXLEQ-UHFFFAOYSA-N,6.565431095965801,True,c1ccc(Nc2[nH]cnc3c2ccc2ncnc23)cc1
CHEMBL4229266,C=CC(=O)Nc1cccc(NC(=O)Nc2ccnc(Nc3ccc(C(=O)N(CC)CC)cc3OC)n2)c1,UXXAXUKFKIABIY-UHFFFAOYSA-N,6.995678626217357,True,O=C(Nc1ccccc1)Nc1ccnc(Nc2ccccc2)n1
CHEMBL1821875,Cc1ccc(C2=NN(c3nc(-c4ccc(Cl)cc4)cs3)C(c3ccc([N+](=O)[O-])cc3)C2)cc1C,UXYRVBJYIWDPAT-UHFFFAOYSA-N,6.200659450546418,False,c1ccc(C2=NN(c3nc(-c4ccccc4)cs3)C(c3ccccc3)C2)cc1
CHEMBL86754,Oc1c(I)cc(I)c2cccnc12,UXZFQZANDVDGMM-UHFFFAOYSA-N,5.723768042078167,False,c1ccc2ncccc2c1
CHEMBL1958020,Oc1csc(N2N=C(c3ccccc3)CC2c2ccc(F)cc2)n1,UXZJVRXEHFRETN-UHFFFAOYSA-N,5.313363730737707,False,c1ccc(C2=NN(c3nccs3)C(c3ccccc3)C2)cc1
CHEMBL4083904,Cc1cc(Nc2ncc3c(n2)N([C@H]2CCN(C(=O)CN(C)C)C2)C(=O)N(c2ccccc2Cl)C3)ccc1N1CCN(C)CC1,UYAQPKAVZLNZHI-VWLOTQADSA-N,7.575118363368933,True,O=C1N(c2ccccc2)Cc2cnc(Nc3ccc(N4CCNCC4)cc3)nc2N1[C@H]1CCNC1
CHEMBL2381504,C=CC(=O)Nc1cccc(Oc2nc(Nc3ccc(N4CCN(CC(=O)N5CCC(Oc6no[n+]([O-])c6S(=O)(=O)c6ccccc6)CC5)CC4)cc3OC)ncc2Cl)c1,UYDDASUEYNUOFR-UHFFFAOYSA-N,7.376750709602099,True,O=C(CN1CCN(c2ccc(Nc3nccc(Oc4ccccc4)n3)cc2)CC1)N1CCC(Oc2no[nH+]c2S(=O)(=O)c2ccccc2)CC1
CHEMBL1947121,COc1cc2ncc(C(=O)NC3CC(C)(C)N([O])C(C)(C)C3)c(Nc3ccc(F)c(Cl)c3)c2cc1OC,UYERHRWQQVHNFN-UHFFFAOYSA-N,6.374687549038326,True,O=C(NC1CCNCC1)c1cnc2ccccc2c1Nc1ccccc1
CHEMBL3932286,C=CC(=O)N1CCC(Oc2cc3c(Nc4cccc(Cl)c4)ncnc3cc2OC)CC1,UYJVEQNGOYDANU-UHFFFAOYSA-N,8.3767507096021,True,c1ccc(Nc2ncnc3ccc(OC4CCNCC4)cc23)cc1
CHEMBL3397276,Clc1cc(Nc2ncnc3ccc(N=C4NC[C@@H](COc5ccccc5)O4)cc23)ccc1OCc1nccs1,UYLKDXCVDGAJSB-NRFANRHFSA-N,6.022276394711152,False,c1ccc(OC[C@@H]2CNC(=Nc3ccc4ncnc(Nc5ccc(OCc6nccs6)cc5)c4c3)O2)cc1
CHEMBL3397275,Clc1cc(Nc2ncnc3ccc(N=C4NC[C@H](COc5ccccc5)O4)cc23)ccc1OCc1nccs1,UYLKDXCVDGAJSB-OAQYLSRUSA-N,5.917214629683549,False,c1ccc(OC[C@H]2CNC(=Nc3ccc4ncnc(Nc5ccc(OCc6nccs6)cc5)c4c3)O2)cc1
CHEMBL205776,CN1CCN(CCCOc2cc(OC3CCOCC3)c3c(Nc4ccc(F)c(Cl)c4)ncnc3c2)CC1,UYNGIWGAHXGANL-UHFFFAOYSA-N,7.180456064458131,True,c1ccc(Nc2ncnc3cc(OCCCN4CCNCC4)cc(OC4CCOCC4)c23)cc1
CHEMBL1821894,COc1ccc(C2=NN(c3nc(-c4ccccc4)cs3)C(c3ccc(OC)cc3)C2)cc1,UYTJBJPLDXRSJS-UHFFFAOYSA-N,5.1598939055432425,False,c1ccc(C2=NN(c3nc(-c4ccccc4)cs3)C(c3ccccc3)C2)cc1
CHEMBL2316155,COc1cc(/C=C2\CC=CC(Cc3ccc(OC)c(O)c3)C2=O)cc(OC)c1,UYWUQHHUWNJWCZ-VCHYOVAHSA-N,5.275724130399211,False,O=C1/C(=C/c2ccccc2)CC=CC1Cc1ccccc1
CHEMBL307209,Clc1cccc(Nc2ncnc3[nH]c(-c4ccccc4)c(-c4ccccc4)c23)c1,UYXXIXVMSUKWBN-UHFFFAOYSA-N,7.017728766960431,True,c1ccc(Nc2ncnc3[nH]c(-c4ccccc4)c(-c4ccccc4)c23)cc1
CHEMBL4068092,C=CC(=O)NCc1cn(Cc2cccc(Nc3cc(-c4[nH]c(SC)nc4-c4ccc(F)cc4)ccn3)c2)nn1,UZCIRQAEKNILDB-UHFFFAOYSA-N,7.337242168318426,True,c1ccc(-c2nc[nH]c2-c2ccnc(Nc3cccc(Cn4ccnn4)c3)c2)cc1
CHEMBL2048792,OCCn1ccc2ncnc(Nc3ccc(Oc4ccc5cc(O)[nH]c5c4)c(Cl)c3)c21,UZEGAZAMRUZHGX-UHFFFAOYSA-N,5.638272163982407,False,c1nc(Nc2ccc(Oc3ccc4cc[nH]c4c3)cc2)c2[nH]ccc2n1
CHEMBL381080,CS(=O)(=O)CCC(=O)Nc1cccc(C#Cc2cncnc2Nc2ccc(OCc3cccc(F)c3)c(Cl)c2)c1,UZGXHZBWNFJHQD-UHFFFAOYSA-N,7.301029995663981,True,C(#Cc1cncnc1Nc1ccc(OCc2ccccc2)cc1)c1ccccc1
CHEMBL107472,CNc1ncc2cc(-c3c(Cl)cccc3Cl)c(=O)n(C)c2n1,UZGZLCVPKWOCDZ-UHFFFAOYSA-N,5.1249387366083,False,O=c1[nH]c2ncncc2cc1-c1ccccc1
CHEMBL4089279,C=CC(=O)NCc1cccc(Nc2cc(-c3[nH]c(SC)nc3-c3ccc(F)cc3)ccn2)c1,UZKBSKDQSWFMCL-UHFFFAOYSA-N,8.309803919971486,True,c1ccc(Nc2cc(-c3[nH]cnc3-c3ccccc3)ccn2)cc1
CHEMBL3237937,COc1cc(N2CCN(C)CC2)ccc1Nc1ncc(Cl)c(Oc2cccc(NC(=O)CCN3CCN(CCOc4no[n+]([O-])c4S(=O)(=O)c4ccccc4)CC3)c2)n1,UZLAZBPSXWZCAF-UHFFFAOYSA-N,6.696803942579511,True,O=C(CCN1CCN(CCOc2no[nH+]c2S(=O)(=O)c2ccccc2)CC1)Nc1cccc(Oc2ccnc(Nc3ccc(N4CCNCC4)cc3)n2)c1
CHEMBL2335378,Nc1nc(Nc2ccc(F)c(Cl)c2)c2cc(CCc3ccccn3)[nH]c2n1,UZQKITFPIWWZPV-UHFFFAOYSA-N,3.956244873031321,False,c1ccc(Nc2ncnc3[nH]c(CCc4ccccn4)cc23)cc1
CHEMBL214857,COCCN1CCC(Oc2cc3c(Nc4cccc(Cl)c4F)ncnc3cc2OC)CC1,VAGCDXKHNHUMSZ-UHFFFAOYSA-N,8.522878745280337,True,c1ccc(Nc2ncnc3ccc(OC4CCNCC4)cc23)cc1
CHEMBL1945445,Cc1ccc(S(=O)(=O)NC(=O)c2cncc(Br)c2)cc1,VAINDCDKHBIEOS-UHFFFAOYSA-N,4.916855856856948,False,O=C(NS(=O)(=O)c1ccccc1)c1cccnc1
CHEMBL1828874,O=C(Cc1ccc(Cl)cc1)NS(=O)(=O)c1ccc(Br)cc1,VAJPYTMPGMTMKB-UHFFFAOYSA-N,4.947306058075032,False,O=C(Cc1ccccc1)NS(=O)(=O)c1ccccc1
CHEMBL2316146,COc1cc(/C=C2\CCC/C(=C\c3ccc(Br)cc3)C2=O)cc(OC)c1,VALHLOXXMQSXQS-ODPUSEOTSA-N,5.1487416512809245,False,O=C1/C(=C/c2ccccc2)CCC/C1=C\c1ccccc1
CHEMBL4166038,COc1cc(-n2cc(CN3CCNCC3)nn2)ccc1Nc1ncc(Cl)c(Nc2ccccc2S(=O)(=O)C(C)C)n1,VALNJAQHJPYEAK-UHFFFAOYSA-N,6.050609993355087,False,c1ccc(Nc2ccnc(Nc3ccc(-n4cc(CN5CCNCC5)nn4)cc3)n2)cc1
CHEMBL94066,C=C(CN1CCOCC1)C(=O)Nc1ccc2ncnc(Nc3cccc(Br)c3)c2c1,VANCZLKVOHARGS-UHFFFAOYSA-N,6.97061622231479,True,C=C(CN1CCOCC1)C(=O)Nc1ccc2ncnc(Nc3ccccc3)c2c1
CHEMBL515598,c1ccc2sc(-c3ccc(Nc4ncnc5[nH]cnc45)cc3)nc2c1,VANNKDNVAYXPGI-UHFFFAOYSA-N,5.107905397309519,False,c1ccc2sc(-c3ccc(Nc4ncnc5[nH]cnc45)cc3)nc2c1
CHEMBL3805893,c1ccc(COc2ccc(C3CC(c4ccc5c(c4)OCCO5)=NN3c3ccccc3)cc2)cc1,VARXRRNWFGTSBL-UHFFFAOYSA-N,5.043831569524636,False,c1ccc(COc2ccc(C3CC(c4ccc5c(c4)OCCO5)=NN3c3ccccc3)cc2)cc1
CHEMBL4065288,S=C(Nc1cccnc1)Nc1ccc2ncnc(Nc3cccc(Br)c3)c2c1,VAWVBJKPOCZCGO-UHFFFAOYSA-N,7.991399828238082,True,S=C(Nc1cccnc1)Nc1ccc2ncnc(Nc3ccccc3)c2c1
CHEMBL3676349,C=CC(=O)Nc1cc2c(Nc3cc(OC)c(Cl)cc3F)ncnc2cc1OCCNC(C)=O,VAYPWRLVYXYEQY-UHFFFAOYSA-N,7.096910013008056,True,c1ccc(Nc2ncnc3ccccc23)cc1
CHEMBL3758868,COc1ccc(-c2cc3c(N[C@H](C)c4ccccc4)ncnc3s2)c(OC)c1,VAYRHCIGDOYPGO-CQSZACIVSA-N,8.301029995663981,True,c1ccc(CNc2ncnc3sc(-c4ccccc4)cc23)cc1
CHEMBL402293,CC(C)ON=Cc1c(N)ncnc1Nc1ccc2c(cnn2Cc2cccc(F)c2)c1,VBFBOJPZZPXTID-UHFFFAOYSA-N,7.853871964321762,True,c1ccc(Cn2ncc3cc(Nc4ccncn4)ccc32)cc1
CHEMBL2347967,O=[N+]([O-])c1cccc(-c2c(-c3ccccc3)oc3ncnc(N[C@H](CO)c4ccccc4)c23)c1,VBHDQDBZRZFSML-OAQYLSRUSA-N,6.086186147616283,False,c1ccc(CNc2ncnc3oc(-c4ccccc4)c(-c4ccccc4)c23)cc1
CHEMBL307250,COc1cc(C=C(C#N)C(=O)O)ccc1O,VBHMEVXDNSXEME-UHFFFAOYSA-N,3.4881166390211256,False,c1ccccc1
CHEMBL3740144,CN1CCN(Cc2ccc(NC(=O)Nc3ccc4ncnc(Nc5ccc(OCc6cccc(F)c6)c(Cl)c5)c4c3)cc2)CC1,VBIIJIMQUUULLK-UHFFFAOYSA-N,8.075720713938118,True,O=C(Nc1ccc(CN2CCNCC2)cc1)Nc1ccc2ncnc(Nc3ccc(OCc4ccccc4)cc3)c2c1
CHEMBL53375,COc1cc2ncnc(Nc3cccc(Br)c3)c2cn1,VBKYHRRXRGHYHL-UHFFFAOYSA-N,7.4089353929735005,True,c1ccc(Nc2ncnc3ccncc23)cc1
CHEMBL566350,CC=C1C(=NC(=O)OCCN2CCCCC2)NC2N=CN=C(Nc3ccc4c(cnn4Cc4ccccc4)c3)C12,VBMBJOHIWDFAKN-UHFFFAOYSA-N,7.42021640338319,True,C=C1C(=NC(=O)OCCN2CCCCC2)NC2N=CN=C(Nc3ccc4c(cnn4Cc4ccccc4)c3)C12
CHEMBL144791,N#C/C(=C\c1cc(O)c(O)c(Br)c1)S(=O)(=O)/C(C#N)=C/c1cc(O)c(O)c(Br)c1,VBOBOVYYRHVGSJ-NJDSBKIZSA-N,6.070581074285707,False,O=S(=O)(C=Cc1ccccc1)/C=C/c1ccccc1
CHEMBL3741399,C#Cc1cccc(Nc2ncnc3cc(OCCOC(=O)c4ccccc4OC(C)=O)c(OCCOC(=O)c4ccccc4OC(C)=O)cc23)c1,VBPAZCMGMOKBLM-UHFFFAOYSA-N,7.468521082957745,True,O=C(OCCOc1cc2ncnc(Nc3ccccc3)c2cc1OCCOC(=O)c1ccccc1)c1ccccc1
CHEMBL3965087,C=CC(=O)N1CC[C@H](Oc2ccc3ncnc(Nc4ccc(OCc5cccc(F)c5)c(Cl)c4)c3c2)C1,VBQOKKHDJKYLNC-QFIPXVFZSA-N,8.096910013008056,True,c1ccc(COc2ccc(Nc3ncnc4ccc(O[C@H]5CCNC5)cc34)cc2)cc1
CHEMBL2064396,CC(C)(C)c1ccc(Nc2ncnc3cc4oc(=O)n(CCCN5CCOCC5)c4cc23)cc1,VBQRWKQKLUNGCA-UHFFFAOYSA-N,4.102372908709558,False,O=c1oc2cc3ncnc(Nc4ccccc4)c3cc2n1CCCN1CCOCC1
CHEMBL416611,OCC(O)Cn1ccc2cc3c(Nc4cccc(Br)c4)ncnc3cc21,VBSAGPWININOEH-UHFFFAOYSA-N,8.795880017344075,True,c1ccc(Nc2ncnc3cc4[nH]ccc4cc23)cc1
CHEMBL1241945,CC(C)n1nc(-c2ccc(O)c(F)c2)c2c(N)ncnc21,VBUMOGXFBGYXDV-UHFFFAOYSA-N,5.982966660701219,False,c1ccc(-c2n[nH]c3ncncc23)cc1
CHEMBL160935,Cn1c(SSc2c(C(=O)c3ccco3)c3ccccc3n2C)c(C(=O)c2ccco2)c2ccccc21,VBVPZSVKUYZRHE-UHFFFAOYSA-N,5.113509274827518,False,O=C(c1ccco1)c1c(SSc2[nH]c3ccccc3c2C(=O)c2ccco2)[nH]c2ccccc12
CHEMBL275762,O=C(CCl)Nc1ccc2ncnc(Nc3cc(Cl)c(Cl)cc3F)c2c1,VBXDUSMRNQVJRO-UHFFFAOYSA-N,10.154901959985745,True,c1ccc(Nc2ncnc3ccccc23)cc1
CHEMBL1944930,O=c1c2c(-c3ccccc3)c3c([nH]c2nc2n[nH]c(=S)n12)-c1ccccc1CC3,VCBSEOHFTXIIDG-UHFFFAOYSA-N,4.067526235322847,False,O=c1c2c(-c3ccccc3)c3c([nH]c2nc2n[nH]c(=S)n12)-c1ccccc1CC3
CHEMBL4276965,COc1ccc(OC)c(Nc2cc(Nc3ccc(S(N)(=O)=O)cc3)ncn2)c1,VCBUVKNXUBPBBX-UHFFFAOYSA-N,6.108462542327436,False,c1ccc(Nc2cc(Nc3ccccc3)ncn2)cc1
CHEMBL153739,CN(C)c1ccc2sc3c(Nc4cccc(Br)c4)ncnc3c2c1,VCEGHIUOGKKYHY-UHFFFAOYSA-N,7.703334809738469,True,c1ccc(Nc2ncnc3c2sc2ccccc23)cc1
CHEMBL3945555,O=C(CBr)OCCn1c(=O)oc2cc3ncnc(Nc4ccc(Oc5cccc(C(F)(F)F)c5)c(Cl)c4)c3cc21,VCFABRFLWPSRSF-UHFFFAOYSA-N,6.795880017344075,True,O=c1[nH]c2cc3c(Nc4ccc(Oc5ccccc5)cc4)ncnc3cc2o1
CHEMBL4129646,C=CC(=O)Nc1cccc(-n2c(=O)n(CCC)c(=O)c3cnc(Nc4ccc(N5CCC(N(C)C)CC5)cc4OC)nc32)c1,VCFRCVFKCUBENM-UHFFFAOYSA-N,9.397940008672036,True,O=c1[nH]c(=O)n(-c2ccccc2)c2nc(Nc3ccc(N4CCCCC4)cc3)ncc12
CHEMBL4215703,Cc1cc(=O)n(-c2ccc(F)cc2)nc1C(=O)Nc1ccc(Oc2ncnc3ccsc23)c(F)c1,VCKUIQTVATWJTK-UHFFFAOYSA-N,5.161150909262744,False,O=C(Nc1ccc(Oc2ncnc3ccsc23)cc1)c1ccc(=O)n(-c2ccccc2)n1
CHEMBL3628796,COc1cc2ncnc(Nc3ccc(NC(=O)Nc4cccc(Br)c4)cc3)c2cc1OC,VCLVPTJGTKXMSP-UHFFFAOYSA-N,5.112945621949043,False,O=C(Nc1ccccc1)Nc1ccc(Nc2ncnc3ccccc23)cc1
CHEMBL324371,CN(c1ccccc1)c1ncnc2ccccc12,VCLXUEIYTZFLMO-UHFFFAOYSA-N,4.0,False,c1ccc(Nc2ncnc3ccccc23)cc1
CHEMBL92824,FC(F)(F)c1cccc(Nc2ncnc3ccccc23)c1,VCOMYMMMFREKQC-UHFFFAOYSA-N,6.238824186844269,False,c1ccc(Nc2ncnc3ccccc23)cc1
CHEMBL3325471,COc1ccc2c(c1)cc(C1C(C#N)C(=N)N(c3cccnc3)C3=CCCC(=O)C31)c1nnnn12,VCSWATGPHDVHRJ-UHFFFAOYSA-N,5.267606240177031,False,N=C1CC(c2cc3ccccc3n3nnnc23)C2C(=O)CCC=C2N1c1cccnc1
CHEMBL214631,COc1cc2ncnc(Nc3cc(Cl)ccc3F)c2cc1OC1CCN(C)CC1,VDAKPUKXYCLOOX-UHFFFAOYSA-N,6.97469413473523,True,c1ccc(Nc2ncnc3ccc(OC4CCNCC4)cc23)cc1
CHEMBL2312303,O=C(NCCCN1CCCC1=O)c1cnc(NCc2cc(Cl)ccc2Cl)nc1NC1CCCC1,VDKBGBCLPKTOGS-UHFFFAOYSA-N,5.367542707815275,False,O=C(NCCCN1CCCC1=O)c1cnc(NCc2ccccc2)nc1NC1CCCC1
CHEMBL57462,N#CC(C#N)=C1C(=O)Nc2cc(O)c(O)cc21,VDKNKEFDJLIAPS-UHFFFAOYSA-N,5.6020599913279625,False,C=C1C(=O)Nc2ccccc21
CHEMBL3759190,COc1cc2c(Nc3ccc(NC(=O)c4ccccc4Cl)cc3)ncnc2cc1OCCCN1CCN(C)CC1,VDVPXYDBILKOEA-UHFFFAOYSA-N,7.698970004336019,True,O=C(Nc1ccc(Nc2ncnc3cc(OCCCN4CCNCC4)ccc23)cc1)c1ccccc1
CHEMBL3819553,CCOc1cc2ncnc(Nc3ccc(OCc4cccc(F)c4)c(Cl)c3)c2cc1NC(=O)C1NC(=O)O[C@@H]1C,VDYDWBHVRSRTJM-FXBVVIMESA-N,6.530767257493388,True,O=C1NC(C(=O)Nc2ccc3ncnc(Nc4ccc(OCc5ccccc5)cc4)c3c2)CO1
CHEMBL3353400,C=CC(=O)Nc1cc(Nc2ncc(Cl)c(-c3cnn4ccccc34)n2)c(OC)cc1N1CCN(C(=O)C(C)O)CC1,VEDKPNPRFKDNNC-UHFFFAOYSA-N,4.1249387366083,False,c1ccn2ncc(-c3ccnc(Nc4ccc(N5CCNCC5)cc4)n3)c2c1
CHEMBL3938794,Oc1csc(NNc2nncc3ccccc23)n1,VEIXYUZTXWQMOA-UHFFFAOYSA-N,7.292429823902063,True,c1ccc2c(NNc3nccs3)nncc2c1
CHEMBL570709,CN(N=Nc1ccc2ncnc(Nc3cccc(Cl)c3)c2c1)C(=O)Oc1ccc([N+](=O)[O-])cc1,VELJECLRZJJJQW-UHFFFAOYSA-N,6.113509274827518,False,O=C(NN=Nc1ccc2ncnc(Nc3ccccc3)c2c1)Oc1ccccc1
CHEMBL25425,COc1cc2c(Nc3ccc(Cl)cc3F)ncnc2cc1OCCC1CCN(C)CC1,VEOIWTSZBRXBQG-UHFFFAOYSA-N,6.522878745280337,True,c1ccc(Nc2ncnc3cc(OCCC4CCNCC4)ccc23)cc1
CHEMBL1241580,Nc1ncnc2c1c(-c1ccc(Cl)c(O)c1)nn2C1CCC1,VEORWCZDRQSGJH-UHFFFAOYSA-N,5.939302159646388,False,c1ccc(-c2nn(C3CCC3)c3ncncc23)cc1
CHEMBL2403108,Cc1cc(Nc2ncc(Cl)c(Nc3ccccc3S(=O)(=O)C(C)C)n2)c(OC(C)C)cc1C1CCNCC1,VERWOWGGCGHDQE-UHFFFAOYSA-N,6.045757490560675,False,c1ccc(Nc2ccnc(Nc3ccc(C4CCNCC4)cc3)n2)cc1
CHEMBL77737,N#CC(C#N)=Cc1ccncc1,VEURXLCIKUWIPW-UHFFFAOYSA-N,3.6020599913279625,False,c1ccncc1
CHEMBL333418,Nc1cccc2ncnc(Nc3cccc(Br)c3)c12,VFDHVXMKHJATKX-UHFFFAOYSA-N,6.357535479757878,True,c1ccc(Nc2ncnc3ccccc23)cc1
CHEMBL2064393,Cc1c(OCC(F)(F)F)ccnc1COc1cccc(Nc2ncnc3cc4oc(=O)n(CCCN5CCOCC5)c4cc23)c1,VFJQEWCOMINXPD-UHFFFAOYSA-N,7.00436480540245,True,O=c1oc2cc3ncnc(Nc4cccc(OCc5ccccn5)c4)c3cc2n1CCCN1CCOCC1
CHEMBL511839,NS(=O)(=O)c1ccc(Nc2nc3ncnc(Nc4ccccc4)c3s2)cc1,VFKYFVARGWUQHK-UHFFFAOYSA-N,7.086186147616283,True,c1ccc(Nc2nc3ncnc(Nc4ccccc4)c3s2)cc1
CHEMBL116438,COc1cc(C=CC(=O)CC(=O)C=Cc2ccc(O)c(OC)c2)ccc1O,VFLDPWHFBUODDF-UHFFFAOYSA-N,5.064242720645809,False,O=C(C=Cc1ccccc1)CC(=O)C=Cc1ccccc1
CHEMBL206955,COc1cc2ncnc(Nc3ccc(F)c(Cl)c3)c2cc1CN1CCCC1C(N)=O,VFRFZAHRSWUZQO-UHFFFAOYSA-N,7.9604093769761874,True,c1ccc(Nc2ncnc3ccc(CN4CCCC4)cc23)cc1
CHEMBL2426280,COc1cc(N2CCN(C(C)=O)CC2)ccc1Nc1ncc(Cl)c(-c2c[nH]c3ccccc23)n1,VFZGFLQJVHZUBY-UHFFFAOYSA-N,6.102372908709558,False,c1ccc2c(-c3ccnc(Nc4ccc(N5CCNCC5)cc4)n3)c[nH]c2c1
CHEMBL59099,NCCCNC(=O)c1cccc(Nc2nccc(-c3cccnc3)n2)c1,VGAJUPSWPIGTMF-UHFFFAOYSA-N,4.346787486224656,False,c1ccc(Nc2nccc(-c3cccnc3)n2)cc1
CHEMBL1822062,COc1ccc(C2=NN(c3nc(-c4ccc(Cl)cc4)cs3)C(c3ccc(Br)cc3)C2)cc1,VGEGZZGYLULDJH-UHFFFAOYSA-N,5.199970640755866,False,c1ccc(C2=NN(c3nc(-c4ccccc4)cs3)C(c3ccccc3)C2)cc1
CHEMBL45068,O=C(CCc1ccc(O)cc1)c1c(O)cc(O)cc1O,VGEREEWJJVICBM-UHFFFAOYSA-N,1.6020599913279625,False,O=C(CCc1ccccc1)c1ccccc1
CHEMBL2148045,CCS(=O)(=O)CC(=O)NCCn1ccc2ncnc(Nc3ccc(Oc4cccc(C(F)(F)F)c4)c(Cl)c3)c21,VGJRVAUEDBYNMP-UHFFFAOYSA-N,7.508638306165727,True,c1ccc(Oc2ccc(Nc3ncnc4cc[nH]c34)cc2)cc1
CHEMBL1173688,Cc1ccc(C2=NN(C(N)=S)C(c3ccccc3Br)C2)cc1C,VGQBMUAWNKHSJS-UHFFFAOYSA-N,5.375717904164332,False,c1ccc(C2=NNC(c3ccccc3)C2)cc1
CHEMBL4072769,Cc1cccc(Nc2ncnc3ccc(NC(=S)NCc4ccccc4)cc23)c1,VGXYFFSSAKDCSX-UHFFFAOYSA-N,7.434152181326482,True,S=C(NCc1ccccc1)Nc1ccc2ncnc(Nc3ccccc3)c2c1
CHEMBL2336358,Cc1ccccc1NC(=O)/C=C/c1ccccc1,VHCQQXKZAMLIPM-VAWYXSNFSA-N,4.910448117113546,False,O=C(/C=C/c1ccccc1)Nc1ccccc1
CHEMBL1277620,COc1cc2ncnc(Nc3ccc(Br)cc3F)c2cc1OC,VHFBRSZCMAZULY-UHFFFAOYSA-N,5.2441251443275085,False,c1ccc(Nc2ncnc3ccccc23)cc1
CHEMBL92882,COC/C=C/C(=O)Nc1ccc2ncnc(Nc3cccc(Br)c3)c2c1,VHGGLPYMJXZJFI-ZZXKWVIFSA-N,5.946153573147747,False,c1ccc(Nc2ncnc3ccccc23)cc1
CHEMBL3678953,COc1ccc(Nc2nc3cnc(Nc4ccc(N5CCN(C)CC5)cc4)nc3n2C(C)C)cc1,VHHKVHHSKBHBAO-UHFFFAOYSA-N,7.522878745280337,True,c1ccc(Nc2nc3cnc(Nc4ccc(N5CCNCC5)cc4)nc3[nH]2)cc1
CHEMBL4067255,Fc1ccc(-c2[nH]c(SCCN3CCOCC3)nc2-c2ccnc(Nc3ccccc3)c2)cc1,VHLWLOJGAATJGT-UHFFFAOYSA-N,5.904481957676849,False,c1ccc(Nc2cc(-c3nc(SCCN4CCOCC4)[nH]c3-c3ccccc3)ccn2)cc1
CHEMBL340700,CN(CC(O)CO)c1cc2ncnc(Nc3cccc(Br)c3)c2cn1,VHMBNNHFFIJPIQ-UHFFFAOYSA-N,8.494850021680094,True,c1ccc(Nc2ncnc3ccncc23)cc1
CHEMBL3676393,C=CC(=O)Nc1cc2c(Nc3ccc(Br)cc3F)ncnc2cc1OCC(C)NC(=O)CN(C)C,VHQAZGVURZXKGM-UHFFFAOYSA-N,6.764471553092451,True,c1ccc(Nc2ncnc3ccccc23)cc1
CHEMBL281543,C=CC(=O)Nc1nc2c(Nc3ccc(F)c(Cl)c3)ncnc2cc1CCCCN1CCOCC1,VHRIFFSWPSMYNR-UHFFFAOYSA-N,8.568636235841012,True,c1ccc(Nc2ncnc3cc(CCCCN4CCOCC4)cnc23)cc1
CHEMBL203599,CN1CCN(CCC#CC(=O)Nc2cc3c(Nc4ccc(F)c(Cl)c4)ncnc3cn2)CC1,VIANWBJPMVJZPN-UHFFFAOYSA-N,9.30102999566398,True,O=C(C#CCCN1CCNCC1)Nc1cc2c(Nc3ccccc3)ncnc2cn1
CHEMBL399438,N#Cc1cnc2cc(-c3ccc(CN4CCOCC4)cc3)ccc2c1N[C@@H]1C[C@H]1c1ccccc1,VIGFESXSWDXMJU-LMSSTIIKSA-N,6.630784142589857,True,c1ccc([C@@H]2C[C@H]2Nc2ccnc3cc(-c4ccc(CN5CCOCC5)cc4)ccc23)cc1
CHEMBL3663932,C=CC(=O)Nc1cccc(Oc2nc(Nc3ccc(N4CCN(C)[C@H](C)C4)cc3)c(C(N)=O)nc2CC)c1,VIKYVWOFKQNEHB-GOSISDBHSA-N,8.769551078621726,True,c1ccc(Oc2cncc(Nc3ccc(N4CCNCC4)cc3)n2)cc1
CHEMBL3663931,C=CC(=O)Nc1cccc(Oc2nc(Nc3ccc(N4CCN(C)[C@@H](C)C4)cc3)c(C(N)=O)nc2CC)c1,VIKYVWOFKQNEHB-SFHVURJKSA-N,8.744727494896694,True,c1ccc(Oc2cncc(Nc3ccc(N4CCNCC4)cc3)n2)cc1
CHEMBL3347488,OB(O)/C=C/COc1ccc2ncnc(Nc3cccc(Cl)c3)c2c1,VIPOQJAHVKQJOC-FARCUNLSSA-N,6.568636235841012,True,c1ccc(Nc2ncnc3ccccc23)cc1
CHEMBL4208224,Cc1c2cc(Cl)ccc2n2cc(Cc3ccccc3)[nH]c(=O)c12,VIRDOEJWYRVMQA-UHFFFAOYSA-N,5.769551078621726,False,O=c1[nH]c(Cc2ccccc2)cn2c1cc1ccccc12
CHEMBL168285,Nc1ncnc2c1c(-c1ccccc1)cn2C1CCC(O)C1,VISDQUKQUGPQNV-UHFFFAOYSA-N,6.102372908709558,False,c1ccc(-c2cn(C3CCCC3)c3ncncc23)cc1
CHEMBL3951754,CCC(=O)Nc1cc2c(Nc3ccc(Oc4cccnc4)cc3)ncnc2cc1OC,VIVGTLWPQZQFPV-UHFFFAOYSA-N,6.274905478918531,False,c1cncc(Oc2ccc(Nc3ncnc4ccccc34)cc2)c1
CHEMBL3752204,CN(C)/C=C/C(=O)Nc1cc2c(Nc3ccc(F)c(Cl)c3)ncnc2cc1O[C@H]1CCOC1,VIVMNDCFIZHJAT-ZKKXHLJNSA-N,8.022276394711152,True,c1ccc(Nc2ncnc3cc(O[C@H]4CCOC4)ccc23)cc1
CHEMBL302552,O=C1N=c2ncnc(Nc3ccc(F)c(Cl)c3)c2=C1Cc1ccc(C(=O)NCCN2CCOCC2)[nH]1,VIYOBONKPRZWEN-UHFFFAOYSA-N,7.657577319177793,True,O=C1N=c2ncnc(Nc3ccccc3)c2=C1Cc1ccc(C(=O)NCCN2CCOCC2)[nH]1
CHEMBL308133,O=C(O)C(=Cc1ccc(O)cc1)C(=O)O,VIZIOWSVZAXMNU-UHFFFAOYSA-N,2.8239087409443187,False,c1ccccc1
CHEMBL1204261,CCOc1cc2ncnc(Nc3cccc(F)c3)c2cc1OCC,VIZJVXABYUPLHN-UHFFFAOYSA-N,8.087777943467584,True,c1ccc(Nc2ncnc3ccccc23)cc1
CHEMBL472943,COc1cc2nccc(Nc3ccc(F)c(Cl)c3)c2cc1NC(=O)/C=C/C(C)N(C)C,VJCSJCNFHDFCJI-VMPITWQZSA-N,5.282329496997738,False,c1ccc(Nc2ccnc3ccccc23)cc1
CHEMBL2437463,C=CC(=O)Nc1cccc(-n2c(=O)cnc3cnc(Nc4ccc(N5CCCCC5)cc4)nc32)c1,VJFSMDWEMFOWDK-UHFFFAOYSA-N,8.290730039024169,True,O=c1cnc2cnc(Nc3ccc(N4CCCCC4)cc3)nc2n1-c1ccccc1
CHEMBL2408824,COc1cc(N2CCN(C)CC2)ccc1Nc1ncc(Cl)c(Oc2ccc(CCOc3no[n+]([O-])c3S(=O)(=O)c3ccccc3)cc2)n1,VJHOKRNEWHSJNT-UHFFFAOYSA-N,6.017728766960431,False,O=S(=O)(c1ccccc1)c1[nH+]onc1OCCc1ccc(Oc2ccnc(Nc3ccc(N4CCNCC4)cc3)n2)cc1
CHEMBL3403514,Cc1nc(N(C)c2ccc3occc3c2)c2cc(C)oc2n1,VJPNHYPQDUWYAM-UHFFFAOYSA-N,6.513427849481644,True,c1nc(Nc2ccc3occc3c2)c2ccoc2n1
CHEMBL2337363,Nc1nc(Nc2ccc(Cl)cc2)c2c(n1)[nH]c1cccc(Cl)c12,VJQBMSSVRPHXIT-UHFFFAOYSA-N,4.196542884351587,False,c1ccc(Nc2ncnc3[nH]c4ccccc4c23)cc1
CHEMBL3633143,C=CC(=O)Nc1cccc(-n2c(=O)cc(C)c3cnc(Nc4ccc(N5CCN(C)CC5)cc4OC)nc32)c1,VJQPNQROUWVJQN-UHFFFAOYSA-N,8.397940008672037,True,O=c1ccc2cnc(Nc3ccc(N4CCNCC4)cc3)nc2n1-c1ccccc1
CHEMBL4089601,C=CC(=O)NCCCSc1nc(-c2ccc(F)cc2)c(-c2ccnc(Nc3ccccc3)c2)[nH]1,VJSUVZXKMROKMD-UHFFFAOYSA-N,7.657577319177793,True,c1ccc(Nc2cc(-c3[nH]cnc3-c3ccccc3)ccn2)cc1
CHEMBL91009,COCC#CC(=O)Nc1ccc2ncnc(Nc3cccc(Br)c3)c2c1,VKFHLVGNIPONMR-UHFFFAOYSA-N,8.045757490560675,True,c1ccc(Nc2ncnc3ccccc23)cc1
CHEMBL4286871,CCNc1cc(Nc2cccc(Cl)c2)ncn1,VKFWUJMFXDWKJK-UHFFFAOYSA-N,6.769551078621726,True,c1ccc(Nc2ccncn2)cc1
CHEMBL592201,Oc1c(Br)cc(Br)cc1CN(Cc1ccc(F)cc1)C(=S)Nc1ccccc1,VKGFFGKYZCWSQV-UHFFFAOYSA-N,5.75448733218585,False,S=C(Nc1ccccc1)N(Cc1ccccc1)Cc1ccccc1
CHEMBL481324,CS(=O)(=O)CCNCc1ccc(-c2cc3c(Nc4ccc(OCc5cccc(F)c5)c(Cl)c4)ncnc3s2)s1,VKGQZQGDXLIZTP-UHFFFAOYSA-N,7.017728766960431,True,c1ccc(COc2ccc(Nc3ncnc4sc(-c5cccs5)cc34)cc2)cc1
CHEMBL4092632,Cc1cc(Nc2ncc3c(n2)N([C@H]2CCN(C(=O)C(C)(C)C)C2)C(=O)N(c2ccccc2Cl)C3)ccc1N1CCN(C)CC1,VKIHZJQIFUFAEP-VWLOTQADSA-N,7.531652669587842,True,O=C1N(c2ccccc2)Cc2cnc(Nc3ccc(N4CCNCC4)cc3)nc2N1[C@H]1CCNC1
CHEMBL1822065,COc1ccc(C2=NN(c3nc(-c4ccc(Cl)cc4)cs3)C(c3ccc(O)cc3)C2)cc1,VKJFRXSEHHHHFI-UHFFFAOYSA-N,5.115771230367396,False,c1ccc(C2=NN(c3nc(-c4ccccc4)cs3)C(c3ccccc3)C2)cc1
CHEMBL3233768,C/C=C(\C)C(=O)Nc1cc2c(Nc3ccc(F)c(Cl)c3)ncnc2s1,VKLXZJHDWCEUPE-YCRREMRBSA-N,5.192871044407578,False,c1ccc(Nc2ncnc3sccc23)cc1
CHEMBL3622637,COCCOc1cc2ncnc(Nc3ccc(OCc4ccccn4)c(Cl)c3)c2cc1NC(=O)/C=C/CN(C)C,VKSHQYSRUGRAHY-SOFGYWHQSA-N,8.267606240177031,True,c1ccc(COc2ccc(Nc3ncnc4ccccc34)cc2)nc1
CHEMBL3355886,COc1cc2ncnc(Nc3ccc(OCc4cccc(F)c4)c(Cl)c3)c2cc1OCCCCCCn1ccnc1[N+](=O)[O-],VLAQSKWPNCIIML-UHFFFAOYSA-N,7.82102305270683,True,c1ccc(COc2ccc(Nc3ncnc4ccc(OCCCCCCn5ccnc5)cc34)cc2)cc1
CHEMBL2180203,C=CC(=O)N1CCC[C@@H](n2nc(-c3ccc(C(F)(F)F)cc3)c3c(N)ncnc32)C1,VLDHVXBVOGCJAR-CQSZACIVSA-N,7.221848749616356,True,c1ccc(-c2nn([C@@H]3CCCNC3)c3ncncc23)cc1
CHEMBL4291935,C=CC(=O)Nc1cccc(Nc2nc(Nc3ccc(CN4CCOCC4)cc3)ncc2F)c1,VLEYVUPQTBAACA-UHFFFAOYSA-N,7.092588639225414,True,c1ccc(Nc2ccnc(Nc3ccc(CN4CCOCC4)cc3)n2)cc1
CHEMBL3416612,C[C@@H](Nc1ncnc2sc(Br)cc12)c1ccc(F)cc1,VLFUENOYRUQMGT-MRVPVSSYSA-N,6.823908740944319,True,c1ccc(CNc2ncnc3sccc23)cc1
CHEMBL329867,COc1cc2ncnc(Nc3cncc4ccccc34)c2cc1OC,VLKHXGYXGJCXCH-UHFFFAOYSA-N,8.193820026016112,True,c1ccc2c(Nc3ncnc4ccccc34)cncc2c1
CHEMBL1929312,Cc1ccc(-c2nnc(SCc3ccccc3)o2)c(O)c1,VLLLMNKBBRVQHY-UHFFFAOYSA-N,4.465339424171556,False,c1ccc(CSc2nnc(-c3ccccc3)o2)cc1
CHEMBL1173251,NC(=S)N1N=C(c2ccc(Br)c(Br)c2)CC1c1ccccc1Cl,VLOZVSNKEBEMBK-UHFFFAOYSA-N,4.911509529817604,False,c1ccc(C2=NNC(c3ccccc3)C2)cc1
CHEMBL3896615,COc1cc2c(Nc3ccc(NC(=O)Nc4cccc(Cl)c4)cc3)ncnc2cc1OCCCN1CCN(C)CC1,VLPPFMGJVIPXMF-UHFFFAOYSA-N,6.301029995663981,True,O=C(Nc1ccccc1)Nc1ccc(Nc2ncnc3cc(OCCCN4CCNCC4)ccc23)cc1
CHEMBL3805283,CC(C)Oc1cc2ncnc(Nc3ccc(F)c(Cl)c3)c2c2c1OCCO2,VLQWKBJABCENOH-UHFFFAOYSA-N,7.536107011014092,True,c1ccc(Nc2ncnc3ccc4c(c23)OCCO4)cc1
CHEMBL3922068,Nc1cc(Br)ccc1NC(=O)COc1ccc2ncnc(Nc3ccc(F)c(Cl)c3)c2c1,VLSVBSCKTVGIHZ-UHFFFAOYSA-N,7.0,True,O=C(COc1ccc2ncnc(Nc3ccccc3)c2c1)Nc1ccccc1
CHEMBL3263359,Cc1ccc(C2=NN(C3=NC(c4ccccc4)CS3)C(c3cccc4ccccc34)C2)cc1C,VLSZZLZNMMNEAM-UHFFFAOYSA-N,5.402304814074488,False,c1ccc(C2=NN(C3=NC(c4ccccc4)CS3)C(c3cccc4ccccc34)C2)cc1
CHEMBL1914665,CC[C@@H](Nc1ncnc2[nH]c(-c3ccc(O)cc3)cc12)c1ccccc1,VLTJZASCJJSTAY-GOSISDBHSA-N,8.397940008672037,True,c1ccc(CNc2ncnc3[nH]c(-c4ccccc4)cc23)cc1
CHEMBL4207951,C=CC(=O)N1C[C@@H]2CN(c3nc(Nc4cnn(C)c4)c4ncn(C(C)C)c4n3)C[C@@H]2C1,VLUFVWDZAMAWPX-GASCZTMLSA-N,7.309803919971486,True,c1nc2c(Nc3cn[nH]c3)nc(N3C[C@H]4CNC[C@H]4C3)nc2[nH]1
CHEMBL246492,Fc1cccc(Cn2ncc3cc(Nc4ncnn5ccc(COC[C@@H]6COCCN6)c45)ccc32)c1,VLYYUZFBTALINK-QHCPKHFHSA-N,6.1938200260161125,False,c1ccc(Cn2ncc3cc(Nc4ncnn5ccc(COC[C@@H]6COCCN6)c45)ccc32)cc1
CHEMBL470391,C#Cc1cccc(Nc2ncnc3nc(Nc4ccc(CN5CCOCC5)cc4)sc23)c1,VLZLKHGQUWVLCJ-UHFFFAOYSA-N,7.366531544420413,True,c1ccc(Nc2ncnc3nc(Nc4ccc(CN5CCOCC5)cc4)sc23)cc1
CHEMBL401713,COc1cc(Nc2ncnc3[nH]nc(OCCN4CCC(O)CC4)c23)ccc1OCc1ccccn1,VMDUWDNQTGHKSN-UHFFFAOYSA-N,6.982966660701219,True,c1ccc(COc2ccc(Nc3ncnc4[nH]nc(OCCN5CCCCC5)c34)cc2)nc1
CHEMBL2064388,O=c1oc2cc3ncnc(Nc4ccccc4O)c3cc2n1CCCN1CCOCC1,VMIQKNBDZRNRNG-UHFFFAOYSA-N,4.522878745280337,False,O=c1oc2cc3ncnc(Nc4ccccc4)c3cc2n1CCCN1CCOCC1
CHEMBL184311,Cc1ccc2c(Nc3ccc(F)c(Cl)c3)ncnn12,VMQQVIVRWSLWHO-UHFFFAOYSA-N,5.488116639021126,False,c1ccc(Nc2ncnn3cccc23)cc1
CHEMBL264382,C=c1cc(C(=O)NCCN2CCOCC2)[nH]c1=Cc1c(O)[nH]c2ncnc(Nc3ccc4c(ccn4Cc4ccccc4)c3)c12,VMRWWYVFRBYXKO-UHFFFAOYSA-N,8.958607314841775,True,C=c1cc(C(=O)NCCN2CCOCC2)[nH]c1=Cc1c[nH]c2ncnc(Nc3ccc4c(ccn4Cc4ccccc4)c3)c12
CHEMBL516487,COC(=O)c1c(N)ncnc1Nc1ccc(OCc2ccccc2)c(Cl)c1,VMWBVIFBGIIXSH-UHFFFAOYSA-N,7.267606240177031,True,c1ccc(COc2ccc(Nc3ccncn3)cc2)cc1
CHEMBL4095623,c1ccc(Cc2nnc(Cc3nc4ccccc4[nH]3)o2)cc1,VMYNFFQXYNOIEA-UHFFFAOYSA-N,4.6020599913279625,False,c1ccc(Cc2nnc(Cc3nc4ccccc4[nH]3)o2)cc1
CHEMBL1241680,CC(C)n1nc(-c2ccc(F)c(C#N)c2)c2c(N)ncnc21,VMZGXVLGNHMKLW-UHFFFAOYSA-N,4.0,False,c1ccc(-c2n[nH]c3ncncc23)cc1
CHEMBL591038,C=C=CCCCOc1cc2c(Nc3ccc(F)c(Cl)c3)ncnc2cc1O,VNDGOWZVXDRCAT-UHFFFAOYSA-N,8.500312917381596,True,c1ccc(Nc2ncnc3ccccc23)cc1
CHEMBL4103121,CCC(=O)N1CCC[C@@H](n2nc(-c3ccc(F)cc3)c3c(N)ncnc32)C1,VNDXRZGCISXGHY-CQSZACIVSA-N,5.301029995663981,False,c1ccc(-c2nn([C@@H]3CCCNC3)c3ncncc23)cc1
CHEMBL1077107,CC1=NC(NN2C(=O)/C(=C\c3ccco3)SC2=S)=NC(c2ccc(O)cc2O)C1C(=O)Nc1cccc([N+](=O)[O-])c1,VNFORADWUMKJBK-UDWIEESQSA-N,4.0030507515046185,False,O=C(Nc1ccccc1)C1C=NC(NN2C(=O)/C(=C\c3ccco3)SC2=S)=NC1c1ccccc1
CHEMBL104,Clc1ccccc1C(c1ccccc1)(c1ccccc1)n1ccnc1,VNFPBHJOKIVQEB-UHFFFAOYSA-N,4.158509134666999,False,c1ccc(C(c2ccccc2)(c2ccccc2)n2ccnc2)cc1
CHEMBL3671527,C=CC(=O)Nc1cc2c(Nc3ccc(Br)c(Cl)c3F)ncnc2cc1OCCNC(=O)NC(C)(C)C,VNJIDIZIWFGYFN-UHFFFAOYSA-N,7.346787486224656,True,c1ccc(Nc2ncnc3ccccc23)cc1
CHEMBL4202955,COc1cc(N2CCN(C)CC2)ccc1Nc1ncc(Cl)c(Oc2cccc(NC(=O)/C=C/CN(C)C)c2)n1,VNPLPOBHPAWICK-RMKNXTFCSA-N,5.300162274132754,False,c1ccc(Oc2ccnc(Nc3ccc(N4CCNCC4)cc3)n2)cc1
CHEMBL165495,Cc1cccc(Nc2ncnc3cnc(N)cc23)c1,VNRZOOJIGRYVTF-UHFFFAOYSA-N,8.508638306165727,True,c1ccc(Nc2ncnc3cnccc23)cc1
CHEMBL247512,CC(=O)NC1CCN(Cc2ccn3ncnc(Nc4ccc5c(cnn5Cc5cccc(F)c5)c4)c23)CC1,VNSGZPKJDBAOQI-UHFFFAOYSA-N,6.42021640338319,True,c1ccc(Cn2ncc3cc(Nc4ncnn5ccc(CN6CCCCC6)c45)ccc32)cc1
CHEMBL3325472,N#CC1C(=N)N(c2cccnc2)C2=C(C(=O)CCC2)C1c1cc2cc(Cl)ccc2n2nnnc12,VNSNQSNSWHRMFN-UHFFFAOYSA-N,4.73754891026957,False,N=C1CC(c2cc3ccccc3n3nnnc23)C2=C(CCCC2=O)N1c1cccnc1
CHEMBL307248,N#CC(C#N)=Cc1ccc(NC(=O)CCC(=O)O)cc1,VNUISCLXMOOGIR-UHFFFAOYSA-N,3.1938200260161125,False,c1ccccc1
CHEMBL3612564,COCCn1c(=O)oc2cc3ncnc(Nc4ccc(OC)cc4)c3cc21,VNUNBNIYPOLHHO-UHFFFAOYSA-N,5.292429823902063,False,O=c1[nH]c2cc3c(Nc4ccccc4)ncnc3cc2o1
CHEMBL4125772,C=CC(=O)Nc1cccc(-n2c(=O)n(C)c(=O)c3cnc(Nc4ccc(N5CCSCC5)cc4OC)nc32)c1,VNWGDBXTNMUWPU-UHFFFAOYSA-N,7.040958607678906,True,O=c1[nH]c(=O)n(-c2ccccc2)c2nc(Nc3ccc(N4CCSCC4)cc3)ncc12
CHEMBL3740102,C/C(=N\Nc1ncc(Cl)c(Nc2cccc(NC(=O)/C=C/CN(C)C)c2)n1)c1ccc(F)cc1,VNXHLXXQPIDCEK-MAQKOMCASA-N,5.628932137728263,False,C(=NNc1nccc(Nc2ccccc2)n1)c1ccccc1
CHEMBL354310,COc1cccc(-c2cn(C3CC(C(=O)NCCO)C3)c3ncnc(N)c23)c1,VNYKLXOIIZFVQW-UHFFFAOYSA-N,6.481486060122112,True,c1ccc(-c2cn(C3CCC3)c3ncncc23)cc1
CHEMBL3098326,COc1cc2nc(Cl)nc(Nc3ccc(NC(C)=O)cc3)c2cc1OC,VNYZZTPLJQZDID-UHFFFAOYSA-N,4.424812155072339,False,c1ccc(Nc2ncnc3ccccc23)cc1
CHEMBL2064390,CC(C)Oc1cccc(Nc2ncnc3cc4oc(=O)n(CCCN5CCOCC5)c4cc23)c1,VNZHZFJLBHXDBU-UHFFFAOYSA-N,5.522878745280337,False,O=c1oc2cc3ncnc(Nc4ccccc4)c3cc2n1CCCN1CCOCC1
CHEMBL3747079,CC(=O)N1N=C(c2ccccc2)CC1c1ccc(C(=O)OCCn2c([N+](=O)[O-])cnc2C)cc1,VNZISEQYSUOOCP-UHFFFAOYSA-N,5.018634490921455,False,O=C(OCCn1ccnc1)c1ccc(C2CC(c3ccccc3)=NN2)cc1
CHEMBL2064403,O=c1oc2cc3ncnc(Nc4ccc5[nH]ncc5c4)c3cc2n1CCCN1CCOCC1,VOAPURHNWAYKRM-UHFFFAOYSA-N,6.920818753952375,True,O=c1oc2cc3ncnc(Nc4ccc5[nH]ncc5c4)c3cc2n1CCCN1CCOCC1
CHEMBL1821869,Cc1ccc(C2=NN(c3nc(-c4ccc(Cl)cc4)cs3)C(c3ccc(F)cc3)C2)cc1C,VODHFVQXNNHRCV-UHFFFAOYSA-N,7.221848749616356,True,c1ccc(C2=NN(c3nc(-c4ccccc4)cs3)C(c3ccccc3)C2)cc1
CHEMBL3893698,CCn1c(O)cs/c1=N/Nc1nncc2ccccc12,VOJXLWHAIRPZHM-GHRIWEEISA-N,7.327902142064282,True,c1ccc2c(N/N=c3\[nH]ccs3)nncc2c1
CHEMBL301018,COc1cc2ncnc(Nc3ccc(F)c(Cl)c3)c2cc1OC,VOPNWXZDJKCCRE-UHFFFAOYSA-N,8.045757490560675,True,c1ccc(Nc2ncnc3ccccc23)cc1
CHEMBL4225571,C=CC(=O)Nc1cccc(NC(=O)Nc2ccnc(Nc3ccc(C4CCN(C)CC4)cc3)n2)c1,VOQOQHOMLQSEND-UHFFFAOYSA-N,6.292429823902063,False,O=C(Nc1ccccc1)Nc1ccnc(Nc2ccc(C3CCNCC3)cc2)n1
CHEMBL3735952,COC1CCN(c2nccc(Nc3cc4[nH]cnc4cn3)n2)CC1,VOVOJNOXHDWRNB-UHFFFAOYSA-N,6.055517327849831,False,c1cc(Nc2cc3[nH]cnc3cn2)nc(N2CCCCC2)n1
CHEMBL3774712,Cc1ccc(Nc2ncnc3cc4c(cc23)N(CCCN2CCOCC2)C(=O)CO4)cc1,VPANVMPLCLKNPE-UHFFFAOYSA-N,6.22584814104529,False,O=C1COc2cc3ncnc(Nc4ccccc4)c3cc2N1CCCN1CCOCC1
CHEMBL3901296,CN(C)C/C=C/C(=O)Nc1cc2c(Nc3ccc(F)c(Cl)c3)ncnc2cc1OC[C@@]12COC[C@@H]1C2,VPBAXWOWGZTFTQ-LNFVKZLXSA-N,9.292429823902063,True,c1ccc(Nc2ncnc3cc(OC[C@@]45COC[C@@H]4C5)ccc23)cc1
CHEMBL3895468,CN(C)C/C=C/C(=O)Nc1cc2c(Nc3ccc(F)c(Cl)c3)ncnc2cc1OCC12COCC1C2,VPBAXWOWGZTFTQ-ONEGZZNKSA-N,9.431798275933003,True,c1ccc(Nc2ncnc3cc(OCC45COCC4C5)ccc23)cc1
CHEMBL1830274,Cc1ccc(C(C=Cc2ccccc2)=NNC(N)=S)cc1,VPKCMZUUHKVTQG-UHFFFAOYSA-N,6.455931955649724,True,N=C(C=Cc1ccccc1)c1ccccc1
CHEMBL2283258,CCCCCCCCCCCCNC(=O)/C=C/c1ccccc1,VPKCYQSDPRKOHT-ISLYRVAYSA-N,4.414990720097539,False,c1ccccc1
CHEMBL599218,COc1cc2ncnc(N[C@@H](C)c3ccccc3)c2cc1OCCCCCCC(O)=NO,VPPDBLLRRNCUSU-KRWDZBQOSA-N,5.294392836595395,False,c1ccc(CNc2ncnc3ccccc23)cc1
CHEMBL605976,COc1cc2ncnc(N[C@H](C)c3ccccc3)c2cc1OCCCCCCC(O)=NO,VPPDBLLRRNCUSU-QGZVFWFLSA-N,7.892790030352131,True,c1ccc(CNc2ncnc3ccccc23)cc1
CHEMBL3040543,O=S(=O)(CCNCc1ccc(-c2ccc3ncnc(Nc4ccc(OCc5cccc(F)c5)c(Cl)c4)c3c2)o1)CC(F)(F)F,VPRLBIZASKQOSZ-UHFFFAOYSA-N,7.755533664384005,True,c1ccc(COc2ccc(Nc3ncnc4ccc(-c5ccco5)cc34)cc2)cc1
CHEMBL1242567,Nc1ncnc2c1c(-c1ccc(F)c(O)c1)nn2C1CNC1,VPSLBUMYCILBRD-UHFFFAOYSA-N,5.537602002101044,False,c1ccc(-c2nn(C3CNC3)c3ncncc23)cc1
CHEMBL4079183,O=c1c2ccc(Cl)cc2nc(-c2ccccc2)n1-c1nnc(C2CC2)s1,VPUZTPVLWZZOKN-UHFFFAOYSA-N,6.991399828238082,True,O=c1c2ccccc2nc(-c2ccccc2)n1-c1nnc(C2CC2)s1
CHEMBL3943438,COC[C@@H](Nc1ncnc2oc(-c3ccc(OC)cc3)cc12)c1ccccc1,VPVSYVCBEOTSJF-LJQANCHMSA-N,7.853871964321762,True,c1ccc(CNc2ncnc3oc(-c4ccccc4)cc23)cc1
CHEMBL225929,ClCCN(CCN=NNc1ccc2ncnc(Nc3cccc(Cl)c3)c2c1)Cc1ccccc1,VPYQQIHCRRKVJF-UHFFFAOYSA-N,7.1487416512809245,True,c1ccc(CNCCN=NNc2ccc3ncnc(Nc4ccccc4)c3c2)cc1
CHEMBL4082783,C=CC(=O)N1CCC[C@@H](n2nc(C#CC3CCCC3)c3c(N)ncnc32)C1,VPZUDGJDZWMPDC-OAHLLOKOSA-N,7.221848749616356,True,C(#CC1CCCC1)c1nn([C@@H]2CCCNC2)c2ncncc12
CHEMBL3740713,Cc1ccc(-n2cc(C(=O)c3c(C)[nH]c(-c4ccccc4)c3-c3ccccc3)c(C(=O)Nc3ccccc3)n2)cc1,VQCXKJKPMSUSQU-UHFFFAOYSA-N,5.347753658996677,False,O=C(c1cn(-c2ccccc2)nc1C(=O)Nc1ccccc1)c1c[nH]c(-c2ccccc2)c1-c1ccccc1
CHEMBL3235200,Cc1ccc2nc(Oc3ccccc3)c(/C=N/NC(=O)Cn3c([N+](=O)[O-])cnc3C)cc2c1,VQEZZLMQZUZSSH-BRJLIKDPSA-N,5.498940737782249,False,O=C(Cn1ccnc1)N/N=C/c1cc2ccccc2nc1Oc1ccccc1
CHEMBL3921816,COc1cc(Nc2ncnc3ccc(-c4cn(CCCCCC(O)=NO)nn4)cc23)ccc1Oc1ccccc1,VQLJIZZYDFSRTB-UHFFFAOYSA-N,8.236572006437063,True,c1ccc(Oc2ccc(Nc3ncnc4ccc(-c5c[nH]nn5)cc34)cc2)cc1
CHEMBL2381515,C=CC(=O)Nc1cccc(Oc2nc(Nc3ccc(N4CCN(CC(=O)NCCCOc5no[n+]([O-])c5S(=O)(=O)c5ccccc5)CC4)cc3OC)ncc2Cl)c1,VQMLDWHHSUYPIJ-UHFFFAOYSA-N,7.229147988357855,True,O=C(CN1CCN(c2ccc(Nc3nccc(Oc4ccccc4)n3)cc2)CC1)NCCCOc1no[nH+]c1S(=O)(=O)c1ccccc1
CHEMBL96780,COc1cc2ncnc(Nc3cccc(Br)c3)c2cc1N,VQTRWXQSANIXPR-UHFFFAOYSA-N,8.42021640338319,True,c1ccc(Nc2ncnc3ccccc23)cc1
CHEMBL1812435,COc1ccc(/C=C/C(=O)Nc2ccc3ncnc(Nc4cccc(Br)c4)c3c2)cc1,VQWBPRFGLQGDAV-KPKJPENVSA-N,5.141462802430361,False,O=C(/C=C/c1ccccc1)Nc1ccc2ncnc(Nc3ccccc3)c2c1
CHEMBL204715,COc1ccc2c(c1)Oc1ncnc(Nc3cccc(Br)c3)c1NC2,VQWKLJQKUJWIKG-UHFFFAOYSA-N,5.522878745280337,False,c1ccc(Nc2ncnc3c2NCc2ccccc2O3)cc1
CHEMBL2032380,C=CC(=O)Nc1cccc(N2C(=O)N(C)Cc3cnc(Nc4ccc(N5CCCN(C)CC5)cc4OC)nc32)c1,VQXJJEGSNGGQJK-UHFFFAOYSA-N,8.832682665251824,True,O=C1NCc2cnc(Nc3ccc(N4CCCNCC4)cc3)nc2N1c1ccccc1
CHEMBL197640,CN1CCC(Oc2cccc3ncnc(Nc4ccc(OCc5cccc(F)c5)c(Cl)c4)c23)CC1,VQXONFAAUSCWAP-UHFFFAOYSA-N,8.301029995663981,True,c1ccc(COc2ccc(Nc3ncnc4cccc(OC5CCNCC5)c34)cc2)cc1
CHEMBL544867,Cc1cccc(Nc2ncnc3c2sc2ccc([N+](=O)[O-])cc23)c1,VRACYLKRFFVNRG-UHFFFAOYSA-N,7.958607314841775,True,c1ccc(Nc2ncnc3c2sc2ccccc23)cc1
CHEMBL438805,CCCc1c(C(=O)OCC)cn2ncnc(Nc3ccc4c(cnn4Cc4ccccc4)c3)c12,VRGOWRHHJHLAFC-UHFFFAOYSA-N,6.022276394711152,False,c1ccc(Cn2ncc3cc(Nc4ncnn5cccc45)ccc32)cc1
CHEMBL1817964,C/C=C(\C)C(O[C@@H]1O[C@H](CO)[C@@H](O)[C@H](O)[C@H]1O)C(C)/C=C(C)/C=C/CC(C)=CCc1oc(OC)c(C)c(=O)c1C,VRJQXKKOPVMHKL-DHMZDEOHSA-N,6.795880017344075,True,O=c1ccoc(CC=CC/C=C/C=C/CCO[C@H]2CCCCO2)c1
CHEMBL4072299,C=CC(=O)N1CCC[C@@H](n2nc(-c3ccc(O)cc3)c3c(N)ncnc32)C1,VRKPYFGIHAMROD-CYBMUJFWSA-N,8.522878745280337,True,c1ccc(-c2nn([C@@H]3CCCNC3)c3ncncc23)cc1
CHEMBL1272113,CC#CC(=O)N1CCc2c(sc3ncnc(N[C@H](CO)c4ccccc4)c23)C1,VRNJPDDSMMLWSW-MRXNPFEDSA-N,5.896196279044043,False,c1ccc(CNc2ncnc3sc4c(c23)CCNC4)cc1
CHEMBL3416600,C[C@@H](Nc1ncnc2sc(Br)cc12)c1ccccc1,VRNQAFKWBFDABH-SECBINFHSA-N,7.42021640338319,True,c1ccc(CNc2ncnc3sccc23)cc1
CHEMBL3416602,CC(Nc1ncnc2sc(Br)cc12)c1ccccc1,VRNQAFKWBFDABH-UHFFFAOYSA-N,6.806875401645538,True,c1ccc(CNc2ncnc3sccc23)cc1
CHEMBL2333163,O=C(NCCc1ccc(O)c(Br)c1)C(Cc1cc(Br)c(O)c(Oc2ccc(CCNC(=O)C(Cc3cc(Br)c(O)c(-c4cc(CC(=NO)C(=O)NCCc5ccc(O)c(Br)c5)cc(Br)c4O)c3)=NO)cc2Br)c1)=NO,VRWFLNVDDMVVDA-UHFFFAOYSA-N,6.221848749616356,False,N=C(Cc1cccc(Oc2ccc(CCNC(=O)C(=N)Cc3cccc(-c4cccc(CC(=N)C(=O)NCCc5ccccc5)c4)c3)cc2)c1)C(=O)NCCc1ccccc1
CHEMBL4099377,C=CC(=O)Nc1cc(Nc2ncnc(-c3cn(C)c4ccccc34)c2F)c(OC)cc1N(C)CCN(C)C,VSMNNTUATHZMKB-UHFFFAOYSA-N,7.023191662661934,True,c1ccc(Nc2cc(-c3c[nH]c4ccccc34)ncn2)cc1
CHEMBL3699608,C=CC(=O)Nc1cccc(Nc2nc(Nc3ccc(N4CCN(C(=O)C(C)(C)C)CC4)cc3OC)ncc2C(F)(F)F)c1,VSPRQVANTMCJBV-UHFFFAOYSA-N,7.187086643357144,True,c1ccc(Nc2ccnc(Nc3ccc(N4CCNCC4)cc3)n2)cc1
CHEMBL3678954,CC(C)n1c(Nc2ccc(OCc3cccc(F)c3)c(Cl)c2)nc2cnc(Nc3ccc(N4CCN(C)CC4)cc3)nc21,VSRRLIKKZGFAMN-UHFFFAOYSA-N,8.301029995663981,True,c1ccc(COc2ccc(Nc3nc4cnc(Nc5ccc(N6CCNCC6)cc5)nc4[nH]3)cc2)cc1
CHEMBL2087356,Brc1cccc(Nc2ncnc3cc4c(cc23)OCCOCOCOCCO4)c1,VSUSOVZFENSCKA-UHFFFAOYSA-N,8.301029995663981,True,c1ccc(Nc2ncnc3cc4c(cc23)OCCOCOCOCCO4)cc1
CHEMBL246687,N[C@H]1CCN(Cc2ccn3ncnc(Nc4ccc5c(cnn5Cc5cccc(F)c5)c4)c23)C1,VSXDSBHUFXBAHM-NRFANRHFSA-N,7.301029995663981,True,c1ccc(Cn2ncc3cc(Nc4ncnn5ccc(CN6CCCC6)c45)ccc32)cc1
CHEMBL393848,N[C@@H]1CCN(Cc2ccn3ncnc(Nc4ccc5c(cnn5Cc5cccc(F)c5)c4)c23)C1,VSXDSBHUFXBAHM-OAQYLSRUSA-N,7.221848749616356,True,c1ccc(Cn2ncc3cc(Nc4ncnn5ccc(CN6CCCC6)c45)ccc32)cc1
CHEMBL4225777,CN(C)CCOc1ccc(Nc2ncc3nc(Sc4ccccc4)n(C4CCOCC4)c3n2)cc1,VSZMJABKDRJXRI-UHFFFAOYSA-N,6.254925208417943,False,c1ccc(Nc2ncc3nc(Sc4ccccc4)n(C4CCOCC4)c3n2)cc1
CHEMBL391387,NC1CCN(Cc2ccn3ncnc(Nc4ccc(OCc5cccnc5)c(Cl)c4)c23)CC1,VTBGXVHIEWGJBV-UHFFFAOYSA-N,6.823908740944319,True,c1cncc(COc2ccc(Nc3ncnn4ccc(CN5CCCCC5)c34)cc2)c1
CHEMBL539822,Nc1ccc2c(c1)sc1c(Nc3cccc(Br)c3)ncnc12,VTCCFNSRHBUEKC-UHFFFAOYSA-N,9.327902142064282,True,c1ccc(Nc2ncnc3c2sc2ccccc23)cc1
CHEMBL4088200,O=C(Nc1ccc2nccc(Nc3cccc(Cl)c3)c2c1)C1CCC2(CC1)OOC1(O2)C2CC3CC(C2)CC1C3,VTHMIYYUFBULTE-UHFFFAOYSA-N,6.750068243365805,True,O=C(Nc1ccc2nccc(Nc3ccccc3)c2c1)C1CCC2(CC1)OOC1(O2)C2CC3CC(C2)CC1C3
CHEMBL76904,N#CC(C#N)=Cc1ccc(O)c(O)c1,VTJXFTPMFYAJJU-UHFFFAOYSA-N,4.455931955649724,False,c1ccccc1
CHEMBL412367,CCc1c(NC(=O)OCCn2ccnc2)cn2ncnc(Nc3ccc4c(cnn4Cc4ccccc4)c3)c12,VTLGISZPEUFMGV-UHFFFAOYSA-N,7.397940008672037,True,O=C(Nc1cc2c(Nc3ccc4c(cnn4Cc4ccccc4)c3)ncnn2c1)OCCn1ccnc1
CHEMBL312818,c1ccc(CCCN(c2cc3ncnc(Nc4ccc5[nH]ccc5c4)c3s2)n2ccnc2)cc1,VTLQAHPWBDJOFR-UHFFFAOYSA-N,8.301029995663981,True,c1ccc(CCCN(c2cc3ncnc(Nc4ccc5[nH]ccc5c4)c3s2)n2ccnc2)cc1
CHEMBL269620,CS(=O)(=O)CCNc1nc(-c2ccc3ncnc(Nc4ccc(OCc5cccc(C(F)(F)F)c5)cc4)c3c2)cs1,VTMJQSPPJIJGNW-UHFFFAOYSA-N,6.267606240177031,False,c1ccc(COc2ccc(Nc3ncnc4ccc(-c5cscn5)cc34)cc2)cc1
CHEMBL469997,Fc1ccc(Nc2ncnc3nc(Nc4ccccc4)sc23)cc1Cl,VTPWWNYPRPJWNM-UHFFFAOYSA-N,7.229147988357855,True,c1ccc(Nc2nc3ncnc(Nc4ccccc4)c3s2)cc1
CHEMBL248044,COc1cc2ncc(C#N)c(N[C@@H]3C[C@H]3c3ccccc3)c2cc1OC,VTTRFTSEAVQHSR-MAUKXSAKSA-N,7.045757490560675,True,c1ccc([C@@H]2C[C@H]2Nc2ccnc3ccccc23)cc1
CHEMBL114728,CCOc1cc2ncc(C#N)c(Nc3cccc(Br)c3)c2cc1NC(=O)/C=C/CN(C)C,VTUZXOFBDITYJD-RMKNXTFCSA-N,5.795880017344075,False,c1ccc(Nc2ccnc3ccccc23)cc1
CHEMBL3325480,CCOC(=O)C1C(=N)N(c2cccnc2)C2=C(C(=O)CCC2)C1c1cc2cc(Cl)ccc2n2nnnc12,VTYDSLHCUYEQOP-UHFFFAOYSA-N,4.777283528852417,False,N=C1CC(c2cc3ccccc3n3nnnc23)C2=C(CCCC2=O)N1c1cccnc1
CHEMBL1914655,C[C@@H](Nc1ncnc2[nH]c(-c3ccc(O)cc3)cc12)c1ccc(Br)cc1,VTYZEUQSJZUZBP-GFCCVEGCSA-N,7.207608310501746,True,c1ccc(CNc2ncnc3[nH]c(-c4ccccc4)cc23)cc1
CHEMBL7819,COc1cc(O)c2c(=O)c(-c3cccc(Cl)c3)cn(C)c2c1,VUACFNCXZKTIEY-UHFFFAOYSA-N,6.769551078621726,True,O=c1c(-c2ccccc2)c[nH]c2ccccc12
CHEMBL343887,N#CC(=Cc1ccc(O)c(O)c1)C(=O)NCCN1CCN(C(=O)C(C#N)=Cc2ccc(O)c(O)c2)CC1,VUEAWOKXEQLRJW-UHFFFAOYSA-N,5.657577319177793,False,O=C(C=Cc1ccccc1)NCCN1CCN(C(=O)C=Cc2ccccc2)CC1
CHEMBL258726,CC(C)(C)c1cc(C=C2C(=O)C=CC2=O)cc(C(C)(C)C)c1O,VUEUMQIBGLKJJD-UHFFFAOYSA-N,3.4948500216800937,False,O=C1C=CC(=O)C1=Cc1ccccc1
CHEMBL2087352,Brc1cccc(Nc2ncnc3cc4c(cc23)Oc2ccccc2O4)c1,VUFCYGUKLPCBBQ-UHFFFAOYSA-N,6.920818753952375,True,c1ccc(Nc2ncnc3cc4c(cc23)Oc2ccccc2O4)cc1
CHEMBL53796,CN(C)c1ccc2ncnc(Nc3cccc(Br)c3)c2n1,VUFZZYOKJHFSAA-UHFFFAOYSA-N,8.017728766960431,True,c1ccc(Nc2ncnc3cccnc23)cc1
CHEMBL1173191,NC(=S)N1N=C(c2ccc(Br)c(Br)c2)CC1c1ccc([N+](=O)[O-])cc1,VUIGVGSVNFDIKW-UHFFFAOYSA-N,4.9730583720409705,False,c1ccc(C2=NNC(c3ccccc3)C2)cc1
CHEMBL248220,COc1cc2ncc(C#N)c(N[C@@H]3C[C@H]3c3ccccc3)c2cc1OCc1ccccc1,VUQMYHHPJSYQNN-XUZZJYLKSA-N,5.79317412396815,False,c1ccc(COc2ccc3nccc(N[C@@H]4C[C@H]4c4ccccc4)c3c2)cc1
CHEMBL53940,CNc1cc2c(Nc3ccccc3)ncnc2cn1,VUQQZAQCQFIXAH-UHFFFAOYSA-N,8.045757490560675,True,c1ccc(Nc2ncnc3cnccc23)cc1
CHEMBL452980,O=C(O[C@H]1CN[C@H](C#Cc2cc3ncnc(Nc4ccc5c(c4)c(F)cn5Cc4ccccc4)c3s2)C1)N1CCOCC1,VURXMUNOWCBINZ-ISKFKSNPSA-N,6.619788758288394,True,O=C(O[C@H]1CN[C@H](C#Cc2cc3ncnc(Nc4ccc5c(ccn5Cc5ccccc5)c4)c3s2)C1)N1CCOCC1
CHEMBL120719,COc1cc(C=C(C#N)C#N)cc(CSCC(=O)O)c1O,VUUXIIIZODMBCO-UHFFFAOYSA-N,4.017728766960432,False,c1ccccc1
CHEMBL425601,COc1cc2ncnc(Nc3cccc(Cl)c3F)c2cc1CN(C)C1(C(N)=O)CN(C(C)C)C1,VUWJAUDVPQZJHG-UHFFFAOYSA-N,8.045757490560675,True,c1ccc(Nc2ncnc3ccc(CNC4CNC4)cc23)cc1
CHEMBL3416620,C[C@@H](Nc1ncnc2sc(Br)cc12)c1cccs1,VVKXLYRWCQIRQM-SSDOTTSWSA-N,6.381951903287908,True,c1csc(CNc2ncnc3sccc23)c1
CHEMBL2216827,C=CC(=O)Nc1cccc(Nc2nc(Nc3ccc(Oc4ccnc(C(=O)NC)c4)cc3)ncc2F)c1,VVLHQJDAUIPZFH-UHFFFAOYSA-N,6.132532512140949,False,c1ccc(Nc2ccnc(Nc3ccc(Oc4ccncc4)cc3)n2)cc1
CHEMBL1242573,CC(C)n1nc(-c2cc(F)c3c[nH]nc3c2)c2c(N)ncnc21,VVLOLXBDTFEURK-UHFFFAOYSA-N,5.920818753952375,False,c1ncc2c(-c3ccc4c[nH]nc4c3)n[nH]c2n1
CHEMBL1645469,Cc1ccccc1Nc1ncnn2ccc(CN3CCC(N)CC3)c12,VVORMAVELBPTAS-UHFFFAOYSA-N,6.180456064458131,False,c1ccc(Nc2ncnn3ccc(CN4CCCCC4)c23)cc1
CHEMBL251700,Fc1ccc(Nc2ncnc3ccc(C#CCN4CCCCC4)cc23)cc1Cl,VVYBHXQAVZOHKY-UHFFFAOYSA-N,7.052076380168273,True,C(#Cc1ccc2ncnc(Nc3ccccc3)c2c1)CN1CCCCC1
CHEMBL3735648,CC1(C)c2cc(C3CCN(CC4CCOCC4)CC3)ccc2C(=O)c2c1[nH]c1cc(C#N)ccc21,VWCZORWQNKCYGE-UHFFFAOYSA-N,6.455931955649724,True,O=C1c2ccc(C3CCN(CC4CCOCC4)CC3)cc2Cc2[nH]c3ccccc3c21
CHEMBL459729,Cc1cc(C2CCN(CCCF)CC2)cc2[nH]c(-c3c(NCCn4cc(Cl)cn4)cc[nH]c3=O)nc12,VWELCPLMPPEKOL-UHFFFAOYSA-N,4.6777807052660805,False,O=c1[nH]ccc(NCCn2cccn2)c1-c1nc2ccc(C3CCNCC3)cc2[nH]1
CHEMBL344486,CCOC(=O)/C=C/C(=O)Nc1ccc2ncnc(Nc3cccc(Br)c3)c2c1,VWESXNFYLQAEJY-CMDGGOBGSA-N,7.1938200260161125,True,c1ccc(Nc2ncnc3ccccc23)cc1
CHEMBL335932,CO[C@H]1[C@@H](N(C)C(=O)C(F)(F)F)C[C@@H]2O[C@@]1(C)n1c3ccccc3c3c4c(c5c6ccccc6n2c5c31)C(=O)NC4,VWHZWDRIMLETBG-JAVUZYRSSA-N,5.1938200260161125,False,O=C1NCc2c1c1c3ccccc3n3c1c1c2c2ccccc2n1C1CCC[C@@H]3O1
CHEMBL4060821,O=c1c2ccc(Cl)cc2nc(-c2ccccc2)n1-c1nnc(-c2ccccc2)s1,VWIAGVWYSJBLRY-UHFFFAOYSA-N,5.950781977329818,False,O=c1c2ccccc2nc(-c2ccccc2)n1-c1nnc(-c2ccccc2)s1
CHEMBL3671538,C=CC(=O)Nc1cc2c(Nc3ccc(Br)cc3F)ncnc2cc1OCCNC(=O)CCCN(C)C,VWJOQIGDVVMABO-UHFFFAOYSA-N,7.67778070526608,True,c1ccc(Nc2ncnc3ccccc23)cc1
CHEMBL3979366,C=CC(=O)N1CC[C@H](Oc2cc3c(Nc4ccc(F)c(Cl)c4F)ncnc3cc2OC)CC1C(=O)NCCN(C)C,VWLYPACNXYWMHC-BJQOMGFOSA-N,8.18045606445813,True,c1ccc(Nc2ncnc3ccc(OC4CCNCC4)cc23)cc1
CHEMBL247513,O=C(CO)NC1CCN(Cc2ccn3ncnc(Nc4ccc5c(cnn5Cc5cccc(F)c5)c4)c23)CC1,VWQGZWGCZQZISM-UHFFFAOYSA-N,6.958607314841775,True,c1ccc(Cn2ncc3cc(Nc4ncnn5ccc(CN6CCCCC6)c45)ccc32)cc1
CHEMBL3098312,COc1cc2nc(Cl)nc(Nc3ccc(S(=O)(=O)N(C)C)cc3)c2cc1OC,VWQXQDDNEBTKBV-UHFFFAOYSA-N,4.172630726946175,False,c1ccc(Nc2ncnc3ccccc23)cc1
CHEMBL213007,COc1cc2ncnc(Nc3cc(Cl)ccc3F)c2cc1OC1CCN(S(C)(=O)=O)CC1,VWSRFEPDKHPDEZ-UHFFFAOYSA-N,9.0,True,c1ccc(Nc2ncnc3ccc(OC4CCNCC4)cc23)cc1
CHEMBL3622669,COc1cc2ncnc(Nc3ccc(F)c(Cl)c3)c2cc1NC(=O)/C=C/CNC1CC(F)(F)C1,VWXKRRPPMLCBGB-NSCUHMNNSA-N,6.85078088734462,True,O=C(/C=C/CNC1CCC1)Nc1ccc2ncnc(Nc3ccccc3)c2c1
CHEMBL2064397,CN(c1ccccc1)c1ncnc2cc3oc(=O)n(CCCN4CCOCC4)c3cc12,VWZARPVBYSMNCU-UHFFFAOYSA-N,5.142667503568731,False,O=c1oc2cc3ncnc(Nc4ccccc4)c3cc2n1CCCN1CCOCC1
CHEMBL60826,COc1cc2ncnc(Nc3ccc(F)c(Cl)c3)c2cc1OCC(O)Cn1ccnc1,VXAFUEXPWHBEQW-UHFFFAOYSA-N,8.096910013008056,True,c1ccc(Nc2ncnc3ccc(OCCCn4ccnc4)cc23)cc1
CHEMBL2447950,CCOc1cc2ncnc(Nc3cccc(Cl)c3)c2cc1OCC,VXCUTOVXETTYDM-UHFFFAOYSA-N,9.42021640338319,True,c1ccc(Nc2ncnc3ccccc23)cc1
CHEMBL3234736,Cc1ccc(C(=O)Nc2ccc(CN3CCN(C)CC3)c(C(F)(F)F)c2)cc1NC(=O)c1cccnc1,VXEZGARHOOQROF-UHFFFAOYSA-N,6.259637310505756,False,O=C(Nc1cccc(C(=O)Nc2ccc(CN3CCNCC3)cc2)c1)c1cccnc1
CHEMBL4078026,CCC(=O)N1CC[C@H](N2C(=O)N(c3cc(OC)ccc3F)Cc3cnc(Nc4ccc(N5CCN(C(C)=O)CC5)c(C)c4)nc32)C1,VXMSGATWEXTLLW-VWLOTQADSA-N,6.8297382846050425,True,O=C1N(c2ccccc2)Cc2cnc(Nc3ccc(N4CCNCC4)cc3)nc2N1[C@H]1CCNC1
CHEMBL480349,CS(=O)(=O)CCNCc1ccc(-c2cc3c(Nc4ccc(OCc5cccc(F)c5)c(Cl)c4)ncnc3s2)o1,VXPOFHMNNNIQLJ-UHFFFAOYSA-N,7.920818753952375,True,c1ccc(COc2ccc(Nc3ncnc4sc(-c5ccco5)cc34)cc2)cc1
CHEMBL3814956,O=C(NCCN1CCCCC1)Nc1ccc2ncnc(Nc3ccc(F)c(Cl)c3)c2c1,VXROMVYZCFBGLT-UHFFFAOYSA-N,8.97469413473523,True,O=C(NCCN1CCCCC1)Nc1ccc2ncnc(Nc3ccccc3)c2c1
CHEMBL3676365,C=CC(=O)Nc1cc2c(Nc3ccc(Br)c(Cl)c3F)ncnc2cc1OCCNC(=O)CCO,VXXSTZLCZOCSDY-UHFFFAOYSA-N,7.387216143280264,True,c1ccc(Nc2ncnc3ccccc23)cc1
CHEMBL591910,Oc1csc(=N/N=C/c2ccc(Br)cc2)[nH]1,VXZXLBZTZNXOHS-LFYBBSHMSA-N,5.764471553092451,False,C(=N\N=c1[nH]ccs1)/c1ccccc1
CHEMBL119708,O=[N+]([O-])c1cccc2ncnc(NCc3ccccc3)c12,VYDBASPMDRHHCU-UHFFFAOYSA-N,5.096910013008056,False,c1ccc(CNc2ncnc3ccccc23)cc1
CHEMBL592141,COc1cccc(/C=N/N=c2[nH]c(O)cs2)c1,VYFHNRNVXOWMLR-WUXMJOGZSA-N,4.505149978319906,False,C(=N\N=c1[nH]ccs1)/c1ccccc1
CHEMBL2064392,Cc1c(OCC(F)(F)F)ccnc1COc1ccc(Nc2ncnc3cc4oc(=O)n(CCCN5CCOCC5)c4cc23)cc1,VYGITYDONCAYLI-UHFFFAOYSA-N,5.107905397309519,False,O=c1oc2cc3ncnc(Nc4ccc(OCc5ccccn5)cc4)c3cc2n1CCCN1CCOCC1
CHEMBL3263963,COc1cc2c(Oc3ccc(NS(=O)(=O)c4cccc(-c5ccoc5)c4)cc3F)ccnc2cc1OCCCN1CCN(C)CC1,VYGZVRWOGVFSLZ-UHFFFAOYSA-N,6.774690718274137,True,O=S(=O)(Nc1ccc(Oc2ccnc3cc(OCCCN4CCNCC4)ccc23)cc1)c1cccc(-c2ccoc2)c1
CHEMBL1077085,CC1=NC(NN2C(=O)/C(=C\c3cccs3)SC2=S)=NC(c2ccc(O)cc2O)C1C(=O)Nc1cccc([N+](=O)[O-])c1,VYRBXZGQHWRXMQ-UDWIEESQSA-N,4.09366495819491,False,O=C(Nc1ccccc1)C1C=NC(NN2C(=O)/C(=C\c3cccs3)SC2=S)=NC1c1ccccc1
CHEMBL1946926,CC1(C)CC(C(=O)Nc2ccc3ncnc(Nc4cccc(Br)c4)c3c2)CC(C)(C)N1[O],VYRLLOPKZXQFGW-UHFFFAOYSA-N,7.508638306165727,True,O=C(Nc1ccc2ncnc(Nc3ccccc3)c2c1)C1CCNCC1
CHEMBL594790,CCCCC(Cc1coc2nc(N)nc(N)c12)c1ccccc1OC,VYSGSWCDOXJVNF-UHFFFAOYSA-N,4.872895201635193,False,c1ccc(CCc2coc3ncncc23)cc1
CHEMBL3952877,COC[C@@H](Nc1ncnc2oc(-c3ccccc3)cc12)c1ccccc1,VYUQYESLEXBQTQ-GOSISDBHSA-N,7.552841968657781,True,c1ccc(CNc2ncnc3oc(-c4ccccc4)cc23)cc1
CHEMBL1821883,Fc1ccc(C2CC(c3ccc(Br)cc3)=NN2c2nc(-c3ccc(Cl)cc3)cs2)cc1,VZBPBUWDFDUEBD-UHFFFAOYSA-N,4.616903070050906,False,c1ccc(C2=NN(c3nc(-c4ccccc4)cs3)C(c3ccccc3)C2)cc1
CHEMBL3940909,C=CC(=O)N1CC[C@H](Oc2ccc3ncnc(Nc4ccc(F)c(Cl)c4F)c3c2)C1,VZKKPAPIFNWFTL-ZDUSSCGKSA-N,8.045757490560675,True,c1ccc(Nc2ncnc3ccc(O[C@H]4CCNC4)cc23)cc1
CHEMBL3671479,C=CC(=O)Nc1cc2c(Nc3ccc(Br)cc3F)ncnc2cc1OCC1CCN(C(=O)C=C)CC1,VZMZAYAKDHWCNK-UHFFFAOYSA-N,8.522878745280337,True,c1ccc(Nc2ncnc3cc(OCC4CCNCC4)ccc23)cc1
CHEMBL407534,O=C(O)/C=C/c1cc(CO)ccc1CO,VZNOANOBLUQMFL-ONEGZZNKSA-N,6.107905397309519,False,c1ccccc1
CHEMBL2031303,CCOc1cc2ncnc(Nc3ccc(F)c(Cl)c3)c2cc1NC(=O)CCN(C)C,VZTGBLZWTYWXAI-UHFFFAOYSA-N,9.568636235841012,True,c1ccc(Nc2ncnc3ccccc23)cc1
CHEMBL3613695,NC(=O)c1cnc2ccc(C(=O)/C=C/c3ccc(Cl)cc3)cc2c1Nc1ccc(Br)cc1,VZWFMKNQIBUWGS-KGVSQERTSA-N,5.316592700867905,False,O=C(/C=C/c1ccccc1)c1ccc2nccc(Nc3ccccc3)c2c1
CHEMBL2178350,CN1CCN(c2ccc(Nc3ncc4nc(Nc5ccccc5)n(C5CC5)c4n3)cc2)CC1,WABPITVYBFPGOY-UHFFFAOYSA-N,8.154901959985743,True,c1ccc(Nc2nc3cnc(Nc4ccc(N5CCNCC5)cc4)nc3n2C2CC2)cc1
CHEMBL523573,COCCN1CCC[C@@H]1C#Cc1cc2ncnc(Nc3ccc(OCc4cccc(F)c4)c(Cl)c3)c2s1,WAFFZBGYOIPMFM-JOCHJYFZSA-N,6.886056647693163,True,C(#C[C@H]1CCCN1)c1cc2ncnc(Nc3ccc(OCc4ccccc4)cc3)c2s1
CHEMBL4095447,C=CC(=O)N1CCC[C@@H](n2nc(-c3cccc4ccccc34)c3c(N)ncnc32)C1,WAJKANXMXJLTKT-MRXNPFEDSA-N,9.0,True,c1ccc2c(-c3nn([C@@H]4CCCNC4)c4ncncc34)cccc2c1
CHEMBL4279057,C=C=CC(=O)Nc1cc(Nc2nccc(-c3cn(C)c4ccccc34)n2)c(OC)cc1N1CCC(N(C)C)C1,WAKHXUADXXTOJR-UHFFFAOYSA-N,7.723538195826756,True,c1ccc2c(-c3ccnc(Nc4ccc(N5CCCC5)cc4)n3)c[nH]c2c1
CHEMBL3741436,CN(C)C/C=C/C(=O)Nc1cccc(Nc2nc(N/N=C/c3ccccc3F)ncc2Cl)c1,WAKJUVVCBMKQMA-OIYVWTTASA-N,6.102372908709558,False,C(=N\Nc1nccc(Nc2ccccc2)n1)/c1ccccc1
CHEMBL53552,c1ccc(CNc2ncnc3cccnc23)cc1,WALLIFXHVLZYJG-UHFFFAOYSA-N,6.219682687859849,False,c1ccc(CNc2ncnc3cccnc23)cc1
CHEMBL2426378,COc1ccc(NC(=O)/C=C/CN(C)C)cc1Nc1ncc([S+](C)[O-])c(-c2cnn3ccccc23)n1,WALUXXPDOYDGOU-VQHVLOKHSA-N,4.818156412055227,False,c1ccc(Nc2nccc(-c3cnn4ccccc34)n2)cc1
CHEMBL597096,CCCCCCCCCCCCCCCCCCOC(=O)COc1cc(O)c2c(=O)cc(-c3ccccc3)oc2c1,WATYGSXMLVJBSJ-UHFFFAOYSA-N,6.1598939055432425,False,O=c1cc(-c2ccccc2)oc2ccccc12
CHEMBL4251297,Oc1ccc(Nc2nnnc3sc4c(c23)CCC4)cc1,WAUXMEICWDUJGA-UHFFFAOYSA-N,4.411952503013917,False,c1ccc(Nc2nnnc3sc4c(c23)CCC4)cc1
CHEMBL2337366,COc1cccc(Nc2nc(N)nc3[nH]c4cccc(Cl)c4c23)c1,WAXJONPSDKJXDR-UHFFFAOYSA-N,4.081445469449727,False,c1ccc(Nc2ncnc3[nH]c4ccccc4c23)cc1
CHEMBL3800597,C=CC(=O)Nc1cccc(Oc2nc(Nc3ccc(N4CCN(C(=O)CC)CC4)cc3OC)ncc2SC)c1,WAZLQAVHYOQHHY-UHFFFAOYSA-N,6.813326132500254,True,c1ccc(Oc2ccnc(Nc3ccc(N4CCNCC4)cc3)n2)cc1
CHEMBL597948,C#CCOc1cc2c(Nc3cccc(Cl)c3)ncnc2cc1OC,WBACAQZZINXVMK-UHFFFAOYSA-N,7.586700235918748,True,c1ccc(Nc2ncnc3ccccc23)cc1
CHEMBL3736183,CO[C@H]1CCN(c2nccc(Nc3cc4c(cn3)nc(C)n4C(C)C)n2)C[C@H]1F,WBAMFNDJQOEJFN-PBHICJAKSA-N,6.6020599913279625,True,c1cc(Nc2cc3[nH]cnc3cn2)nc(N2CCCCC2)n1
CHEMBL4211573,COc1cc(N2CCN(C)CC2)ccc1Nc1ncc(Cl)c(Oc2ccc(NC(=O)COCc3ccccc3)cc2)n1,WBBROFIVWCOOIW-UHFFFAOYSA-N,5.568636235841012,False,O=C(COCc1ccccc1)Nc1ccc(Oc2ccnc(Nc3ccc(N4CCNCC4)cc3)n2)cc1
CHEMBL4062722,CSc1nc(-c2ccc(F)cc2)c(-c2ccnc(Nc3cc(F)cc([N+](=O)[O-])c3)c2)[nH]1,WBBWQYPLIVVBKV-UHFFFAOYSA-N,7.259637310505756,True,c1ccc(Nc2cc(-c3[nH]cnc3-c3ccccc3)ccn2)cc1
CHEMBL166358,CN(C)CCCNc1cc2c(Nc3cccc(Br)c3)ncnc2cn1,WBGYUVVZVWPMCL-UHFFFAOYSA-N,8.920818753952375,True,c1ccc(Nc2ncnc3cnccc23)cc1
CHEMBL3403510,COc1ccc(N(C)c2nc(C)nc3oc(C)cc23)cc1OC,WBIIAZNRHKEMQF-UHFFFAOYSA-N,7.044312249686494,True,c1ccc(Nc2ncnc3occc23)cc1
CHEMBL3678951,CC(C)n1c(Nc2cccc(C(F)(F)F)c2)nc2cnc(Nc3ccc(N4CCN(C)CC4)cc3)nc21,WBIXSULLIITHLG-UHFFFAOYSA-N,8.522878745280337,True,c1ccc(Nc2nc3cnc(Nc4ccc(N5CCNCC5)cc4)nc3[nH]2)cc1
CHEMBL3985086,C=CC(=O)Nc1cccc(Nc2nc(Nc3ccc(Cn4ccnc4)cc3OC)ncc2Cl)c1,WBNROVQHGIUYRL-UHFFFAOYSA-N,6.962573502059376,True,c1ccc(Nc2ccnc(Nc3ccc(Cn4ccnc4)cc3)n2)cc1
CHEMBL132466,COc1cc2cc3ncc(C#N)c(Nc4ccc(F)c(Cl)c4)c3cc2cc1OC,WBPDZLHNIXGYON-UHFFFAOYSA-N,4.7447274948966935,False,c1ccc(Nc2ccnc3cc4ccccc4cc23)cc1
CHEMBL3622634,COCCOc1cc2ncnc(Nc3ccc(NC(=O)/C=C/CN(C)C)c(C(F)(F)F)c3)c2cc1NC(=O)/C=C/CN(C)C,WBQXMUQWWMPSJG-CDJQDVQCSA-N,6.99012436628784,True,c1ccc(Nc2ncnc3ccccc23)cc1
CHEMBL1958029,Cc1ccc(C2CC(c3ccc(F)cc3)=NN2c2nc(O)cs2)cc1,WBTFVEFVTJEMNS-UHFFFAOYSA-N,5.077793722560983,False,c1ccc(C2=NN(c3nccs3)C(c3ccccc3)C2)cc1
CHEMBL4127897,C=CC(=O)N1CC[C@@H](Nc2nc(Nc3ccccc3)nc3cnc(Nc4ccc(N5CCN(C)CC5)cn4)cc23)C1,WBTJOPXRJMWQAC-JOCHJYFZSA-N,8.337242168318426,True,c1ccc(Nc2nc(N[C@@H]3CCNC3)c3cc(Nc4ccc(N5CCNCC5)cn4)ncc3n2)cc1
CHEMBL4125840,C=CC(=O)N1CC[C@H](Nc2nc(Nc3ccccc3)nc3cnc(Nc4ccc(N5CCN(C)CC5)cn4)cc23)C1,WBTJOPXRJMWQAC-QFIPXVFZSA-N,7.966576244513051,True,c1ccc(Nc2nc(N[C@H]3CCNC3)c3cc(Nc4ccc(N5CCNCC5)cn4)ncc3n2)cc1
CHEMBL1830276,NC(=S)NN=C(C=Cc1ccccc1)c1ccc(Cl)cc1,WBTWFIPDALFVPX-UHFFFAOYSA-N,6.229147988357855,False,N=C(C=Cc1ccccc1)c1ccccc1
CHEMBL3237949,CCOC(=O)C1C(=N)N(c2cccnc2)C2=C(C(=O)CC(C)(C)C2)C1c1c(C)nn(-c2ccc(Cl)cc2)c1Cl,WBUFBOMEAACLJI-UHFFFAOYSA-N,5.987162775294828,False,N=C1CC(c2cnn(-c3ccccc3)c2)C2=C(CCCC2=O)N1c1cccnc1
CHEMBL56266,CNCC(O)COc1cc2c(Nc3ccc(F)c(Cl)c3)ncnc2cc1OC,WBXRECNDPTXGIZ-UHFFFAOYSA-N,8.301029995663981,True,c1ccc(Nc2ncnc3ccccc23)cc1
CHEMBL3758471,C[C@@H](Nc1ncnc2sc(-c3cccc(C=O)c3)cc12)c1ccccc1,WBYQYOJFKLMZCX-CQSZACIVSA-N,8.221848749616356,True,c1ccc(CNc2ncnc3sc(-c4ccccc4)cc23)cc1
CHEMBL4103194,C=CC(=O)Nc1cc(-n2c(=O)cc(C)c3cnc(Nc4ccc(N5CCN(C)C(C)C5)cc4OC)nc32)cc(C(F)(F)F)c1,WBZIWTUGAIIYTH-UHFFFAOYSA-N,8.795880017344075,True,O=c1ccc2cnc(Nc3ccc(N4CCNCC4)cc3)nc2n1-c1ccccc1
CHEMBL457250,O=C(O[C@H]1CN[C@H](C#Cc2cc3ncnc(Nc4ccc(Sc5ccccn5)cc4)c3s2)C1)N1CCOCC1,WCDMWNJUWOHGEY-NHCUHLMSSA-N,5.782516055786093,False,O=C(O[C@H]1CN[C@H](C#Cc2cc3ncnc(Nc4ccc(Sc5ccccn5)cc4)c3s2)C1)N1CCOCC1
CHEMBL289787,COc1cccc2c(Nc3cccc(Br)c3)ncnc12,WCJIZSYSAHKAQF-UHFFFAOYSA-N,6.011441043121384,False,c1ccc(Nc2ncnc3ccccc23)cc1
CHEMBL1916951,Cc1ccc(S(=O)(=O)NC(=O)c2cccnc2)cc1,WCMNIGILCBJFMB-UHFFFAOYSA-N,4.605023280445436,False,O=C(NS(=O)(=O)c1ccccc1)c1cccnc1
CHEMBL4286374,O=C(Nc1ccc2ncnc(Nc3cccc(Br)c3)c2c1)c1ccc(C(F)(F)F)cc1O,WCOVFXVCWRMHFE-UHFFFAOYSA-N,6.920818753952375,True,O=C(Nc1ccc2ncnc(Nc3ccccc3)c2c1)c1ccccc1
CHEMBL3805588,FC(F)(F)c1cccc(Nc2ncnc3cc(OCCCN4CCOCC4)c4c(c23)OCCO4)c1,WCTCUKAYRBHVFQ-UHFFFAOYSA-N,7.012423105273013,True,c1ccc(Nc2ncnc3cc(OCCCN4CCOCC4)c4c(c23)OCCO4)cc1
CHEMBL1254363,Cc1ccccc1Cc1cc2c(N(C)c3cccc(Br)c3)nc(N)nc2[nH]1,WCTLSBBVUJVVIG-UHFFFAOYSA-N,4.505845405981558,False,c1ccc(Cc2cc3c(Nc4ccccc4)ncnc3[nH]2)cc1
CHEMBL127058,OCCN(CCO)CCCNc1cc2ncnc(Nc3cccc(Br)c3)c2cn1,WCVWPEWJCFWBAJ-UHFFFAOYSA-N,8.920818753952375,True,c1ccc(Nc2ncnc3ccncc23)cc1
CHEMBL2325095,c1ccc(C2=NN(c3ccccc3)C(c3ccc4ccccc4c3)C2)cc1,WCVWWGMNEYDXSB-UHFFFAOYSA-N,6.619788758288394,True,c1ccc(C2=NN(c3ccccc3)C(c3ccc4ccccc4c3)C2)cc1
CHEMBL592139,Oc1csc(=N/N=C/c2cccc(Cl)c2)[nH]1,WDERUQXIJOCLKD-LFYBBSHMSA-N,4.96738123914928,False,C(=N\N=c1[nH]ccs1)/c1ccccc1
CHEMBL3758585,COc1cc2c(Nc3ccc(NC(=O)c4ccc(C)cc4)cc3)ncnc2cc1OCCCN1CCN(C)CC1,WDFJVNDHNAPLGF-UHFFFAOYSA-N,6.161150909262744,False,O=C(Nc1ccc(Nc2ncnc3cc(OCCCN4CCNCC4)ccc23)cc1)c1ccccc1
CHEMBL2322330,O=C(Nc1cccc(Oc2ccc(Nc3ncnc4ccn(CCOCCO)c34)cc2Cl)c1)NC1CCCCC1,WDGCQQKABPWBPZ-UHFFFAOYSA-N,8.161150909262744,True,O=C(Nc1cccc(Oc2ccc(Nc3ncnc4cc[nH]c34)cc2)c1)NC1CCCCC1
CHEMBL3098317,COc1cc2nc(Cl)nc(Nc3ccc(S(N)(=O)=O)cc3)c2cc1OC,WDJAHURGRNMJIP-UHFFFAOYSA-N,5.625251653989896,False,c1ccc(Nc2ncnc3ccccc23)cc1
CHEMBL248108,NC1CCN(Cc2ccn3ncnc(Nc4ccc5c(cnn5Cc5cccc(F)c5)c4)c23)CC1,WDJUUISIVREQHL-UHFFFAOYSA-N,7.455931955649724,True,c1ccc(Cn2ncc3cc(Nc4ncnn5ccc(CN6CCCCC6)c45)ccc32)cc1
CHEMBL255236,COc1ccccc1CON=Cc1c(N)ncnc1Nc1ccc2c(cnn2Cc2cccc(F)c2)c1,WDMFQNOTWHKYOA-UHFFFAOYSA-N,7.327902142064282,True,C(=NOCc1ccccc1)c1cncnc1Nc1ccc2c(cnn2Cc2ccccc2)c1
CHEMBL1242031,CC(C)n1nc(-c2cccc(S(N)(=O)=O)c2)c2c(N)ncnc21,WDMOOFMBMGLZGY-UHFFFAOYSA-N,4.0,False,c1ccc(-c2n[nH]c3ncncc23)cc1
CHEMBL2031301,CN(C)CCC(=O)N(C)c1ccc2ncnc(Nc3cccc(Br)c3)c2c1,WDOOPIKZEIHEIG-UHFFFAOYSA-N,7.7594507517174,True,c1ccc(Nc2ncnc3ccccc23)cc1
CHEMBL3233785,O=C(/C=C/CN1CC2CCC1C(=O)C2)Nc1cc2c(Nc3ccc(F)c(Cl)c3)ncnc2s1,WDQXCAKHPJSZET-OWOJBTEDSA-N,9.045757490560677,True,O=C(/C=C/CN1CC2CCC1C(=O)C2)Nc1cc2c(Nc3ccccc3)ncnc2s1
CHEMBL3765815,COCCOc1cc2ncnc(Nc3ccc(C(=O)NC45CC6CC(CC(C6)C4)C5)cc3)c2cc1OCCOC,WDSCXVWICBGGBP-UHFFFAOYSA-N,8.220403508742175,True,O=C(NC12CC3CC(CC(C3)C1)C2)c1ccc(Nc2ncnc3ccccc23)cc1
CHEMBL144760,N#CC(=Cc1ccc(O)c(O)c1)C(=O)NCCCCCCNC(=O)C(C#N)=Cc1ccc(O)c(O)c1,WDXFBHIKHUGEOU-UHFFFAOYSA-N,6.154901959985743,False,O=C(C=Cc1ccccc1)NCCCCCCNC(=O)C=Cc1ccccc1
CHEMBL4129209,C=CC(=O)N[C@@H]1CCCN(c2nc(Nc3ccccc3)nc3cnc(Nc4ccc(N5CCN(C)CC5)cn4)cc23)C1,WEFQZVAPJGXAMW-HSZRJFAPSA-N,8.187086643357144,True,c1ccc(Nc2nc(N3CCCCC3)c3cc(Nc4ccc(N5CCNCC5)cn4)ncc3n2)cc1
CHEMBL4129287,C=CC(=O)N[C@H]1CCCN(c2nc(Nc3ccccc3)nc3cnc(Nc4ccc(N5CCN(C)CC5)cn4)cc23)C1,WEFQZVAPJGXAMW-QHCPKHFHSA-N,7.847711655616943,True,c1ccc(Nc2nc(N3CCCCC3)c3cc(Nc4ccc(N5CCNCC5)cn4)ncc3n2)cc1
CHEMBL3740105,C#Cc1cccc(Nc2ncnc3cc(OCCOC(=O)c4ccc(C(=O)Nc5ccc6c(c5)C(C)(C)CCC6(C)C)cc4)c(OCCOC(=O)c4ccc(C(=O)Nc5ccc6c(c5)C(C)(C)CCC6(C)C)cc4)cc23)c1,WEKYWBJZVNOZDL-UHFFFAOYSA-N,6.055517327849831,False,O=C(Nc1ccc2c(c1)CCCC2)c1ccc(C(=O)OCCOc2cc3ncnc(Nc4ccccc4)c3cc2OCCOC(=O)c2ccc(C(=O)Nc3ccc4c(c3)CCCC4)cc2)cc1
CHEMBL2336357,COc1ccc(NC(=O)/C=C/c2ccccc2)cc1,WEMJCDDYUBVWRB-KPKJPENVSA-N,5.043351420794797,False,O=C(/C=C/c1ccccc1)Nc1ccccc1
CHEMBL553351,O=[N+]([O-])c1ccc2sc3c(Nc4cccc(Br)c4)ncnc3c2c1,WETDBUJWZMYYBC-UHFFFAOYSA-N,7.910094888560602,True,c1ccc(Nc2ncnc3c2sc2ccccc23)cc1
CHEMBL3608431,C=CC(=O)N[C@H]1CCN(c2nc(Nc3ccc(N4CCN(C)CC4)cc3)c3ncn(CCO)c3n2)C1,WEUCCQODBSFSNN-IBGZPJMESA-N,6.412289034981089,True,c1nc2c(Nc3ccc(N4CCNCC4)cc3)nc(N3CCCC3)nc2[nH]1
CHEMBL2325107,Cc1ccc(C2=NN(C(N)=S)C(c3cccc4ccccc34)C2)cc1,WFADQLXGYLZEED-UHFFFAOYSA-N,5.686132779630847,False,c1ccc(C2=NNC(c3cccc4ccccc34)C2)cc1
CHEMBL592457,Oc1csc(=NN=Cc2cc(Br)ccc2O)[nH]1,WFCHKPWPRLABQT-UHFFFAOYSA-N,7.045757490560675,True,C(=NN=c1[nH]ccs1)c1ccccc1
CHEMBL48436,O=C(NCc1ccccc1)c1cc2ccc(O)c(O)c2cn1,WFCYIYIPAWTFSM-UHFFFAOYSA-N,5.853871964321762,False,O=C(NCc1ccccc1)c1cc2ccccc2cn1
CHEMBL155293,O=C(CCc1c(SSc2[nH]c3ccccc3c2CCC(=O)NCc2ccc(C(=O)O)cc2)[nH]c2ccccc12)NCc1ccc(C(=O)O)cc1,WFDPOLGETIKDCU-UHFFFAOYSA-N,5.130768280269024,False,O=C(CCc1c(SSc2[nH]c3ccccc3c2CCC(=O)NCc2ccccc2)[nH]c2ccccc12)NCc1ccccc1
CHEMBL158119,O=[N+]([O-])CCc1c(SSc2[nH]c3ccccc3c2CC[N+](=O)[O-])[nH]c2ccccc12,WFFWDHORGIOMIR-UHFFFAOYSA-N,4.050609993355088,False,c1ccc2[nH]c(SSc3cc4ccccc4[nH]3)cc2c1
CHEMBL3900264,Clc1ccc(C=CC(=NNc2nncc3ccccc23)c2ccccc2)cc1,WFLJBHIMLGVBCP-UHFFFAOYSA-N,8.337242168318426,True,C(=Cc1ccccc1)C(=NNc1nncc2ccccc12)c1ccccc1
CHEMBL294395,COCCN(CCOC)CCOc1cc2c(Nc3ccc(F)c(Cl)c3)ncnc2cc1OC,WFOGDVXKFPKAIQ-UHFFFAOYSA-N,7.214670164989233,True,c1ccc(Nc2ncnc3ccccc23)cc1
CHEMBL364623,Cc1cc(Nc2ncc(C(=O)Nc3c(C)cccc3Cl)s2)nc(C)n1,WFRLFWGASBLYTC-UHFFFAOYSA-N,5.2839966563652006,False,O=C(Nc1ccccc1)c1cnc(Nc2ccncn2)s1
CHEMBL504117,O=C(O[C@H]1CN[C@H](C#Cc2cc3ncnc(Nc4ccc(OCc5ccccn5)c(Cl)c4)c3s2)C1)N1CCOCC1,WFTNHECJAZFTJB-DENIHFKCSA-N,7.301029995663981,True,O=C(O[C@H]1CN[C@H](C#Cc2cc3ncnc(Nc4ccc(OCc5ccccn5)cc4)c3s2)C1)N1CCOCC1
CHEMBL1172419,CC(=O)N1N=C(c2ccc(Cl)c(Cl)c2)CC1c1ccccc1,WFTQBZVNGVFVSA-UHFFFAOYSA-N,4.542269451754001,False,c1ccc(C2=NNC(c3ccccc3)C2)cc1
CHEMBL93537,O=C(/C=C/CN1CCSCC1)Nc1ccc2ncnc(Nc3cccc(Br)c3)c2c1,WFWOGZGJIURUFA-GORDUTHDSA-N,6.692503962086787,True,O=C(/C=C/CN1CCSCC1)Nc1ccc2ncnc(Nc3ccccc3)c2c1
CHEMBL3219133,C=CC(=O)Nc1cccc(N2C(=O)C(Cc3ccccc3)N(C)C(=O)c3cnc(Nc4ccc(N5CCN(C)CC5)cc4OC)nc32)c1,WFYWZAOVBXVYRQ-UHFFFAOYSA-N,8.329754146925875,True,O=C1NC(Cc2ccccc2)C(=O)N(c2ccccc2)c2nc(Nc3ccc(N4CCNCC4)cc3)ncc21
CHEMBL426124,COc1ccc2c(c1)CNc1c(Nc3ccc(F)c(Cl)c3)ncnc1O2,WFZQPBLGVOTMEJ-UHFFFAOYSA-N,6.045757490560675,False,c1ccc(Nc2ncnc3c2NCc2ccccc2O3)cc1
CHEMBL173453,Nc1ncnc2c1c(-c1ccccc1)cn2-c1ccc(CNCCO)cc1,WGNQPAWFLWLKBL-UHFFFAOYSA-N,5.853871964321762,False,c1ccc(-c2cn(-c3ccccc3)c3ncncc23)cc1
CHEMBL4099682,COc1ccc(Nc2nc(C)nc3c(Cc4ccccc4)cn(C)c23)cc1,WGRLOIOBISATRO-UHFFFAOYSA-N,8.585026652029182,True,c1ccc(Cc2c[nH]c3c(Nc4ccccc4)ncnc23)cc1
CHEMBL127367,CCOc1cc2ncnc(Nc3cccc(-c4nc[nH]n4)c3)c2cc1OCC,WGTILZRWWWHQLO-UHFFFAOYSA-N,6.4089353929735005,True,c1cc(Nc2ncnc3ccccc23)cc(-c2nc[nH]n2)c1
CHEMBL1828860,Cc1ncc([N+](=O)[O-])n1CC(=O)NS(=O)(=O)c1ccccc1,WGUUIXDGODOOAS-UHFFFAOYSA-N,5.531652669587842,False,O=C(Cn1ccnc1)NS(=O)(=O)c1ccccc1
CHEMBL327838,COCCOCC#CC(=O)Nc1ccc2ncnc(Nc3cccc(Br)c3)c2c1,WGYDIWMVEHEUEZ-UHFFFAOYSA-N,7.187086643357144,True,c1ccc(Nc2ncnc3ccccc23)cc1
CHEMBL3891774,O=C(Nc1ccc(Nc2ncnc3cc4oc(=O)n(CCOC(=O)CBr)c4cc23)cc1)NC1CCCCC1,WGYFFABRRMMMFS-UHFFFAOYSA-N,5.070581074285707,False,O=C(Nc1ccc(Nc2ncnc3cc4oc(=O)[nH]c4cc23)cc1)NC1CCCCC1
CHEMBL1242115,CC(C)n1nc(-c2cccc(C(=O)N=C3NCCS3)c2)c2c(N)ncnc21,WGYPOAXANMFHMT-UHFFFAOYSA-N,6.237321436272564,False,O=C(N=C1NCCS1)c1cccc(-c2n[nH]c3ncncc23)c1
CHEMBL2047253,Nc1nc2c(c(Nc3ccc(Cl)cc3F)n1)-c1ccccc1C2,WHCQIGNZIYEVMT-UHFFFAOYSA-N,4.931814138253839,False,c1ccc(Nc2ncnc3c2-c2ccccc2C3)cc1
CHEMBL2031305,CCOc1cc2ncnc(Nc3ccc(F)c(Cl)c3)c2cc1NC(=O)CCN1CCOCC1,WHNBMDXDKOQHCS-UHFFFAOYSA-N,9.537602002101044,True,O=C(CCN1CCOCC1)Nc1ccc2ncnc(Nc3ccccc3)c2c1
CHEMBL196438,CCc1c(C(=O)O)cn2ncnc(Nc3ccc4c(cnn4Cc4ccccc4)c3)c12,WHYDOZDJTWFLEP-UHFFFAOYSA-N,7.698970004336019,True,c1ccc(Cn2ncc3cc(Nc4ncnn5cccc45)ccc32)cc1
CHEMBL3806248,CCOc1cc2ncnc(Nc3ccc(F)c(Cl)c3)c2c2c1OCCO2,WHZWIUHEEWZECR-UHFFFAOYSA-N,8.698970004336019,True,c1ccc(Nc2ncnc3ccc4c(c23)OCCO4)cc1
CHEMBL399736,COc1cc2ncnc(Nc3cccc(C#CCO)c3)c2cc1OC,WIBRRSMFZMVFSE-UHFFFAOYSA-N,5.784203867410167,False,c1ccc(Nc2ncnc3ccccc23)cc1
CHEMBL1934630,Cc1ncnc(Nc2ccc(OCc3cccc(F)c3)c(Cl)c2)c1C#CCOc1ccc(CNC(C)C)cc1,WIFKVECUZJKXMX-UHFFFAOYSA-N,7.0655015487564325,True,C(#Cc1cncnc1Nc1ccc(OCc2ccccc2)cc1)COc1ccccc1
CHEMBL4102288,CCC(=O)N1CC[C@H](N2C(=O)N(c3cc(OC)ccc3F)Cc3cnc(Nc4ccc(N5CCOCC5)c(C)c4)nc32)C1,WIFRTVKXBSHILU-QHCPKHFHSA-N,6.20342566678957,False,O=C1N(c2ccccc2)Cc2cnc(Nc3ccc(N4CCOCC4)cc3)nc2N1[C@H]1CCNC1
CHEMBL2426282,C=CC(=O)Nc1ccc(OC)c(Nc2ncc(Cl)c(-c3c[nH]c4ccccc34)n2)c1,WIISKNAPHJLZGS-UHFFFAOYSA-N,6.259637310505756,False,c1ccc(Nc2nccc(-c3c[nH]c4ccccc34)n2)cc1
CHEMBL3699583,C=CC(=O)Nc1cccc(Oc2nc(Nc3ccc(N4CCN(C(=O)CO)CC4)cc3OC)ncc2Cl)c1,WIKQZNCZVKHLAP-UHFFFAOYSA-N,8.259637310505756,True,c1ccc(Oc2ccnc(Nc3ccc(N4CCNCC4)cc3)n2)cc1
CHEMBL1173680,COc1ccc(C2CC(c3ccc(Cl)c(Cl)c3)=NN2C(C)=O)cc1,WIMSPGRFJUGMEL-UHFFFAOYSA-N,4.764724123312948,False,c1ccc(C2=NNC(c3ccccc3)C2)cc1
CHEMBL1914670,C[C@@H](Nc1ncnc2[nH]c(-c3ccc(C#N)cc3)cc12)c1ccccc1,WJBHZXXFAJKTRU-CQSZACIVSA-N,7.920818753952375,True,c1ccc(CNc2ncnc3[nH]c(-c4ccccc4)cc23)cc1
CHEMBL3971413,CCOc1cc2ncnc(Nc3ccc4c(cnn4Cc4ccccc4)c3)c2cc1NC(=O)/C=C/CN1[C@H](C)CNC[C@@H]1C,WJGBEIOIHHBCIV-RRSRKQOQSA-N,7.142667503568731,True,O=C(/C=C/CN1CCNCC1)Nc1ccc2ncnc(Nc3ccc4c(cnn4Cc4ccccc4)c3)c2c1
CHEMBL169780,Nc1ncnc2c1c(-c1cccc(O)c1)cn2C1CCN(CCO)CC1,WJSCDYSIDGEWEB-UHFFFAOYSA-N,5.5951662833800615,False,c1ccc(-c2cn(C3CCNCC3)c3ncncc23)cc1
CHEMBL1828866,Cc1ccc(S(=O)(=O)NC(=O)Cc2ccc(F)cc2)cc1,WJWDSZSWGLMXLC-UHFFFAOYSA-N,5.081969663215119,False,O=C(Cc1ccccc1)NS(=O)(=O)c1ccccc1
CHEMBL3699589,C=CC(=O)Nc1cccc(Oc2nc(Nc3ccc(N4CCN(C(=O)CO)CC4)cc3OC)ncc2C(F)(F)F)c1,WKEXNNJACJTUAS-UHFFFAOYSA-N,7.698970004336019,True,c1ccc(Oc2ccnc(Nc3ccc(N4CCNCC4)cc3)n2)cc1
CHEMBL3752404,O=C(Nc1ccncc1)Nc1cc(-c2cccnc2)cc(C(F)(F)F)c1,WKFCMHYQGYLXRA-UHFFFAOYSA-N,6.722413704215237,True,O=C(Nc1ccncc1)Nc1cccc(-c2cccnc2)c1
CHEMBL3671555,C=CC(=O)Nc1cc2c(Nc3ccc(Br)cc3F)ncnc2cc1OCC(C)NC(=O)NCCC,WKGRZWRDIRBFPN-UHFFFAOYSA-N,7.537602002101044,True,c1ccc(Nc2ncnc3ccccc23)cc1
CHEMBL204420,COc1cc2ncnc(Nc3cccc(Cl)c3F)c2cc1CN1CCN(C)CC1C(N)=O,WKIVNYVECBOILW-UHFFFAOYSA-N,7.522878745280337,True,c1ccc(Nc2ncnc3ccc(CN4CCNCC4)cc23)cc1
CHEMBL4161938,Fc1cccc(COc2ccc(Nc3ncnc4cc(OCCCN5CCOCC5)c(OCCCN5CCOCC5)cc34)cc2Cl)c1,WKIZAFVIMHRRPF-UHFFFAOYSA-N,8.154901959985743,True,c1ccc(COc2ccc(Nc3ncnc4cc(OCCCN5CCOCC5)c(OCCCN5CCOCC5)cc34)cc2)cc1
CHEMBL3814320,O=C(NCCN1CCOCC1)Nc1ccc2ncnc(Nc3cccc(Br)c3)c2c1,WKPZKYPFSUDFMN-UHFFFAOYSA-N,8.844663962534938,True,O=C(NCCN1CCOCC1)Nc1ccc2ncnc(Nc3ccccc3)c2c1
CHEMBL77869,COc1cc(C=C(C#N)C#N)ccc1O,WKTJJISTXUHPEQ-UHFFFAOYSA-N,3.6989700043360183,False,c1ccccc1
CHEMBL2334001,COc1cc2ncnc(Nc3ccc(F)c(Cl)c3)c2cc1OCCO,WKVBTXXRMLCXIX-UHFFFAOYSA-N,7.197910742118268,True,c1ccc(Nc2ncnc3ccccc23)cc1
CHEMBL79704,O=C(O)CCc1c(SSc2[nH]c3ccccc3c2CCC(=O)O)[nH]c2ccccc12,WKVZBEWEEYDDMO-UHFFFAOYSA-N,5.318758762624412,False,c1ccc2[nH]c(SSc3cc4ccccc4[nH]3)cc2c1
CHEMBL132348,CO[C@H]1[C@@H](N(C)CC(=O)O)C[C@@H]2O[C@@]1(C)n1c3ccccc3c3c4c(c5c6ccccc6n2c5c31)C(=O)NC4,WKZTVBCDQYBGBO-SZGTYURGSA-N,7.508638306165727,True,O=C1NCc2c1c1c3ccccc3n3c1c1c2c2ccccc2n1C1CCC[C@@H]3O1
CHEMBL450319,N#CC(C#N)=C(C#N)c1ccc(O)cc1,WLAVFLAVEPPVJQ-UHFFFAOYSA-N,3.221848749616356,False,c1ccccc1
CHEMBL3586178,O=C1N=C(N2CCCC2C(=O)Nc2ccc3ncnc(Nc4cccc(Cl)c4)c3c2)S/C1=C/c1cccnc1Cl,WLAYFSYGEAPARC-FSJBWODESA-N,5.130768280269024,False,O=C1N=C(N2CCCC2C(=O)Nc2ccc3ncnc(Nc4ccccc4)c3c2)S/C1=C/c1cccnc1
CHEMBL3416636,Nc1cnc(C#Cc2cc3c(Nc4ccc(OCc5cccc(F)c5)c(Cl)c4)ncnc3s2)cn1,WLEIXJUVTKOBDP-UHFFFAOYSA-N,6.429457060118103,True,C(#Cc1cc2c(Nc3ccc(OCc4ccccc4)cc3)ncnc2s1)c1cnccn1
CHEMBL3628907,O=C(Nc1cccc(Br)c1)Nc1ccc(Oc2ncnc3sc4c(c23)CCCC4)cc1Cl,WLKMXZAOYIRUBM-UHFFFAOYSA-N,5.899629454882437,False,O=C(Nc1ccccc1)Nc1ccc(Oc2ncnc3sc4c(c23)CCCC4)cc1
CHEMBL1242379,COc1ccc(-c2nn(C(C)(C)C)c3ncnc(N)c23)cc1OC,WLLDKVYCGDHDLF-UHFFFAOYSA-N,5.197910742118268,False,c1ccc(-c2n[nH]c3ncncc23)cc1
CHEMBL517907,C#Cc1cccc(Nc2ncnc3ccc(OCCCCNCCS(C)(=O)=O)cc23)c1,WLLKPDBSPXZCTG-UHFFFAOYSA-N,7.958607314841775,True,c1ccc(Nc2ncnc3ccccc23)cc1
CHEMBL1092250,C#Cc1cccc(Nc2ccnc3cc(OC)c(OC)cc23)c1,WMAOMQUWVSXRPR-UHFFFAOYSA-N,7.721246399047171,True,c1ccc(Nc2ccnc3ccccc23)cc1
CHEMBL593275,COc1cc2c(Nc3ccc(-c4nc5ccc(Cl)cc5s4)cc3)ncnc2cc1OCCCN1CCN(C)CC1,WMBJPWPAQLGSFL-UHFFFAOYSA-N,6.585026652029182,True,c1ccc2sc(-c3ccc(Nc4ncnc5cc(OCCCN6CCNCC6)ccc45)cc3)nc2c1
CHEMBL298637,CNc1ccc2c(Nc3cccc(Br)c3)ncnc2n1,WMBRHVWLKLLTEE-UHFFFAOYSA-N,7.2839966563652,True,c1ccc(Nc2ncnc3ncccc23)cc1
CHEMBL4279016,C=C=CC(=O)Nc1cc(Nc2nccc(-c3cn(C)c4ccccc34)n2)c(OC)cc1N1CCC(N2CCN(C)CC2)CC1,WMDXVGYOAFEKRU-UHFFFAOYSA-N,9.154901959985745,True,c1ccc2c(-c3ccnc(Nc4ccc(N5CCC(N6CCNCC6)CC5)cc4)n3)c[nH]c2c1
CHEMBL3633146,C=CC(=O)Nc1cccc(-n2c(=O)cc(C)c3cnc(Nc4ccc(N5CCN(C)CC5)cc4)nc32)c1,WMIZCXCHYHEUIJ-UHFFFAOYSA-N,8.537602002101044,True,O=c1ccc2cnc(Nc3ccc(N4CCNCC4)cc3)nc2n1-c1ccccc1
CHEMBL3221560,CCOC(=O)Nc1ccc(Nc2ncnc3cc(OC)c(OC)cc23)cc1Cl,WMWSTVYFFWEFCV-UHFFFAOYSA-N,6.0,False,c1ccc(Nc2ncnc3ccccc23)cc1
CHEMBL3114689,C#Cc1cccc(Nc2ncnc3cc4c(cc23)N(C(=O)/C=C/CN2CCN(C)CC2)CCO4)c1,WMXPSZOEUWJJHU-VMPITWQZSA-N,7.795880017344075,True,O=C(/C=C/CN1CCNCC1)N1CCOc2cc3ncnc(Nc4ccccc4)c3cc21
CHEMBL443268,C=c1cc(C(=O)NCCN2CCOCC2)[nH]c1=Cc1c(O)n(C)c2ncnc(Nc3ccc(F)c(Cl)c3)c12,WNCWRTNLJJFNED-UHFFFAOYSA-N,5.274905478918531,False,C=c1cc(C(=O)NCCN2CCOCC2)[nH]c1=Cc1c[nH]c2ncnc(Nc3ccccc3)c12
CHEMBL3758502,CC1(C)OCc2c(Nc3[nH]nc4ccccc34)nc(-c3cn[nH]c3)nc21,WNGDCEKCMKAXBU-UHFFFAOYSA-N,6.221848749616356,False,c1ccc2c(Nc3nc(-c4cn[nH]c4)nc4c3COC4)[nH]nc2c1
CHEMBL3775911,O=C1COc2cc3ncnc(Nc4ccc(Cl)cc4)c3cc2N1CCCN1CCOCC1,WNIWENBZWCPHOR-UHFFFAOYSA-N,6.451364940185249,True,O=C1COc2cc3ncnc(Nc4ccccc4)c3cc2N1CCCN1CCOCC1
CHEMBL4215080,CN(C)C1CCN(c2ccc(Nc3cc4c(N5CCOCC5)nc(Nc5ccc(F)cc5F)nc4cn3)nc2)CC1,WNRURWHZHWLOSN-UHFFFAOYSA-N,8.67778070526608,True,c1ccc(Nc2nc(N3CCOCC3)c3cc(Nc4ccc(N5CCCCC5)cn4)ncc3n2)cc1
CHEMBL154822,COC(=O)c1ccc(CNC(=O)CCc2c(SSc3[nH]c4ccccc4c3CCC(=O)NCc3ccc(C(=O)OC)c(O)c3)[nH]c3ccccc23)cc1O,WNVTVRRFAUAZBO-UHFFFAOYSA-N,4.0,False,O=C(CCc1c(SSc2[nH]c3ccccc3c2CCC(=O)NCc2ccccc2)[nH]c2ccccc12)NCc1ccccc1
CHEMBL92174,COc1cc2ncnc(Nc3ccccc3Br)c2cc1OC,WNZXENIFRJQCEE-UHFFFAOYSA-N,6.892790030352131,True,c1ccc(Nc2ncnc3ccccc23)cc1
CHEMBL114073,COc1cc2ncc(C#N)c(Nc3ccc(F)c(Cl)c3)c2cc1NC(=O)/C=C/C(C)N1CCOCC1,WOFIZAYJDLKJBI-ZZXKWVIFSA-N,4.975104039892515,False,O=C(/C=C/CN1CCOCC1)Nc1ccc2nccc(Nc3ccccc3)c2c1
CHEMBL1243255,CCOc1cc2ncc(C#N)c(Nc3ccc(F)c(Cl)c3)c2cc1NC(=O)/C=C/CNC,WOFSPKZUAHWIEK-SNAWJCMRSA-N,8.271646217978772,True,c1ccc(Nc2ccnc3ccccc23)cc1
CHEMBL3699613,C=CC(=O)Nc1cccc(Nc2nc(Nc3ccc(N4CCCN(C(=O)OC(C)(C)C)CC4)cc3OC)ncc2C(F)(F)F)c1,WORKLTLCQSPUJP-UHFFFAOYSA-N,8.259637310505756,True,c1ccc(Nc2ccnc(Nc3ccc(N4CCCNCC4)cc3)n2)cc1
CHEMBL25610,COc1cc2c(Nc3ccc(Cl)cc3F)ncnc2cc1OCCN1CCOCC1,WOSBEBRTYHKLTR-UHFFFAOYSA-N,6.3979400086720375,True,c1ccc(Nc2ncnc3cc(OCCN4CCOCC4)ccc23)cc1
CHEMBL3586175,O=C1N=C(N2CCCC2C(=O)Nc2ccc3ncnc(Nc4cccc(Cl)c4)c3c2)S/C1=C/c1ccc(Br)s1,WPCGEGVJIJAEQY-LPYMAVHISA-N,4.503070351926785,False,O=C1N=C(N2CCCC2C(=O)Nc2ccc3ncnc(Nc4ccccc4)c3c2)S/C1=C/c1cccs1
CHEMBL281990,COc1cc2c(Nc3ccc(C)cc3F)ncnc2cc1OCC1CCN(C)CC1,WPCUQWCGLJALCN-UHFFFAOYSA-N,6.0,False,c1ccc(Nc2ncnc3cc(OCC4CCNCC4)ccc23)cc1
CHEMBL3087202,C=CC(=O)N1CC[C@H](N2C(=O)N(C)Cc3cnc(Nc4ccc(N5CCN(C)CC5)cc4OC)nc32)C1,WPKFTRYAFVFPIH-FQEVSTJZSA-N,6.279840696594043,False,O=C1NCc2cnc(Nc3ccc(N4CCNCC4)cc3)nc2N1[C@H]1CCNC1
CHEMBL3907533,CCOc1cc2ncnc(Nc3ccc4c(cnn4Cc4ccccc4)c3)c2cc1NC(=O)/C=C/CN1CCOCC1,WPKVIBFJECQBCV-RMKNXTFCSA-N,7.585026652029182,True,O=C(/C=C/CN1CCOCC1)Nc1ccc2ncnc(Nc3ccc4c(cnn4Cc4ccccc4)c3)c2c1
CHEMBL113902,C/C=C/C(=O)Nc1cc2c(Nc3ccc(F)c(Cl)c3)c(C#N)cnc2cc1OCC,WPNUYJGYQVXMPI-HWKANZROSA-N,5.1249387366083,False,c1ccc(Nc2ccnc3ccccc23)cc1
CHEMBL126623,Brc1cccc(Nc2ncnc3cc(NCCCN4CCOCC4)ncc23)c1,WPUBKZIJROOKPL-UHFFFAOYSA-N,8.721246399047171,True,c1ccc(Nc2ncnc3cc(NCCCN4CCOCC4)ncc23)cc1
CHEMBL203219,Brc1cccc(Nc2ncnc3c2NCc2ccccc2O3)c1,WPYSHFFDOUQSGB-UHFFFAOYSA-N,5.468521082957745,False,c1ccc(Nc2ncnc3c2NCc2ccccc2O3)cc1
CHEMBL307145,Oc1cccc(O)c1O,WQGWDDDVZFFDIG-UHFFFAOYSA-N,5.910094888560602,False,c1ccccc1
CHEMBL3633939,N#CC(C#N)C=Nc1ccc2ncnc(Nc3ccc(OCc4ccccn4)c(Cl)c3)c2c1,WQMXYLQMEMETLB-UHFFFAOYSA-N,5.515700160653214,False,c1ccc(COc2ccc(Nc3ncnc4ccccc34)cc2)nc1
CHEMBL158275,Cn1c(SSc2c(C(=O)NCc3ccccc3)c3ccccc3n2C)c(C(=O)NCc2ccccc2)c2ccccc21,WQRADLHSHDAHEX-UHFFFAOYSA-N,5.769551078621726,False,O=C(NCc1ccccc1)c1c(SSc2[nH]c3ccccc3c2C(=O)NCc2ccccc2)[nH]c2ccccc12
CHEMBL3263959,COc1cc2c(Oc3ccc(NC(=O)c4c(C)n(C)n(-c5ccccc5)c4=O)cc3F)ccnc2cc1OCCCN1CCN(C)CC1,WQROZMCEHXFGBY-UHFFFAOYSA-N,5.115204636051019,False,O=C(Nc1ccc(Oc2ccnc3cc(OCCCN4CCNCC4)ccc23)cc1)c1c[nH]n(-c2ccccc2)c1=O
CHEMBL3984008,C[C@@H](Nc1ncnc2ccc(OCCCCCCC(O)=NO)cc12)c1ccccc1,WQSCNWMSSLOMRV-QGZVFWFLSA-N,7.0,True,c1ccc(CNc2ncnc3ccccc23)cc1
CHEMBL333082,Nc1cccc2c(Nc3cccc(Br)c3)ncnc12,WQZUDZYVETUDRB-UHFFFAOYSA-N,6.978810700930062,True,c1ccc(Nc2ncnc3ccccc23)cc1
CHEMBL3612561,COCCn1c(=O)oc2cc3ncnc(Nc4ccc(F)c(Cl)c4)c3cc21,WROFFEHIKCXWMZ-UHFFFAOYSA-N,6.327902142064282,True,O=c1[nH]c2cc3c(Nc4ccccc4)ncnc3cc2o1
CHEMBL2325091,Brc1ccc(C2=NN(c3ccccc3)C(c3cccc4ccccc34)C2)cc1,WRQKYTMPGPMLPI-UHFFFAOYSA-N,6.309803919971486,True,c1ccc(C2=NN(c3ccccc3)C(c3cccc4ccccc34)C2)cc1
CHEMBL348116,N#CCc1c(SSc2[nH]c3ccccc3c2CC#N)[nH]c2ccccc12,WRQVNXDOWPRYHH-UHFFFAOYSA-N,4.494850021680094,False,c1ccc2[nH]c(SSc3cc4ccccc4[nH]3)cc2c1
CHEMBL2419762,c1ccc(-c2cccc(Nc3ncnc4cc5c(cc34)OCCCO5)c2)cc1,WRSMBOCJQHDXNC-UHFFFAOYSA-N,7.568636235841012,True,c1ccc(-c2cccc(Nc3ncnc4cc5c(cc34)OCCCO5)c2)cc1
CHEMBL3622628,C=CC(=O)Nc1cc2c(Nc3ccc(F)c(C#N)c3)ncnc2cc1O[C@H]1CCOC1,WRTHUOXDKGEYJQ-HNNXBMFYSA-N,6.776504059037606,True,c1ccc(Nc2ncnc3cc(O[C@H]4CCOC4)ccc23)cc1
CHEMBL3622648,C#Cc1cccc(Nc2ncnc3cc(OC4CCOCC4)c(NC(=O)/C=C/CN(C)C)cc23)c1,WRUAWDJRNXGHMT-RMKNXTFCSA-N,8.221848749616356,True,c1ccc(Nc2ncnc3cc(OC4CCOCC4)ccc23)cc1
CHEMBL381604,Nc1nccc(C#Cc2cncnc2Nc2ccc(OCc3cccc(F)c3)c(Cl)c2)n1,WRXRFFUVXFNKGG-UHFFFAOYSA-N,7.494850021680094,True,C(#Cc1cncnc1Nc1ccc(OCc2ccccc2)cc1)c1ccncn1
CHEMBL4060383,Nc1nc(N)c2c(n1)[nH]c1cccc(Sc3ccc4ccccc4c3)c12,WRYJHTYXYDBSCF-UHFFFAOYSA-N,4.698970004336019,False,c1ccc2cc(Sc3cccc4[nH]c5ncncc5c34)ccc2c1
CHEMBL330882,COc1cccc2ncnc(NCc3ccccc3)c12,WRYWVLLIKZNFQK-UHFFFAOYSA-N,5.309803919971486,False,c1ccc(CNc2ncnc3ccccc23)cc1
CHEMBL3263378,COc1ccc(C2=NN(c3nc(O)cs3)C(c3ccc4ccccc4c3)C2)cc1,WRZDSWJPAZYXTN-UHFFFAOYSA-N,5.552841968657781,False,c1ccc(C2=NN(c3nccs3)C(c3ccc4ccccc4c3)C2)cc1
CHEMBL56879,N#CC(=Cc1ccc(O)c(O)c1)C(=O)c1ccc([N+](=O)[O-])cc1,WSDDCSPJUMHQSE-UHFFFAOYSA-N,5.638272163982407,False,O=C(C=Cc1ccccc1)c1ccccc1
CHEMBL1910268,N#Cc1cc2c(N)ncnc2nc1NCCO,WSKJBEAUZWPRKV-UHFFFAOYSA-N,4.0301183562535,False,c1cnc2ncncc2c1
CHEMBL2047019,O=C(CCCCCC(O)=NO)Nc1ccc(O)c(C(=O)Nc2cccc(C(F)(F)F)c2)c1,WSKULMHBPVCLFC-UHFFFAOYSA-N,5.376750709602099,False,O=C(Nc1ccccc1)c1ccccc1
CHEMBL510730,O=C1NCCc2cc(Br)c(O)c(c2)Oc2c(Br)cc(cc2Br)CCNC(=O)C(=NO)Cc2cc(Br)c(O)c(c2)Oc2c(Br)cc(cc2Br)CC1=NO,WSOCBHDTRCSWRH-UHFFFAOYSA-N,5.698970004336019,False,N=C1Cc2ccc(cc2)Oc2cccc(c2)CC(=N)C(=O)NCCc2ccc(cc2)Oc2cccc(c2)CCNC1=O
CHEMBL3678958,CC(C)n1c(Nc2cccnc2)nc2cnc(Nc3ccc(N4CCN(C)CC4)cc3)nc21,WSOHOUHPUOAXIN-UHFFFAOYSA-N,7.508638306165727,True,c1cncc(Nc2nc3cnc(Nc4ccc(N5CCNCC5)cc4)nc3[nH]2)c1
CHEMBL3805509,C#Cc1cccc(Nc2ncnc3cc(OC(C)C)c4c(c23)OCCO4)c1,WSTBLMCKOCVKHH-UHFFFAOYSA-N,7.625251653989896,True,c1ccc(Nc2ncnc3ccc4c(c23)OCCO4)cc1
CHEMBL4079125,Clc1ccc(-c2nnc(Cc3nc4ccccc4[nH]3)o2)c(Cl)c1,WSUPAWGFLAOISO-UHFFFAOYSA-N,5.431798275933005,False,c1ccc(-c2nnc(Cc3nc4ccccc4[nH]3)o2)cc1
CHEMBL1009,NC(Cc1ccc(O)c(O)c1)C(=O)O,WTDRDQBEARUVNC-UHFFFAOYSA-N,3.045757490560675,False,c1ccccc1
CHEMBL1272276,CN(C)C/C=C/C(=O)N1CCc2c(sc3ncnc(N[C@H](CO)c4ccccc4)c23)C1,WTHITBDGABQSRK-AHKGRUIUSA-N,7.154901959985743,True,c1ccc(CNc2ncnc3sc4c(c23)CCNC4)cc1
CHEMBL2335018,CC(C)(C)C(=O)Nc1nc(Nc2cccc(C(F)(F)F)c2)c2cc(CCc3ccccn3)[nH]c2n1,WTIRAQYVQVKKSN-UHFFFAOYSA-N,4.892790030352131,False,c1ccc(Nc2ncnc3[nH]c(CCc4ccccn4)cc23)cc1
CHEMBL3671542,C=CC(=O)Nc1cc2c(Nc3ccc(Br)cc3F)ncnc2cc1OCCNC(=O)C(=O)O,WTKHKEHPGMXSBH-UHFFFAOYSA-N,6.991399828238082,True,c1ccc(Nc2ncnc3ccccc23)cc1
CHEMBL3237942,Cc1ccc(-n2nc(C)c(C3C(C#N)C(=N)N(c4cccnc4)C4=CC(C)(C)CC(=O)C43)c2Cl)cc1,WTKXTASITOXEHE-UHFFFAOYSA-N,4.832682665251824,False,N=C1CC(c2cnn(-c3ccccc3)c2)C2C(=O)CCC=C2N1c1cccnc1
CHEMBL4101193,CCC(=O)Nc1ccc(OC)c(Nc2cc(-c3c[nH]c(SC)n3)ccn2)c1,WTNGOBFGOVXAFX-UHFFFAOYSA-N,6.443697499232712,True,c1ccc(Nc2cc(-c3c[nH]cn3)ccn2)cc1
CHEMBL1821864,Cc1ccc(C2=NN(c3nc(-c4ccccc4)cs3)C(c3ccc(Br)cc3)C2)cc1C,WTQCDHFIIOTHOI-UHFFFAOYSA-N,5.735182176990463,False,c1ccc(C2=NN(c3nc(-c4ccccc4)cs3)C(c3ccccc3)C2)cc1
CHEMBL3805238,CCOc1cc2ncnc(Nc3cccc([N+](=O)[O-])c3)c2c2c1OCCO2,WUAZUOXCWOXJJP-UHFFFAOYSA-N,8.013228265733755,True,c1ccc(Nc2ncnc3ccc4c(c23)OCCO4)cc1
CHEMBL1951415,Nc1nccc(-c2c(-c3ccc(F)cc3)ncn2C2CCCCC2)n1,WUDBUIUHVNECTM-UHFFFAOYSA-N,6.823908740944319,True,c1ccc(-c2ncn(C3CCCCC3)c2-c2ccncn2)cc1
CHEMBL4071827,C=CC(=O)Nc1cccc(-c2c[nH]c3nccc(-c4[nH]c(CCCO)nc4-c4ccc(F)cc4)c23)c1,WUDIBRLHJBOEBA-UHFFFAOYSA-N,8.818156412055227,True,c1ccc(-c2nc[nH]c2-c2ccnc3[nH]cc(-c4ccccc4)c23)cc1
CHEMBL3353396,C=CC(=O)Nc1cc(Nc2ncc(Cl)c(-c3cnn4ccccc34)n2)c(OC)cc1N1CCN(C(=O)C(C)N)CC1,WUPOJRLONGGROF-UHFFFAOYSA-N,4.236636566342682,False,c1ccn2ncc(-c3ccnc(Nc4ccc(N5CCNCC5)cc4)n3)c2c1
CHEMBL248114,Cc1cncc(Cn2ncc3cc(Nc4ncnn5ccc(CN6CCC(N)CC6)c45)ccc32)c1,WUPUQIUJIDRWAX-UHFFFAOYSA-N,7.721246399047171,True,c1cncc(Cn2ncc3cc(Nc4ncnn5ccc(CN6CCCCC6)c45)ccc32)c1
CHEMBL188762,CCC(=O)Nc1ccc2ncnc(Nc3cccc(Br)c3)c2c1,WUPUZEMRHDROEO-UHFFFAOYSA-N,9.366531544420411,True,c1ccc(Nc2ncnc3ccccc23)cc1
CHEMBL2048911,O=C(NCCn1ccc2ncnc(Nc3ccc(Oc4cccc5sncc45)c(Cl)c3)c21)C1CCCN1,WUQQSPODIZWQJL-UHFFFAOYSA-N,8.522878745280337,True,O=C(NCCn1ccc2ncnc(Nc3ccc(Oc4cccc5sncc45)cc3)c21)C1CCCN1
CHEMBL31656,C=CC(=O)Nc1nc2c(Nc3ccc(F)c(Cl)c3)ncnc2cc1OCCCN1CCOCC1,WUTKDVWWIGSHGA-UHFFFAOYSA-N,8.823908740944319,True,c1ccc(Nc2ncnc3cc(OCCCN4CCOCC4)cnc23)cc1
CHEMBL92937,CNc1cc2ncnc(Nc3cccc(Br)c3)c2cc1N,WUWMKQIRTKOCMN-UHFFFAOYSA-N,9.161150909262744,True,c1ccc(Nc2ncnc3ccccc23)cc1
CHEMBL3746564,CC(=O)N1N=C(c2ccc(I)cc2)CC1c1ccc(C(=O)OC(C)Cn2c([N+](=O)[O-])cnc2C)cc1,WUZJUVCMTGFTDE-UHFFFAOYSA-N,4.971022294791222,False,O=C(OCCn1ccnc1)c1ccc(C2CC(c3ccccc3)=NN2)cc1
CHEMBL473436,Fc1cccc(COc2ccc(Nc3ncnc4cc(-c5ccc[nH]5)sc34)cc2Cl)c1,WVBOSBMDZYIKPK-UHFFFAOYSA-N,7.167491087293763,True,c1ccc(COc2ccc(Nc3ncnc4cc(-c5ccc[nH]5)sc34)cc2)cc1
CHEMBL326596,COc1ccc2c(NCc3ccccc3)ncnc2c1,WVKPEHVWDHASND-UHFFFAOYSA-N,7.236572006437063,True,c1ccc(CNc2ncnc3ccccc23)cc1
CHEMBL4294743,CCC(=O)N[C@H]1CC[C@H](N2C(=O)N(c3ccccc3Cl)Cc3cnc(Nc4ccc(N5CCN(C)CC5)c(C)c4)nc32)CC1,WVLWGBZNXIVAKC-YOCNBXQISA-N,8.236572006437063,True,O=C1N(c2ccccc2)Cc2cnc(Nc3ccc(N4CCNCC4)cc3)nc2N1C1CCCCC1
CHEMBL309866,N#C/C(=C\c1ccc([N+](=O)[O-])cc1)C(=O)O,WVRIVHWJJWXSTM-VMPITWQZSA-N,2.886056647693163,False,c1ccccc1
CHEMBL3815045,CCn1c(-c2nc(-c3cnn(C4CCN(C)CC4)c3)cnc2N)nc2ccccc21,WVTZAXXUQNHGQF-UHFFFAOYSA-N,7.301029995663981,True,c1ccc2[nH]c(-c3cncc(-c4cnn(C5CCNCC5)c4)n3)nc2c1
CHEMBL607707,CCOc1cc2ncc(C#N)c(Nc3ccc(F)c(Cl)c3)c2cc1NC(=O)/C=C/CN(C)C,WVUNYSQLFKLYNI-AATRIKPKSA-N,7.080921907623926,True,c1ccc(Nc2ccnc3ccccc23)cc1
CHEMBL4214040,COc1cc(N2CCN(C)CC2)ccc1Nc1ncc(Cl)c(Oc2ccc(NC(=O)CO)cc2)n1,WVUXKGMCPCJLAI-UHFFFAOYSA-N,5.97469413473523,False,c1ccc(Oc2ccnc(Nc3ccc(N4CCNCC4)cc3)n2)cc1
CHEMBL1683950,Fc1cccc(COc2ccc(Nc3cc(-c4ccccc4)ncn3)cc2Cl)c1,WVWYBUKDEAJOCJ-UHFFFAOYSA-N,5.920818753952375,False,c1ccc(COc2ccc(Nc3cc(-c4ccccc4)ncn3)cc2)cc1
CHEMBL3815074,C#Cc1cccc(Nc2ncnc3ccc(NC(C)=O)cc23)c1,WVXFPLPIKDKMON-UHFFFAOYSA-N,8.6903698325741,True,c1ccc(Nc2ncnc3ccccc23)cc1
CHEMBL1170278,Cc1ncc([N+](=O)[O-])n1CCOC(=O)/C=C/c1cccc2ccccc12,WVYOFBIKOJAJSC-MDZDMXLPSA-N,5.411168274405792,False,O=C(/C=C/c1cccc2ccccc12)OCCn1ccnc1
CHEMBL1958218,COc1ccc(C2=NN(c3nc(O)cs3)C(c3ccccc3)C2)cc1,WWCVASMHBCZNKQ-UHFFFAOYSA-N,5.625251653989896,False,c1ccc(C2=NN(c3nccs3)C(c3ccccc3)C2)cc1
CHEMBL2385976,CCOc1cc([N+](=O)[O-])c(C(=O)Nc2ccc(OCc3ccccn3)c(Cl)c2)cc1NC(=O)c1ccc(CN2CCN(C)CC2)cc1,WWENZQRXUNKHJQ-UHFFFAOYSA-N,6.045757490560675,False,O=C(Nc1cccc(C(=O)Nc2ccc(OCc3ccccn3)cc2)c1)c1ccc(CN2CCNCC2)cc1
CHEMBL2018760,CCOC(=O)Nc1cc(Nc2ncnc3cc(OC)c(OC)cc23)ccc1Cl,WWQBVYHWIFMCBB-UHFFFAOYSA-N,6.045757490560675,False,c1ccc(Nc2ncnc3ccccc23)cc1
CHEMBL1934623,Cc1ncnc(Nc2ccc(OCc3cccc(F)c3)c(Cl)c2)c1C#Cc1ccc(CNC(C)C)cc1,WWVSQNVNUAFENV-UHFFFAOYSA-N,8.522878745280337,True,C(#Cc1cncnc1Nc1ccc(OCc2ccccc2)cc1)c1ccccc1
CHEMBL197525,COc1ccc(Nc2ncnc3cccc(OC4CCN(C)CC4)c23)cc1Cl,WWZJQIRRGMAENV-UHFFFAOYSA-N,5.7447274948966935,False,c1ccc(Nc2ncnc3cccc(OC4CCNCC4)c23)cc1
CHEMBL3786220,C=CC(=O)N1C[C@H](COc2nc(Nc3cnn(C)c3)nc3[nH]cc(Cl)c23)[C@@H](O)C1,WXAGFSCXMRRCME-MFKMUULPSA-N,6.6777807052660805,True,c1cc2c(OC[C@@H]3CCNC3)nc(Nc3cn[nH]c3)nc2[nH]1
CHEMBL1241859,Nc1ncnc2c1c(-c1ccc(Cl)c(O)c1)nn2CC1CCNCC1,WXCKXLFOEBUZDO-UHFFFAOYSA-N,4.0,False,c1ccc(-c2nn(CC3CCNCC3)c3ncncc23)cc1
CHEMBL3699582,C=CC(=O)Nc1cccc(Nc2nc(Nc3ccc(N4CCOCC4)cc3OC)ncc2C(F)(F)F)c1,WXDGNJJCOMJRLQ-UHFFFAOYSA-N,7.698970004336019,True,c1ccc(Nc2ccnc(Nc3ccc(N4CCOCC4)cc3)n2)cc1
CHEMBL2047018,O=C(CCCCCC(O)=NO)Nc1ccc(O)c(C(=O)Nc2ccc(F)c(Cl)c2)c1,WXDPXOBBMKNNFY-UHFFFAOYSA-N,5.452225294612178,False,O=C(Nc1ccccc1)c1ccccc1
CHEMBL3746980,CC(=O)N1N=C(c2ccc(C)cc2)CC1c1ccc(C(=O)OC(C)Cn2c([N+](=O)[O-])cnc2C)cc1,WXFJAWWXWDNJPZ-UHFFFAOYSA-N,4.592099459857365,False,O=C(OCCn1ccnc1)c1ccc(C2CC(c3ccccc3)=NN2)cc1
CHEMBL306081,Cc1[nH]c2ncnc(Nc3cccc(Cl)c3)c2c1C,WXJDWBDGDSXEFA-UHFFFAOYSA-N,4.568636235841013,False,c1ccc(Nc2ncnc3[nH]ccc23)cc1
CHEMBL294213,N#CC(C#N)=Cc1ccc2[nH]ccc2c1,WXKRFPWLMFBHAV-UHFFFAOYSA-N,2.6575773191777934,False,c1ccc2[nH]ccc2c1
CHEMBL332882,Nc1cccc(-c2[nH]nc3ncnc(Nc4cccc(Cl)c4)c23)c1,WXPDCELKHNMODS-UHFFFAOYSA-N,8.301029995663981,True,c1ccc(Nc2ncnc3n[nH]c(-c4ccccc4)c23)cc1
CHEMBL3891846,C[C@@H](Nc1ncnc2oc(-c3ccc(NCCN4CCCCC4)cc3)cc12)c1ccccc1,WXPVUXPDOICCSW-HXUWFJFHSA-N,9.221848749616356,True,c1ccc(CNc2ncnc3oc(-c4ccc(NCCN5CCCCC5)cc4)cc23)cc1
CHEMBL4250273,COc1ccc(N(c2ncnc3occ(C)c23)C(C)C)cc1,WXUQFXPVDDHAIZ-UHFFFAOYSA-N,7.995678626217357,True,c1ccc(Nc2ncnc3occc23)cc1
CHEMBL3085277,C[C@H](Nc1ncnc2c1sc1ccccc12)c1ccccc1,WXXYNGFRGPWDFC-LBPRGKRZSA-N,6.269217724333611,False,c1ccc(CNc2ncnc3c2sc2ccccc23)cc1
CHEMBL330224,Nc1ccc2c(Nc3ccccc3)ncnc2c1,WYKOALHWZONWJR-UHFFFAOYSA-N,7.0,True,c1ccc(Nc2ncnc3ccccc23)cc1
CHEMBL4226151,CN1CCN(c2ccc(Nc3ncc4nc(Sc5ccccc5)n(C5CCOCC5)c4n3)cc2)CC1,WYLPEILBEHVOEW-UHFFFAOYSA-N,6.049635145623877,False,c1ccc(Sc2nc3cnc(Nc4ccc(N5CCNCC5)cc4)nc3n2C2CCOCC2)cc1
CHEMBL602890,COc1cc(/C=C2\SC(=N)NC2=O)ccc1OCCCOc1cc(C)cc(C)c1,WYNQMPRRXLNUQG-MOSHPQCFSA-N,4.251811972993799,False,N=C1NC(=O)/C(=C/c2ccc(OCCCOc3ccccc3)cc2)S1
CHEMBL355982,Brc1cccc(Nc2ncnc3sccc23)c1,WYOFJYXGKWRDKC-UHFFFAOYSA-N,7.455931955649724,True,c1ccc(Nc2ncnc3sccc23)cc1
CHEMBL3040861,c1ccc(-c2cccc(Nc3ncnc4cc5c(cc34)OCO5)c2)cc1,WYQRWWCPRIGMCS-UHFFFAOYSA-N,8.698970004336019,True,c1ccc(-c2cccc(Nc3ncnc4cc5c(cc34)OCO5)c2)cc1
CHEMBL1097189,NC1CCc2c(c3cc(OCCc4ccc(O)cc4)ccc3n2CCCc2ccccc2)C1,WYTDNCFQYUGZDI-UHFFFAOYSA-N,5.6020599913279625,False,c1ccc(CCCn2c3c(c4cc(OCCc5ccccc5)ccc42)CCCC3)cc1
CHEMBL93295,COc1cc2nc(N)nc(Nc3cccc(Br)c3)c2cc1OC,WYYHXJFKSMRPCR-UHFFFAOYSA-N,6.334419008982047,True,c1ccc(Nc2ncnc3ccccc23)cc1
CHEMBL1630116,Nc1ccccc1NC(=O)CCc1ccc(-c2ccc3ncnc(Nc4ccc(OCc5cccc(F)c5)c(Cl)c4)c3c2)cc1,WYZOMYWEQQWFAG-UHFFFAOYSA-N,7.823908740944319,True,O=C(CCc1ccc(-c2ccc3ncnc(Nc4ccc(OCc5ccccc5)cc4)c3c2)cc1)Nc1ccccc1
CHEMBL249921,OCCC#Cc1ccc2ncnc(Nc3ccc(F)c(Cl)c3)c2c1,WZAHNIGELIOSPL-UHFFFAOYSA-N,6.7309542903423765,True,c1ccc(Nc2ncnc3ccccc23)cc1
CHEMBL3352899,COc1cc2c(Nc3cccc(Br)c3)ncnc2cc1OCCCCCCn1ccnc1[N+](=O)[O-],WZOUZPGXWHMMHZ-UHFFFAOYSA-N,9.10790539730952,True,c1ccc(Nc2ncnc3cc(OCCCCCCn4ccnc4)ccc23)cc1
CHEMBL593909,COc1cc2c(Nc3ccc(-c4nc5ccc(Cl)cc5s4)cc3F)ncnc2cc1OCCCN1CCN(C)CC1,WZTHBTBWYVSGPF-UHFFFAOYSA-N,5.207608310501746,False,c1ccc2sc(-c3ccc(Nc4ncnc5cc(OCCCN6CCNCC6)ccc45)cc3)nc2c1
CHEMBL2437470,C=CC(=O)Nc1ccc(-n2c(=O)c(C)nc3cnc(Nc4ccc(OC)cc4)nc32)cc1,WZUJQAJDFCNKQS-UHFFFAOYSA-N,4.455683858252573,False,O=c1cnc2cnc(Nc3ccccc3)nc2n1-c1ccccc1
CHEMBL477197,Oc1cc2c(cc1O)C1c3ccc(O)c(O)c3OC[C@]1(O)C2,WZUVPPKBWHMQCE-FQNRMIAFSA-N,5.468521082957745,False,c1ccc2c(c1)CC1COc3ccccc3C21
CHEMBL3982619,Oc1cs/c(=N/Nc2nncc3ccccc23)n1-c1ccccc1,WZYHHSATFQMOHH-HEHNFIMWSA-N,7.346787486224656,True,c1ccc(-n2ccs/c2=N/Nc2nncc3ccccc23)cc1
CHEMBL3890526,COc1cc(Nc2ncnc3ccc(-c4ccc(CN5C[C@@H]6[C@@H](CO)[C@@H]6C5)cc4)cc23)ccc1Oc1ccccc1,WZZXMNBOPNKKSX-BKHFGAQXSA-N,6.173925197299173,False,c1ccc(Oc2ccc(Nc3ncnc4ccc(-c5ccc(CN6C[C@H]7C[C@H]7C6)cc5)cc34)cc2)cc1
CHEMBL483232,CCOc1cc(C=C(C#N)C(N)=O)cc(CSc2cccc(OC)c2)c1O,WZZYKYGLTRDTLP-UHFFFAOYSA-N,5.3979400086720375,False,c1ccc(CSc2ccccc2)cc1
CHEMBL3604943,C=CC(=O)Nc1cc(Nc2nccc(-c3cn(C)c4ccccc34)n2)c(OC)cc1N1CCN(C)CC1,XAHPALMHNPFXGR-UHFFFAOYSA-N,8.698970004336019,True,c1ccc2c(-c3ccnc(Nc4ccc(N5CCNCC5)cc4)n3)c[nH]c2c1
CHEMBL3671522,C=CC(=O)Nc1cc2c(Nc3ccc(Br)cc3F)ncnc2cc1OCCNC(=O)C(=C)C,XAISGNDPHUTFTD-UHFFFAOYSA-N,7.161150909262744,True,c1ccc(Nc2ncnc3ccccc23)cc1
CHEMBL51485,CN1CCN(CCCNc2ncc3cc(-c4c(Cl)cccc4Cl)c(NC(=O)NCc4ccccc4)nc3n2)CC1,XARWOHKDCBRPBQ-UHFFFAOYSA-N,6.008773924307505,False,O=C(NCc1ccccc1)Nc1nc2nc(NCCCN3CCNCC3)ncc2cc1-c1ccccc1
CHEMBL3092302,O=C(Nc1cc2c(Nc3ccc(F)c(Cl)c3)ncnc2cc1O[C@H]1CCOC1)N1CCC(CCO)CC1,XBFVMMZNHWICGA-SFHVURJKSA-N,6.517126416391246,True,O=C(Nc1cc2c(Nc3ccccc3)ncnc2cc1O[C@H]1CCOC1)N1CCCCC1
CHEMBL1440725,Cc1ccccc1-c1nnc(SCc2ccccc2)o1,XBOLFQWQTSGIFA-UHFFFAOYSA-N,5.242603971206975,False,c1ccc(CSc2nnc(-c3ccccc3)o2)cc1
CHEMBL3088220,Cc1ncc([N+](=O)[O-])n1C/C(=N/NC(=O)c1ccc(O)cc1)c1ccc(Br)cc1,XBPATCWTKVXDPF-XLNRJJMWSA-N,6.6777807052660805,True,O=C(N/N=C(/Cn1ccnc1)c1ccccc1)c1ccccc1
CHEMBL393264,CC1(N)CCN(Cc2ccn3ncnc(Nc4ccc5c(cnn5Cc5cccc(F)c5)c4)c23)CC1,XBSPHUIHEWDMHZ-UHFFFAOYSA-N,7.301029995663981,True,c1ccc(Cn2ncc3cc(Nc4ncnn5ccc(CN6CCCCC6)c45)ccc32)cc1
CHEMBL2064373,C#Cc1cccc(Nc2ncnc3cc4oc(=O)n(CCCN5CCOCC5)c4cc23)c1,XBUNTIFKJLRDJJ-UHFFFAOYSA-N,6.42021640338319,True,O=c1oc2cc3ncnc(Nc4ccccc4)c3cc2n1CCCN1CCOCC1
CHEMBL4071494,Oc1ccc(-c2nc(-c3ccco3)c(-c3ccnc4[nH]c(-c5ccccc5)cc34)[nH]2)cc1,XBXBVUDIXWJZJI-UHFFFAOYSA-N,5.886056647693163,False,c1ccc(-c2cc3c(-c4[nH]c(-c5ccccc5)nc4-c4ccco4)ccnc3[nH]2)cc1
CHEMBL448730,CCN(CC)CCn1c2ccccc2c2c(Nc3cccc(Br)c3)ncnc21,XBYDJMWHBZJNBH-UHFFFAOYSA-N,5.3872161432802645,False,c1ccc(Nc2ncnc3[nH]c4ccccc4c23)cc1
CHEMBL1173665,NC(=S)N1N=C(c2ccc(Cl)c(Cl)c2)CC1c1ccccc1F,XCCBBLZKVMCHHJ-UHFFFAOYSA-N,5.18309616062434,False,c1ccc(C2=NNC(c3ccccc3)C2)cc1
CHEMBL1958037,Oc1csc(N2N=C(c3ccc(Br)cc3)CC2c2ccccc2)n1,XCFMBOIDCQJEKV-UHFFFAOYSA-N,5.494850021680094,False,c1ccc(C2=NN(c3nccs3)C(c3ccccc3)C2)cc1
CHEMBL4292110,CCOC(=O)c1ccc(Nc2cc(Nc3cccc(OC)c3)ncn2)cc1,XCGNJKSVDJJZLW-UHFFFAOYSA-N,5.925183559354825,False,c1ccc(Nc2cc(Nc3ccccc3)ncn2)cc1
CHEMBL603186,O=C(Nc1ccccc1)N(Cc1ccc(F)cc1)Cc1cc(Br)cc(Br)c1O,XCGWRJUUHHWCDA-UHFFFAOYSA-N,5.329754146925875,False,O=C(Nc1ccccc1)N(Cc1ccccc1)Cc1ccccc1
CHEMBL3671503,C=CC(=O)Nc1cc2c(Nc3ccc(Br)cc3F)ncnc2cc1OCCNC,XCGXIKJHGROCJB-UHFFFAOYSA-N,7.017728766960431,True,c1ccc(Nc2ncnc3ccccc23)cc1
CHEMBL449114,N#CC(C#N)=C(C#N)c1cccc(O)c1,XCHZYPHEPOSPPD-UHFFFAOYSA-N,3.397940008672037,False,c1ccccc1
CHEMBL205045,Fc1cccc(COc2ccc(Nc3ncncc3C#Cc3ccccn3)cc2Cl)c1,XCIKLSSUHGYTCI-UHFFFAOYSA-N,7.769551078621726,True,C(#Cc1cncnc1Nc1ccc(OCc2ccccc2)cc1)c1ccccn1
CHEMBL3297999,COc1ccc(N(c2nc(C)nc3oc(C)cc23)C(C)C)cc1,XCQKFUQOEIHSBV-UHFFFAOYSA-N,7.073657553374344,True,c1ccc(Nc2ncnc3occc23)cc1
CHEMBL3233783,O=C(/C=C/CN1CCC(F)(F)C1)Nc1cc2c(Nc3ccc(F)c(Cl)c3)ncnc2s1,XCWJDSNCBZCEQB-OWOJBTEDSA-N,7.552841968657781,True,O=C(/C=C/CN1CCCC1)Nc1cc2c(Nc3ccccc3)ncnc2s1
CHEMBL121260,Clc1cccc(Nc2[nH]nc3ncnc(Nc4ccccc4)c23)c1,XCZCKVIRXXMKJC-UHFFFAOYSA-N,7.075720713938118,True,c1ccc(Nc2ncnc3n[nH]c(Nc4ccccc4)c23)cc1
CHEMBL598407,COc1cc2ncnc(N[C@@H](C)c3ccc(Cl)cc3)c2cc1OCCCCCCC(O)=NO,XDFXVPOVSDJRPC-INIZCTEOSA-N,6.211831628858832,False,c1ccc(CNc2ncnc3ccccc23)cc1
CHEMBL2309507,COc1cc2ncnc(N[C@H](C)c3ccc(Cl)cc3)c2cc1OCCCCCCC(O)=NO,XDFXVPOVSDJRPC-MRXNPFEDSA-N,7.0,True,c1ccc(CNc2ncnc3ccccc23)cc1
CHEMBL94068,O=C(/C=C/CN1CCCCC1)Nc1ccc2ncnc(Nc3cccc(Br)c3)c2c1,XDNJRZIUYRZKNY-VMPITWQZSA-N,6.97469413473523,True,O=C(/C=C/CN1CCCCC1)Nc1ccc2ncnc(Nc3ccccc3)c2c1
CHEMBL136511,C=CS(=O)(=O)Nc1ccc2ncnc(Nc3cccc(Br)c3)c2c1,XDSBIBMMFWAPMJ-UHFFFAOYSA-N,8.568636235841012,True,c1ccc(Nc2ncnc3ccccc23)cc1
CHEMBL3814816,S=C(NCCN1CCOCC1)Nc1ccc2ncnc(Nc3ccc(Cl)cc3)c2c1,XDUMFDDLQURJLV-UHFFFAOYSA-N,8.2958494831602,True,S=C(NCCN1CCOCC1)Nc1ccc2ncnc(Nc3ccccc3)c2c1
CHEMBL135853,COc1cc2ncnc(Oc3cccc(Cl)c3)c2cc1OC,XDUSWBSGDKRQAF-UHFFFAOYSA-N,7.698970004336019,True,c1ccc(Oc2ncnc3ccccc23)cc1
CHEMBL3699587,C=CC(=O)Nc1cccc(Oc2nc(Nc3ccc(N4CCN(C(C)=O)CC4)cc3OC)ncc2Cl)c1,XDXTWQGIOKCMIE-UHFFFAOYSA-N,8.259637310505756,True,c1ccc(Oc2ccnc(Nc3ccc(N4CCNCC4)cc3)n2)cc1
CHEMBL190094,CN(C)C/C=C/C(=O)Nc1ccc2ncnc(Nc3cc(Cl)c(Cl)cc3F)c2c1,XDYCDXFDVOBDOO-ONEGZZNKSA-N,9.958607314841776,True,c1ccc(Nc2ncnc3ccccc23)cc1
CHEMBL87746,COc1c(Br)cc(/C=C2\C(=O)Nc3ccccc32)cc1C(C)(C)C,XEFHBSLLSUQSHE-ZROIWOOFSA-N,4.721246399047171,False,O=C1Nc2ccccc2/C1=C/c1ccccc1
CHEMBL1242033,CC(C)n1nc(-c2ccc3nccc(NC(=O)OC(C)(C)C)c3c2)c2c(N)ncnc21,XEFOGCQNLWUZGB-UHFFFAOYSA-N,4.0,False,c1cnc2ccc(-c3n[nH]c4ncncc34)cc2c1
CHEMBL505637,O=C(NCCc1ccc(O)c(Br)c1)C(Cc1cc(Br)c(O)c(-c2cc(CC(=NO)C(=O)NCCc3ccc(O)c(Br)c3)cc(Br)c2O)c1)=NO,XEGSWNKCRGYRFG-UHFFFAOYSA-N,5.886056647693163,False,N=C(Cc1cccc(-c2cccc(CC(=N)C(=O)NCCc3ccccc3)c2)c1)C(=O)NCCc1ccccc1
CHEMBL603266,O=C(Cn1sccc1=O)Nc1ccc2ncnc(Nc3cccc(Br)c3)c2c1,XEJKUBDGAQQSNP-UHFFFAOYSA-N,9.443697499232712,True,O=C(Cn1sccc1=O)Nc1ccc2ncnc(Nc3ccccc3)c2c1
CHEMBL2333986,COc1cc2ncnc(Nc3ccccc3C(F)(F)F)c2cc1OC,XENVBHIMDXYJEE-UHFFFAOYSA-N,5.0,False,c1ccc(Nc2ncnc3ccccc23)cc1
CHEMBL67057,C=c1cc(C(=O)N2CCOCC2)[nH]c1=Cc1c(O)[nH]c2ncnc(Nc3ccc4c(ccn4Cc4ccccc4)c3)c12,XEPZXGOISJEFCH-UHFFFAOYSA-N,8.346787486224656,True,C=c1cc(C(=O)N2CCOCC2)[nH]c1=Cc1c[nH]c2ncnc(Nc3ccc4c(ccn4Cc4ccccc4)c3)c12
CHEMBL3633940,NC(=O)Nc1ccc(C(=O)Nc2ccc3ncnc(Nc4ccc(F)c(Cl)c4)c3c2)cc1,XEWDTZOOQNFSOM-UHFFFAOYSA-N,8.045757490560675,True,O=C(Nc1ccc2ncnc(Nc3ccccc3)c2c1)c1ccccc1
CHEMBL2064380,CCOC(=O)c1ccc(O)c(Nc2ncnc3cc4oc(=O)n(CCCN5CCOCC5)c4cc23)c1,XFANELQTGJYPAF-UHFFFAOYSA-N,6.638272163982407,True,O=c1oc2cc3ncnc(Nc4ccccc4)c3cc2n1CCCN1CCOCC1
CHEMBL598164,C#Cc1cccc(Nc2ncnc3cc(OC)c(OCCCCCC(O)=NO)cc23)c1,XFDYLGGJRSOHKI-UHFFFAOYSA-N,8.337242168318426,True,c1ccc(Nc2ncnc3ccccc23)cc1
CHEMBL2325110,NC(=S)N1N=C(c2ccc(F)cc2)CC1c1ccc2ccccc2c1,XFEHHJQRPUGUMO-UHFFFAOYSA-N,5.484126156288321,False,c1ccc(C2=NNC(c3ccc4ccccc4c3)C2)cc1
CHEMBL53300,Nc1ccc2ncncc2c1,XFGPXURFKAUHQR-UHFFFAOYSA-N,9.102372908709558,True,c1ccc2ncncc2c1
CHEMBL54805,Brc1cccc(Nc2ncnc3cccnc23)c1,XFTYJIWMIPTWTF-UHFFFAOYSA-N,7.468521082957745,True,c1ccc(Nc2ncnc3cccnc23)cc1
CHEMBL246898,CS(=O)(=O)CCNC1CCN(Cc2ccn3ncnc(Nc4ccc5c(cnn5Cc5cccc(F)c5)c4)c23)CC1,XFUGKGRUXXJRJA-UHFFFAOYSA-N,6.698970004336019,True,c1ccc(Cn2ncc3cc(Nc4ncnn5ccc(CN6CCCCC6)c45)ccc32)cc1
CHEMBL3680376,COc1cc2ncnc(Nc3ccc(F)c(Cl)c3)c2cc1NC(=O)/C=C/CN1CCCC(F)C1,XFXOYVZSTQCSQN-HWKANZROSA-N,7.343518484209501,True,O=C(/C=C/CN1CCCCC1)Nc1ccc2ncnc(Nc3ccccc3)c2c1
CHEMBL939,COc1cc2ncnc(Nc3ccc(F)c(Cl)c3)c2cc1OCCCN1CCOCC1,XGALLCVXEZPNRQ-UHFFFAOYSA-N,6.288192770958808,False,c1ccc(Nc2ncnc3ccc(OCCCN4CCOCC4)cc23)cc1
CHEMBL4294156,COc1cccc(Nc2cc(NC(=O)CCCC(=O)O)ncn2)c1,XGCIQQCBKZDMPK-UHFFFAOYSA-N,7.431798275933005,True,c1ccc(Nc2ccncn2)cc1
CHEMBL490510,O=C(C=Cc1ccc(O)c(O)c1)c1ccc(O[C@@H]2O[C@H](CO)[C@@H](O)[C@H](O)[C@H]2O)c(O)c1O,XGEYXJDOVMEJNG-CMWLGVBASA-N,1.7212463990471711,False,O=C(C=Cc1ccccc1)c1ccc(O[C@H]2CCCCO2)cc1
CHEMBL402011,CC(Oc1cccc2ncnc(Nc3ccc4c(cnn4Cc4ccccn4)c3)c12)C(=O)N(C)C,XGGPNQWFYUZWNO-UHFFFAOYSA-N,6.7447274948966935,True,c1ccc(Cn2ncc3cc(Nc4ncnc5ccccc45)ccc32)nc1
CHEMBL160566,Cn1c(SSc2c(C#N)c3ccccc3n2C)c(C#N)c2ccccc21,XGICLWOZJLZMIG-UHFFFAOYSA-N,5.161150909262744,False,c1ccc2[nH]c(SSc3cc4ccccc4[nH]3)cc2c1
CHEMBL485246,Nc1ncnc2ncn(CC(=O)c3c[nH]c4ccccc34)c12,XGLISBDQVHVZBR-UHFFFAOYSA-N,4.086186147616283,False,O=C(Cn1cnc2ncncc21)c1c[nH]c2ccccc12
CHEMBL4239716,CSc1ccc(N(C)c2ncnc3occ(C)c23)cc1,XGNXYCZBBNAIIL-UHFFFAOYSA-N,8.142667503568731,True,c1ccc(Nc2ncnc3occc23)cc1
CHEMBL299672,COc1cc2ncnc(Nc3ccc(F)c(Cl)c3)c2cc1OCCCN1CCCC1,XGPAXWVNLWKLEF-UHFFFAOYSA-N,7.1487416512809245,True,c1ccc(Nc2ncnc3ccc(OCCCN4CCCC4)cc23)cc1
CHEMBL3218002,C#Cc1cccc(Nc2ncnc3ccc(S(=O)(=O)n4ccc(/C=C/C(O)=NO)c4)cc23)c1,XGSCWZVQRNHENL-RMKNXTFCSA-N,5.920818753952375,False,O=S(=O)(c1ccc2ncnc(Nc3ccccc3)c2c1)n1cccc1
CHEMBL204965,Fc1ccc2c(c1)CNc1c(Nc3cccc(Br)c3)ncnc1O2,XGTMECPFTNLHDK-UHFFFAOYSA-N,5.823908740944319,False,c1ccc(Nc2ncnc3c2NCc2ccccc2O3)cc1
CHEMBL309598,N#CC(C#N)C(=O)c1cc(O)c(O)c(O)c1,XHBPHEXPTIFHND-UHFFFAOYSA-N,4.8696662315049934,False,c1ccccc1
CHEMBL2064376,COc1ccc(Nc2ncnc3cc4oc(=O)n(CCCN5CCOCC5)c4cc23)cc1,XHCCJRYYZDPKQJ-UHFFFAOYSA-N,6.42021640338319,True,O=c1oc2cc3ncnc(Nc4ccccc4)c3cc2n1CCCN1CCOCC1
CHEMBL3948354,COc1cc2c(Nc3ccc(NC(=O)Nc4ccccc4)c(Cl)c3)ncnc2cc1OCCN1CCCCC1,XHCOFOGGHUGORL-UHFFFAOYSA-N,6.673664139071248,True,O=C(Nc1ccccc1)Nc1ccc(Nc2ncnc3cc(OCCN4CCCCC4)ccc23)cc1
CHEMBL144589,N#CC(=Cc1ccc(O)c(O)c1)C(=O)NCCCCNC(=O)C(C#N)=Cc1ccc(O)c(O)c1,XHDRIPWTMPMRTA-UHFFFAOYSA-N,6.221848749616356,False,O=C(C=Cc1ccccc1)NCCCCNC(=O)C=Cc1ccccc1
CHEMBL400413,CS(=O)(=O)N1CCCN(Cc2ccn3ncnc(Nc4ccc5c(cnn5Cc5cccc(F)c5)c4)c23)CC1,XHEGSRSQWOQKMA-UHFFFAOYSA-N,6.6777807052660805,True,c1ccc(Cn2ncc3cc(Nc4ncnn5ccc(CN6CCCNCC6)c45)ccc32)cc1
CHEMBL4087538,C=CC(=O)Nc1cc(Nc2nccc(-c3cn(C)c4c(F)cccc34)n2)c(OC)cc1N(C)CCN(C)C,XHJDSKVMBGRBES-UHFFFAOYSA-N,8.221848749616356,True,c1ccc(Nc2nccc(-c3c[nH]c4ccccc34)n2)cc1
CHEMBL2441565,CN(C)C/C=C/C(=O)N1CCOc2cc3ncnc(Nc4ccc(F)c(Cl)c4)c3cc21,XHJPFLSAHTYUNW-ONEGZZNKSA-N,5.309803919971486,False,c1ccc(Nc2ncnc3cc4c(cc23)NCCO4)cc1
CHEMBL2424807,Clc1cccc(Nc2ncnc3ccc(NCc4cccc(Br)n4)cc23)c1,XHUZJXRMBAZZTJ-UHFFFAOYSA-N,5.3872161432802645,False,c1ccc(Nc2ncnc3ccc(NCc4ccccn4)cc23)cc1
CHEMBL53203,C=CC(=O)Nc1ccc2ncnc(Nc3ccc(Oc4ccccc4)cc3)c2c1,XHVDNUGMYNEUDS-UHFFFAOYSA-N,8.236572006437063,True,c1ccc(Oc2ccc(Nc3ncnc4ccccc34)cc2)cc1
CHEMBL1641990,CN(C)C/C=C/C(=O)Nc1ccc2c(C#N)cnc(Nc3cccc(Br)c3)c2c1,XHVSLCCGZVJESA-QPJJXVBHSA-N,6.823908740944319,True,c1ccc(Nc2nccc3ccccc23)cc1
CHEMBL210660,O=NN(CCCl)C(=O)Nc1ccc2ncnc(Nc3cccc(Br)c3)c2c1,XHZBOSUWEVHTOZ-UHFFFAOYSA-N,7.327902142064282,True,c1ccc(Nc2ncnc3ccccc23)cc1
CHEMBL3604940,C=CC(=O)Nc1cccc(Oc2nc(Nc3[nH]nc4ccc(Br)cc34)cc(N3CCN(C)CC3)n2)c1,XIAZJEJGKJRHQA-UHFFFAOYSA-N,5.537602002101044,False,c1ccc(Oc2nc(Nc3[nH]nc4ccccc34)cc(N3CCNCC3)n2)cc1
CHEMBL171311,Nc1ncnc2c1c(-c1ccccc1)cn2C(CO)Cc1ccccc1,XIBZQFWTFLOHJD-UHFFFAOYSA-N,6.356547323513812,True,c1ccc(CCn2cc(-c3ccccc3)c3cncnc32)cc1
CHEMBL4074782,Cc1ccccc1-c1nnc(Cc2nc3ccccc3[nH]2)o1,XIEDBRMNHVILCQ-UHFFFAOYSA-N,4.401209493236885,False,c1ccc(-c2nnc(Cc3nc4ccccc4[nH]3)o2)cc1
CHEMBL3970738,CCC(=O)Nc1cc2c(Nc3ccc(NS(=O)(=O)c4ccccc4)cc3)ncnc2cc1OC,XILHUDGNEDEXFJ-UHFFFAOYSA-N,7.187086643357144,True,O=S(=O)(Nc1ccc(Nc2ncnc3ccccc23)cc1)c1ccccc1
CHEMBL3939913,Cc1cccc2nc(NC(=O)c3ccnc(C(F)(F)F)c3)n([C@@H]3CCCCN(C(=O)/C=C/CN(C)C)C3)c12,XILZLQGBIXBPPH-WUTDNEBXSA-N,8.821023052706831,True,O=C(Nc1nc2ccccc2n1[C@@H]1CCCCNC1)c1ccncc1
CHEMBL1169870,NC(=S)N1N=C(c2ccc(Br)c(Br)c2)CC1c1ccc(Cl)cc1,XIMUMXMQNCMKGY-UHFFFAOYSA-N,5.088842391260023,False,c1ccc(C2=NNC(c3ccccc3)C2)cc1
CHEMBL3799138,C=CC(=O)Nc1cccc(Oc2nc(Nc3ccc(N4CCN(C(=O)C(C)(C)C)CC4)cc3OC)ncc2SC)c1,XJCBAYFIITUVDS-UHFFFAOYSA-N,6.3875340360468575,True,c1ccc(Oc2ccnc(Nc3ccc(N4CCNCC4)cc3)n2)cc1
CHEMBL4075241,COc1cc(Cl)c(C=C2CN(C(C)C)CC(=Cc3nc(C)c(C)nc3C)C2=O)cc1OC,XJGBVDCXGFMFGB-UHFFFAOYSA-N,5.508638306165727,False,O=C1C(=Cc2ccccc2)CNCC1=Cc1cnccn1
CHEMBL248322,NC1CCN(Cc2ccn3ncnc(Nc4ccc(OCc5cccc[n+]5[O-])c(Cl)c4)c23)CC1,XJKTUTUQMCPTDY-UHFFFAOYSA-N,7.154901959985743,True,c1ccc(COc2ccc(Nc3ncnn4ccc(CN5CCCCC5)c34)cc2)[nH+]c1
CHEMBL3409482,CN(CCO)c1cc2c(Nc3ccc4c(cnn4Cc4ccccc4)c3)ncnc2cn1,XJKWUSYIOHJDIM-UHFFFAOYSA-N,7.443697499232712,True,c1ccc(Cn2ncc3cc(Nc4ncnc5cnccc45)ccc32)cc1
CHEMBL2148048,CC(C(=O)NCCn1ccc2ncnc(Nc3ccc(Oc4cccc(C(F)(F)F)c4)c(Cl)c3)c21)S(C)(=O)=O,XJMBQSMRJLKLBY-UHFFFAOYSA-N,7.744727494896693,True,c1ccc(Oc2ccc(Nc3ncnc4cc[nH]c34)cc2)cc1
CHEMBL2424804,O=C(/C=C/c1ccc(Br)s1)Nc1ccc2ncnc(Nc3cccc(Cl)c3)c2c1,XJNNJTOVVIQAMW-RMKNXTFCSA-N,5.619788758288394,False,O=C(/C=C/c1cccs1)Nc1ccc2ncnc(Nc3ccccc3)c2c1
CHEMBL153419,c1ccc(CNc2ncnc3c2sc2ccccc23)cc1,XJRQKMJYHWKOOV-UHFFFAOYSA-N,6.718966632752272,True,c1ccc(CNc2ncnc3c2sc2ccccc23)cc1
CHEMBL340508,NNc1cc2ncnc(Nc3cccc(Br)c3)c2cn1,XKJIVVHNSBAGCH-UHFFFAOYSA-N,8.148741651280925,True,c1ccc(Nc2ncnc3ccncc23)cc1
CHEMBL3814940,Fc1cccc(COc2ccc(Nc3ncnc4ccc(NC(=S)NCCN5CCCCC5)cc34)cc2Cl)c1,XKKGXXXXAQKVRW-UHFFFAOYSA-N,6.528708288941061,True,S=C(NCCN1CCCCC1)Nc1ccc2ncnc(Nc3ccc(OCc4ccccc4)cc3)c2c1
CHEMBL3676374,C=CC(=O)Nc1cc2c(Nc3ccc(Br)cc3F)ncnc2cc1OCC(C)NC(=O)CCN(CC)CC,XKROSFHVZFKVQN-UHFFFAOYSA-N,7.619788758288394,True,c1ccc(Nc2ncnc3ccccc23)cc1
CHEMBL3221258,CCCOC(=O)Nc1ccc(Nc2ncnc3cc(OC)c(OC)cc23)cc1Cl,XKVWMAQCLBUICD-UHFFFAOYSA-N,6.0,False,c1ccc(Nc2ncnc3ccccc23)cc1
CHEMBL4172718,COc1cc2ncnc(N3CCc4ccccc43)c2cc1NC(=O)/C=C/CN1CCC(CO)CC1,XKXINPMYQQDNNE-QPJJXVBHSA-N,8.397940008672037,True,O=C(/C=C/CN1CCCCC1)Nc1ccc2ncnc(N3CCc4ccccc43)c2c1
CHEMBL3903063,C=CC(=O)Nc1cccc(Nc2nc(Nc3ccc(NC(=O)Cn4ccnc4)cc3)ncc2[N+](=O)[O-])c1,XKZHHFXNWRSQBF-UHFFFAOYSA-N,6.925549281045409,True,O=C(Cn1ccnc1)Nc1ccc(Nc2nccc(Nc3ccccc3)n2)cc1
CHEMBL1090360,O=C(Cc1ccccc1)Nc1cccc(-c2nc3sccn3c2-c2ccnc(Nc3cccc(N4CCOCC4)c3)n2)c1,XKZQZMSAWVDRSP-UHFFFAOYSA-N,6.214670164989233,False,O=C(Cc1ccccc1)Nc1cccc(-c2nc3sccn3c2-c2ccnc(Nc3cccc(N4CCOCC4)c3)n2)c1
CHEMBL489147,COc1cc(C(C#N)=C(C#N)C#N)cc(O)c1O,XLBIJSYYYPBOEZ-UHFFFAOYSA-N,5.221848749616356,False,c1ccccc1
CHEMBL4227701,C=CC(=O)Nc1cc(Nc2ncc3nc(Nc4ccccc4)n(C(C)C)c3n2)c(OC)cc1N(C)CCN(C)C,XLCHXLXCPOKMKK-UHFFFAOYSA-N,8.292429823902063,True,c1ccc(Nc2ncc3nc(Nc4ccccc4)[nH]c3n2)cc1
CHEMBL4063301,O=C(Nc1ccc2ncnc(Nc3cccc(Cl)c3)c2c1)C1CCCCC1,XLEPYGXNYYOTII-UHFFFAOYSA-N,8.212539525481585,True,O=C(Nc1ccc2ncnc(Nc3ccccc3)c2c1)C1CCCCC1
CHEMBL3884319,CC1(C)C(=O)N([C@H]2CCc3c(O)cccc32)c2nc(Nc3ccccc3)ncc21,XLFNLJYGUOLEJS-SFHVURJKSA-N,5.0,False,O=C1Cc2cnc(Nc3ccccc3)nc2N1[C@H]1CCc2ccccc21
CHEMBL77401,COC(=O)c1ccc(S(=O)(=O)Oc2ccc(/C=C/[N+](=O)[O-])cc2)cc1,XLJNWAWRWXOCLS-ZHACJKMWSA-N,5.823908740944319,False,O=S(=O)(Oc1ccccc1)c1ccccc1
CHEMBL369967,CCNCc1cn2ncnc(Nc3ccc4c(cnn4Cc4ccccc4)c3)c2c1CC,XLQRPZAGFWJWJE-UHFFFAOYSA-N,5.130768280269024,False,c1ccc(Cn2ncc3cc(Nc4ncnn5cccc45)ccc32)cc1
CHEMBL1084117,CC1=NC(Nc2ccc([N+](=O)[O-])cc2Cl)=NC(c2ccc(O)cc2O)C1C(=O)Nc1ccc(C)cc1,XLTLLHQSAQPIHG-UHFFFAOYSA-N,4.215382707367125,False,O=C(Nc1ccccc1)C1C=NC(Nc2ccccc2)=NC1c1ccccc1
CHEMBL4094647,Nc1ccc(O)c(-c2nnc(Cc3nc4ccccc4[nH]3)o2)c1,XLYCLHQCGYVQCC-UHFFFAOYSA-N,4.154901959985743,False,c1ccc(-c2nnc(Cc3nc4ccccc4[nH]3)o2)cc1
CHEMBL2385992,Cc1ccc(NC(=O)/C=C/CN(C)C)cc1C(=O)Nc1nccc(-c2cccnc2)n1,XMBQZKVIIPBKTA-FNORWQNLSA-N,5.301029995663981,False,O=C(Nc1nccc(-c2cccnc2)n1)c1ccccc1
CHEMBL417941,N#CC(=Cc1ccc(O)c(O)c1)C(=O)NC1CCCCC1,XMFXBOGXTNAKKW-UHFFFAOYSA-N,5.747425010840047,False,O=C(C=Cc1ccccc1)NC1CCCCC1
CHEMBL3930762,Cc1ccc(Oc2ccc(Nc3ncnc4ccc(-c5cn(CCCCCC(O)=NO)nn5)cc34)cc2C)cn1,XMHFNOVIKVSOEA-UHFFFAOYSA-N,8.193820026016112,True,c1cncc(Oc2ccc(Nc3ncnc4ccc(-c5c[nH]nn5)cc34)cc2)c1
CHEMBL3234752,Cc1ccc(C(=O)Nc2ccc(CN3CCN(C)CC3)c(C(F)(F)F)c2)cc1NC(=O)c1cnc2[nH]ccc2c1,XMTCFSFHPPARKV-UHFFFAOYSA-N,8.096910013008056,True,O=C(Nc1ccc(CN2CCNCC2)cc1)c1cccc(NC(=O)c2cnc3[nH]ccc3c2)c1
CHEMBL3671565,C=CC(=O)Nc1cc2c(Nc3ccc(Br)cc3F)ncnc2cc1OCCNC(=O)N1CCN(C(C)=O)CC1,XMXFPUFSKWPYBL-UHFFFAOYSA-N,7.119186407719209,True,O=C(NCCOc1ccc2c(Nc3ccccc3)ncnc2c1)N1CCNCC1
CHEMBL206848,O=C(O)c1ccc2c(c1)CNc1c(Nc3ccc(F)c(Cl)c3)ncnc1O2,XMZQDPMKLWTDHO-UHFFFAOYSA-N,5.356547323513812,False,c1ccc(Nc2ncnc3c2NCc2ccccc2O3)cc1
CHEMBL466586,CNC(=O)O[C@H]1CN[C@H](C#Cc2cc3ncnc(Nc4ccc(OCc5cccc(F)c5)c(Cl)c4)c3s2)C1,XNBMKLASHVMECR-UYAOXDASSA-N,7.301029995663981,True,C(#C[C@@H]1CCCN1)c1cc2ncnc(Nc3ccc(OCc4ccccc4)cc3)c2s1
CHEMBL4096822,CCC(=O)N1CC[C@H](N2C(=O)N(c3cc(OC)ccc3F)Cc3cnc(Nc4ccc(N5CCN(C)CC5)c(C)c4)nc32)C1,XNGPUTOLQIOMMI-DEOSSOPVSA-N,6.441291429466834,True,O=C1N(c2ccccc2)Cc2cnc(Nc3ccc(N4CCNCC4)cc3)nc2N1[C@H]1CCNC1
CHEMBL168829,Nc1ncnc2c1c(-c1ccccc1)cn2C1CCNC1,XNIBNLVJQPSPNT-UHFFFAOYSA-N,4.872895201635193,False,c1ccc(-c2cn(C3CCNC3)c3ncncc23)cc1
CHEMBL249928,CN(CCOc1cccc2ncnc(Nc3ccc(OCc4ccccn4)c(Cl)c3)c12)C(=O)CO,XNMHWKJRXNZELF-UHFFFAOYSA-N,7.455931955649724,True,c1ccc(COc2ccc(Nc3ncnc4ccccc34)cc2)nc1
CHEMBL3622667,O=C(/C=C/CNC1CC1)Nc1cc2c(Nc3ccc(F)c(Cl)c3)ncnc2cc1OC(F)F,XNOARGPJYCCLKI-OWOJBTEDSA-N,8.017728766960431,True,O=C(/C=C/CNC1CC1)Nc1ccc2ncnc(Nc3ccccc3)c2c1
CHEMBL1242750,Nc1ncnc2c1c(-c1ccc(F)c(O)c1)nn2C1CCCCCC1,XNODQMMIMXSTMX-UHFFFAOYSA-N,6.110698297493689,False,c1ccc(-c2nn(C3CCCCCC3)c3ncncc23)cc1
CHEMBL2047023,O=C(CCCCCC(O)=NO)Nc1ccc(O)c(C(=O)Nc2ccc(OCc3cccc(F)c3)c(Cl)c2)c1,XNOIFDCPFCQXAN-UHFFFAOYSA-N,5.958607314841775,False,O=C(Nc1ccc(OCc2ccccc2)cc1)c1ccccc1
CHEMBL3805333,COCCOc1cc2ncnc(Nc3ccc(F)c([N+](=O)[O-])c3)c2c2c1OCCO2,XNPBVLWYKQZCCY-UHFFFAOYSA-N,7.3585258894959,True,c1ccc(Nc2ncnc3ccc4c(c23)OCCO4)cc1
CHEMBL3956112,C[C@@H](Nc1ncnc2oc(-c3cccc(O)c3)cc12)c1ccccc1,XNPYKJZCUMPDLU-CYBMUJFWSA-N,8.337242168318426,True,c1ccc(CNc2ncnc3oc(-c4ccccc4)cc23)cc1
CHEMBL256362,Cc1ccc(Oc2ccc(Nc3ncnc4cccc(OC(C)C(=O)N(C)C)c34)cc2C)cn1,XNXUDGXKTVZKLB-UHFFFAOYSA-N,5.958607314841775,False,c1cncc(Oc2ccc(Nc3ncnc4ccccc34)cc2)c1
CHEMBL3805039,C#Cc1cccc(Nc2ncnc3cc(OCC)c4c(c23)OCCO4)c1,XODLISJMYZQRRX-UHFFFAOYSA-N,8.036212172654444,True,c1ccc(Nc2ncnc3ccc4c(c23)OCCO4)cc1
CHEMBL4088971,OCCCc1nc(-c2ccc(F)cc2)c(-c2ccnc3[nH]ccc23)[nH]1,XOGIWVYJWYLFOL-UHFFFAOYSA-N,7.61261017366127,True,c1ccc(-c2nc[nH]c2-c2ccnc3[nH]ccc23)cc1
CHEMBL4278031,COc1cccc(Nc2cc(Nc3cccc(Cl)c3)ncn2)c1,XOHURCPHBLRKTQ-UHFFFAOYSA-N,6.011441043121384,False,c1ccc(Nc2cc(Nc3ccccc3)ncn2)cc1
CHEMBL3676379,C=CC(=O)Nc1cc2c(Nc3ccc(Br)cc3F)ncnc2cc1OCCNC(=O)C(COC)N(C)C,XOJPXZWMZWFJFS-UHFFFAOYSA-N,7.244125144327507,True,c1ccc(Nc2ncnc3ccccc23)cc1
CHEMBL1242475,Nc1ncnc2c1c(-c1ccc3[nH]ncc3c1)nn2C1CCCC1,XOKCNIACFBBJGV-UHFFFAOYSA-N,6.243363891754152,False,c1ncc2c(-c3ccc4[nH]ncc4c3)nn(C3CCCC3)c2n1
CHEMBL93302,Oc1ccc2c(Nc3cccc(Br)c3)ncnc2c1,XOLOBKIXFCWGJY-UHFFFAOYSA-N,8.327902142064282,True,c1ccc(Nc2ncnc3ccccc23)cc1
CHEMBL3622645,C#Cc1cccc(Nc2ncnc3cc(O[C@H]4CCOC4)c(NC(=O)/C=C/CN(C)C)cc23)c1,XOLQJGVNGIZVGW-ZGBFETHSSA-N,8.920818753952375,True,c1ccc(Nc2ncnc3cc(O[C@H]4CCOC4)ccc23)cc1
CHEMBL14874,CN(CCCOc1ccc2ncnc(Nc3ccc(OCc4ccccc4)cc3)c2c1)CCS(C)(=O)=O,XOQKZEMXCAEBHU-UHFFFAOYSA-N,6.080921907623926,False,c1ccc(COc2ccc(Nc3ncnc4ccccc34)cc2)cc1
CHEMBL304929,C#Cc1cccc(Nc2ncnc3cc(OC)c(OC)cc23)c1,XOTGKYTUNDYTBS-UHFFFAOYSA-N,7.540607512240769,True,c1ccc(Nc2ncnc3ccccc23)cc1
CHEMBL2087355,Brc1cccc(Nc2ncnc3cc4c(cc23)OCCOCCOCCO4)c1,XOVKSCAELXYJEF-UHFFFAOYSA-N,8.301029995663981,True,c1ccc(Nc2ncnc3cc4c(cc23)OCCOCCOCCO4)cc1
CHEMBL306315,Clc1cccc(Nc2ncnc3[nH]c4ccccc4c23)c1,XOWGESNQLHDSON-UHFFFAOYSA-N,8.221848749616356,True,c1ccc(Nc2ncnc3[nH]c4ccccc4c23)cc1
CHEMBL1683954,Fc1cccc(COc2ccc(Nc3cc(Oc4ccccc4)ncn3)cc2Cl)c1,XOXCLNHQLHSKHP-UHFFFAOYSA-N,5.0,False,c1ccc(COc2ccc(Nc3cc(Oc4ccccc4)ncn3)cc2)cc1
CHEMBL4226676,CN(C)C1CCN(c2ccc(Nc3ncc4nc(Sc5ccccc5)n(C5CCOCC5)c4n3)cc2)CC1,XPDCETIJRALGKS-UHFFFAOYSA-N,6.480172006224281,True,c1ccc(Sc2nc3cnc(Nc4ccc(N5CCCCC5)cc4)nc3n2C2CCOCC2)cc1
CHEMBL3956430,C=CC(=O)Nc1cccc(Nc2nc(Nc3ccc(OCCn4ccnc4)cc3)ncc2F)c1,XPGNLMAUMFCKMA-UHFFFAOYSA-N,8.040958607678906,True,c1ccc(Nc2ccnc(Nc3ccc(OCCn4ccnc4)cc3)n2)cc1
CHEMBL1828879,O=C(Cc1ccc(Br)cc1)NS(=O)(=O)c1ccc(Br)cc1,XPIMFGVJMFQULC-UHFFFAOYSA-N,4.762959208620809,False,O=C(Cc1ccccc1)NS(=O)(=O)c1ccccc1
CHEMBL4084868,Cc1cc(Nc2ncc3c(n2)N([C@H]2CCN(C(=O)C4CCCC4)C2)C(=O)N(c2ccccc2Cl)C3)ccc1N1CCN(C)CC1,XPMWGTNAXLLKKV-MHZLTWQESA-N,7.5934598195660445,True,O=C(C1CCCC1)N1CC[C@H](N2C(=O)N(c3ccccc3)Cc3cnc(Nc4ccc(N5CCNCC5)cc4)nc32)C1
CHEMBL309392,CC(NC(=O)c1ccc(S(=O)(=O)Oc2ccc(/C=C/[N+](=O)[O-])cc2)cc1)C(=O)NC(C)C(=O)NCCN,XPOCPCVTPJLIHS-SDNWHVSQSA-N,4.734260541478872,False,O=S(=O)(Oc1ccccc1)c1ccccc1
CHEMBL3218347,CCC(=O)Nc1cccc(Nc2cc(Nc3cccc(Br)c3)ncn2)c1,XPXQVLFZWXRRHM-UHFFFAOYSA-N,6.779891911959945,True,c1ccc(Nc2cc(Nc3ccccc3)ncn2)cc1
CHEMBL3753228,C=CC(=O)Nc1cccc(-n2c(=O)cc(C(F)(F)F)c3cnc(Nc4ccc(N5CCN(C)CC5)cc4OC)nc32)c1,XPZUKNRZGLALLL-UHFFFAOYSA-N,7.4089353929735005,True,O=c1ccc2cnc(Nc3ccc(N4CCNCC4)cc3)nc2n1-c1ccccc1
CHEMBL1641998,N#Cc1cnc(Nc2cccc(Br)c2)c2cc(NC(=O)CCc3cc4ccccc4[nH]3)ccc12,XQAGTHUVMXMRDQ-UHFFFAOYSA-N,4.552841968657781,False,O=C(CCc1cc2ccccc2[nH]1)Nc1ccc2ccnc(Nc3ccccc3)c2c1
CHEMBL3699607,C=CC(=O)Nc1cccc(Nc2nc(Nc3ccc(N4CCN(C(C)=O)CC4)cc3OC(F)(F)F)ncc2C(F)(F)F)c1,XQFBCBIHUAIWGV-UHFFFAOYSA-N,8.259637310505756,True,c1ccc(Nc2ccnc(Nc3ccc(N4CCNCC4)cc3)n2)cc1
CHEMBL4280835,CS(=O)(=O)Nc1ccc(-c2cc3c(Nc4ccc(Oc5cccc(C(F)(F)F)c5)c(Cl)c4)ncnc3s2)cc1,XQNBRKJAXBTZMN-UHFFFAOYSA-N,7.326979092871104,True,c1ccc(Oc2ccc(Nc3ncnc4sc(-c5ccccc5)cc34)cc2)cc1
CHEMBL3676359,C=CC(=O)Nc1cc2c(Nc3cc(Cl)c(Cl)cc3F)ncnc2cc1OCCNC(=O)CS(C)(=O)=O,XQNPQCDWAUIUPF-UHFFFAOYSA-N,7.397940008672037,True,c1ccc(Nc2ncnc3ccccc23)cc1
CHEMBL157084,CS(=O)(=O)CCNc1nc(-c2ccc3ncnc(Nc4ccc(F)c(Cl)c4)c3c2)cs1,XQUZETKLGCMJIF-UHFFFAOYSA-N,7.455931955649724,True,c1ccc(Nc2ncnc3ccc(-c4cscn4)cc23)cc1
CHEMBL205235,Nc1cccc(C#Cc2cncnc2Nc2ccc(OCc3cccc(F)c3)c(Cl)c2)c1,XQWATEKYOOFROO-UHFFFAOYSA-N,7.376750709602099,True,C(#Cc1cncnc1Nc1ccc(OCc2ccccc2)cc1)c1ccccc1
CHEMBL4208745,O=c1[nH]c(Cc2ccccc2)cn2c1cc1cc(Cl)ccc12,XQWJECIZRPTKDQ-UHFFFAOYSA-N,5.619788758288394,False,O=c1[nH]c(Cc2ccccc2)cn2c1cc1ccccc12
CHEMBL4072620,C=CC(=O)Nc1cc(Nc2nccc(-c3cn(C)c4c(F)cccc34)n2)c(OC)cc1N(C)CC[N+](C)(C)[O-],XQYPSZZZNBUAGF-UHFFFAOYSA-N,7.7495799976911055,True,c1ccc(Nc2nccc(-c3c[nH]c4ccccc34)n2)cc1
CHEMBL1683973,Cc1ncnc(Nc2ccc(OCc3cccc(F)c3)c(Cl)c2)c1C#CCCCN1CCCC1,XRGMUYHNNJZTJU-UHFFFAOYSA-N,7.958607314841775,True,C(#Cc1cncnc1Nc1ccc(OCc2ccccc2)cc1)CCCN1CCCC1
CHEMBL3676392,C=CC(=O)Nc1cc2c(Nc3ccc(Br)cc3F)ncnc2cc1OCCOCCOC(=O)CC(=O)O,XRHZCKCSIVHXIK-UHFFFAOYSA-N,6.0195421077239,False,c1ccc(Nc2ncnc3ccccc23)cc1
CHEMBL428741,CCOc1cc2ncnc(NC3=CC(=O)C(OCc4cccc(F)c4)=CC3=O)c2cc1NC(=O)/C=C/CN(C)C,XRLIPUSFUDXFGS-RMKNXTFCSA-N,8.387216143280265,True,O=C1C=C(OCc2ccccc2)C(=O)C=C1Nc1ncnc2ccccc12
CHEMBL3234867,Cc1ncc([N+](=O)[O-])n1CC(=O)N/N=C/c1cc2ccccc2nc1Oc1ccc(F)cc1,XRPQDUHGTQIOEO-OPEKNORGSA-N,4.677367288307776,False,O=C(Cn1ccnc1)N/N=C/c1cc2ccccc2nc1Oc1ccccc1
CHEMBL4080711,Oc1cccc(Nc2ncnc3ccc(NC(=S)NCc4ccccc4)cc23)c1,XRPWZCQKYPEIGU-UHFFFAOYSA-N,7.196542884351587,True,S=C(NCc1ccccc1)Nc1ccc2ncnc(Nc3ccccc3)c2c1
CHEMBL207130,COc1cc2ncnc(Nc3cccc(Cl)c3F)c2cc1CN(C)C1(C(N)=O)CCN(C)CC1,XRUQVQJWTQESAB-UHFFFAOYSA-N,8.045757490560675,True,c1ccc(Nc2ncnc3ccc(CNC4CCNCC4)cc23)cc1
CHEMBL3360611,C#Cc1cccc(Nc2ncnc3cc(OCCOCCn4ccnc4[N+](=O)[O-])c(OC)cc23)c1,XRVDBHKTILUKOO-UHFFFAOYSA-N,9.267606240177033,True,c1ccc(Nc2ncnc3cc(OCCOCCn4ccnc4)ccc23)cc1
CHEMBL4077608,FC(F)(F)c1nnc(NC(=S)Nc2ccc3ncnc(Nc4cccc(Cl)c4)c3c2)s1,XRVXJKUSXFOYNQ-UHFFFAOYSA-N,6.886056647693163,True,S=C(Nc1ccc2ncnc(Nc3ccccc3)c2c1)Nc1nncs1
CHEMBL3746387,COc1ccc(C2=NN(C(C)=O)C(c3ccc(C(=O)OC(C)Cn4c([N+](=O)[O-])cnc4C)cc3)C2)cc1,XRWHSRBIHREGDO-UHFFFAOYSA-N,4.671416550285798,False,O=C(OCCn1ccnc1)c1ccc(C2CC(c3ccccc3)=NN2)cc1
CHEMBL1914653,C[C@@H](Nc1ncnc2[nH]c(-c3ccc(O)cc3)cc12)c1ccccc1,XRYJULCDUUATMC-CYBMUJFWSA-N,8.431798275933005,True,c1ccc(CNc2ncnc3[nH]c(-c4ccccc4)cc23)cc1
CHEMBL372112,CCOC(=O)c1cn2ncnc(Nc3ccc4[nH]ncc4c3)c2c1CC,XSFGXVBMHUSTNL-UHFFFAOYSA-N,7.301029995663981,True,c1cc2c(Nc3ccc4[nH]ncc4c3)ncnn2c1
CHEMBL1929555,Nc1nc(Nc2ccc(Cl)cc2)c2cc(Cc3cccc4ccccc34)[nH]c2n1,XSIGGCHYNXSJBX-UHFFFAOYSA-N,4.898940645091884,False,c1ccc(Nc2ncnc3[nH]c(Cc4cccc5ccccc45)cc23)cc1
CHEMBL2086760,CCN1CCC(Nc2ccc3c(c2)=C(C(c2ccc(Cl)cc2)c2ncc[nH]2)C(=O)N=3)CC1,XSQDNXWWLOJJHD-UHFFFAOYSA-N,6.863279432843593,True,O=C1N=c2ccc(NC3CCNCC3)cc2=C1C(c1ccccc1)c1ncc[nH]1
CHEMBL197689,CCc1c(C(=O)NC)cn2ncnc(Nc3ccc4c(cnn4Cc4ccccc4)c3)c12,XSUGKVVBKGFATM-UHFFFAOYSA-N,7.154901959985743,True,c1ccc(Cn2ncc3cc(Nc4ncnn5cccc45)ccc32)cc1
CHEMBL1928948,CCOC(=O)/C=C/C(=O)Nc1cccc(Oc2cc(Nc3ccc(OCc4cccc(F)c4)c(Cl)c3)ncn2)c1,XSVCKBHBQOJBFL-VAWYXSNFSA-N,6.889410289700751,True,c1ccc(COc2ccc(Nc3cc(Oc4ccccc4)ncn3)cc2)cc1
CHEMBL4063890,COc1cc(Br)c(C=C2CN(C)CC(=Cc3nc(C)c(C)nc3C)C2=O)cc1OC,XSWMOLIBMRNOSI-UHFFFAOYSA-N,7.221848749616356,True,O=C1C(=Cc2ccccc2)CNCC1=Cc1cnccn1
CHEMBL1910273,Nc1scc2c1c(Nc1ccc(S(N)(=O)=O)cc1)nc1ncnc(N)c12,XSWRBSAYEHXHNA-UHFFFAOYSA-N,4.530177984021837,False,c1ccc(Nc2nc3ncncc3c3cscc23)cc1
CHEMBL3699595,C=CC(=O)Nc1cccc(Nc2nc(Nc3ccc(N4CCCN(C(=O)C(F)(F)F)CC4)cc3OC)ncc2C(F)(F)F)c1,XSXWUJOTESYJJR-UHFFFAOYSA-N,8.259637310505756,True,c1ccc(Nc2ccnc(Nc3ccc(N4CCCNCC4)cc3)n2)cc1
CHEMBL3928176,C=CC(=O)Nc1cccc(Oc2nc(Nc3ccccc3OC)ncc2F)c1,XSYRRKUEQTWUCQ-UHFFFAOYSA-N,6.698970004336019,True,c1ccc(Nc2nccc(Oc3ccccc3)n2)cc1
CHEMBL310958,N#CC(C#N)=NNc1ccc(O)cc1,XTCRJLBGLWCFIH-UHFFFAOYSA-N,3.647817481888637,False,c1ccccc1
CHEMBL3956465,C=CC(=O)Nc1cccc(Nc2nc(Nc3ccc(OC)c(OC)c3OC)ncc2C(F)(F)F)c1,XTEXGVCQXOYDOW-UHFFFAOYSA-N,7.698970004336019,True,c1ccc(Nc2ccnc(Nc3ccccc3)n2)cc1
CHEMBL4087241,CC(C)CC(NC(=O)OC(C)(C)C)C(=O)Nc1ccc2ncnc(Nc3ccc(F)c(Cl)c3)c2c1,XTJRMGQWMYCVDN-UHFFFAOYSA-N,6.853871964321762,True,c1ccc(Nc2ncnc3ccccc23)cc1
CHEMBL1088240,COc1cc(Nc2c(C#N)cnc3cc(/C=C/CCN4CCN(C)CC4)c(OC)cc23)c(Cl)cc1Cl,XTMQXGYZVJVLMD-GQCTYLIASA-N,5.481486060122112,False,C(=C\c1ccc2c(Nc3ccccc3)ccnc2c1)/CCN1CCNCC1
CHEMBL583218,CC=C1C(=NC(=O)OCC2CCNCC2)NC2N=CN=C(Nc3ccc4c(cnn4Cc4ccccc4)c3)C12,XTOJTZSSQBGTOO-UHFFFAOYSA-N,7.522878745280337,True,C=C1C(=NC(=O)OCC2CCNCC2)NC2N=CN=C(Nc3ccc4c(cnn4Cc4ccccc4)c3)C12
CHEMBL75188,Cc1cc(C)c(C)c(-c2cc3cnc(NCCCN4CCN(C)CC4)nc3nc2NC(=O)NC(C)(C)C)c1C,XTUXOBJKZJZVKD-UHFFFAOYSA-N,5.154901959985743,False,c1ccc(-c2cnc3nc(NCCCN4CCNCC4)ncc3c2)cc1
CHEMBL1173714,Cc1ncc([N+](=O)[O-])n1CCOC(=O)/C=C/c1ccc(C(C)C)cc1,XTUYBOXHWRYPPU-RMKNXTFCSA-N,5.166215625343521,False,O=C(/C=C/c1ccccc1)OCCn1ccnc1
CHEMBL3939771,ON=C(O)CCCCCn1cc(-c2ccc3ncnc(Nc4ccc(OCc5nccs5)c(Cl)c4)c3c2)nn1,XTWOENWSROIPBI-UHFFFAOYSA-N,8.161150909262744,True,c1csc(COc2ccc(Nc3ncnc4ccc(-c5c[nH]nn5)cc34)cc2)n1
CHEMBL3774906,O=C1COc2cc3ncnc(Nc4cccc(Br)c4)c3cc2N1CCCN1CCOCC1,XTXGMBGTBCIWOD-UHFFFAOYSA-N,7.047691990337874,True,O=C1COc2cc3ncnc(Nc4ccccc4)c3cc2N1CCCN1CCOCC1
CHEMBL273789,CS(=O)(=O)CCN(CCCCOc1ccc2ncnc(Nc3ccc(OCc4ccccc4)cc3)c2c1)C(=O)C(F)(F)F,XUAWYHMIPSETPV-UHFFFAOYSA-N,6.580044251510242,True,c1ccc(COc2ccc(Nc3ncnc4ccccc34)cc2)cc1
CHEMBL1821893,COc1ccc(C2=NN(c3nc(-c4ccccc4)cs3)C(c3ccc(C)cc3)C2)cc1,XUCRODLSENDNGL-UHFFFAOYSA-N,5.126098402135539,False,c1ccc(C2=NN(c3nc(-c4ccccc4)cs3)C(c3ccccc3)C2)cc1
CHEMBL366831,CNc1ncnc2c1c(-c1ccccc1)cn2-c1ccccc1,XUCUUSDIHUJLCZ-UHFFFAOYSA-N,4.508638306165727,False,c1ccc(-c2cn(-c3ccccc3)c3ncncc23)cc1
CHEMBL538814,O=[N+]([O-])c1ccc2sc3c(Nc4cccc(C(F)(F)F)c4)ncnc3c2c1,XUMLPLGHKIPVJA-UHFFFAOYSA-N,6.337242168318426,True,c1ccc(Nc2ncnc3c2sc2ccccc23)cc1
CHEMBL3622647,CN(C)C/C=C/C(=O)Nc1cc2c(Nc3ccc(F)c(C#N)c3)ncnc2cc1O[C@H]1CCOC1,XUOCQQYXPHQNIP-WHLIDYPQSA-N,6.831502516476967,True,c1ccc(Nc2ncnc3cc(O[C@H]4CCOC4)ccc23)cc1
CHEMBL590083,CCCCNC(=O)c1ccc(N(CCCl)CCCl)cc1,XUVJSTLMTULKRD-UHFFFAOYSA-N,4.641874714723351,False,c1ccccc1
CHEMBL4128567,C=CC(=O)Nc1cccc(-n2c(=O)n(CCc3ccccc3)c(=O)c3cnc(Nc4ccc(N5CCC(N(C)C)CC5)cc4OC)nc32)c1,XUVOOJLRVOEDJR-UHFFFAOYSA-N,9.0,True,O=c1c2cnc(Nc3ccc(N4CCCCC4)cc3)nc2n(-c2ccccc2)c(=O)n1CCc1ccccc1
CHEMBL342929,CNC(=O)c1c(SSc2c(C(=O)NC)c3ccccc3n2C)n(C)c2ccccc12,XUXNEGDCCYQQNC-UHFFFAOYSA-N,5.161150909262744,False,c1ccc2[nH]c(SSc3cc4ccccc4[nH]3)cc2c1
CHEMBL116853,COc1cc2ncc(C#N)c(Nc3cccc(Br)c3)c2cc1NC(=O)C#CCN(C)C,XVHPHLVYCRDHSU-UHFFFAOYSA-N,7.045757490560675,True,c1ccc(Nc2ccnc3ccccc23)cc1
CHEMBL3436356,Fc1cccc(COc2ccc(Nc3ncnc4ccc(-c5ccc(CN6CCNCC6)o5)cc34)cc2Cl)c1,XVMMZTTYUZMATQ-UHFFFAOYSA-N,7.966576244513051,True,c1ccc(COc2ccc(Nc3ncnc4ccc(-c5ccc(CN6CCNCC6)o5)cc34)cc2)cc1
CHEMBL4064942,CN(C)C(=O)CSc1nc(-c2ccc(F)cc2)c(-c2ccnc(Nc3ccccc3)c2)[nH]1,XVNFMCXDTAFEQB-UHFFFAOYSA-N,7.091514981121351,True,c1ccc(Nc2cc(-c3[nH]cnc3-c3ccccc3)ccn2)cc1
CHEMBL1830263,NC(=S)NN=C(C=Cc1cccc([N+](=O)[O-])c1)c1ccccc1,XVPWAAHQFRCQNH-UHFFFAOYSA-N,5.427128397799519,False,N=C(C=Cc1ccccc1)c1ccccc1
CHEMBL1242469,N#CCCCn1nc(-c2ccc(F)c(O)c2)c2c(N)ncnc21,XVTLRUAQTJKQLQ-UHFFFAOYSA-N,4.7447274948966935,False,c1ccc(-c2n[nH]c3ncncc23)cc1
CHEMBL3233778,CCN(CC)C/C=C/C(=O)Nc1cc2c(Nc3ccc(F)c(Cl)c3)ncnc2s1,XVVRDQPLQNJHAW-AATRIKPKSA-N,8.096910013008056,True,c1ccc(Nc2ncnc3sccc23)cc1
CHEMBL309016,COc1cc(/C=C/[N+](=O)[O-])ccc1O,XVXCSPJSXIUNQJ-SNAWJCMRSA-N,5.102372908709558,False,c1ccccc1
CHEMBL3409483,[O-][S+]1CCN(Cc2ccc(-c3cc4c(Nc5ccc(OCc6cccc(F)c6)cc5)ncnc4cn3)o2)CC1,XVYFFLKPJMPMPH-UHFFFAOYSA-N,7.638272163982407,True,c1ccc(COc2ccc(Nc3ncnc4cnc(-c5ccc(CN6CC[SH+]CC6)o5)cc34)cc2)cc1
CHEMBL4166609,C=CC(=O)Nc1cc(Nc2nccc(Nc3ccccc3-n3cccn3)n2)c(OC)cc1N(C)CCN(C)C,XWFQQRHKIANCBB-UHFFFAOYSA-N,8.387216143280265,True,c1ccc(Nc2nccc(Nc3ccccc3-n3cccn3)n2)cc1
CHEMBL592215,C=C=CCCCOc1cc2c(Nc3cccc(Cl)c3)ncnc2cc1O,XWNHQWMHDORVBC-UHFFFAOYSA-N,7.54515513999149,True,c1ccc(Nc2ncnc3ccccc23)cc1
CHEMBL394462,Cc1ccn2ncnc(Nc3ccc4c(cnn4Cc4ccccn4)c3)c12,XWOBYUGXRJUXJF-UHFFFAOYSA-N,6.698970004336019,True,c1ccc(Cn2ncc3cc(Nc4ncnn5cccc45)ccc32)nc1
CHEMBL3934461,COc1ccc(-c2cc3c(NC(CC(N)=O)c4ccccc4)ncnc3o2)cc1,XWRRGLKSBBKFNB-UHFFFAOYSA-N,7.657577319177793,True,c1ccc(CNc2ncnc3oc(-c4ccccc4)cc23)cc1
CHEMBL4166412,NS(=O)(=O)c1ccc(-n2c(SCC(=O)Nc3cnc4ccccc4c3)nc3cc4ccccc4cc3c2=O)cc1,XWWMKFBPGTZJND-UHFFFAOYSA-N,6.958607314841775,True,O=C(CSc1nc2cc3ccccc3cc2c(=O)n1-c1ccccc1)Nc1cnc2ccccc2c1
CHEMBL3742059,C#Cc1cccc(Nc2ncnc3cc(OCCOC(=O)C=C4C(C)=C(Cc5ccc([S+](C)[O-])cc5)c5ccc(F)cc54)c(OCCOC)cc23)c1,XWWYHSQEOXRXBD-UHFFFAOYSA-N,7.508638306165727,True,O=C(C=C1C=C(Cc2ccccc2)c2ccccc21)OCCOc1ccc2c(Nc3ccccc3)ncnc2c1
CHEMBL294034,COc1cc2ncnc(Nc3ccc(F)c(Cl)c3)c2cc1OCCn1ccnc1,XXBDUYQPZRPNMB-UHFFFAOYSA-N,7.180456064458131,True,c1ccc(Nc2ncnc3ccc(OCCn4ccnc4)cc23)cc1
CHEMBL150177,C=c1c(CCC(=O)O)c(C)[nH]c1=Cc1c(O)[nH]c2ccc(S(N)(=O)=O)cc12,XXCHTWAIBLKTOR-UHFFFAOYSA-N,4.071604147743286,False,C=c1cc[nH]c1=Cc1c[nH]c2ccccc12
CHEMBL2424796,Clc1cccc(Nc2ncnc3ccc(NCc4ccc(Br)s4)cc23)c1,XXDWXAUQFIQZEU-UHFFFAOYSA-N,5.823908740944319,False,c1ccc(Nc2ncnc3ccc(NCc4cccs4)cc23)cc1
CHEMBL4071151,C#Cc1nn([C@@H]2CCCN(C(=O)C=C)C2)c2ncnc(N)c12,XXFDMGXYEIKFNZ-SNVBAGLBSA-N,6.017728766960431,False,c1ncc2cnn([C@@H]3CCCNC3)c2n1
CHEMBL435809,CO[C@H]1[C@@H](N(C)C(=O)c2ccc(C(=O)O)cc2)C[C@@H]2O[C@@]1(C)n1c3ccccc3c3c4c(c5c6ccccc6n2c5c31)C(=O)NC4,XXIWRTOLXWAEJC-YLDZAAMXSA-N,6.958607314841775,True,O=C(N[C@@H]1CC2O[C@@H](C1)n1c3ccccc3c3c4c(c5c6ccccc6n2c5c31)CNC4=O)c1ccccc1
CHEMBL310580,C=C(CN(C)C)C(=O)c1ccc(OS(=O)(=O)c2ccc(C(=O)O)c(O)c2)cc1,XXJAESUNECCYKY-UHFFFAOYSA-N,6.327902142064282,True,O=S(=O)(Oc1ccccc1)c1ccccc1
CHEMBL1914666,CC(Nc1ncnc2[nH]c(-c3ccc(O)cc3)cc12)c1cccc2ccccc12,XXNUFRHVPZASID-UHFFFAOYSA-N,5.996539467890493,False,c1ccc(-c2cc3c(NCc4cccc5ccccc45)ncnc3[nH]2)cc1
CHEMBL3604919,C=CC(=O)Nc1cccc(-c2nccc(Nc3cc(C)[nH]n3)n2)c1,XXOBXNIDTITKIH-UHFFFAOYSA-N,5.6020599913279625,False,c1ccc(-c2nccc(Nc3cc[nH]n3)n2)cc1
CHEMBL332497,COc1cc2ncc(C#N)c(Nc3cccc(Br)c3)c2cc1NC(=O)/C=C/CN1CCOCC1,XXOLFZCJKCTSFL-ZZXKWVIFSA-N,5.416801226031377,False,O=C(/C=C/CN1CCOCC1)Nc1ccc2nccc(Nc3ccccc3)c2c1
CHEMBL4092788,C=CC(=O)Nc1cc(Nc2nccc(-c3cn4c5c(cccc35)CCC4)n2)c(OC)cc1N(C)CC(=O)N(C)C,XXQBTAPKFINNKM-UHFFFAOYSA-N,6.555642874343972,True,c1ccc(Nc2nccc(-c3cn4c5c(cccc35)CCC4)n2)cc1
CHEMBL595142,COc1cc2c(Nc3ccc(-c4nc5ccccc5s4)cc3O)ncnc2cc1OCCCN1CCN(C)CC1,XXSQNJQHHHVCBG-UHFFFAOYSA-N,6.455931955649724,True,c1ccc2sc(-c3ccc(Nc4ncnc5cc(OCCCN6CCNCC6)ccc45)cc3)nc2c1
CHEMBL2283251,O=C(/C=C/c1ccccc1)Nc1ccc(F)cc1F,XXXUTJMRWNVAON-RMKNXTFCSA-N,4.93218548883816,False,O=C(/C=C/c1ccccc1)Nc1ccccc1
CHEMBL2312304,O=C(NCCCN1CCOC1=O)c1cnc(NCc2cc(Cl)ccc2Cl)nc1NC1CCCC1,XYASHXPUZJDWIO-UHFFFAOYSA-N,5.388276691992658,False,O=C(NCCCN1CCOC1=O)c1cnc(NCc2ccccc2)nc1NC1CCCC1
CHEMBL4217992,CN(C)C1CCN(c2ccc(Nc3cc4c(N5CCOCC5)nc(Nc5ccccc5)nc4cn3)nc2)CC1,XYDAZVRNJCOJIB-UHFFFAOYSA-N,8.4089353929735,True,c1ccc(Nc2nc(N3CCOCC3)c3cc(Nc4ccc(N5CCCCC5)cn4)ncc3n2)cc1
CHEMBL1873475,C=CC(=O)N1CCC[C@@H](n2nc(-c3ccc(Oc4ccccc4)cc3)c3c(N)ncnc32)C1,XYFPWWZEPKGCCK-GOSISDBHSA-N,8.2518119729938,True,c1ccc(Oc2ccc(-c3nn([C@@H]4CCCNC4)c4ncncc34)cc2)cc1
CHEMBL370266,CONC(=O)c1cc(Nc2ncnn3cc(NC(=O)OCC4CCCO4)c(C(C)C)c23)c(F)cc1F,XYGDYCMPYIUPHS-UHFFFAOYSA-N,5.259637310505756,False,O=C(Nc1cc2c(Nc3ccccc3)ncnn2c1)OCC1CCCO1
CHEMBL3804868,CCOc1cc2ncnc(Nc3ccc(C)c(Cl)c3)c2c2c1OCCO2,XYGJPSHVCKGCKO-UHFFFAOYSA-N,8.173925197299173,True,c1ccc(Nc2ncnc3ccc4c(c23)OCCO4)cc1
CHEMBL182254,Fc1cccc(COc2ccc(Nc3ncnc4nn5ccccc5c34)cc2Cl)c1,XYKNCRFMAKMJKI-UHFFFAOYSA-N,7.494850021680094,True,c1ccc(COc2ccc(Nc3ncnc4nn5ccccc5c34)cc2)cc1
CHEMBL2325097,Clc1ccc(C2=NN(c3ccccc3)C(c3ccc4ccccc4c3)C2)cc1,XYMFZAWLOAIXSJ-UHFFFAOYSA-N,6.958607314841775,True,c1ccc(C2=NN(c3ccccc3)C(c3ccc4ccccc4c3)C2)cc1
CHEMBL475768,CS(=O)(=O)CCNCc1ccc(-c2cc3ncnc(Nc4ccc(OCc5cccc(F)c5)c(Cl)c4)c3s2)o1,XYUIVHYWMAPVBZ-UHFFFAOYSA-N,9.0,True,c1ccc(COc2ccc(Nc3ncnc4cc(-c5ccco5)sc34)cc2)cc1
CHEMBL1828861,Cc1ccc(S(=O)(=O)NC(=O)Cn2c([N+](=O)[O-])cnc2C)cc1,XYXQCXCTBGBGLL-UHFFFAOYSA-N,5.464705879957229,False,O=C(Cn1ccnc1)NS(=O)(=O)c1ccccc1
CHEMBL144770,N#CC(=Cc1cc(O)c(O)c(Br)c1)C(=O)NCCCNC(=O)C(C#N)=Cc1cc(O)c(O)c(Br)c1,XYZWEMNNBFBAKA-UHFFFAOYSA-N,6.468521082957745,True,O=C(C=Cc1ccccc1)NCCCNC(=O)C=Cc1ccccc1
CHEMBL322298,CCn1c(=O)c(-c2c(Cl)cccc2Cl)cc2cnc(Nc3ccccc3)nc21,XZBKAAPFQAVYSN-UHFFFAOYSA-N,6.698970004336019,True,O=c1[nH]c2nc(Nc3ccccc3)ncc2cc1-c1ccccc1
CHEMBL2148044,CS(=O)(=O)CC(=O)NCCn1ccc2ncnc(Nc3ccc(Oc4cccc(C(F)(F)F)c4)c(Cl)c3)c21,XZFMZWHIYIWGAL-UHFFFAOYSA-N,7.823908740944319,True,c1ccc(Oc2ccc(Nc3ncnc4cc[nH]c34)cc2)cc1
CHEMBL245800,N#Cc1cnc2ccc(-c3ccc(CN)cc3)cc2c1N[C@@H]1C[C@H]1c1ccccc1,XZLGYNGUWUQCLQ-WIOPSUGQSA-N,5.6777807052660805,False,c1ccc(-c2ccc3nccc(N[C@@H]4C[C@H]4c4ccccc4)c3c2)cc1
CHEMBL1958023,Cc1ccc(C2CC(c3ccccc3)=NN2c2nc(O)cs2)cc1,XZMGFGHEVBEPKS-UHFFFAOYSA-N,5.518557371497695,False,c1ccc(C2=NN(c3nccs3)C(c3ccccc3)C2)cc1
CHEMBL54784,c1ccc(CNc2ncnc3ccncc23)cc1,XZPCYVKAGQFORE-UHFFFAOYSA-N,5.835647144215563,False,c1ccc(CNc2ncnc3ccncc23)cc1
CHEMBL3092305,COC(=O)/C=C/CNC(=O)Nc1cc2c(Nc3ccc(F)c(Cl)c3)ncnc2cc1O[C@H]1CCOC1,XZQRWZRFISEWFN-FAAWYNLUSA-N,6.393618634889394,True,c1ccc(Nc2ncnc3cc(O[C@H]4CCOC4)ccc23)cc1
CHEMBL590568,Cc1cccc(/C=N/N=c2[nH]c(O)cs2)c1,XZRDMNLZYKHBEF-WUXMJOGZSA-N,4.629116983222394,False,C(=N\N=c1[nH]ccs1)/c1ccccc1
CHEMBL263666,CCN(CC)CCNC(=O)c1c([Se][Se]c2c(C(=O)NCCN(CC)CC)c3ccccc3n2C)n(C)c2ccccc12,XZTHVVIRCUVGRE-UHFFFAOYSA-N,5.327902142064282,False,c1ccc2[nH]c([Se][Se]c3cc4ccccc4[nH]3)cc2c1
CHEMBL55150,CN(C)c1ccc2ncncc2c1,YAERXMIGDADHGY-UHFFFAOYSA-N,6.920818753952375,True,c1ccc2ncncc2c1
CHEMBL1272168,C=CC(=O)N1CCc2c(sc3ncnc(N[C@@H](CO)c4ccccc4)c23)C1,YAFRPXJMYXBTOY-HNNXBMFYSA-N,5.514704561273911,False,c1ccc(CNc2ncnc3sc4c(c23)CCNC4)cc1
CHEMBL1272061,C=CC(=O)N1CCc2c(sc3ncnc(N[C@H](CO)c4ccccc4)c23)C1,YAFRPXJMYXBTOY-OAHLLOKOSA-N,8.096910013008056,True,c1ccc(CNc2ncnc3sc4c(c23)CCNC4)cc1
CHEMBL4062509,C=CC(=O)N1CCC[C@@H](n2nc(-c3ccc(F)cc3)c3c(N)ncnc32)C1,YAIAASVNLOEORF-CQSZACIVSA-N,7.522878745280337,True,c1ccc(-c2nn([C@@H]3CCCNC3)c3ncncc23)cc1
CHEMBL174426,Cn1cnc2cc3c(Nc4cccc(Br)c4)ncnc3cc21,YAMAGACQNDAKFB-UHFFFAOYSA-N,10.602059991327964,True,c1ccc(Nc2ncnc3cc4[nH]cnc4cc23)cc1
CHEMBL4208811,C=CC(=O)N[C@H]1CCN(c2nc(Nc3ccc(N4CCN(C)CC4)cc3)c3ncn(C(C)C)c3n2)C1,YANMAYXRYFBUGD-FQEVSTJZSA-N,7.721246399047171,True,c1nc2c(Nc3ccc(N4CCNCC4)cc3)nc(N3CCCC3)nc2[nH]1
CHEMBL3355877,COc1cc2ncnc(Nc3ccc(F)c(Cl)c3)c2cc1OCCCCCCn1ccnc1[N+](=O)[O-],YAPKZXYUODCTSV-UHFFFAOYSA-N,9.494850021680094,True,c1ccc(Nc2ncnc3ccc(OCCCCCCn4ccnc4)cc23)cc1
CHEMBL552860,CN(C)CCC(=O)c1ccc(OCc2ccccc2)c(O)c1,YAQVJIVMIDSTEG-UHFFFAOYSA-N,6.443697499232712,True,c1ccc(COc2ccccc2)cc1
CHEMBL4125940,C=CC(=O)Nc1cccc(-n2c(=O)n(C(C)C)c(=O)c3cnc(Nc4ccc(N5CCN(C)CC5)c(OC)c4)nc32)c1,YASVHHAMJUVDDP-UHFFFAOYSA-N,8.167491087293763,True,O=c1[nH]c(=O)n(-c2ccccc2)c2nc(Nc3ccc(N4CCNCC4)cc3)ncc12
CHEMBL122068,Nc1nc(N)c2c(Nc3cccc(Cl)c3)[nH]nc2n1,YASYSLUSCVNMAJ-UHFFFAOYSA-N,6.657577319177793,True,c1ccc(Nc2[nH]nc3ncncc23)cc1
CHEMBL127082,CNc1cc2ncnc(Nc3cccc(C)c3)c2cn1,YAVCJZFLGRQKCZ-UHFFFAOYSA-N,8.853871964321762,True,c1ccc(Nc2ncnc3ccncc23)cc1
CHEMBL77688,O=C(O)c1ccc(S(=O)(=O)Oc2ccc(/C=C/[N+](=O)[O-])cc2)c(O)c1,YAXWAIVSNHQNLF-BQYQJAHWSA-N,6.508638306165727,True,O=S(=O)(Oc1ccccc1)c1ccccc1
CHEMBL360209,COc1cc2ncnc(Nc3ccc(Cl)c(NC(=O)c4ccccc4)c3)c2cc1OC,YAYKCQATWACEFT-UHFFFAOYSA-N,5.657577319177793,False,O=C(Nc1cccc(Nc2ncnc3ccccc23)c1)c1ccccc1
CHEMBL3655338,CC(C)(CN1CCOCC1)NC/C=C/C(=O)N1CCc2c(sc3ncnc(Nc4ccc(F)c(Cl)c4)c23)C1,YAZVLKFUKNILLX-ONEGZZNKSA-N,9.0,True,O=C(/C=C/CNCCN1CCOCC1)N1CCc2c(sc3ncnc(Nc4ccccc4)c23)C1
CHEMBL2425089,COc1cc2ncnc(Nc3ccc(F)c(Cl)c3)c2cc1OCCN1CC2(CSC2)C1,YBCQFRVZDQPKRA-UHFFFAOYSA-N,7.2839966563652,True,c1ccc(Nc2ncnc3ccc(OCCN4CC5(CSC5)C4)cc23)cc1
CHEMBL47986,O=CN=CCc1cc(O)ccc1O,YBDCAUXWUWSRAB-UHFFFAOYSA-N,4.853871964321762,False,c1ccccc1
CHEMBL3930506,O=C(/C=C/CN1CCCCC1)Nc1cc2c(Nc3ccc(F)c(Cl)c3)ncnc2cn1,YBEIPHUFRFGXCJ-SNAWJCMRSA-N,7.853871964321762,True,O=C(/C=C/CN1CCCCC1)Nc1cc2c(Nc3ccccc3)ncnc2cn1
CHEMBL3622659,COCCOc1cc2ncnc(Nc3ccc(F)c(Cl)c3)c2cc1NC(=O)/C=C/CN1CC[S+]([O-])CC1,YBGBRWKVGSKVQC-NSCUHMNNSA-N,6.447818661160664,True,O=C(/C=C/CN1CC[SH+]CC1)Nc1ccc2ncnc(Nc3ccccc3)c2c1
CHEMBL92086,C=C(C)C(=O)Nc1ccc2ncnc(Nc3cccc(Br)c3)c2c1,YBGIIBLAQDXGRC-UHFFFAOYSA-N,7.795880017344075,True,c1ccc(Nc2ncnc3ccccc23)cc1
CHEMBL3416446,COc1ccccc1-c1cc2c(NCc3ccccc3)ncnc2s1,YBIDURMHJVBTFN-UHFFFAOYSA-N,7.769551078621726,True,c1ccc(CNc2ncnc3sc(-c4ccccc4)cc23)cc1
CHEMBL3929484,ON=C(O)CCCCCn1cc(-c2ccc3ncnc(Nc4cccc(Cl)c4F)c3c2)nn1,YBLBBOHIJOJAPV-UHFFFAOYSA-N,9.568636235841012,True,c1ccc(Nc2ncnc3ccc(-c4c[nH]nn4)cc23)cc1
CHEMBL129509,Cc1cccc(Nc2ncnc3cc(NCCCN4CCOCC4)ncc23)c1,YBNNPKWJNJBQNZ-UHFFFAOYSA-N,8.031517051446064,True,c1ccc(Nc2ncnc3cc(NCCCN4CCOCC4)ncc23)cc1
CHEMBL3930539,C=CC(=O)Nc1cccc(Nc2nc(Nc3ccc(Cn4ccnc4)cc3)ncc2F)c1,YBOCLEXJILYWCT-UHFFFAOYSA-N,8.045757490560675,True,c1ccc(Nc2ccnc(Nc3ccc(Cn4ccnc4)cc3)n2)cc1
CHEMBL3628817,COc1ccc(Nc2ncc3c(n2)-c2ccc(Cl)cc2SC3)cc1,YBRIVXKFUFUDFB-UHFFFAOYSA-N,4.666351243485299,False,c1ccc(Nc2ncc3c(n2)-c2ccccc2SC3)cc1
CHEMBL591053,Oc1csc(=NN=C2CCCCC2)[nH]1,YBTGSICVFTUYDM-UHFFFAOYSA-N,4.3872161432802645,False,c1csc(=NN=C2CCCCC2)[nH]1
CHEMBL281872,COc1cc2c(Nc3ccc(Br)cc3F)ncnc2cc1OCCn1ccnn1,YBTGTVGEKMZEQX-UHFFFAOYSA-N,6.3979400086720375,True,c1ccc(Nc2ncnc3cc(OCCn4ccnn4)ccc23)cc1
CHEMBL1821866,COc1ccc(C2CC(c3ccc(C)c(C)c3)=NN2c2nc(-c3ccccc3)cs2)cc1,YBUVLRVXWRFFPY-UHFFFAOYSA-N,5.511449283499555,False,c1ccc(C2=NN(c3nc(-c4ccccc4)cs3)C(c3ccccc3)C2)cc1
CHEMBL2316149,COc1cc(/C=C2\CCCC(=CC3CCCCC3)C2=O)cc(OC)c1,YCAWKDCGUHXZFV-KROYFGTJSA-N,5.1249387366083,False,O=C1C(=CC2CCCCC2)CCC/C1=C\c1ccccc1
CHEMBL1830277,NC(=S)NN=C(C=Cc1ccccc1)c1ccc(Cl)c(Cl)c1,YCDLIADNLQNFRV-UHFFFAOYSA-N,5.009661145212398,False,N=C(C=Cc1ccccc1)c1ccccc1
CHEMBL2334002,COc1cc2ncnc(Nc3ccc(F)c(Cl)c3)c2cc1OCCNCCN,YCDMAWQWOBHPSZ-UHFFFAOYSA-N,7.91721462968355,True,c1ccc(Nc2ncnc3ccccc23)cc1
CHEMBL3741768,C#Cc1cccc(Nc2ncnc3cc(OCCOC(=O)C(C)c4ccc5cc(OC)ccc5c4)c(OCCOC(=O)C(C)c4ccc5cc(OC)ccc5c4)cc23)c1,YCEASOSKIXBBAN-UHFFFAOYSA-N,6.4089353929735005,True,O=C(Cc1ccc2ccccc2c1)OCCOc1cc2ncnc(Nc3ccccc3)c2cc1OCCOC(=O)Cc1ccc2ccccc2c1
CHEMBL3805681,Clc1cccc(Nc2ncnc3cc(OCCCN4CCOCC4)c4c(c23)OCCO4)c1,YCEBQSCORJBKQM-UHFFFAOYSA-N,7.6585654754218595,True,c1ccc(Nc2ncnc3cc(OCCCN4CCOCC4)c4c(c23)OCCO4)cc1
CHEMBL4125764,C=CC(=O)N[C@@H]1CCN(c2nc(Nc3ccccc3)nc3cnc(Nc4ccc(N5CCN(C)CC5)cn4)cc23)C1,YCEOZSZHHSXWOQ-JOCHJYFZSA-N,8.327902142064282,True,c1ccc(Nc2nc(N3CCCC3)c3cc(Nc4ccc(N5CCNCC5)cn4)ncc3n2)cc1
CHEMBL4127809,C=CC(=O)N[C@H]1CCN(c2nc(Nc3ccccc3)nc3cnc(Nc4ccc(N5CCN(C)CC5)cn4)cc23)C1,YCEOZSZHHSXWOQ-QFIPXVFZSA-N,8.494850021680094,True,c1ccc(Nc2nc(N3CCCC3)c3cc(Nc4ccc(N5CCNCC5)cn4)ncc3n2)cc1
CHEMBL481331,CS(=O)(=O)CCNCc1ccc(-c2cc3c(Nc4ccc(OCc5cccc(F)c5)c(Cl)c4)ncnc3s2)[nH]1,YCHMPCBHRODLET-UHFFFAOYSA-N,6.860120913598763,True,c1ccc(COc2ccc(Nc3ncnc4sc(-c5ccc[nH]5)cc34)cc2)cc1
CHEMBL280998,Oc1ccccc1O,YCIMNLLNPGFGHC-UHFFFAOYSA-N,4.584308989059276,False,c1ccccc1
CHEMBL1172980,NC(=S)N1N=C(c2ccc(Cl)c(Cl)c2)CC1c1ccc(Cl)cc1,YCOCXFQEUHIFJW-UHFFFAOYSA-N,5.135488918941608,False,c1ccc(C2=NNC(c3ccccc3)C2)cc1
CHEMBL4083493,Clc1ccc2[nH]c(Cc3nnc(-c4ccccc4Cl)o3)nc2c1,YCOVCAZFTSJSEX-UHFFFAOYSA-N,4.478861916295964,False,c1ccc(-c2nnc(Cc3nc4ccccc4[nH]3)o2)cc1
CHEMBL101253,Clc1ccc(Nc2nnc(Cc3ccncc3)c3ccccc23)cc1,YCOYDOIWSSHVCK-UHFFFAOYSA-N,6.339419087572701,True,c1ccc(Nc2nnc(Cc3ccncc3)c3ccccc23)cc1
CHEMBL3133893,C=CC(=O)Nc1ccc2ncnc(Nc3ccc(S(=O)(=O)Nc4ccccn4)cc3)c2c1,YCZXSFVRCNXMRF-UHFFFAOYSA-N,5.357535479757878,False,O=S(=O)(Nc1ccccn1)c1ccc(Nc2ncnc3ccccc23)cc1
CHEMBL247711,COc1cn2ncnc(Nc3ccc4c(cnn4Cc4cccc(F)c4)c3)c2c1CN1CCCNCC1,YDACLKUOFPGAGO-UHFFFAOYSA-N,6.721246399047171,True,c1ccc(Cn2ncc3cc(Nc4ncnn5ccc(CN6CCCNCC6)c45)ccc32)cc1
CHEMBL1945452,O=C(NS(=O)(=O)c1ccc(Br)cc1)c1cccnc1Cl,YDDOZDHTXXOOJD-UHFFFAOYSA-N,4.804653941651581,False,O=C(NS(=O)(=O)c1ccccc1)c1cccnc1
CHEMBL27085,Cc1[nH]c(=O)c2c(ccc3[nH]c(Nc4c(Cl)cccc4Cl)nc32)c1C,YDEDKRCWCCZXBE-UHFFFAOYSA-N,4.0,False,O=c1[nH]ccc2ccc3[nH]c(Nc4ccccc4)nc3c12
CHEMBL491677,COc1cc2ncnc(Nc3ccc(N4Cc5ccccc5C4)cc3)c2cc1OC,YDFSDWFVXLJPNL-UHFFFAOYSA-N,5.795880017344075,False,c1ccc2c(c1)CN(c1ccc(Nc3ncnc4ccccc34)cc1)C2
CHEMBL3813728,Fc1cccc(COc2ccc(Nc3ncnc4ccc(NC(=S)NCCN5CCOCC5)cc34)cc2Cl)c1,YDGSENSUZKXRDO-UHFFFAOYSA-N,8.645891560852599,True,S=C(NCCN1CCOCC1)Nc1ccc2ncnc(Nc3ccc(OCc4ccccc4)cc3)c2c1
CHEMBL3235204,Cc1ccc2nc(Oc3ccc(Cl)cc3)c(/C=N/NC(=O)Cn3c([N+](=O)[O-])cnc3C)cc2c1,YDIGTIXLCJHFIX-KBKYJPHKSA-N,5.062482107982653,False,O=C(Cn1ccnc1)N/N=C/c1cc2ccccc2nc1Oc1ccccc1
CHEMBL3741245,C=CC(=O)Nc1cccc(Nc2nc(N/N=C(\C)c3ccc(F)cc3)ncc2Cl)c1,YDLFWSMRIADRFF-XODNFHPESA-N,5.774690718274137,False,C(=NNc1nccc(Nc2ccccc2)n1)c1ccccc1
CHEMBL3233777,CN(C)C/C=C/C(=O)Nc1cc2c(Nc3ccc(F)c(Cl)c3)ncnc2s1,YDOVOPCISVCLEX-ONEGZZNKSA-N,7.619788758288394,True,c1ccc(Nc2ncnc3sccc23)cc1
CHEMBL3416623,COc1ccccc1-c1cc2c(N[C@H](C)c3cccs3)ncnc2s1,YDVIAGSHBLLFHC-GFCCVEGCSA-N,7.259637310505756,True,c1ccc(-c2cc3c(NCc4cccs4)ncnc3s2)cc1
CHEMBL3799428,C=CC(=O)Nc1cccc(Oc2nc(Nc3ccc(N4CCN(C(=O)CC)CC4)cc3OC(F)F)ncc2SC)c1,YDWRFDRHSNTINI-UHFFFAOYSA-N,7.333482019445119,True,c1ccc(Oc2ccnc(Nc3ccc(N4CCNCC4)cc3)n2)cc1
CHEMBL2347231,NC(=O)Nc1ccc2ncnc(Nc3ccc(Cl)cc3)c2c1,YDZATYFCHVJGEI-UHFFFAOYSA-N,7.214670164989233,True,c1ccc(Nc2ncnc3ccccc23)cc1
CHEMBL4094438,C=CC(=O)Nc1cccc(-c2cc3c(-c4[nH]c(-c5ccccc5)nc4-c4ccc(F)cc4)ccnc3[nH]2)c1,YECZPMRCCMHCGK-UHFFFAOYSA-N,7.493494967595128,True,c1ccc(-c2cc3c(-c4[nH]c(-c5ccccc5)nc4-c4ccccc4)ccnc3[nH]2)cc1
CHEMBL4280749,O=C1Nc2ccc(S(=O)(=O)N3CCOCC3)cc2C1=Nc1ccc(N=C2C(=O)Nc3ccc(S(=O)(=O)N4CCOCC4)cc32)cc1,YEDFJQFXFLQVAC-UHFFFAOYSA-N,5.927382523454764,False,O=C1Nc2ccc(S(=O)(=O)N3CCOCC3)cc2C1=Nc1ccc(N=C2C(=O)Nc3ccc(S(=O)(=O)N4CCOCC4)cc32)cc1
CHEMBL3671557,C=CC(=O)Nc1cc2c(Nc3ccc(Br)cc3F)ncnc2cc1OCCCNCCC=O,YEDYIUXXVIDJPB-UHFFFAOYSA-N,7.397940008672037,True,c1ccc(Nc2ncnc3ccccc23)cc1
CHEMBL7810,COc1cc(O)c2c(=O)c(-c3cccc(Cl)c3)cn(CCc3ccccc3)c2c1,YEELQJLZRMCLAG-UHFFFAOYSA-N,5.3979400086720375,False,O=c1c(-c2ccccc2)cn(CCc2ccccc2)c2ccccc12
CHEMBL603,COc1cc(C(=O)NS(=O)(=O)c2ccccc2C)ccc1Cc1cn(C)c2ccc(NC(=O)OC3CCCC3)cc12,YEEZWCHGZNKEEK-UHFFFAOYSA-N,5.240256632402275,False,O=C(Nc1ccc2[nH]cc(Cc3ccc(C(=O)NS(=O)(=O)c4ccccc4)cc3)c2c1)OC1CCCC1
CHEMBL2435999,COc1cc2c(Oc3ccc(NC(=O)c4cc(-c5ccc(C)cc5)ccn4)cc3F)ccnc2cc1OCCCN1CCN(C)CC1,YEGSATWQBXVWBX-UHFFFAOYSA-N,7.045516282844448,True,O=C(Nc1ccc(Oc2ccnc3cc(OCCCN4CCNCC4)ccc23)cc1)c1cc(-c2ccccc2)ccn1
CHEMBL3754556,O=C(Nc1cc(-c2cncnc2)cc(C(F)(F)F)c1)Nc1nccs1,YEHNXJMBZMNSPI-UHFFFAOYSA-N,7.143754599209946,True,O=C(Nc1cccc(-c2cncnc2)c1)Nc1nccs1
CHEMBL466615,CN(C)C(=O)O[C@@H]1CN[C@H](C#Cc2cc3ncnc(Nc4ccc(OCc5cccc(F)c5)c(Cl)c4)c3s2)C1,YEIAMNOHYKXSFB-CTNGQTDRSA-N,7.102372908709558,True,C(#C[C@@H]1CCCN1)c1cc2ncnc(Nc3ccc(OCc4ccccc4)cc3)c2s1
CHEMBL466412,CN(C)C(=O)O[C@@H]1CN[C@@H](C#Cc2cc3ncnc(Nc4ccc(OCc5cccc(F)c5)c(Cl)c4)c3s2)C1,YEIAMNOHYKXSFB-FPOVZHCZSA-N,7.397940008672037,True,C(#C[C@H]1CCCN1)c1cc2ncnc(Nc3ccc(OCc4ccccc4)cc3)c2s1
CHEMBL466175,CN(C)C(=O)O[C@H]1CN[C@@H](C#Cc2cc3ncnc(Nc4ccc(OCc5cccc(F)c5)c(Cl)c4)c3s2)C1,YEIAMNOHYKXSFB-PZJWPPBQSA-N,7.102372908709558,True,C(#C[C@H]1CCCN1)c1cc2ncnc(Nc3ccc(OCc4ccccc4)cc3)c2s1
CHEMBL517123,CN(C)C(=O)O[C@H]1CN[C@H](C#Cc2cc3ncnc(Nc4ccc(OCc5cccc(F)c5)c(Cl)c4)c3s2)C1,YEIAMNOHYKXSFB-TZIWHRDSSA-N,7.552841968657781,True,C(#C[C@@H]1CCCN1)c1cc2ncnc(Nc3ccc(OCc4ccccc4)cc3)c2s1
CHEMBL161226,CNC(=O)c1c(SSc2[nH]c3ccccc3c2C(=O)NC)[nH]c2ccccc12,YEIGAHPQUUHSPR-UHFFFAOYSA-N,5.214670164989233,False,c1ccc2[nH]c(SSc3cc4ccccc4[nH]3)cc2c1
CHEMBL4100647,CC1(C)OOC2(CCC(C(=O)Nc3ccc4ncnc(Nc5cccc(Cl)c5)c4c3)CC2)OO1,YEOQLUSHLPPCDY-UHFFFAOYSA-N,7.942333896090171,True,O=C(Nc1ccc2ncnc(Nc3ccccc3)c2c1)C1CCC2(CC1)OOCOO2
CHEMBL3671584,C=CC(=O)Nc1cc2c(Nc3ccc(Br)cc3Cl)ncnc2cc1OCCNC(C)=O,YEPJSPZWMLQZDI-UHFFFAOYSA-N,7.376750709602099,True,c1ccc(Nc2ncnc3ccccc23)cc1
CHEMBL357161,N#CC(=Cc1ccc(O)c(O)c1)C(=O)NCC1CCCC(CNC(=O)C(C#N)=Cc2ccc(O)c(O)c2)C1,YESNFWRNMLAXJB-UHFFFAOYSA-N,5.7447274948966935,False,O=C(C=Cc1ccccc1)NCC1CCCC(CNC(=O)C=Cc2ccccc2)C1
CHEMBL3961982,COc1cc2c(Nc3ccc(Cl)c(Cl)c3)ncnc2cc1OCc1cc(Br)cc(Br)c1,YETQQFMHUDZVIA-UHFFFAOYSA-N,7.301029995663981,True,c1ccc(COc2ccc3c(Nc4ccccc4)ncnc3c2)cc1
CHEMBL2180204,C=CC(=O)N1CCC[C@@H](n2nc(-c3cccc(C(F)(F)F)c3)c3c(N)ncnc32)C1,YEVHVFSOXUYCOT-CQSZACIVSA-N,7.522878745280337,True,c1ccc(-c2nn([C@@H]3CCCNC3)c3ncncc23)cc1
CHEMBL3897723,COc1ccc(C=CC(=NNc2nncc3ccccc23)c2ccc(Cl)cc2)cc1,YFBBPYBKOLENKT-UHFFFAOYSA-N,8.267606240177031,True,C(=Cc1ccccc1)C(=NNc1nncc2ccccc12)c1ccccc1
CHEMBL2385970,CN(C)C/C=C/C(=O)Nc1ccc(-c2cncc(C#N)c2Nc2ccc(F)c(Cl)c2)cc1,YFFTUTDOISJKNI-ONEGZZNKSA-N,5.455931955649724,False,c1ccc(Nc2ccncc2-c2ccccc2)cc1
CHEMBL207235,COc1cc2ncnc(Nc3cccc(Cl)c3F)c2cc1CN1C[C@H](OC)CC1C(N)=O,YFQAPABPZZSLEM-YJJYDOSJSA-N,8.0,True,c1ccc(Nc2ncnc3ccc(CN4CCCC4)cc23)cc1
CHEMBL3892310,CN(C)C/C=C/C(=O)Nc1cc2c(Nc3ccc(F)c(Cl)c3)ncnc2cc1OCC1C2COCC21,YFQGFLOTVWXVMG-ONEGZZNKSA-N,9.886056647693165,True,c1ccc(Nc2ncnc3cc(OCC4C5COCC54)ccc23)cc1
CHEMBL592210,Cc1cc(C)c(O)c(CN(Cc2ccc(F)cc2)C(=O)Nc2ccccc2)c1,YFTNIUONYOIXQQ-UHFFFAOYSA-N,4.56304266933055,False,O=C(Nc1ccccc1)N(Cc1ccccc1)Cc1ccccc1
CHEMBL3234866,COc1ccc(Oc2nc3ccccc3cc2/C=N/NC(=O)Cn2c([N+](=O)[O-])cnc2C)cc1,YGEZJZFYZRLJBC-BRJLIKDPSA-N,6.568636235841012,True,O=C(Cn1ccnc1)N/N=C/c1cc2ccccc2nc1Oc1ccccc1
CHEMBL443523,C=CC(=O)Nc1ccc2c(Nc3cccc(Br)c3)ncnc2c1,YGFCGWOZJQMOOG-UHFFFAOYSA-N,9.346787486224656,True,c1ccc(Nc2ncnc3ccccc23)cc1
CHEMBL501709,N#Cc1cnc2c(Cl)cc(NCc3cn(C4CCN(C5CCC5)CC4)nn3)cc2c1Nc1ccc(F)c(Cl)c1,YGHNIYXOYMJYDH-UHFFFAOYSA-N,4.657577319177793,False,c1ccc(Nc2ccnc3ccc(NCc4cn(C5CCN(C6CCC6)CC5)nn4)cc23)cc1
CHEMBL3663926,C=CC(=O)Nc1cccc(Oc2cnc(C(N)=O)c(Nc3ccc(N4CCN(C)CC4)cc3)n2)c1,YGIBTSMHVRPSJH-UHFFFAOYSA-N,8.958607314841775,True,c1ccc(Oc2cncc(Nc3ccc(N4CCNCC4)cc3)n2)cc1
CHEMBL3774471,O=C1COc2cc3ncnc(Nc4ccc(F)cc4)c3cc2N1CCCN1CCOCC1,YGIZUQMAEGKTKP-UHFFFAOYSA-N,6.3624102141613,True,O=C1COc2cc3ncnc(Nc4ccccc4)c3cc2N1CCCN1CCOCC1
CHEMBL210444,O=C(NCCCl)Nc1ccc2ncnc(Nc3cccc(Cl)c3)c2c1,YGKHBSOOIDIVBR-UHFFFAOYSA-N,7.657577319177793,True,c1ccc(Nc2ncnc3ccccc23)cc1
CHEMBL31622,C=CC(=O)Nc1cc2c(Nc3cccc(C)c3)ncnc2cc1OCCCN1CCN(C)CC1,YGLXIEDANXSHCZ-UHFFFAOYSA-N,8.698970004336019,True,c1ccc(Nc2ncnc3cc(OCCCN4CCNCC4)ccc23)cc1
CHEMBL1928309,O=C(c1cc2ccccc2[nH]1)c1cc2c(Nc3cccc(Cl)c3)ncnc2s1,YGSAZOCXJDIJLN-UHFFFAOYSA-N,6.522878745280337,True,O=C(c1cc2ccccc2[nH]1)c1cc2c(Nc3ccccc3)ncnc2s1
CHEMBL605413,CCCC(Cc1coc2nc(N)nc(N)c12)c1ccccc1OC,YGUDCFAGRCRLHT-UHFFFAOYSA-N,5.657577319177793,False,c1ccc(CCc2coc3ncncc23)cc1
CHEMBL3357649,COc1cc2ncnc(Nc3ccc(OCc4cccc(F)c4)c(Cl)c3)c2cc1NC(=O)/C(F)=C/CN(C)C,YGVOTPAIXFJINL-AFPJDJCSSA-N,8.67778070526608,True,c1ccc(COc2ccc(Nc3ncnc4ccccc34)cc2)cc1
CHEMBL3352869,COc1cc2ncnc(Nc3ccc(OCc4cccc(F)c4)c(Cl)c3)c2cc1NC(=O)/C(F)=C\CN(C)C,YGVOTPAIXFJINL-LSFURLLWSA-N,8.886056647693163,True,c1ccc(COc2ccc(Nc3ncnc4ccccc34)cc2)cc1
CHEMBL4225517,C=CC(=O)Nc1cccc(NC(=O)Nc2ccnc(Nc3ccc(N(C)C)cc3)n2)c1,YGYNCQULQHGVGO-UHFFFAOYSA-N,6.335358024443874,True,O=C(Nc1ccccc1)Nc1ccnc(Nc2ccccc2)n1
CHEMBL3676339,C=CC(=O)Nc1cc2c(Nc3ccc(F)c(F)c3F)ncnc2cc1OCCNC(C)=O,YHAXBZNUIZZLFJ-UHFFFAOYSA-N,7.853871964321762,True,c1ccc(Nc2ncnc3ccccc23)cc1
CHEMBL3741526,CCOC(=O)c1nn(-c2ccc(Cl)cc2)cc1C(=O)c1c(C)[nH]c(-c2ccccc2)c1-c1ccccc1,YHOYTBGFZDFOAI-UHFFFAOYSA-N,5.494850021680094,False,O=C(c1cnn(-c2ccccc2)c1)c1c[nH]c(-c2ccccc2)c1-c1ccccc1
CHEMBL3799332,O=C(Nc1ccc(C(O)c2ccccc2)cc1)c1cc2ccccc2[nH]1,YHPXMHDIUBYUFT-UHFFFAOYSA-N,4.42021640338319,False,O=C(Nc1ccc(Cc2ccccc2)cc1)c1cc2ccccc2[nH]1
CHEMBL173478,Nc1ncnc2c1c(-c1ccccc1)cn2-c1cccc(CO)c1,YHRRFPHKXXYHDL-UHFFFAOYSA-N,6.221848749616356,False,c1ccc(-c2cn(-c3ccccc3)c3ncncc23)cc1
CHEMBL3742060,Cc1ccc(-n2cc3c(-c4c(C)[nH]c(-c5ccccc5)c4-c4ccccc4)nnc(C)c3n2)cc1,YHVZLNLFIBENSL-UHFFFAOYSA-N,5.265200170411153,False,c1ccc(-c2[nH]cc(-c3nncc4nn(-c5ccccc5)cc34)c2-c2ccccc2)cc1
CHEMBL4286263,O=C(O)CCCC(=O)Nc1cc(Nc2cccc(Br)c2)ncn1,YHWBXXDXRARKGF-UHFFFAOYSA-N,7.154901959985743,True,c1ccc(Nc2ccncn2)cc1
CHEMBL437612,Cc1cc(C=C2C(=O)C=CC2=O)cc(C)c1O,YHWRISYBKMXSGJ-UHFFFAOYSA-N,3.356547323513812,False,O=C1C=CC(=O)C1=Cc1ccccc1
CHEMBL1956885,Nc1nc(Nc2cccc(Br)c2)c2cc(Cc3ccc(Cl)cc3)[nH]c2n1,YHWUBFBUCSKQSU-UHFFFAOYSA-N,4.758951849328356,False,c1ccc(Cc2cc3c(Nc4ccccc4)ncnc3[nH]2)cc1
CHEMBL1173456,Cc1ccc(C2=NN(C(N)=S)C(c3ccc(Cl)cc3)C2)cc1C,YHZHJQIHWHUKCP-UHFFFAOYSA-N,5.866461091629782,False,c1ccc(C2=NNC(c3ccccc3)C2)cc1
CHEMBL3088221,Cc1ncc([N+](=O)[O-])n1C/C(=N/NC(=O)c1ccccc1N)c1ccc(Br)cc1,YIKPLJBZSZRMQO-QJOMJCCJSA-N,5.723538195826755,False,O=C(N/N=C(/Cn1ccnc1)c1ccccc1)c1ccccc1
CHEMBL544770,CN(C)CCC(=O)c1ccc(OCc2ccccc2)cc1,YILRQOFYISHQCQ-UHFFFAOYSA-N,5.823908740944319,False,c1ccc(COc2ccccc2)cc1
CHEMBL3759830,COc1ccc(C(=O)Nc2ccc(Nc3ncnc4cc(OCCCN5CCN(C)CC5)c(OC)cc34)cc2)cc1,YIQIIWTUQHYAID-UHFFFAOYSA-N,5.954677021213342,False,O=C(Nc1ccc(Nc2ncnc3cc(OCCCN4CCNCC4)ccc23)cc1)c1ccccc1
CHEMBL3906200,COc1cc2ncnc(NCc3cccc(Br)c3)c2cc1OCCCCCCC(O)=NO,YIXZZHURQHTFRZ-UHFFFAOYSA-N,7.0,True,c1ccc(CNc2ncnc3ccccc23)cc1
CHEMBL2437469,C=CC(=O)Nc1cccc(-n2c(=O)cnc3cnc(Nc4ccc(N5CCN(C)CC5)cc4OC)nc32)c1,YJAJTLZIWHYGPF-UHFFFAOYSA-N,8.97061622231479,True,O=c1cnc2cnc(Nc3ccc(N4CCNCC4)cc3)nc2n1-c1ccccc1
CHEMBL1934632,Cc1ncnc(Nc2ccc(OCc3cccc(F)c3)c(Cl)c2)c1C=Cc1ccc(CNC(C)C)cc1,YJARNKOBQXKAJC-UHFFFAOYSA-N,7.619788758288394,True,C(=Cc1cncnc1Nc1ccc(OCc2ccccc2)cc1)c1ccccc1
CHEMBL470012,Fc1ccc(Nc2ncnc3nc(Nc4ccc(CCN5CCOCC5)cc4)sc23)cc1Cl,YJCSNOSZBTYSKS-UHFFFAOYSA-N,7.823908740944319,True,c1ccc(Nc2ncnc3nc(Nc4ccc(CCN5CCOCC5)cc4)sc23)cc1
CHEMBL1683967,Cc1ncnc(Nc2ccc(OCc3cccc(F)c3)c(Cl)c2)c1C=C(F)C(=O)NCCN1CCCC1,YJEHFTZFENYBBO-UHFFFAOYSA-N,8.522878745280337,True,O=C(C=Cc1cncnc1Nc1ccc(OCc2ccccc2)cc1)NCCN1CCCC1
CHEMBL257860,OC1CCN(CCCOc2[nH]nc3ncnc(Nc4ccc(OCc5ccccn5)c(Cl)c4)c23)CC1,YJELZTGEMAQGHU-UHFFFAOYSA-N,8.045757490560675,True,c1ccc(COc2ccc(Nc3ncnc4n[nH]c(OCCCN5CCCCC5)c34)cc2)nc1
CHEMBL4066845,CS(=O)(=O)CCNCc1ccc(-c2ccc3ncnc(Nc4ccc(F)c(Cl)c4)c3c2)o1,YJIFYABMCMRSLG-UHFFFAOYSA-N,7.619969752032169,True,c1ccc(Nc2ncnc3ccc(-c4ccco4)cc23)cc1
CHEMBL430571,C=CC(=O)Nc1ccc2ncnc(Nc3ccc(OCc4ccccc4)cc3)c2c1,YJJIOYPSLPQCAL-UHFFFAOYSA-N,8.443697499232712,True,c1ccc(COc2ccc(Nc3ncnc4ccccc34)cc2)cc1
CHEMBL593293,COc1cc2ncnc(Nc3ccc(-c4nc5ccccc5s4)cc3O)c2cc1OC,YJLOLSDWRBWJAG-UHFFFAOYSA-N,5.657577319177793,False,c1ccc2sc(-c3ccc(Nc4ncnc5ccccc45)cc3)nc2c1
CHEMBL1241770,Nc1ncnc2c1c(-c1ccc(Cl)c(O)c1)nn2CC1CCNC1,YJNVZAXZUDOAAI-UHFFFAOYSA-N,5.696803942579511,False,c1ccc(-c2nn(CC3CCNC3)c3ncncc23)cc1
CHEMBL76599,CC(C)(C)NC(=O)Nc1nc2nc(N)ncc2cc1-c1ccccc1,YJOFXQWQYIOWNT-UHFFFAOYSA-N,5.257274868695301,False,c1ccc(-c2cnc3ncncc3c2)cc1
CHEMBL208849,Cc1cccc(Nc2ncnc3ccc(NC(=O)N(C)CCCl)cc23)c1,YJPDSCHNEKNQAA-UHFFFAOYSA-N,5.771343041891065,False,c1ccc(Nc2ncnc3ccccc23)cc1
CHEMBL436137,Cc1cccc(C)c1-c1cc(C)c2nc(Nc3ccc(OCCN4CCCC4)cc3)nnc2c1,YJSFAHMGDRBZGH-UHFFFAOYSA-N,6.015472686656207,False,c1ccc(-c2ccc3nc(Nc4ccc(OCCN5CCCC5)cc4)nnc3c2)cc1
CHEMBL3671531,C=CC(=O)Nc1cc2c(Nc3ccc(Br)cc3F)ncnc2cc1OCCNC(=O)CCN(CC)CC,YJTSMQVXARPZGP-UHFFFAOYSA-N,7.356547323513812,True,c1ccc(Nc2ncnc3ccccc23)cc1
CHEMBL3759733,COc1cc(C=O)ccc1-c1cc2c(Nc3ccccc3)ncnc2s1,YKBSTCIMMWNFBG-UHFFFAOYSA-N,7.698970004336019,True,c1ccc(Nc2ncnc3sc(-c4ccccc4)cc23)cc1
CHEMBL1242109,CCC(C)n1nc(-c2ccc(C)c(O)c2)c2c(N)ncnc21,YKDLGDBIORZVLP-UHFFFAOYSA-N,5.777283528852417,False,c1ccc(-c2n[nH]c3ncncc23)cc1
CHEMBL333851,COc1cc2c(NCc3ccccc3)ncnc2cc1O,YKDOURWNBDLSNO-UHFFFAOYSA-N,6.230622673923861,False,c1ccc(CNc2ncnc3ccccc23)cc1
CHEMBL310853,c1csc(-c2cc3nccc(Nc4ccc5[nH]ccc5c4)c3s2)c1,YKJMMLPNQSTDLZ-UHFFFAOYSA-N,9.0,True,c1csc(-c2cc3nccc(Nc4ccc5[nH]ccc5c4)c3s2)c1
CHEMBL333553,N#CC(=Cc1cc(O)c(O)c(CSc2nc3ccccc3s2)c1)C(N)=O,YKKHGAQJLNLGMM-UHFFFAOYSA-N,5.187086643357144,False,c1ccc(CSc2nc3ccccc3s2)cc1
CHEMBL165228,Cc1nc(Nc2cccc(Br)c2)c2cc(NCCN3CCOCC3)ncc2n1,YKLBZCPQLOXMBM-UHFFFAOYSA-N,6.931814138253838,True,c1ccc(Nc2ncnc3cnc(NCCN4CCOCC4)cc23)cc1
CHEMBL485070,CCOc1cc(C=C(C#N)C(N)=O)cc(CSc2ccccc2)c1O,YKLMGKWXBLSKPK-UHFFFAOYSA-N,6.3979400086720375,True,c1ccc(CSc2ccccc2)cc1
CHEMBL117804,c1ccc(CCNc2ncnc3ccccc23)cc1,YKOSADJQCBRMRR-UHFFFAOYSA-N,5.3872161432802645,False,c1ccc(CCNc2ncnc3ccccc23)cc1
CHEMBL4070454,Oc1ccc(-c2nc(-c3ccccc3)c(-c3ccnc4[nH]c(-c5ccccc5)cc34)[nH]2)cc1,YKPZOVVLNSAWPV-UHFFFAOYSA-N,7.950781977329818,True,c1ccc(-c2cc3c(-c4[nH]c(-c5ccccc5)nc4-c4ccccc4)ccnc3[nH]2)cc1
CHEMBL205047,OCc1nc(C#Cc2cncnc2Nc2ccc(OCc3cccc(F)c3)c(Cl)c2)cs1,YKQCCMOWWKAYOX-UHFFFAOYSA-N,7.119186407719209,True,C(#Cc1cncnc1Nc1ccc(OCc2ccccc2)cc1)c1cscn1
CHEMBL4077956,NP(=O)(Oc1ccc2ncnc(Nc3cccc(Br)c3)c2c1)N(CCCl)CCCl,YKWQMQSCCFKVSX-UHFFFAOYSA-N,8.036212172654444,True,c1ccc(Nc2ncnc3ccccc23)cc1
CHEMBL3758800,C[C@@H](Nc1ncnc2sc(-c3ccc(C(=O)NCCN(C)C)cc3)cc12)c1ccccc1,YKXZIJJSMKNGPV-QGZVFWFLSA-N,8.698970004336019,True,c1ccc(CNc2ncnc3sc(-c4ccccc4)cc23)cc1
CHEMBL3968839,CCC(=O)Nc1cc2c(Nc3ccc4c(ccn4Cc4ccccn4)c3)ncnc2cc1OC,YLFINAUVWATNCS-UHFFFAOYSA-N,7.214670164989233,True,c1ccc(Cn2ccc3cc(Nc4ncnc5ccccc45)ccc32)nc1
CHEMBL1683968,Cc1ncnc(Nc2ccc(OCc3cccc(F)c3)c(Cl)c2)c1C=C(F)C(=O)NCCS(C)(=O)=O,YLFPZRPXZQPKNI-UHFFFAOYSA-N,7.721246399047171,True,c1ccc(COc2ccc(Nc3ccncn3)cc2)cc1
CHEMBL305782,C=c1c(CCC(=O)O)c(C)[nH]c1=Cc1c(O)[nH]c2ncnc(Nc3ccc(F)c(Cl)c3)c12,YLHDUHADRCEDQH-UHFFFAOYSA-N,6.7447274948966935,True,C=c1cc[nH]c1=Cc1c[nH]c2ncnc(Nc3ccccc3)c12
CHEMBL3425655,COc1cc(N2CCN(C)CC2)ccc1Nc1ncc(Cl)c(Oc2cccc(NC(=O)/C(C#N)=C/c3ccc(F)cc3)c2)n1,YLKGOUUWGODSMW-CJLVFECKSA-N,5.154901959985743,False,O=C(/C=C/c1ccccc1)Nc1cccc(Oc2ccnc(Nc3ccc(N4CCNCC4)cc3)n2)c1
CHEMBL3604917,C=CC(=O)Nc1cc(Nc2cc[nH]n2)nc(-c2ccccc2)n1,YLMKDUHUYYITGE-UHFFFAOYSA-N,6.045757490560675,False,c1ccc(-c2nccc(Nc3cc[nH]n3)n2)cc1
CHEMBL3671533,C=CC(=O)Nc1cc2c(Nc3ccc(Br)cc3F)ncnc2cc1OCCNC(=O)CCN(C)C,YLOOVLOMQTYREV-UHFFFAOYSA-N,8.045757490560675,True,c1ccc(Nc2ncnc3ccccc23)cc1
CHEMBL321193,Cn1c(=O)c(-c2c(Cl)cccc2Cl)cc2cnc(Nc3cccc(O)c3)nc21,YLOVBNCIDYKIDW-UHFFFAOYSA-N,6.823908740944319,True,O=c1[nH]c2nc(Nc3ccccc3)ncc2cc1-c1ccccc1
CHEMBL3678950,CC(C)n1c(Nc2ccc(Br)cc2)nc2cnc(Nc3ccc(N4CCN(C)CC4)cc3)nc21,YLRQTRNCNYEOFF-UHFFFAOYSA-N,8.522878745280337,True,c1ccc(Nc2nc3cnc(Nc4ccc(N5CCNCC5)cc4)nc3[nH]2)cc1
CHEMBL3612585,CCOC(=O)CCCn1c(=O)oc2cc3ncnc(Nc4ccc(OCc5nccc(OCC(F)(F)F)c5C)cc4)c3cc21,YLTAJYUCUXNPQQ-UHFFFAOYSA-N,6.107905397309519,False,O=c1[nH]c2cc3c(Nc4ccc(OCc5ccccn5)cc4)ncnc3cc2o1
CHEMBL3133757,CCN(CCO)CCCOc1ccc2c(Nc3cccc(NC(=O)Nc4ccc(Cl)c(C(F)(F)F)c4)c3)ncnc2c1,YLTIESVKMHXFAD-UHFFFAOYSA-N,6.72584215073632,True,O=C(Nc1ccccc1)Nc1cccc(Nc2ncnc3ccccc23)c1
CHEMBL1945649,Cc1ccc(C(=O)NS(=O)(=O)c2ccc(Cl)cc2)c(Cl)n1,YLUKCEIRYXNIJA-UHFFFAOYSA-N,5.924453038607469,False,O=C(NS(=O)(=O)c1ccccc1)c1cccnc1
CHEMBL3671497,C=CC(=O)Nc1cc2c(Nc3ccc(Br)cc3F)ncnc2cc1OCCNC(N)=O,YMDWARQKAFASNA-UHFFFAOYSA-N,8.397940008672037,True,c1ccc(Nc2ncnc3ccccc23)cc1
CHEMBL3134612,COc1cc(Nc2nccc(-c3ccc(Cl)cc3)n2)cc(OC)c1OC,YMFWMHNWDMYUDT-UHFFFAOYSA-N,5.668572703479256,False,c1ccc(Nc2nccc(-c3ccccc3)n2)cc1
CHEMBL483233,CCOc1cc(C=C(C#N)C(N)=O)cc(CSc2ccc(O)cc2)c1O,YMONKAACCNVIKX-UHFFFAOYSA-N,5.522878745280337,False,c1ccc(CSc2ccccc2)cc1
CHEMBL3680377,COc1cc2ncnc(Nc3ccc(F)c(Cl)c3)c2cc1NC(=O)/C=C/CN1CCC(F)CC1,YMQSEEOAYCTNQU-NSCUHMNNSA-N,7.742801573860655,True,O=C(/C=C/CN1CCCCC1)Nc1ccc2ncnc(Nc3ccccc3)c2c1
CHEMBL1916891,Cc1ccccc1Nc1nc2cc(F)c(N(C)C(=O)/C=C/CN(C)C)cc2n2cncc12,YMSXHRWUGLAAKL-JXMROGBWSA-N,8.853871964321762,True,c1ccc(Nc2nc3ccccc3n3cncc23)cc1
CHEMBL15346,CS(=O)(=O)CCNCCCCOc1ccc2ncnc(Nc3ccc(OCc4ccccc4)cc3)c2c1,YNAWKCAJCGIVQB-UHFFFAOYSA-N,7.130768280269024,True,c1ccc(COc2ccc(Nc3ncnc4ccccc34)cc2)cc1
CHEMBL3604936,Cc1cc(Nc2cc(N3CCN(C)CC3)nc(Oc3ccc(NC(=O)/C=C/C(F)(F)F)cc3)n2)[nH]n1,YNBIJOCUCVAGRN-BQYQJAHWSA-N,5.698970004336019,False,c1ccc(Oc2nc(Nc3ccn[nH]3)cc(N3CCNCC3)n2)cc1
CHEMBL3699586,C=CC(=O)Nc1cccc(Nc2nc(Nc3ccc(N4CCN(C(C)=O)CC4)cc3OC)ncc2Cl)c1,YNECADZSNDKLQG-UHFFFAOYSA-N,8.259637310505756,True,c1ccc(Nc2ccnc(Nc3ccc(N4CCNCC4)cc3)n2)cc1
CHEMBL248321,NC1CCN(Cc2ccn3ncnc(Nc4ccc(OCc5cnccn5)c(Cl)c4)c23)CC1,YNFCRDTVTDENKG-UHFFFAOYSA-N,7.494850021680094,True,c1cnc(COc2ccc(Nc3ncnn4ccc(CN5CCCCC5)c34)cc2)cn1
CHEMBL2047028,C#Cc1cccc(NC(=O)c2cc(NC(=O)CCCCCC(O)=NO)ccc2OC)c1,YNFRPXYMFVUPCE-UHFFFAOYSA-N,5.287350298372789,False,O=C(Nc1ccccc1)c1ccccc1
CHEMBL589503,O=C(NC1CCCC1)c1ccc(N(CCCl)CCCl)cc1,YNGWGAYBPCOHHO-UHFFFAOYSA-N,4.452348341640031,False,O=C(NC1CCCC1)c1ccccc1
CHEMBL3671513,C=CCNC(=O)NCCOc1cc2ncnc(Nc3ccc(Br)cc3F)c2cc1NC(=O)C=C,YNLXJJCFNYBGEB-UHFFFAOYSA-N,7.721246399047171,True,c1ccc(Nc2ncnc3ccccc23)cc1
CHEMBL1241679,CC(C)n1nc(-c2cccc(C#N)c2)c2c(N)ncnc21,YNOUNHICEHQLNM-UHFFFAOYSA-N,4.0,False,c1ccc(-c2n[nH]c3ncncc23)cc1
CHEMBL3908711,O=C(CBr)OCCn1c(=O)oc2cc3ncnc(Nc4ccc(F)c(Cl)c4)c3cc21,YNPXWNQBZQDHOP-UHFFFAOYSA-N,6.337242168318426,True,O=c1[nH]c2cc3c(Nc4ccccc4)ncnc3cc2o1
CHEMBL7002,CC1(COc2ccc(Cc3sc(=O)[nH]c3O)cc2)CCCCC1,YNQLJZYIOAPXMU-UHFFFAOYSA-N,5.332080314682639,False,O=c1[nH]cc(Cc2ccc(OCC3CCCCC3)cc2)s1
CHEMBL96627,COc1ccc2ncnc(Nc3cccc(Br)c3)c2c1OC,YNRSJGOUWDDUMY-UHFFFAOYSA-N,5.864231485432178,False,c1ccc(Nc2ncnc3ccccc23)cc1
CHEMBL3671499,C=CC(=O)NCCOc1cc2ncnc(Nc3ccc(Br)cc3F)c2cc1NC(=O)C=C,YOHNLHXVSFTRLR-UHFFFAOYSA-N,8.301029995663981,True,c1ccc(Nc2ncnc3ccccc23)cc1
CHEMBL387187,O=C(Nc1cccc(Nc2cc(Nc3cccc(C(F)(F)F)c3)ncn2)c1)C1CC1,YOHYSYJDKVYCJI-UHFFFAOYSA-N,7.67778070526608,True,O=C(Nc1cccc(Nc2cc(Nc3ccccc3)ncn2)c1)C1CC1
CHEMBL104779,Cn1c(=O)c(-c2c(Cl)cccc2Cl)cc2cnc(Nc3ccncc3)nc21,YOKSFKATMBKCHB-UHFFFAOYSA-N,6.040958607678906,False,O=c1[nH]c2nc(Nc3ccncc3)ncc2cc1-c1ccccc1
CHEMBL128432,CN(C)CCNc1cc2ncnc(Nc3cccc(Br)c3)c2cn1,YOKVZXZOOHPMFL-UHFFFAOYSA-N,7.346787486224656,True,c1ccc(Nc2ncnc3ccncc23)cc1
CHEMBL3964380,CCC(=O)Nc1cc2c(Nc3ccc4c(ccn4Cc4ccco4)c3)ncnc2cc1OC,YOLVGSGGIWJSLQ-UHFFFAOYSA-N,7.0655015487564325,True,c1coc(Cn2ccc3cc(Nc4ncnc5ccccc45)ccc32)c1
CHEMBL1173324,NC(=S)N1N=C(c2ccc(Br)c(Br)c2)CC1c1ccccc1F,YOUIWBFLRYPWPG-UHFFFAOYSA-N,4.873868592738016,False,c1ccc(C2=NNC(c3ccccc3)C2)cc1
CHEMBL2325089,Fc1ccc(C2=NN(c3ccccc3)C(c3cccc4ccccc34)C2)cc1,YOWWEQRTMDLMLL-UHFFFAOYSA-N,5.97061622231479,False,c1ccc(C2=NN(c3ccccc3)C(c3cccc4ccccc34)C2)cc1
CHEMBL2031296,CC(=O)Nc1ccc2ncnc(Nc3cccc(Br)c3)c2c1,YPWGXALFLMAGJH-UHFFFAOYSA-N,8.995678626217357,True,c1ccc(Nc2ncnc3ccccc23)cc1
CHEMBL3233773,CS(=O)(=O)CCNC/C=C/C(=O)Nc1cc2c(Nc3ccc(F)c(Cl)c3)ncnc2s1,YQCQHFDLJTZTRD-NSCUHMNNSA-N,8.522878745280337,True,c1ccc(Nc2ncnc3sccc23)cc1
CHEMBL504416,Nc1nc(Nc2ccc(F)c(Cl)c2)c2cc(CCc3ccccc3)[nH]c2n1,YQKMPOKWRHBWLE-UHFFFAOYSA-N,4.642065152999546,False,c1ccc(CCc2cc3c(Nc4ccccc4)ncnc3[nH]2)cc1
CHEMBL2426281,C=CC(=O)Nc1cccc(Nc2ncc(Cl)c(-c3c[nH]c4ccccc34)n2)c1,YQNWGXWTMAOGAE-UHFFFAOYSA-N,5.455931955649724,False,c1ccc(Nc2nccc(-c3c[nH]c4ccccc34)n2)cc1
CHEMBL163369,OCCN(CCO)CCCNc1cc2c(Nc3cccc(Br)c3)ncnc2cn1,YQPDGPGZDSDTPY-UHFFFAOYSA-N,9.455931955649724,True,c1ccc(Nc2ncnc3cnccc23)cc1
CHEMBL3947802,C=CC(=O)Nc1cccc(Oc2nc(Nc3ccc(OC)cc3OC)ncc2C(F)(F)F)c1,YQRLADVWFUXYQX-UHFFFAOYSA-N,6.698970004336019,True,c1ccc(Nc2nccc(Oc3ccccc3)n2)cc1
CHEMBL3087201,C=CC(=O)N1CC[C@H](N2C(=O)N(C(C)C)Cc3cnc(Nc4ccc(N5CCN(C)CC5)cc4OC)nc32)C1,YQTYBOJYCJRMTF-QFIPXVFZSA-N,6.063486257521107,False,O=C1NCc2cnc(Nc3ccc(N4CCNCC4)cc3)nc2N1[C@H]1CCNC1
CHEMBL2437457,C=CC(=O)Nc1ccc(-n2c(=O)cnc3cnc(Nc4ccc(Cl)cc4)nc32)cc1,YQVNLEYHEXIBNV-UHFFFAOYSA-N,6.841336019186011,True,O=c1cnc2cnc(Nc3ccccc3)nc2n1-c1ccccc1
CHEMBL2070199,Clc1cccc(Nc2ncnc3ccc(NCc4ccc5c(c4)OCCCO5)cc23)c1,YRCJXUNBUGZDOX-UHFFFAOYSA-N,6.665546248849069,True,c1ccc(Nc2ncnc3ccc(NCc4ccc5c(c4)OCCCO5)cc23)cc1
CHEMBL308672,C=c1cc(C(=O)NCCN(CC)CC)[nH]c1=Cc1c(O)[nH]c2ncnc(Nc3ccc(Cl)cc3F)c12,YRCZLINBIJRMBH-UHFFFAOYSA-N,6.346787486224656,True,C=c1cc[nH]c1=Cc1c[nH]c2ncnc(Nc3ccccc3)c12
CHEMBL319540,Cc1c(C)n(-c2ccccc2)c2ncnc(N)c12,YREQEESKYDNGOE-UHFFFAOYSA-N,5.567030709125595,False,c1ccc(-n2ccc3cncnc32)cc1
CHEMBL2437477,C=CC(=O)Nc1ccc(Nc2ncc3ncc(=O)n(-c4ccc(OC)cc4)c3n2)cc1,YRFYHYFKPSFNSZ-UHFFFAOYSA-N,4.153415497101954,False,O=c1cnc2cnc(Nc3ccccc3)nc2n1-c1ccccc1
CHEMBL1242118,CC(C)n1nc(-c2ccc3occc(=O)c3c2)c2c(N)ncnc21,YRJGEWAWXXEJNX-UHFFFAOYSA-N,4.537602002101044,False,O=c1ccoc2ccc(-c3n[nH]c4ncncc34)cc12
CHEMBL3676345,C=CC(=O)Nc1cc2c(Nc3ccc(Br)c(F)c3F)ncnc2cc1OCCNC(=O)CCN(CC)CC,YRLMDFYRQYWKJM-UHFFFAOYSA-N,7.721246399047171,True,c1ccc(Nc2ncnc3ccccc23)cc1
CHEMBL398388,NC(=O)C1CCN(Cc2ccn3ncnc(Nc4ccc5c(cnn5Cc5cccc(F)c5)c4)c23)CC1,YRLXEVJADNDLHA-UHFFFAOYSA-N,6.853871964321762,True,c1ccc(Cn2ncc3cc(Nc4ncnn5ccc(CN6CCCCC6)c45)ccc32)cc1
CHEMBL3905242,COc1cc2c(Nc3ccc(NC(=O)Nc4ccc(Cl)cc4)cc3)ncnc2cc1OCCCN1CCN(C)CC1,YRRBEGBNIWCLLB-UHFFFAOYSA-N,6.628932137728263,True,O=C(Nc1ccccc1)Nc1ccc(Nc2ncnc3cc(OCCCN4CCNCC4)ccc23)cc1
CHEMBL590877,Oc1csc(=N/N=C/c2cccc(F)c2)[nH]1,YRTZPAOGNZRSCM-LFYBBSHMSA-N,4.868702203402377,False,C(=N\N=c1[nH]ccs1)/c1ccccc1
CHEMBL78018,NCc1ccc(-c2cc3ncnc(Nc4ccc5[nH]ccc5c4)c3s2)cc1,YRXBBYUECWYNNN-UHFFFAOYSA-N,8.397940008672037,True,c1ccc(-c2cc3ncnc(Nc4ccc5[nH]ccc5c4)c3s2)cc1
CHEMBL2385960,Cc1ncnc(Nc2ccc(OCc3cccc(F)c3)c(Cl)c2)c1C#Cc1ccc(CNCCS(C)(=O)=O)o1,YRXYQXDOPAYQGP-UHFFFAOYSA-N,7.346787486224656,True,C(#Cc1cncnc1Nc1ccc(OCc2ccccc2)cc1)c1ccco1
CHEMBL37543,OCC(O)Cn1ncc2cc3c(Nc4cccc(Br)c4)ncnc3cc21,YSBALMSOJQNWOI-UHFFFAOYSA-N,7.920818753952375,True,c1ccc(Nc2ncnc3cc4[nH]ncc4cc23)cc1
CHEMBL327023,N#Cc1cnc2ccc(NC(=O)C#CCN3CCSCC3)cc2c1Nc1cccc(Br)c1,YSDJJHLEMPHMFB-UHFFFAOYSA-N,6.259637310505756,False,O=C(C#CCN1CCSCC1)Nc1ccc2nccc(Nc3ccccc3)c2c1
CHEMBL3416621,Brc1cc2c(Nc3ccccc3)ncnc2s1,YSDNBZADBVLLKA-UHFFFAOYSA-N,7.096910013008056,True,c1ccc(Nc2ncnc3sccc23)cc1
CHEMBL3604935,Cc1cc(Nc2cc(N3CCN(C)CC3)nc(Oc3ccc(NC(=O)/C=C/CN(C)C)cc3)n2)[nH]n1,YSDVIELCIGNUOI-AATRIKPKSA-N,5.769551078621726,False,c1ccc(Oc2nc(Nc3ccn[nH]3)cc(N3CCNCC3)n2)cc1
CHEMBL248393,COc1cc2c(N[C@@H]3C[C@H]3c3ccccc3)c(C#N)cnc2cc1OCCCN1CCN(C)CC1,YSFGCARYACLFDS-WIOPSUGQSA-N,8.244125144327509,True,c1ccc([C@@H]2C[C@H]2Nc2ccnc3cc(OCCCN4CCNCC4)ccc23)cc1
CHEMBL3237935,CCOC(=O)N1CCN(CCC(=O)Nc2cccc(Oc3nc(Nc4ccc(N5CCN(C)CC5)cc4OC)ncc3Cl)c2)CC1,YSRRCEKEYXILID-UHFFFAOYSA-N,6.156144577376839,False,O=C(CCN1CCNCC1)Nc1cccc(Oc2ccnc(Nc3ccc(N4CCNCC4)cc3)n2)c1
CHEMBL4290750,CCOC(=O)c1ccc(Nc2cc(NC(=O)CCCC(=O)O)ncn2)cc1,YSULEGHESGUMPH-UHFFFAOYSA-N,7.318758762624412,True,c1ccc(Nc2ccncn2)cc1
CHEMBL338155,CN[C@H]1C[C@@H]2O[C@](C)([C@H]1OC)n1c3ccccc3c3c4c(c5c6ccccc6n2c5c31)[C@H](O)NC4=O,YSVVBGPTTSJYPA-XEDQVFLKSA-N,6.585026652029182,True,O=C1NCc2c1c1c3ccccc3n3c1c1c2c2ccccc2n1[C@@H]1CCCC3O1
CHEMBL601828,O=C(Nc1ccccc1)N(Cc1ccc(O)cc1)Cc1cc(Br)cc(Br)c1O,YSWRUZSGHZDWJW-UHFFFAOYSA-N,5.950781977329818,False,O=C(Nc1ccccc1)N(Cc1ccccc1)Cc1ccccc1
CHEMBL1645473,NC1CCN(Cc2ccn3ncnc(Nc4cccc(Cl)c4)c23)CC1,YSXGNIUKUJNNPR-UHFFFAOYSA-N,8.045757490560675,True,c1ccc(Nc2ncnn3ccc(CN4CCCCC4)c23)cc1
CHEMBL3676358,C=CC(=O)Nc1cc2c(Nc3cc(Cl)c(Cl)cc3F)ncnc2cc1OCCNC(=O)COC,YSZALBLOXLXRCK-UHFFFAOYSA-N,7.698970004336019,True,c1ccc(Nc2ncnc3ccccc23)cc1
CHEMBL4215496,COc1cc(N2CCN(C)CC2)ccc1Nc1ncc(Cl)c(Oc2ccccc2NC(=O)COCc2ccccc2)n1,YTBZQGYFOZNNDW-UHFFFAOYSA-N,6.4089353929735005,True,O=C(COCc1ccccc1)Nc1ccccc1Oc1ccnc(Nc2ccc(N3CCNCC3)cc2)n1
CHEMBL340399,Cc1cccc(Nc2ncnc3cc(NCCc4c[nH]cn4)ncc23)c1,YTEVJLKCRWIESE-UHFFFAOYSA-N,8.142667503568731,True,c1ccc(Nc2ncnc3cc(NCCc4c[nH]cn4)ncc23)cc1
CHEMBL529663,COc1cc(C2=C(c3c[nH]c4ccccc34)CNC2=O)cc(OC)c1OC,YTFRDKYCZHOSMM-UHFFFAOYSA-N,4.638272163982407,False,O=C1NCC(c2c[nH]c3ccccc23)=C1c1ccccc1
CHEMBL2064394,O=c1oc2cc3ncnc(Nc4ccc(OCc5ccccn5)cc4)c3cc2n1CCCN1CCOCC1,YTJLLAITSOTQFG-UHFFFAOYSA-N,5.769551078621726,False,O=c1oc2cc3ncnc(Nc4ccc(OCc5ccccn5)cc4)c3cc2n1CCCN1CCOCC1
CHEMBL2316148,COc1cc(/C=C2\CCC/C(=C\c3ccc(Cl)cc3)C2=O)cc(OC)c1,YTJPZUZXESULTP-ODPUSEOTSA-N,4.815308569182402,False,O=C1/C(=C/c2ccccc2)CCC/C1=C\c1ccccc1
CHEMBL2070045,COc1ccc2cc(-c3nn(C(C)C)c4ncnc(N)c34)ccc2c1,YTSDNPLOCDVGNB-UHFFFAOYSA-N,6.292429823902063,False,c1ccc2cc(-c3n[nH]c4ncncc34)ccc2c1
CHEMBL599398,C#Cc1cccc(Nc2ncnc3cc(OC)c(OCCCCC(O)=NO)cc23)c1,YTSHEQYHNLLMSR-UHFFFAOYSA-N,7.823908740944319,True,c1ccc(Nc2ncnc3ccccc23)cc1
CHEMBL136491,CN(C)N=Nc1ccc2ncnc(Nc3cccc(Cl)c3)c2c1,YTSMRZMCUJMHHR-UHFFFAOYSA-N,7.853871964321762,True,c1ccc(Nc2ncnc3ccccc23)cc1
CHEMBL4214567,O=C(Nc1nccs1)C(c1cc(F)ccc1O)N1Cc2ccccc2C1=O,YTUFHOKUFOQRDF-UHFFFAOYSA-N,8.522878745280337,True,O=C(Nc1nccs1)C(c1ccccc1)N1Cc2ccccc2C1=O
CHEMBL129946,CCN(C)[C@H]1C[C@@H]2O[C@](C)([C@H]1OC)n1c3ccccc3c3c4c(c5c6ccccc6n2c5c31)C(=O)NC4,YUAWUNMKPARPJD-VZYCLNPTSA-N,6.481486060122112,True,O=C1NCc2c1c1c3ccccc3n3c1c1c2c2ccccc2n1C1CCC[C@@H]3O1
CHEMBL3934034,CCC(=O)Nc1cc2c(Nc3ccc(OCc4ccccc4)cc3)ncnc2cc1OC,YUEWCBSNZWDONI-UHFFFAOYSA-N,7.443697499232712,True,c1ccc(COc2ccc(Nc3ncnc4ccccc34)cc2)cc1
CHEMBL4063421,C=CC(=O)Nc1cccc(-n2c(=O)cc(C)c3cnc(Nc4nc5c(s4)CN(C)CC5)nc32)c1,YUFAYWQNRFBZQT-UHFFFAOYSA-N,8.602059991327963,True,O=c1ccc2cnc(Nc3nc4c(s3)CNCC4)nc2n1-c1ccccc1
CHEMBL3221556,CCCOC(=O)Nc1ccc(Nc2ncnc3cc(OC)c(OC)cc23)cc1C,YUHAHDWXHHCLRS-UHFFFAOYSA-N,6.045757490560675,False,c1ccc(Nc2ncnc3ccccc23)cc1
CHEMBL601040,Cc1ccc(NC(=O)c2ccc(N(CCCl)CCCl)cc2)cc1,YUHSPIYJWBBMHU-UHFFFAOYSA-N,6.236572006437063,False,O=C(Nc1ccccc1)c1ccccc1
CHEMBL3740003,Cc1[nH]c(-c2ccccc2)c(-c2ccccc2)c1-c1ccc(NC(=O)c2ccccc2)c(=O)o1,YUUPXKUOAUWSFU-UHFFFAOYSA-N,5.539102157243452,False,O=C(Nc1ccc(-c2c[nH]c(-c3ccccc3)c2-c2ccccc2)oc1=O)c1ccccc1
CHEMBL498248,CO[C@H](C)c1c(O)cc2c(c1O)C(=O)c1c(O)cc(O)cc1C2=O,YUVCACNTQJHROF-ZCFIWIBFSA-N,4.560667306169737,False,O=C1c2ccccc2C(=O)c2ccccc21
CHEMBL77243,CCCCc1cc(C=C(C#N)C(N)=O)cc(CCCC)c1O,YUYOFMZOXGUDOD-UHFFFAOYSA-N,4.259637310505756,False,c1ccccc1
CHEMBL4062192,CCC(=O)N1CC[C@H](N2C(=O)N(c3cc(OC)ccc3F)Cc3cnc(Nc4ccc(N5CCCCC5)c(C)c4)nc32)C1,YVBSJIIHTNLMKZ-DEOSSOPVSA-N,6.330683119433887,True,O=C1N(c2ccccc2)Cc2cnc(Nc3ccc(N4CCCCC4)cc3)nc2N1[C@H]1CCNC1
CHEMBL3085380,CCN(CC)[C@@](C)(C#Cc1ncnc2cc(OC)c(OC)cc12)CC1CCCCC1,YVFYLFQVQFEOSK-VWLOTQADSA-N,5.958607314841775,False,C(#Cc1ncnc2ccccc12)CCC1CCCCC1
CHEMBL247104,OCCNC1CCN(Cc2ccn3ncnc(Nc4ccc5c(cnn5Cc5cccc(F)c5)c4)c23)CC1,YVHIBMWTWVBAAS-UHFFFAOYSA-N,7.318758762624412,True,c1ccc(Cn2ncc3cc(Nc4ncnn5ccc(CN6CCCCC6)c45)ccc32)cc1
CHEMBL56027,COc1cc2ncnc(Nc3ccc(F)c(Cl)c3)c2cc1OCCNC(C)(CO)CO,YVOYJUFXYUNMMY-UHFFFAOYSA-N,7.161150909262744,True,c1ccc(Nc2ncnc3ccccc23)cc1
CHEMBL3973862,C=CC(=O)Nc1cccc(Oc2nc(Nc3ccc(OC)c(OC)c3OC)ncc2Br)c1,YVPOPEGFKSLPQP-UHFFFAOYSA-N,7.187086643357144,True,c1ccc(Nc2nccc(Oc3ccccc3)n2)cc1
CHEMBL74778,Cc1[nH]c2ncnc(Nc3cccc(O)c3)c2c1C,YVRPTYQSCAYFMF-UHFFFAOYSA-N,5.903089986991944,False,c1ccc(Nc2ncnc3[nH]ccc23)cc1
CHEMBL4088718,S=C(NCc1ccccc1)Nc1ccc2ncnc(Nc3cccc(Br)c3)c2c1,YVUKGISJTJAKGC-UHFFFAOYSA-N,7.764471553092451,True,S=C(NCc1ccccc1)Nc1ccc2ncnc(Nc3ccccc3)c2c1
CHEMBL3800448,CC(O)c1cccc(NC(=O)c2cc3ccccc3[nH]2)c1,YVUUPGPELJCKGO-UHFFFAOYSA-N,4.468521082957745,False,O=C(Nc1ccccc1)c1cc2ccccc2[nH]1
CHEMBL4228518,CN(C)CCOc1ccc(Nc2ncc3nc(Sc4ccc(F)cc4)n(C4CCOCC4)c3n2)cc1,YVXVVBRYZHAWFN-UHFFFAOYSA-N,6.943095148663527,True,c1ccc(Nc2ncc3nc(Sc4ccccc4)n(C4CCOCC4)c3n2)cc1
CHEMBL2335015,CC(C)(C)C(=O)Nc1nc(Nc2ccc(F)c(Br)c2)c2cc(CCc3ccccn3)[nH]c2n1,YVZYNRNDTAXXKA-UHFFFAOYSA-N,5.267606240177031,False,c1ccc(Nc2ncnc3[nH]c(CCc4ccccn4)cc23)cc1
CHEMBL3935492,C=CC(=O)N1CC[C@H](Oc2cc3c(Nc4ccc(F)c(Cl)c4F)ncnc3cc2OC)CC1C(=O)NCCS(C)(=O)=O,YWAHIFZXGJKRGG-OOJLDXBWSA-N,8.522878745280337,True,c1ccc(Nc2ncnc3ccc(OC4CCNCC4)cc23)cc1
CHEMBL471058,CCc1nccn1Cc1ccc(Nc2nc3ncnc(Nc4ccc(F)c(Cl)c4)c3s2)cc1,YWBUMHFXOAMBLH-UHFFFAOYSA-N,8.221848749616356,True,c1ccc(Nc2ncnc3nc(Nc4ccc(Cn5ccnc5)cc4)sc23)cc1
CHEMBL4095271,C=CC(=O)Nc1cccc(Nc2nc(Nc3ccc(C=Cc4ccc(C)cc4C)cc3)ncc2F)c1,YWLSSYUAVNBZIZ-UHFFFAOYSA-N,8.09151498112135,True,C(=Cc1ccc(Nc2nccc(Nc3ccccc3)n2)cc1)c1ccccc1
CHEMBL4068695,CCC(=O)N1CC[C@H](N2C(=O)N(c3cc(OC)ccc3F)Cc3cnc(Nc4ccc(N5CCN(C)CC5)c(C(F)(F)F)c4)nc32)C1,YWLUCSVUFCDSNZ-QFIPXVFZSA-N,5.468521082957745,False,O=C1N(c2ccccc2)Cc2cnc(Nc3ccc(N4CCNCC4)cc3)nc2N1[C@H]1CCNC1
CHEMBL4203016,CN(C)C1CCN(c2ccc(Nc3cc4c(N5CCCCC5)nc(Nc5ccccc5)nc4cn3)nc2)CC1,YWVNBTJFBFZDCB-UHFFFAOYSA-N,8.309803919971486,True,c1ccc(Nc2nc(N3CCCCC3)c3cc(Nc4ccc(N5CCCCC5)cn4)ncc3n2)cc1
CHEMBL1683966,Cc1ncnc(Nc2ccc(OCc3cccc(F)c3)c(Cl)c2)c1C=CC(=O)NCCN1CCOCC1,YWZGJIHGJWOZJE-UHFFFAOYSA-N,6.943095148663527,True,O=C(C=Cc1cncnc1Nc1ccc(OCc2ccccc2)cc1)NCCN1CCOCC1
CHEMBL3604922,C=CC(=O)Nc1ccc(Oc2nc(Nc3cc(C)[nH]n3)cc(N3CCN(C)CC3)n2)cc1,YXACXIGVXNTPOC-UHFFFAOYSA-N,5.508638306165727,False,c1ccc(Oc2nc(Nc3cc[nH]n3)cc(N3CCNCC3)n2)cc1
CHEMBL3798887,C=CC(=O)Nc1cccc(Oc2nc(Nc3ccc(N4CCN(C(=O)C(C)C)CC4)cc3OC)ncc2SC)c1,YXBJKXUKIDUKIH-UHFFFAOYSA-N,6.760450279159527,True,c1ccc(Oc2ccnc(Nc3ccc(N4CCNCC4)cc3)n2)cc1
CHEMBL280757,C=CC(=O)Nc1ccc2ncnc(Nc3ccc(F)c(Br)c3)c2c1,YXFCBQUDPXMRJR-UHFFFAOYSA-N,9.161150909262744,True,c1ccc(Nc2ncnc3ccccc23)cc1
CHEMBL1173192,NC(=S)N1N=C(c2ccc(Br)c(Br)c2)CC1c1ccc(O)cc1,YXHJKERWOOIPRU-UHFFFAOYSA-N,4.948076083953893,False,c1ccc(C2=NNC(c3ccccc3)C2)cc1
CHEMBL76751,c1csc(-c2cc3ncnc(Nc4ccc5[nH]ccc5c4)c3s2)c1,YXIIIHIHDBMOTL-UHFFFAOYSA-N,9.0,True,c1csc(-c2cc3ncnc(Nc4ccc5[nH]ccc5c4)c3s2)c1
CHEMBL2425086,COc1cc2ncnc(Nc3ccc(F)c(Cl)c3)c2cc1OCCCN1CCC2(COC2)C1,YXQNVWQALXLRKA-UHFFFAOYSA-N,7.823908740944319,True,c1ccc(Nc2ncnc3ccc(OCCCN4CCC5(COC5)C4)cc23)cc1
CHEMBL3092300,O=C(Nc1cc2c(Nc3ccc(F)c(Cl)c3)ncnc2cc1O[C@H]1CCOC1)N1CCC2(CC1)OCCO2,YXSUNYVQHKBPDQ-KRWDZBQOSA-N,5.7657358756212105,False,O=C(Nc1cc2c(Nc3ccccc3)ncnc2cc1O[C@H]1CCOC1)N1CCC2(CC1)OCCO2
CHEMBL3622643,CN(C)C/C=C/C(=O)Nc1cc2c(Nc3ccc(OCc4ccccn4)c(Cl)c3)ncnc2cc1O[C@H]1CCOC1,YXTYFTYDCQXMNE-HVPBSWBLSA-N,8.09151498112135,True,c1ccc(COc2ccc(Nc3ncnc4cc(O[C@H]5CCOC5)ccc34)cc2)nc1
CHEMBL1822064,COc1ccc(C2=NN(c3nc(-c4ccc(Cl)cc4)cs3)C(c3ccc(OC)cc3)C2)cc1,YXVBOGLUQYWVNZ-UHFFFAOYSA-N,5.202732459169283,False,c1ccc(C2=NN(c3nc(-c4ccccc4)cs3)C(c3ccccc3)C2)cc1
CHEMBL165508,Brc1cccc(Nc2ncnc3cnc(NCc4cccnc4)cc23)c1,YXYVEDNSDFQKHH-UHFFFAOYSA-N,8.823908740944319,True,c1ccc(Nc2ncnc3cnc(NCc4cccnc4)cc23)cc1
CHEMBL3092315,CN(C)CCN(C)C(=O)Nc1cc2c(Nc3ccc(F)c(Cl)c3)ncnc2cc1O[C@H]1CCOC1,YYHFEFKIJAZQPJ-INIZCTEOSA-N,6.55129368009492,True,c1ccc(Nc2ncnc3cc(O[C@H]4CCOC4)ccc23)cc1
CHEMBL1173248,CC(=O)N1N=C(c2ccc(Cl)c(Cl)c2)CC1c1ccc(Cl)cc1,YYMAYABEGTVMRS-UHFFFAOYSA-N,4.7920964696139485,False,c1ccc(C2=NNC(c3ccccc3)C2)cc1
CHEMBL424625,COc1cc(C=C(C#N)C(N)=O)cc(CSCCC(=O)O)c1O,YYMPEPWCZBKSOU-UHFFFAOYSA-N,3.903089986991944,False,c1ccccc1
CHEMBL3763796,COCCOc1cc2ncnc(Nc3ccc(NC(=O)C45CC6CC(CC(C6)C4)C5)c(C#N)c3)c2cc1OCCOC,YYNURGNEOVXFOP-UHFFFAOYSA-N,7.982966660701219,True,O=C(Nc1ccc(Nc2ncnc3ccccc23)cc1)C12CC3CC(CC(C3)C1)C2
CHEMBL2324872,COc1ccc(C2=NN(C(N)=S)C(c3ccc4ccccc4c3)C2)cc1,YYRLRYVLVLGRLU-UHFFFAOYSA-N,5.982966660701219,False,c1ccc(C2=NNC(c3ccc4ccccc4c3)C2)cc1
CHEMBL4067916,CCC(=O)N1CC[C@H](N2C(=O)N(c3cccc(OC(F)F)c3)Cc3cnc(Nc4ccc(N5CCN(C)CC5)c(C)c4)nc32)C1,YZBAHRMGWPUUEC-VWLOTQADSA-N,6.590066876668706,True,O=C1N(c2ccccc2)Cc2cnc(Nc3ccc(N4CCNCC4)cc3)nc2N1[C@H]1CCNC1
CHEMBL3234864,Cc1ncc([N+](=O)[O-])n1CC(=O)N/N=C/c1cc2ccccc2nc1Oc1ccccc1,YZFFSSSXLLCPIH-WYMPLXKRSA-N,4.985059650207064,False,O=C(Cn1ccnc1)N/N=C/c1cc2ccccc2nc1Oc1ccccc1
CHEMBL345203,CNC(=O)CCc1c(SSc2[nH]c3ccccc3c2CCC(=O)NC)[nH]c2ccccc12,YZHVMIJXSAQUTB-UHFFFAOYSA-N,5.026872146400301,False,c1ccc2[nH]c(SSc3cc4ccccc4[nH]3)cc2c1
CHEMBL169519,COc1cccc(-c2cn(C3CCNC3)c3ncnc(N)c23)c1,YZMSNPZCAJEYHF-UHFFFAOYSA-N,5.950781977329818,False,c1ccc(-c2cn(C3CCNC3)c3ncncc23)cc1
CHEMBL310798,N#CC(C#N)=Cc1cc(O)c(O)c(O)c1,YZOFLYUAQDJWKV-UHFFFAOYSA-N,5.522878745280337,False,c1ccccc1
CHEMBL247100,Cc1ccn2ncnc(Nc3ccc4[nH]ncc4c3)c12,YZSXZMHGIYILFK-UHFFFAOYSA-N,6.6777807052660805,True,c1cc2c(Nc3ccc4[nH]ncc4c3)ncnn2c1
CHEMBL1821863,Cc1ccc(C2=NN(c3nc(-c4ccccc4)cs3)C(c3ccc(Cl)cc3)C2)cc1C,YZVSCCMTUKESSP-UHFFFAOYSA-N,5.627087997029893,False,c1ccc(C2=NN(c3nc(-c4ccccc4)cs3)C(c3ccccc3)C2)cc1
CHEMBL597551,COc1cc2ncnc(Nc3ccc(F)c(Cl)c3)c2cc1OCCC(O)=NO,ZAFWWWJOUAFSJP-UHFFFAOYSA-N,8.148741651280925,True,c1ccc(Nc2ncnc3ccccc23)cc1
CHEMBL2138625,C=CC(=O)Nc1cc2c(Nc3ccc(F)c(Cl)c3)ncnc2cc1C#CC(C)(C)N1CCN(C)CC1,ZAJXXUDARPGGOC-UHFFFAOYSA-N,8.853871964321762,True,C(#Cc1ccc2c(Nc3ccccc3)ncnc2c1)CN1CCNCC1
CHEMBL105053,C[C@@H](Nc1ncnc2[nH]c(-c3ccccc3)cc12)c1ccccc1,ZAKMPELDDUIRHT-CQSZACIVSA-N,8.481486060122112,True,c1ccc(CNc2ncnc3[nH]c(-c4ccccc4)cc23)cc1
CHEMBL54471,Cc1ccc(C(=O)C(C#N)=Cc2ccc(O)c(O)c2)cc1,ZALNJTCOAIAQFA-UHFFFAOYSA-N,6.055517327849831,False,O=C(C=Cc1ccccc1)c1ccccc1
CHEMBL4104717,CCC(=O)N1CC[C@H](N2C(=O)N(c3cc(OC)ccc3F)Cc3cnc(Nc4ccc(N5CCC6(CCN(C)CC6)CC5)c(C)c4)nc32)C1,ZAUHBLDNEWOLFI-NDEPHWFRSA-N,6.648783654660658,True,O=C1N(c2ccccc2)Cc2cnc(Nc3ccc(N4CCC5(CCNCC5)CC4)cc3)nc2N1[C@H]1CCNC1
CHEMBL2221249,CCC(C)CCCCC(=O)NC(CCN)C(=O)N[C@@H](CNC(CCN)C(=O)NC1CCNC(=O)C([C@@H](C)O)NC(=O)C(CCN)NC(=O)C(CCN)NC(=O)C(CC(C)C)NC(=O)C(CC(C)C)NC(=O)C(CCN)NC1=O)[C@@H](C)O,ZAVVEJFNDKHVPT-UIPZBHLBSA-N,5.823908740944319,False,O=C1CCCNC(=O)CNC(=O)CNC(=O)CNC(=O)CNC(=O)CNC(=O)CN1
CHEMBL3612562,C#Cc1cccc(Nc2ncnc3cc4oc(=O)n(CCOC)c4cc23)c1,ZAZDEVMBVNUXHY-UHFFFAOYSA-N,6.721246399047171,True,O=c1[nH]c2cc3c(Nc4ccccc4)ncnc3cc2o1
CHEMBL3894938,C=CC(=O)NCCn1nc(-c2ccc(Oc3ccccc3)cc2)c2c(N)ncnc21,ZAZQUFKQXMNBTJ-UHFFFAOYSA-N,7.151872489432125,True,c1ccc(Oc2ccc(-c3n[nH]c4ncncc34)cc2)cc1
CHEMBL3663933,C=CC(=O)N1CCC(c2nc(Nc3ccc(N4CCC(N5CCN(C)CC5)CC4)cc3)c(C(N)=O)nc2CC)CC1,ZBFUCVHDBVLZOQ-UHFFFAOYSA-N,8.886056647693163,True,c1cc(N2CCC(N3CCNCC3)CC2)ccc1Nc1cncc(C2CCNCC2)n1
CHEMBL3786523,C=CC(=O)N1C[C@H](COC)[C@@H](COc2nc(Nc3cnn(C)c3)nc3[nH]cc(Cl)c23)C1,ZBGGBRQHYYAQQU-CHWSQXEVSA-N,8.096910013008056,True,c1cc2c(OC[C@@H]3CCNC3)nc(Nc3cn[nH]c3)nc2[nH]1
CHEMBL594810,COc1ccccc1C(=Cc1coc2nc(N)nc(N)c12)C(C)C,ZBHMLBFDTQKTKI-UHFFFAOYSA-N,3.9531148091622894,False,C(=Cc1coc2ncncc12)c1ccccc1
CHEMBL4061283,CC[C@H](C)C(NC(=O)OC(C)(C)C)C(=O)Nc1ccc2ncnc(Nc3cccc(Br)c3)c2c1,ZBJCQISQYNHOME-ZDGMYTEDSA-N,7.255707016877324,True,c1ccc(Nc2ncnc3ccccc23)cc1
CHEMBL3928512,C[C@@H](Nc1ncnc2oc(-c3ccccc3O)cc12)c1ccccc1,ZBKBRUQITARHSR-CYBMUJFWSA-N,8.698970004336019,True,c1ccc(CNc2ncnc3oc(-c4ccccc4)cc23)cc1
CHEMBL3951099,COc1cc2c(Nc3ccc(Cl)c(Cl)c3)ncnc2cc1OCc1nc(-c2ccc(C(C)(C)C)cc2)no1,ZBNFVHQEUFIFJM-UHFFFAOYSA-N,7.301029995663981,True,c1ccc(Nc2ncnc3cc(OCc4nc(-c5ccccc5)no4)ccc23)cc1
CHEMBL1421,Cc1nc(Nc2ncc(C(=O)Nc3c(C)cccc3Cl)s2)cc(N2CCN(CCO)CC2)n1,ZBNZXTGUTAYRHI-UHFFFAOYSA-N,6.7447274948966935,True,O=C(Nc1ccccc1)c1cnc(Nc2cc(N3CCNCC3)ncn2)s1
CHEMBL3676371,C=CC(=O)Nc1cc2c(Nc3ccc(Br)c(Cl)c3F)ncnc2cc1OCCNC(=O)CN(CC)CC,ZBOCBASKJOBZTN-UHFFFAOYSA-N,7.236572006437063,True,c1ccc(Nc2ncnc3ccccc23)cc1
CHEMBL418967,CCCOc1cc2ncnc(Nc3cccc(Br)c3)c2cc1OCCC,ZBOJKFDQWQBBHE-UHFFFAOYSA-N,9.769551078621726,True,c1ccc(Nc2ncnc3ccccc23)cc1
CHEMBL1241484,CC(C)n1nc(-c2ccc(Cl)c(O)c2)c2c(N)ncnc21,ZBTLTVIYBHYEHL-UHFFFAOYSA-N,6.801342913045577,True,c1ccc(-c2n[nH]c3ncncc23)cc1
CHEMBL3133758,CCN(CCO)CCCOc1ccc2c(Nc3cccc(NC(=O)Nc4ccc(F)c(Cl)c4)c3)ncnc2c1,ZBXDUDJPTQSVHR-UHFFFAOYSA-N,6.782516055786093,True,O=C(Nc1ccccc1)Nc1cccc(Nc2ncnc3ccccc23)c1
CHEMBL2031300,CN1CCN(CCC(=O)Nc2ccc3ncnc(Nc4cccc(Br)c4)c3c2)CC1,ZCAVBCPDPBXUJS-UHFFFAOYSA-N,9.638272163982409,True,O=C(CCN1CCNCC1)Nc1ccc2ncnc(Nc3ccccc3)c2c1
CHEMBL3763701,COc1cc2ncnc(Nc3cc(C(=O)NC45CC6CC(CC(C6)C4)C5)ccc3C)c2cc1OCCCN1CCOCC1,ZCCCRESXCWSEMU-UHFFFAOYSA-N,7.485452247339714,True,O=C(NC12CC3CC(CC(C3)C1)C2)c1cccc(Nc2ncnc3ccc(OCCCN4CCOCC4)cc23)c1
CHEMBL3633145,C=CC(=O)Nc1cccc(-n2c(=O)c(Cc3ccccc3)cc3cnc(Nc4ccc(N5CCN(C)CC5)cc4OC)nc32)c1,ZCFJOAWRVZWXRN-UHFFFAOYSA-N,9.30102999566398,True,O=c1c(Cc2ccccc2)cc2cnc(Nc3ccc(N4CCNCC4)cc3)nc2n1-c1ccccc1
CHEMBL94061,CN(C)C/C=C/C(=O)Nc1ccc2ncnc(Nc3cccc(Br)c3)c2c1,ZCIXBBSRVLSRJQ-QPJJXVBHSA-N,7.958607314841775,True,c1ccc(Nc2ncnc3ccccc23)cc1
CHEMBL3221547,CCCOc1cc2ncnc(Nc3ccc(NC(=O)OCC)c(Cl)c3)c2cc1OC,ZCJPRJCQXQTNNU-UHFFFAOYSA-N,5.259637310505756,False,c1ccc(Nc2ncnc3ccccc23)cc1
CHEMBL208144,CN(CCCl)C(=O)Nc1ccc2ncnc(Nc3cccc(Cl)c3)c2c1,ZCKFRMIUXBQEAX-UHFFFAOYSA-N,7.091514981121351,True,c1ccc(Nc2ncnc3ccccc23)cc1
CHEMBL370934,CCOC(=O)c1cn2ncnc(Nc3cccc(Br)c3)c2c1CC,ZCKGARDCKJFLRH-UHFFFAOYSA-N,7.221848749616356,True,c1ccc(Nc2ncnn3cccc23)cc1
CHEMBL538757,COC(=O)c1ccccc1SCC(CN(C)C)C(=O)c1ccc(OCc2ccccc2)cc1,ZCKJJEAXMUMRLO-UHFFFAOYSA-N,5.055517327849831,False,O=C(CCSc1ccccc1)c1ccc(OCc2ccccc2)cc1
CHEMBL3234746,Cc1ccc(C(=O)Nc2ccc(CN3CCN(C)CC3)c(C(F)(F)F)c2)cc1NC(=O)c1cnc(NC(C)C)nc1,ZCMYRJKAOMVSNJ-UHFFFAOYSA-N,7.366531544420413,True,O=C(Nc1cccc(C(=O)Nc2ccc(CN3CCNCC3)cc2)c1)c1cncnc1
CHEMBL3941175,CCC(=O)Nc1cc2c(Nc3ccc(NS(=O)(=O)c4ccccc4)c(F)c3)ncnc2cc1OC,ZCNCSRRXBRIFQF-UHFFFAOYSA-N,6.226945306635738,False,O=S(=O)(Nc1ccc(Nc2ncnc3ccccc23)cc1)c1ccccc1
CHEMBL4102577,CCC(=O)Nc1cccc(Nc2cc(-c3[nH]c(SC)nc3-c3ccc(F)cc3)ccn2)c1,ZCPICLJEDXVPBB-UHFFFAOYSA-N,8.167491087293763,True,c1ccc(Nc2cc(-c3[nH]cnc3-c3ccccc3)ccn2)cc1
CHEMBL1094475,C#Cc1cccc(Nc2nc(N)nc3[nH]c(Cc4ccc(Cl)cc4Cl)cc23)c1,ZCRINIKANCTMRT-UHFFFAOYSA-N,4.2580609222708015,False,c1ccc(Cc2cc3c(Nc4ccccc4)ncnc3[nH]2)cc1
CHEMBL231875,Fc1cccc(Cn2ncc3cc(Nc4ncnn5ccc(CN6CCNCC6)c45)ccc32)c1,ZCTRJOQXUHMAGQ-UHFFFAOYSA-N,7.045757490560675,True,c1ccc(Cn2ncc3cc(Nc4ncnn5ccc(CN6CCNCC6)c45)ccc32)cc1
CHEMBL499344,Nc1nc(Nc2cccc(Br)c2)c2cc(Cc3ccccc3)[nH]c2n1,ZCULMARKDXJUJE-UHFFFAOYSA-N,5.777283528852417,False,c1ccc(Cc2cc3c(Nc4ccccc4)ncnc3[nH]2)cc1
CHEMBL4082515,C=CC(=O)Nc1cccc(-n2c(=O)cc(C)c3cnc(Nc4cnn(CCN(C)C)c4)nc32)c1,ZCUOPDOXBDYBJA-UHFFFAOYSA-N,8.3767507096021,True,O=c1ccc2cnc(Nc3cn[nH]c3)nc2n1-c1ccccc1
CHEMBL4073278,C=CC(=O)Nc1cccc(Nc2nc(Nc3ccc(C=Cc4cc(C)cc(C)c4)cc3)ncc2Cl)c1,ZCVWBIWXBYCFRU-UHFFFAOYSA-N,7.576754126063192,True,C(=Cc1ccc(Nc2nccc(Nc3ccccc3)n2)cc1)c1ccccc1
CHEMBL360190,O=C1N/C=C/c2ccc(c(Br)c2)Oc2cc(cc(Br)c2O)CCNC(=O)C(=NO)Cc2ccc(c(Br)c2)Oc2cc(cc(Br)c2O)CC1=NO,ZDBNBLMYAGHTJD-FFTQUWOASA-N,5.823908740944319,False,N=C1Cc2cccc(c2)Oc2ccc(cc2)CC(=N)C(=O)NCCc2cccc(c2)Oc2ccc(cc2)/C=C/NC1=O
CHEMBL3416593,COc1ccccc1-c1cc2c(N[C@@H](CO)c3ccccc3)ncnc2s1,ZDHNGLCAMDHDDN-KRWDZBQOSA-N,6.201349354554731,False,c1ccc(CNc2ncnc3sc(-c4ccccc4)cc23)cc1
CHEMBL3416592,COc1ccccc1-c1cc2c(N[C@H](CO)c3ccccc3)ncnc2s1,ZDHNGLCAMDHDDN-QGZVFWFLSA-N,9.0,True,c1ccc(CNc2ncnc3sc(-c4ccccc4)cc23)cc1
CHEMBL3416594,COc1ccccc1-c1cc2c(NC(CO)c3ccccc3)ncnc2s1,ZDHNGLCAMDHDDN-UHFFFAOYSA-N,8.096910013008056,True,c1ccc(CNc2ncnc3sc(-c4ccccc4)cc23)cc1
CHEMBL121190,Nc1ncnc2[nH]nc(Nc3cccc(Cl)c3)c12,ZDNMTYMNWKRHQA-UHFFFAOYSA-N,6.795880017344075,True,c1ccc(Nc2n[nH]c3ncncc23)cc1
CHEMBL3917105,ON=C(O)CCCCCN1CCN(Cc2ccc(-c3cc4c(NCc5ccccc5)ncnc4[nH]3)cc2)CC1,ZDOXGAYQHPLSBX-UHFFFAOYSA-N,7.0,True,c1ccc(CNc2ncnc3[nH]c(-c4ccc(CN5CCNCC5)cc4)cc23)cc1
CHEMBL3357636,COc1cc2ncnc(Nc3ccc(F)c(Cl)c3)c2cc1NC(=O)/C(F)=C\CN1CCCCC1,ZDRUKZASWZMRRR-FBCYGCLPSA-N,9.173925197299171,True,O=C(/C=C\CN1CCCCC1)Nc1ccc2ncnc(Nc3ccccc3)c2c1
CHEMBL3357635,COc1cc2ncnc(Nc3ccc(F)c(Cl)c3)c2cc1NC(=O)/C(F)=C/CN1CCCCC1,ZDRUKZASWZMRRR-GXHLCREISA-N,7.838631997765026,True,O=C(/C=C/CN1CCCCC1)Nc1ccc2ncnc(Nc3ccccc3)c2c1
CHEMBL266995,O=c1c(-c2cccc(Cl)c2)c[nH]c2cc(O)cc(O)c12,ZDTZOBIXVNHHCR-UHFFFAOYSA-N,8.096910013008056,True,O=c1c(-c2ccccc2)c[nH]c2ccccc12
CHEMBL104153,COc1ccc(Nc2ncc3cc(-c4c(Cl)cccc4Cl)c(=O)n(C)c3n2)cc1,ZDVPZVBAWYNOOH-UHFFFAOYSA-N,6.657577319177793,True,O=c1[nH]c2nc(Nc3ccccc3)ncc2cc1-c1ccccc1
CHEMBL1945450,Cc1ccc(S(=O)(=O)NC(=O)c2cccnc2Cl)cc1,ZDXJEAOWBMHNTI-UHFFFAOYSA-N,4.567832730557412,False,O=C(NS(=O)(=O)c1ccccc1)c1cccnc1
CHEMBL2337372,COc1cccc(Nc2nc(NC(=O)C(C)(C)C)nc3[nH]c4cccc(Cl)c4c23)c1,ZEDKJXMVVWZHSC-UHFFFAOYSA-N,3.884389488325701,False,c1ccc(Nc2ncnc3[nH]c4ccccc4c23)cc1
CHEMBL3774396,C#Cc1cccc(Nc2ncnc3cc4c(cc23)N(CCCN2CCCCC2)C(=O)CO4)c1,ZEEDSYVPZWMHPQ-UHFFFAOYSA-N,6.674895017028593,True,O=C1COc2cc3ncnc(Nc4ccccc4)c3cc2N1CCCN1CCCCC1
CHEMBL421877,COc1cc(C=C(C#N)C#N)cc(OC)c1O,ZEGOLZJKCSVYBM-UHFFFAOYSA-N,3.070581074285707,False,c1ccccc1
CHEMBL3676394,C=CC(=O)Nc1cc2c(Nc3ccc(Br)cc3F)ncnc2cc1OCC(NC(=O)CN(C)C)C(C)C,ZEIPSBCNYPQWSX-UHFFFAOYSA-N,6.826813731587726,True,c1ccc(Nc2ncnc3ccccc23)cc1
CHEMBL3087195,C=CC(=O)N1CC[C@H](N2C(=O)N(c3ccccc3)Cc3cnc(Nc4cccc(N5CCN(C)CC5)c4)nc32)C1,ZERRYWSZOPNVOR-SANMLTNESA-N,7.009217308196862,True,O=C1N(c2ccccc2)Cc2cnc(Nc3cccc(N4CCNCC4)c3)nc2N1[C@H]1CCNC1
CHEMBL2335014,Nc1nc(Nc2ccc(F)c(C(F)(F)F)c2)c2cc(CCc3ccccn3)[nH]c2n1,ZESCQBMJGMJQDV-UHFFFAOYSA-N,4.806875401645539,False,c1ccc(Nc2ncnc3[nH]c(CCc4ccccn4)cc23)cc1
CHEMBL26641,COc1cc2c(Nc3ccc(Br)cc3F)ncnc2cc1OCCC1CCNCC1,ZESRALQQFCOMOY-UHFFFAOYSA-N,6.698970004336019,True,c1ccc(Nc2ncnc3cc(OCCC4CCNCC4)ccc23)cc1
CHEMBL594228,COc1cc2c(Nc3ccc(-c4nc5ccccc5s4)cc3F)ncnc2cc1OCCCN1CCN(C)CC1,ZEXJBANGHOAHDZ-UHFFFAOYSA-N,6.094204119632131,False,c1ccc2sc(-c3ccc(Nc4ncnc5cc(OCCCN6CCNCC6)ccc45)cc3)nc2c1
CHEMBL304271,C=c1cc(C(=O)NCC(O)CN(CC)CC)[nH]c1=Cc1c(O)[nH]c2ncnc(Nc3ccc(F)c(Cl)c3)c12,ZEXVIFSUAXRZBO-UHFFFAOYSA-N,9.346787486224656,True,C=c1cc[nH]c1=Cc1c[nH]c2ncnc(Nc3ccccc3)c12
CHEMBL3921017,C=CC(=O)N(C)CCn1nc(-c2ccc(Oc3ccccc3)cc2)c2c(N)ncnc21,ZFHREWWRBHSDLZ-UHFFFAOYSA-N,7.549442990581671,True,c1ccc(Oc2ccc(-c3n[nH]c4ncncc34)cc2)cc1
CHEMBL4282523,C=C=CC(=O)Nc1cc(Nc2nccc(-c3cn(C)c4ccccc34)n2)ccc1N(C)CCN(C)C,ZFILGZHDVYOEJM-UHFFFAOYSA-N,7.642065152999546,True,c1ccc(Nc2nccc(-c3c[nH]c4ccccc34)n2)cc1
CHEMBL488646,COc1cc(C2=C(c3cn(COC(C)(C)C)c4ccccc34)CNC2=O)cc(OC)c1OC,ZFKGDYZACMFEDS-UHFFFAOYSA-N,5.045757490560675,False,O=C1NCC(c2c[nH]c3ccccc23)=C1c1ccccc1
CHEMBL482489,Nc1nc(Nc2cccc(Br)c2)c2cc(CCc3ccccc3Cl)[nH]c2n1,ZFOINLDOMHQFOQ-UHFFFAOYSA-N,5.468521082957745,False,c1ccc(CCc2cc3c(Nc4ccccc4)ncnc3[nH]2)cc1
CHEMBL2048798,OCCn1ccc2ncnc(Nc3ccc(Oc4cccc5sccc45)c(Cl)c3)c21,ZFRQPCBLXWLNAT-UHFFFAOYSA-N,8.05551732784983,True,c1cc(Oc2ccc(Nc3ncnc4cc[nH]c34)cc2)c2ccsc2c1
CHEMBL1828876,Cc1ccc(S(=O)(=O)NC(=O)Cc2ccc(Br)cc2)cc1,ZFSARQGLTKFTDV-UHFFFAOYSA-N,4.736363931411892,False,O=C(Cc1ccccc1)NS(=O)(=O)c1ccccc1
CHEMBL3805849,Clc1ccc(C2CC(c3ccc4c(c3)OCCO4)=NN2c2ccccc2)cc1Cl,ZFSSLVSOUXEYKV-UHFFFAOYSA-N,3.7166987712964503,False,c1ccc(C2CC(c3ccc4c(c3)OCCO4)=NN2c2ccccc2)cc1
CHEMBL2325098,Brc1ccc(C2=NN(c3ccccc3)C(c3ccc4ccccc4c3)C2)cc1,ZFTKFOAKOQEOAJ-UHFFFAOYSA-N,6.1487416512809245,False,c1ccc(C2=NN(c3ccccc3)C(c3ccc4ccccc4c3)C2)cc1
CHEMBL1202061,CCOC(=O)C(=O)Oc1ccc(-c2c(C(=O)OCC)oc3cc(O)cc(O)c3c2=O)cc1,ZFVANSRVZVDYRK-UHFFFAOYSA-N,6.0,False,O=c1c(-c2ccccc2)coc2ccccc12
CHEMBL3355885,COc1cc2ncnc(Nc3ccc(OCc4cccc(F)c4)c(Cl)c3)c2cc1OCCCCCn1ccnc1[N+](=O)[O-],ZFXYTVIPXWJZDW-UHFFFAOYSA-N,7.290730039024169,True,c1ccc(COc2ccc(Nc3ncnc4ccc(OCCCCCn5ccnc5)cc34)cc2)cc1
CHEMBL1241949,CC(C)n1nc(-c2ccc3nc(N)ccc3c2)c2c(N)ncnc21,ZGBQFYGLPMXTSZ-UHFFFAOYSA-N,4.920818753952375,False,c1cnc2ccc(-c3n[nH]c4ncncc34)cc2c1
CHEMBL39811,CN(C)CCN(C)Cc1c[nH]c2cc3ncnc(Nc4cccc(Br)c4)c3cc12,ZGDBKHJMLZCBJH-UHFFFAOYSA-N,8.1249387366083,True,c1ccc(Nc2ncnc3cc4[nH]ccc4cc23)cc1
CHEMBL4061473,C=CC(=O)N1CCC[C@@H]1CSc1nc(-c2ccc(F)cc2)c(-c2ccnc(Nc3ccccc3)c2)[nH]1,ZGERREVYHVAWKQ-HSZRJFAPSA-N,7.119186407719209,True,c1ccc(Nc2cc(-c3[nH]c(SC[C@H]4CCCN4)nc3-c3ccccc3)ccn2)cc1
CHEMBL4070707,C=CC(=O)N1CCC[C@H]1CSc1nc(-c2ccc(F)cc2)c(-c2ccnc(Nc3ccccc3)c2)[nH]1,ZGERREVYHVAWKQ-QHCPKHFHSA-N,7.180456064458131,True,c1ccc(Nc2cc(-c3[nH]c(SC[C@@H]4CCCN4)nc3-c3ccccc3)ccn2)cc1
CHEMBL153409,Brc1cccc(Nc2ncnc3c2sc2ncccc23)c1,ZGFNQDIBQOZEFU-UHFFFAOYSA-N,6.135488918941608,False,c1ccc(Nc2ncnc3c2sc2ncccc23)cc1
CHEMBL1241390,CC(C)n1nc(-c2cccnc2)c2c(N)ncnc21,ZGFXAJBFDCMHTM-UHFFFAOYSA-N,4.0,False,c1cncc(-c2n[nH]c3ncncc23)c1
CHEMBL77030,N#CC(=Cc1ccc(O)c(O)c1)C(N)=S,ZGHQGWOETPXKLY-UHFFFAOYSA-N,5.619788758288394,False,c1ccccc1
CHEMBL4130016,C=CC(=O)Nc1cccc(-n2c(=O)n(CCCc3ccccc3)c(=O)c3cnc(Nc4ccc(N5CCC(N(C)C)CC5)cc4OC)nc32)c1,ZGLKRNQYRQCDLQ-UHFFFAOYSA-N,8.853871964321762,True,O=c1c2cnc(Nc3ccc(N4CCCCC4)cc3)nc2n(-c2ccccc2)c(=O)n1CCCc1ccccc1
CHEMBL604893,COc1cc2ncnc(Nc3ccc(-c4nc5ccccc5s4)c(Cl)c3)c2cc1OCCCN1CCN(C)CC1,ZGTHJDQZGGIPLL-UHFFFAOYSA-N,7.356547323513812,True,c1ccc2sc(-c3ccc(Nc4ncnc5ccc(OCCCN6CCNCC6)cc45)cc3)nc2c1
CHEMBL248674,COc1cc2ncnc(Nc3cccc(C#CCCO)c3)c2cc1OC,ZGYIOLOGUKKRQX-UHFFFAOYSA-N,6.395665926897089,True,c1ccc(Nc2ncnc3ccccc23)cc1
CHEMBL461311,Nc1ncnc(Nc2ccc(OCc3ccccc3)c(Cl)c2)c1C=O,ZHAHSGZKQQBJOB-UHFFFAOYSA-N,7.119186407719209,True,c1ccc(COc2ccc(Nc3ccncn3)cc2)cc1
CHEMBL1241487,Nc1ccc(-c2nn(C3CCCC3)c3ncnc(N)c23)cc1O,ZHBTZVAVYLOIKW-UHFFFAOYSA-N,7.481486060122112,True,c1ccc(-c2nn(C3CCCC3)c3ncncc23)cc1
CHEMBL251124,CCOc1cc2ncnc(C#Cc3[nH]ccc3-c3ccccc3)c2cc1OCC,ZHIZSMKXLCRVFN-UHFFFAOYSA-N,8.0,True,C(#Cc1ncnc2ccccc12)c1[nH]ccc1-c1ccccc1
CHEMBL2426286,C=CC(=O)Nc1ccc(OC)c(Nc2ncc(Cl)c(-c3cnn4ccccc34)n2)c1,ZHNZZAFDNOFVRY-UHFFFAOYSA-N,4.892790030352131,False,c1ccc(Nc2nccc(-c3cnn4ccccc34)n2)cc1
CHEMBL67535,N#CC(=Cc1ccc(O)c(O)c1)C(=O)NCCCNC(=O)C(C#N)=Cc1ccc(O)c(O)c1,ZHOKHSGWBNPFQU-UHFFFAOYSA-N,6.3979400086720375,True,O=C(C=Cc1ccccc1)NCCCNC(=O)C=Cc1ccccc1
CHEMBL1173250,NC(=S)N1N=C(c2ccc(Br)c(Br)c2)CC1c1ccccc1Br,ZHTUALQWFKSYPM-UHFFFAOYSA-N,4.959793372425289,False,c1ccc(C2=NNC(c3ccccc3)C2)cc1
CHEMBL1958217,COc1ccc(C2CC(c3ccc(C)cc3)=NN2c2nc(O)cs2)cc1,ZIADXVILFQFNRQ-UHFFFAOYSA-N,5.372634143407268,False,c1ccc(C2=NN(c3nccs3)C(c3ccccc3)C2)cc1
CHEMBL3087198,C=CC(=O)N1CC[C@H](N2C(=O)N(c3ccccc3)Cc3cnc(Nc4ccc(N5CCN(C)CC5)cc4OC)nc32)C1,ZIETVRSYZYJSDW-VWLOTQADSA-N,7.818156412055227,True,O=C1N(c2ccccc2)Cc2cnc(Nc3ccc(N4CCNCC4)cc3)nc2N1[C@H]1CCNC1
CHEMBL4128415,C=CC(=O)Nc1cccc(-n2c(=O)n(Cc3ccccc3)c(=O)c3cnc(Nc4ccc(N5CCC(N(C)C)CC5)cc4OC)nc32)c1,ZIMAXJVJGIDWAX-UHFFFAOYSA-N,8.721246399047171,True,O=c1c2cnc(Nc3ccc(N4CCCCC4)cc3)nc2n(-c2ccccc2)c(=O)n1Cc1ccccc1
CHEMBL327127,Cn1c(=O)c(-c2c(Cl)cccc2Cl)cc2cnc(Nc3cccc(CO)c3)nc21,ZIQFYVPVJZEOFS-UHFFFAOYSA-N,7.045757490560675,True,O=c1[nH]c2nc(Nc3ccccc3)ncc2cc1-c1ccccc1
CHEMBL3699600,C=CC(=O)Nc1cccc(Oc2nc(Nc3ccc(N4CCN(C(=O)C(F)(F)F)CC4)cc3OC)ncc2Cl)c1,ZISHQPULHRIZOI-UHFFFAOYSA-N,7.187086643357144,True,c1ccc(Oc2ccnc(Nc3ccc(N4CCNCC4)cc3)n2)cc1
CHEMBL8223,CCN(CC)c1ccc(Nc2cc3c(cc2Nc2ccc(N(CC)CC)cc2)C(=O)NC3=O)cc1,ZIUKVZLABPRJTA-UHFFFAOYSA-N,4.301029995663981,False,O=C1NC(=O)c2cc(Nc3ccccc3)c(Nc3ccccc3)cc21
CHEMBL2070201,Clc1cccc(Nc2ncnc3ccc(NCc4ccc5c(c4)OCCCCO5)cc23)c1,ZIWYLPCGKQEKRU-UHFFFAOYSA-N,6.036212172654444,False,c1ccc(Nc2ncnc3ccc(NCc4ccc5c(c4)OCCCCO5)cc23)cc1
CHEMBL391738,COc1cc(Nc2c(C#N)cnc3cc(C#CCCN4CCN(C)CC4)c(OC)cc23)c(Cl)cc1Cl,ZJDFSJYCAFMEGH-UHFFFAOYSA-N,6.142667503568731,False,C(#Cc1ccc2c(Nc3ccccc3)ccnc2c1)CCN1CCNCC1
CHEMBL1684800,COc1ccc(Cn2ncc(NC(=O)c3cc(NC(=O)Nc4ccc(Cl)c(C(F)(F)F)c4)ccc3C)c2N)cc1,ZJDFSKSBQBPOSK-UHFFFAOYSA-N,6.993962045002682,True,O=C(Nc1ccccc1)Nc1cccc(C(=O)Nc2cnn(Cc3ccccc3)c2)c1
CHEMBL592004,Oc1ccc(CN(Cc2cc(Br)cc(Br)c2O)C(=S)Nc2ccccc2)cc1,ZJEZFXHLOYIZAT-UHFFFAOYSA-N,6.060480747381382,False,S=C(Nc1ccccc1)N(Cc1ccccc1)Cc1ccccc1
CHEMBL358746,N#CC(=Cc1cc(O)c(O)c(O)c1)C(=O)NCCCCNC(=O)C(C#N)=Cc1cc(O)c(O)c(O)c1,ZJGWOFFIHTYMCZ-UHFFFAOYSA-N,6.221848749616356,False,O=C(C=Cc1ccccc1)NCCCCNC(=O)C=Cc1ccccc1
CHEMBL1928712,Brc1ccc(CNc2ccc3ncnc(Nc4cccc(Br)c4)c3c2)cc1,ZJGZDOJZAMDDRS-UHFFFAOYSA-N,5.504455662453552,False,c1ccc(CNc2ccc3ncnc(Nc4ccccc4)c3c2)cc1
CHEMBL382041,COCCOc1cc(OC2CCOCC2)c2c(Nc3ccc(F)c(Cl)c3)ncnc2c1,ZJHGIJPRXGNXSH-UHFFFAOYSA-N,6.173277479831008,False,c1ccc(Nc2ncnc3cccc(OC4CCOCC4)c23)cc1
CHEMBL3775536,O=C1COc2cc3ncnc(Nc4cccc(Cl)c4)c3cc2N1CCCN1CCCCC1,ZJKRPPLQETVFOI-UHFFFAOYSA-N,6.935916564036404,True,O=C1COc2cc3ncnc(Nc4ccccc4)c3cc2N1CCCN1CCCCC1
CHEMBL3938494,COc1cc2c(Nc3ccc(NC(=O)Nc4ccccc4C)c(Cl)c3)ncnc2cc1OCCCN1CCN(C)CC1,ZJRGJJLIBUMGRV-UHFFFAOYSA-N,7.823908740944319,True,O=C(Nc1ccccc1)Nc1ccc(Nc2ncnc3cc(OCCCN4CCNCC4)ccc23)cc1
CHEMBL3786802,C=CC(=O)N1C[C@H](COc2nc(Nc3cnn(C)c3)nc3[nH]cc(Cl)c23)[C@@H](C(F)(F)F)C1,ZJWIQVGGKBBVCV-PWSUYJOCSA-N,8.096910013008056,True,c1cc2c(OC[C@@H]3CCNC3)nc(Nc3cn[nH]c3)nc2[nH]1
CHEMBL4096014,CCC(=O)N1CC[C@H](N2C(=O)N(c3cc(OC)ccc3F)Cc3cnc(Nc4ccc(N5CCN(C)CC5)c(CC)c4)nc32)C1,ZKBLPJNOVMNTPS-VWLOTQADSA-N,6.285670240254767,False,O=C1N(c2ccccc2)Cc2cnc(Nc3ccc(N4CCNCC4)cc3)nc2N1[C@H]1CCNC1
CHEMBL487254,N=C(Nc1ccccc1)SCCCN1C(=O)C2=C(C1=O)n1ccc3cccc(c31)C1Cc3ccccc3N21,ZKGCHTUYVMLBSI-UHFFFAOYSA-N,5.022276394711152,False,N=C(Nc1ccccc1)SCCCN1C(=O)C2=C(C1=O)n1ccc3cccc(c31)C1Cc3ccccc3N21
CHEMBL379601,COc1cc2ncnc(Nc3cccc(Cl)c3F)c2cc1CN(C)CC(N)=O,ZKIVCEBHTQSSGM-UHFFFAOYSA-N,7.698970004336019,True,c1ccc(Nc2ncnc3ccccc23)cc1
CHEMBL329672,Clc1cccc(Nc2ncnc3ccccc23)c1,ZKKVUIPXPPDIRD-UHFFFAOYSA-N,7.469651079823194,True,c1ccc(Nc2ncnc3ccccc23)cc1
CHEMBL163168,O=C(O)CCNc1cc2c(Nc3cccc(Br)c3)ncnc2cn1,ZKLMDMQVDFQTDL-UHFFFAOYSA-N,7.568636235841012,True,c1ccc(Nc2ncnc3cnccc23)cc1
CHEMBL473438,CCNCc1ccc(-c2cc3ncnc(Nc4ccc(OCc5cccc(F)c5)c(Cl)c4)c3s2)[nH]1,ZKRKJAPDCNQMCJ-UHFFFAOYSA-N,8.221848749616356,True,c1ccc(COc2ccc(Nc3ncnc4cc(-c5ccc[nH]5)sc34)cc2)cc1
CHEMBL3759317,COc1cc(C(=O)NCCN(C)C)cc(OC)c1-c1cc2c(N[C@H](C)c3ccccc3)ncnc2s1,ZKSWWQOGYYSNIO-QGZVFWFLSA-N,9.397940008672036,True,c1ccc(CNc2ncnc3sc(-c4ccccc4)cc23)cc1
CHEMBL4226907,O=C(N/N=C/c1ccc(F)cc1Cl)N1CCc2ncnc(Nc3cccc(Br)c3)c2C1,ZKTBVCBTPKBWDX-YPXUMCKCSA-N,7.744727494896693,True,O=C(N/N=C/c1ccccc1)N1CCc2ncnc(Nc3ccccc3)c2C1
CHEMBL3944702,COc1cc(Nc2ncnc3cc(OCC4CN(C)CCO4)c(OC)cc23)c(OC)cc1Cl,ZKUNKJWGKBMFCR-UHFFFAOYSA-N,7.301029995663981,True,c1ccc(Nc2ncnc3cc(OCC4CNCCO4)ccc23)cc1
CHEMBL3235202,COc1ccc(Oc2nc3ccc(C)cc3cc2/C=N/NC(=O)Cn2c([N+](=O)[O-])cnc2C)cc1,ZLGNBZXKRMZDCF-RPPGKUMJSA-N,6.920818753952375,True,O=C(Cn1ccnc1)N/N=C/c1cc2ccccc2nc1Oc1ccccc1
CHEMBL210893,CN(C(=O)N(CCCl)N=O)c1ccc2ncnc(Nc3cccc(Br)c3)c2c1,ZLJXNOJTRKIARN-UHFFFAOYSA-N,6.531652669587842,True,c1ccc(Nc2ncnc3ccccc23)cc1
CHEMBL4111809,CC(=O)Nc1cccc(Nc2nc3cnc(Nc4ccc(C(=O)N[N+]5=CCN(C)CC5)cc4F)nc3n2C(C)C)c1,ZLMAWOZNQRNGTC-UHFFFAOYSA-O,7.602059991327962,True,O=C(N[N+]1=CCNCC1)c1ccc(Nc2ncc3nc(Nc4ccccc4)[nH]c3n2)cc1
CHEMBL1241578,CC(C)n1nc(-c2ccc(Br)c(O)c2)c2c(N)ncnc21,ZLMVXCGWUJXFNP-UHFFFAOYSA-N,6.259637310505756,False,c1ccc(-c2n[nH]c3ncncc23)cc1
CHEMBL111339,Cc1ccc(Nc2ncc3cc(-c4c(Cl)cccc4Cl)c(=O)n(C)c3n2)cc1,ZLNBJDSAGVBJSP-UHFFFAOYSA-N,6.318758762624412,True,O=c1[nH]c2nc(Nc3ccccc3)ncc2cc1-c1ccccc1
CHEMBL203725,CN1CCC(Oc2cccc3ncnc(Nc4ccc(F)c(Cl)c4)c23)CC1,ZLOBJGZBDVGEJY-UHFFFAOYSA-N,8.522878745280337,True,c1ccc(Nc2ncnc3cccc(OC4CCNCC4)c23)cc1
CHEMBL215786,COc1cc2ncnc(Nc3ccc(F)c(Cl)c3)c2cc1OCC1CCN(C)CC1,ZLQLCQDRTGSFPU-UHFFFAOYSA-N,8.522878745280337,True,c1ccc(Nc2ncnc3ccc(OCC4CCNCC4)cc23)cc1
CHEMBL3403513,Cc1nc(N(C)c2ccc3c(c2)CCO3)c2cc(C)oc2n1,ZLSQRDSMJBPDCF-UHFFFAOYSA-N,6.645123577483766,True,c1nc(Nc2ccc3c(c2)CCO3)c2ccoc2n1
CHEMBL3360618,COc1cc2c(Nc3cccc(Br)c3)ncnc2cc1OCCCCn1ccnc1[N+](=O)[O-],ZLXQHXUNKDKVQJ-UHFFFAOYSA-N,9.431798275933003,True,c1ccc(Nc2ncnc3cc(OCCCCn4ccnc4)ccc23)cc1
CHEMBL1202478,COc1cc2c(Nc3ccc(Br)cc3F)ncnc2cc1OC/C=C/CN1CCCC1,ZMAGOHAYMIZJEE-SNAWJCMRSA-N,7.0,True,C(=C\CN1CCCC1)/COc1ccc2c(Nc3ccccc3)ncnc2c1
CHEMBL604671,O=[N+]([O-])c1ccc(/C=N/Nc2nc(O)cs2)cc1,ZMEAZVJWHIWUFB-VZUCSPMQSA-N,5.166215625343521,False,C(=N\Nc1nccs1)/c1ccccc1
CHEMBL3914607,COc1cc2ncnc(NCc3ccc(F)c(F)c3)c2cc1OCCCCCCC(O)=NO,ZMEIQXXXNGNPEW-UHFFFAOYSA-N,7.0,True,c1ccc(CNc2ncnc3ccccc23)cc1
CHEMBL1945444,O=C(NS(=O)(=O)c1ccccc1)c1cncc(Br)c1,ZMLVLVFCAIYATF-UHFFFAOYSA-N,4.69486368105636,False,O=C(NS(=O)(=O)c1ccccc1)c1cccnc1
CHEMBL120564,COc1cc(C=C(C#N)C#N)cc(C)c1O,ZMNFDHUHGSRAII-UHFFFAOYSA-N,2.585026652029182,False,c1ccccc1
CHEMBL534948,Cc1cccc(C)c1Nc1ncc(-c2ccc(OCC3CCCN(C)C3)cc2)n2cncc12,ZMNIUTKMAXSZLK-UHFFFAOYSA-N,5.563837352959244,False,c1ccc(Nc2ncc(-c3ccc(OCC4CCCNC4)cc3)n3cncc23)cc1
CHEMBL3676356,C=CC(=O)Nc1cc2c(Nc3cc(Cl)c(Cl)cc3F)ncnc2cc1OCCN(C)C,ZMTLVNLUQRLETC-UHFFFAOYSA-N,6.493494967595128,True,c1ccc(Nc2ncnc3ccccc23)cc1
CHEMBL392273,Fc1cccc(Cn2ncc3cc(Nc4ncnn5ccc(CN6CCCNCC6)c45)ccc32)c1,ZMUYXYMWLSIFRR-UHFFFAOYSA-N,7.481486060122112,True,c1ccc(Cn2ncc3cc(Nc4ncnn5ccc(CN6CCCNCC6)c45)ccc32)cc1
CHEMBL79808,COC(=O)CCc1c(SSc2[nH]c3ccccc3c2CCC(=O)OC)[nH]c2ccccc12,ZMWAFESFFVDUCV-UHFFFAOYSA-N,4.6777807052660805,False,c1ccc2[nH]c(SSc3cc4ccccc4[nH]3)cc2c1
CHEMBL291313,N#CC(C#N)=C1C(=O)Nc2ccc([N+](=O)[O-])cc21,ZMYPWDDPVIUWHA-UHFFFAOYSA-N,4.3979400086720375,False,C=C1C(=O)Nc2ccccc21
CHEMBL1630117,ON=C(O)c1ccc(-c2ccc3ncnc(Nc4ccc(OCc5cccc(F)c5)c(Cl)c4)c3c2)o1,ZMYUKKKHJVNBAM-UHFFFAOYSA-N,8.4089353929735,True,c1ccc(COc2ccc(Nc3ncnc4ccc(-c5ccco5)cc34)cc2)cc1
CHEMBL1242032,CC(C)n1nc(-c2ccc(S(N)(=O)=O)cc2)c2c(N)ncnc21,ZNAZTNSMMJFJLP-UHFFFAOYSA-N,4.0,False,c1ccc(-c2n[nH]c3ncncc23)cc1
CHEMBL3735958,Cc1nc2cnc(Nc3ccnc(N4CC[C@H](O)[C@H](F)C4)n3)cc2n1C(C)C,ZNCRTOWCSZYNSA-CJNGLKHVSA-N,6.0,False,c1cc(Nc2cc3[nH]cnc3cn2)nc(N2CCCCC2)n1
CHEMBL4079501,C=CC(=O)Nc1cc(Nc2[nH]nc3cc(-c4ccncc4)ccc23)c(OC)cc1N(C)CCN(C)C,ZNDOYFXWRJGTJT-UHFFFAOYSA-N,8.301029995663981,True,c1ccc(Nc2[nH]nc3cc(-c4ccncc4)ccc23)cc1
CHEMBL38199,Brc1cccc(Nc2ncnc3cc4c(cnn4CCN4CCOCC4)cc23)c1,ZNHHYTFVIUDETO-UHFFFAOYSA-N,8.431798275933005,True,c1ccc(Nc2ncnc3cc4c(cnn4CCN4CCOCC4)cc23)cc1
CHEMBL4095439,C=CC(=O)Nc1cc(Br)cc(-n2c(=O)cc(C)c3cnc(Nc4ccc(N5CCN(C)CC5)cc4OC)nc32)c1,ZNLYKUZOKWRAEE-UHFFFAOYSA-N,8.744727494896694,True,O=c1ccc2cnc(Nc3ccc(N4CCNCC4)cc3)nc2n1-c1ccccc1
CHEMBL1254523,COc1ccc(OC)c(Cc2cc3c(N(C)c4cccc(Br)c4)nc(N)nc3n2C)c1,ZNNXYQNZMIDNCI-UHFFFAOYSA-N,6.301029995663981,True,c1ccc(Cc2cc3c(Nc4ccccc4)ncnc3[nH]2)cc1
CHEMBL1241682,Cc1ccc2cc(-c3nn(C(C)C)c4ncnc(N)c34)ccc2n1,ZNUODSNRAGKDRE-UHFFFAOYSA-N,4.0,False,c1cnc2ccc(-c3n[nH]c4ncncc34)cc2c1
CHEMBL3586176,Cc1cccc(/C=C2/SC(N3CCCC3C(=O)Nc3ccc4ncnc(Nc5cccc(Cl)c5)c4c3)=NC2=O)n1,ZOAWPYPFXKPVCV-MFKUBSTISA-N,5.187086643357144,False,O=C1N=C(N2CCCC2C(=O)Nc2ccc3ncnc(Nc4ccccc4)c3c2)S/C1=C/c1ccccn1
CHEMBL4166210,C=CC(=O)Nc1cc(Nc2nccc(Nc3ccccc3-n3cccn3)n2)c(OC)cc1N1CCN(C)CC1,ZOBKQTZMSDRNLK-UHFFFAOYSA-N,6.845576026885353,True,c1ccc(-n2cccn2)c(Nc2ccnc(Nc3ccc(N4CCNCC4)cc3)n2)c1
CHEMBL475446,CS(=O)(=O)CCNCc1ccc(-c2cc3ncnc(Nc4ccc(OCc5cccc(F)c5)c(Cl)c4)c3s2)[nH]1,ZOGNMJNQBLFBPT-UHFFFAOYSA-N,8.154901959985743,True,c1ccc(COc2ccc(Nc3ncnc4cc(-c5ccc[nH]5)sc34)cc2)cc1
CHEMBL398963,Fc1ccc(Nc2ncnc3ccc(C#Cc4cccs4)cc23)cc1Cl,ZOLXBMQAPYBKAF-UHFFFAOYSA-N,5.784997292785048,False,C(#Cc1cccs1)c1ccc2ncnc(Nc3ccccc3)c2c1
CHEMBL3786453,C=CC(=O)Nc1cccc(Oc2nc(Nc3ccn(C)n3)nc3[nH]ccc23)c1,ZOLXJDSFGCNIAL-UHFFFAOYSA-N,7.568636235841012,True,c1ccc(Oc2nc(Nc3cc[nH]n3)nc3[nH]ccc23)cc1
CHEMBL90541,COc1cc2ncnc(Nc3nnc4ccccc4n3)c2cc1OC,ZOMDZHXLXCJKSU-UHFFFAOYSA-N,6.086186147616283,False,c1ccc2nc(Nc3ncnc4ccccc34)nnc2c1
CHEMBL2064383,Cc1ccc(Nc2ncnc3cc4oc(=O)n(CCCN5CCOCC5)c4cc23)cc1,ZONDCYMVXIYHFJ-UHFFFAOYSA-N,7.173925197299173,True,O=c1oc2cc3ncnc(Nc4ccccc4)c3cc2n1CCCN1CCOCC1
CHEMBL3741796,C=CC(=O)Nc1cccc(Nc2nc(NN=C(C)c3ccc(C)cc3)ncc2Cl)c1,ZOONTTAYNCWDMZ-UHFFFAOYSA-N,5.246416941107094,False,C(=NNc1nccc(Nc2ccccc2)n1)c1ccccc1
CHEMBL2029689,O=S(=O)(c1ccc(N=Cc2cc(Br)ccc2O)cc1)N1CCCCC1,ZOQWQEXFRVBSMB-UHFFFAOYSA-N,5.013228265733755,False,O=S(=O)(c1ccc(N=Cc2ccccc2)cc1)N1CCCCC1
CHEMBL168555,COc1ccc(CC(CO)n2cc(-c3cccc(OC)c3)c3c(N)ncnc32)cc1,ZOROFBCOYYIWNJ-UHFFFAOYSA-N,5.013228265733755,False,c1ccc(CCn2cc(-c3ccccc3)c3cncnc32)cc1
CHEMBL2385977,CCOc1cc(N)c(C(=O)Nc2ccc(OCc3ccccn3)c(Cl)c2)cc1NC(=O)c1ccc(CN2CCN(C)CC2)cc1,ZOSJVBLEJMPEEW-UHFFFAOYSA-N,6.0,False,O=C(Nc1cccc(C(=O)Nc2ccc(OCc3ccccn3)cc2)c1)c1ccc(CN2CCNCC2)cc1
CHEMBL2047020,C#Cc1cccc(NC(=O)c2cc(NC(=O)CCCCCC(O)=NO)ccc2O)c1,ZPBHSFKZQWJMJB-UHFFFAOYSA-N,5.480172006224281,False,O=C(Nc1ccccc1)c1ccccc1
CHEMBL71,CN(C)CCCN1c2ccccc2Sc2ccc(Cl)cc21,ZPEIMTDSQAKGNT-UHFFFAOYSA-N,4.539583303374264,False,c1ccc2c(c1)Nc1ccccc1S2
CHEMBL427298,CN(C)CCn1cnc2c(Cl)c3c(Nc4cccc(Br)c4)ncnc3cc21,ZPJWMBTXUODZPM-UHFFFAOYSA-N,6.692503962086787,True,c1ccc(Nc2ncnc3cc4[nH]cnc4cc23)cc1
CHEMBL54088,C=CC(=O)Nc1cc2c(Nc3cccc(C)c3)ncnc2cn1,ZQAIYVKPDMZOOX-UHFFFAOYSA-N,9.318758762624412,True,c1ccc(Nc2ncnc3cnccc23)cc1
CHEMBL2018761,COC(=O)Nc1cc(Nc2ncnc3cc(OC)c(OC)cc23)ccc1C,ZQHKLPSJKXUYOU-UHFFFAOYSA-N,5.142667503568731,False,c1ccc(Nc2ncnc3ccccc23)cc1
CHEMBL3740595,C#Cc1cccc(Nc2ncnc3cc(OCCOC(=O)Cc4c(C)n(C(=O)c5ccc(Cl)cc5)c5ccc(OC)cc45)c(OCCOC)cc23)c1,ZQHMMKIWMLTXAR-UHFFFAOYSA-N,7.568636235841012,True,O=C(Cc1cn(C(=O)c2ccccc2)c2ccccc12)OCCOc1ccc2c(Nc3ccccc3)ncnc2c1
CHEMBL4079649,CCC(=O)N1CC[C@H](N2C(=O)N(c3cccc(Cl)c3)Cc3cnc(Nc4ccc(N5CCN(C)CC5)c(C)c4)nc32)C1,ZQJUNCGAKUAWPF-SANMLTNESA-N,6.84163750790475,True,O=C1N(c2ccccc2)Cc2cnc(Nc3ccc(N4CCNCC4)cc3)nc2N1[C@H]1CCNC1
CHEMBL2152704,Cc1ccc(O)cc1-n1c(=O)c2c(c3c(N)ncnc31)CCCC2,ZQQZSFIPDUAFMC-UHFFFAOYSA-N,5.790484985457369,False,O=c1c2c(c3cncnc3n1-c1ccccc1)CCCC2
CHEMBL57553,Nc1cccc(Nc2nccc(-c3cccnc3)n2)c1,ZQTRXPRIWRFHRY-UHFFFAOYSA-N,4.301029995663981,False,c1ccc(Nc2nccc(-c3cccnc3)n2)cc1
CHEMBL97162,COc1nccc(-c2c(-c3ccc(F)cc3)ncn2[C@H]2CC[C@H](O)CC2)n1,ZQUSFAUAYSEREK-WKILWMFISA-N,7.080921907623926,True,c1ccc(-c2ncn(C3CCCCC3)c2-c2ccncn2)cc1
CHEMBL1089203,C#Cc1cccc(Nc2ccnc3cc(OCCOC)c(OCCOC)cc23)c1,ZQYQKUIFZATHRG-UHFFFAOYSA-N,7.522878745280337,True,c1ccc(Nc2ccnc3ccccc23)cc1
CHEMBL3818970,CCOc1cc2ncnc(Nc3ccc(OCC4CC4)c(Cl)c3)c2cc1NC(=O)C1COC(=O)N1,ZRBZFNJBNHOGKU-UHFFFAOYSA-N,7.422393322637465,True,O=C1NC(C(=O)Nc2ccc3ncnc(Nc4ccc(OCC5CC5)cc4)c3c2)CO1
CHEMBL4104427,Cc1nc(C)c(C=C2CN(C(C)C)CC(=Cc3nc(C)c(C)nc3C)C2=O)nc1C,ZRHLQGZAZUHZHX-UHFFFAOYSA-N,5.6020599913279625,False,O=C1C(=Cc2cnccn2)CNCC1=Cc1cnccn1
CHEMBL69629,C=c1cc(C(=O)NCCN2CCOCC2)[nH]c1=Cc1c(O)[nH]c2ncnc(Nc3ccc(F)c(Cl)c3)c12,ZRIMPLNYNGENCJ-UHFFFAOYSA-N,8.187086643357144,True,C=c1cc(C(=O)NCCN2CCOCC2)[nH]c1=Cc1c[nH]c2ncnc(Nc3ccccc3)c12
CHEMBL1830275,COc1ccc(C(C=Cc2ccccc2)=NNC(N)=S)cc1,ZRLIMAZFTOPXOJ-UHFFFAOYSA-N,5.062482107982653,False,N=C(C=Cc1ccccc1)c1ccccc1
CHEMBL413987,C[C@@H](CN(C)C(=O)CO)Oc1cccc2ncnc(Nc3ccc(OCc4ccccn4)c(Cl)c3)c12,ZROBAJVGRYCCGH-KRWDZBQOSA-N,6.718966632752272,True,c1ccc(COc2ccc(Nc3ncnc4ccccc34)cc2)nc1
CHEMBL250132,C[C@H](CN(C)C(=O)CO)Oc1cccc2ncnc(Nc3ccc(OCc4ccccn4)c(Cl)c3)c12,ZROBAJVGRYCCGH-QGZVFWFLSA-N,8.698970004336019,True,c1ccc(COc2ccc(Nc3ncnc4ccccc34)cc2)nc1
CHEMBL3353412,C=CC(=O)Nc1cc(Nc2nccc(-c3cn(C)c4ccccc34)n2)c(OC)cc1N(C)CCNC,ZROCWKZRGJYPTG-UHFFFAOYSA-N,4.346787486224656,False,c1ccc(Nc2nccc(-c3c[nH]c4ccccc34)n2)cc1
CHEMBL3671510,C=CC(=O)Nc1cc2c(Nc3ccc(Br)cc3F)ncnc2cc1OCCNC(=O)NC(C)C,ZRODGYIOYZYWNC-UHFFFAOYSA-N,7.443697499232712,True,c1ccc(Nc2ncnc3ccccc23)cc1
CHEMBL357367,Nc1ccc2sc3c(Nc4ccccc4)ncnc3c2c1,ZRSXJSKLDBKPLV-UHFFFAOYSA-N,8.0268721464003,True,c1ccc(Nc2ncnc3c2sc2ccccc23)cc1
CHEMBL2374457,COCCCN1CCC([C@H]2CC[C@H](n3nc(-c4ccc5[nH]c(Cc6ccccc6Cl)nc5c4)c4c(N)ncnc43)CC2)CC1,ZRTDGPKHIJCQNA-PGWJBFNOSA-N,7.236572006437063,True,c1ccc(Cc2nc3cc(-c4nn([C@H]5CC[C@H](C6CCNCC6)CC5)c5ncncc45)ccc3[nH]2)cc1
CHEMBL3813746,C=CC(=O)NCCn1c(-c2nc(-c3cnn(C4CCN(C)CC4)c3)cnc2N)nc2ccccc21,ZRUKPUSUZXGTPC-UHFFFAOYSA-N,5.657577319177793,False,c1ccc2[nH]c(-c3cncc(-c4cnn(C5CCNCC5)c4)n3)nc2c1
CHEMBL4088277,C=CC(=O)Nc1cc(Nc2[nH]nc3cc(-c4cncc5ccccc45)ccc23)c(OC)cc1N(C)CCN(C)C,ZRWOOYPSMKDYEZ-UHFFFAOYSA-N,8.221848749616356,True,c1ccc(Nc2[nH]nc3cc(-c4cncc5ccccc45)ccc23)cc1
CHEMBL1242664,Nc1ncnc2c1c(-c1ccc3cc[nH]c3c1)nn2C1CCCC1,ZSAJPWOGVMFXHN-UHFFFAOYSA-N,7.070581074285707,True,c1ncc2c(-c3ccc4cc[nH]c4c3)nn(C3CCCC3)c2n1
CHEMBL3297896,Cc1nc(Nc2cccc3[nH]ccc23)c2cc(C)oc2n1,ZSCAQLQIHHLYDC-UHFFFAOYSA-N,7.044793462458058,True,c1cc(Nc2ncnc3occc23)c2cc[nH]c2c1
CHEMBL3676347,C=CC(=O)Nc1cc2c(Nc3ccc(Br)c(F)c3F)ncnc2cc1OCCNC(=O)CCCN(C)C,ZSDKABQQQPOUIS-UHFFFAOYSA-N,6.245651664288982,False,c1ccc(Nc2ncnc3ccccc23)cc1
CHEMBL4218320,COc1cc(N2CCN(C)CC2)ccc1Nc1ncc(Cl)c(Oc2ccccc2NC(=O)CCOCc2ccccc2)n1,ZSDTULCLIFGBRY-UHFFFAOYSA-N,5.703334809738469,False,O=C(CCOCc1ccccc1)Nc1ccccc1Oc1ccnc(Nc2ccc(N3CCNCC3)cc2)n1
CHEMBL51707,Fc1cc2ncnc(Nc3cccc(Br)c3)c2cn1,ZSEDCGVJIAHLRN-UHFFFAOYSA-N,7.886056647693163,True,c1ccc(Nc2ncnc3ccncc23)cc1
CHEMBL245799,N#Cc1cnc2ccc(-c3cccc(CN4CCOCC4)c3)cc2c1N[C@@H]1C[C@H]1c1ccccc1,ZSFBXECHPWLXOZ-LITSAYRRSA-N,5.279014255846261,False,c1ccc([C@@H]2C[C@H]2Nc2ccnc3ccc(-c4cccc(CN5CCOCC5)c4)cc23)cc1
CHEMBL599388,COc1cc(-c2nc(=O)c3c([nH]2)sc2ccc(C)cc23)ccc1OCC(=O)O,ZSHHZCRNJBWKKT-UHFFFAOYSA-N,5.619788758288394,False,O=c1nc(-c2ccccc2)[nH]c2sc3ccccc3c12
CHEMBL574059,Cn1c(=O)c(-c2c(Cl)cccc2Cl)cc2cnc(Nc3ccc(F)cc3)nc21,ZSHRAUSJZQDIJR-UHFFFAOYSA-N,6.42021640338319,True,O=c1[nH]c2nc(Nc3ccccc3)ncc2cc1-c1ccccc1
CHEMBL1243346,CCOc1cc2ncc(C#N)c(Nc3ccc(F)c(Cl)c3)c2cc1NC(=O)/C=C/c1cn(CCF)nn1,ZSMLGVFRQDVJPG-GQCTYLIASA-N,8.39254497678533,True,O=C(/C=C/c1c[nH]nn1)Nc1ccc2nccc(Nc3ccccc3)c2c1
CHEMBL3263372,Cc1ccc(C2=NN(C3=NC(c4ccccc4)CS3)C(c3ccc4ccccc4c3)C2)cc1,ZSUVRXBWUAJQQJ-UHFFFAOYSA-N,5.279014255846261,False,c1ccc(C2=NN(C3=NC(c4ccccc4)CS3)C(c3ccc4ccccc4c3)C2)cc1
CHEMBL341522,Cc1cccc(Nc2ncnc3cc(NCCCN4CCN(C)CC4)ncc23)c1,ZSWVFFAVTCICJD-UHFFFAOYSA-N,8.2518119729938,True,c1ccc(Nc2ncnc3cc(NCCCN4CCNCC4)ncc23)cc1
CHEMBL3633938,N#CC(C#N)C=Nc1ccc2ncnc(Nc3ccc(OCc4cccc(F)c4)c(Cl)c3)c2c1,ZTBFCQAQMGCQJY-UHFFFAOYSA-N,6.351639989019068,True,c1ccc(COc2ccc(Nc3ncnc4ccccc34)cc2)cc1
CHEMBL1683963,CC(=Cc1c(C)ncnc1Nc1ccc(OCc2cccc(F)c2)c(Cl)c1)C(=O)NCCN1CCOCC1,ZTCDSBCIETVDQK-UHFFFAOYSA-N,7.552841968657781,True,O=C(C=Cc1cncnc1Nc1ccc(OCc2ccccc2)cc1)NCCN1CCOCC1
CHEMBL2335379,C#Cc1cccc(Nc2nc(N)nc3[nH]c(CCc4ccccn4)cc23)c1,ZTFKHKPWTHOZSC-UHFFFAOYSA-N,4.701146923590294,False,c1ccc(Nc2ncnc3[nH]c(CCc4ccccn4)cc23)cc1
CHEMBL3806170,C#Cc1cccc(Nc2ncnc3cc(OC4CCOC4)c4c(c23)OCCO4)c1,ZTFLPLUQKZDWQE-UHFFFAOYSA-N,7.777283528852417,True,c1ccc(Nc2ncnc3cc(OC4CCOC4)c4c(c23)OCCO4)cc1
CHEMBL1202477,COc1cc2c(Nc3ccc(Br)cc3F)ncnc2cc1OCCCN1CCN(C)CC1,ZTHXTCUTPBRCGU-UHFFFAOYSA-N,7.0,True,c1ccc(Nc2ncnc3cc(OCCCN4CCNCC4)ccc23)cc1
CHEMBL589588,COc1ccc(NC(=O)c2ccc(N(CCCl)CCCl)cc2)cc1,ZTIZNUWTTGLAGF-UHFFFAOYSA-N,7.096910013008056,True,O=C(Nc1ccccc1)c1ccccc1
CHEMBL3403509,COc1ccc(N(C)c2nc(C)nc3oc(C)cc23)c(OC)c1,ZTPYIOAESPUXFH-UHFFFAOYSA-N,6.789681480173768,True,c1ccc(Nc2ncnc3occc23)cc1
CHEMBL1241581,COc1cc(-c2nn(C3CCCC3)c3ncnc(N)c23)ccc1N,ZTQOHJNXDAUMOA-UHFFFAOYSA-N,7.075720713938118,True,c1ccc(-c2nn(C3CCCC3)c3ncncc23)cc1
CHEMBL2312654,Cc1cc(-c2cnc(Nc3cc(Cl)cc(Cl)c3)nc2NC2CCC(N(C)C)CC2)on1,ZTSOUDMNSOYCTG-UHFFFAOYSA-N,6.229147988357855,False,c1ccc(Nc2ncc(-c3ccno3)c(NC3CCCCC3)n2)cc1
CHEMBL6976,COc1cc2c(cc1OC)Nc1ncn(C)c(=O)c1C2,ZTVYMXRRHFGHRV-UHFFFAOYSA-N,3.795880017344075,False,O=c1[nH]cnc2c1Cc1ccccc1N2
CHEMBL1241270,Cc1ccc(-c2[nH]nc3ncnc(N)c23)cc1O,ZTWYTYUOHYGWSG-UHFFFAOYSA-N,4.906578314837765,False,c1ccc(-c2[nH]nc3ncncc23)cc1
CHEMBL3221550,CCCOC(=O)Nc1ccc(Nc2ncnc3cc(OC)c(OC)cc23)cc1,ZTXDXPUMWKTHBC-UHFFFAOYSA-N,5.151810883008601,False,c1ccc(Nc2ncnc3ccccc23)cc1
CHEMBL4291471,CC(=O)Nc1ccc(-c2cc3c(Nc4ccc(Oc5cccc(C(F)(F)F)c5)c(Cl)c4)ncnc3s2)cc1,ZTYNNPMPRUWCIF-UHFFFAOYSA-N,7.3214816209598865,True,c1ccc(Oc2ccc(Nc3ncnc4sc(-c5ccccc5)cc34)cc2)cc1
CHEMBL250924,COc1cc2ncnc(C#Cc3ccccc3-c3ccccc3)c2cc1OC,ZUBUFJOEYHKFCQ-UHFFFAOYSA-N,7.585026652029182,True,C(#Cc1ncnc2ccccc12)c1ccccc1-c1ccccc1
CHEMBL3671558,C=CC(=O)Nc1cc2c(Nc3ccc(Br)cc3F)ncnc2cc1OC1CCN(C(C)=O)C1,ZUDNAVLBOYSKME-UHFFFAOYSA-N,7.026872146400302,True,c1ccc(Nc2ncnc3cc(OC4CCNC4)ccc23)cc1
CHEMBL475767,CN(C)Cc1ccc(-c2cc3c(Nc4ccc(OCc5cccc(F)c5)c(Cl)c4)ncnc3s2)[nH]1,ZUDQNEUWKCAHQC-UHFFFAOYSA-N,7.167491087293763,True,c1ccc(COc2ccc(Nc3ncnc4sc(-c5ccc[nH]5)cc34)cc2)cc1
CHEMBL3235199,Cc1ncc([N+](=O)[O-])n1CC(=O)N/N=C/c1cc2ccccc2nc1Oc1ccc(Cl)cc1,ZUENTARNBSSDPX-OPEKNORGSA-N,5.290730039024169,False,O=C(Cn1ccnc1)N/N=C/c1cc2ccccc2nc1Oc1ccccc1
CHEMBL2283248,CCOc1ccccc1NC(=O)/C=C/c1ccccc1,ZUGIHGCVLHPREZ-OUKQBFOZSA-N,5.029188389127482,False,O=C(/C=C/c1ccccc1)Nc1ccccc1
CHEMBL1830131,O=C(/C=C/c1ccccc1)Nc1cccc(Cl)c1,ZUKRPXSFAZWKHZ-MDZDMXLPSA-N,4.835944708106548,False,O=C(/C=C/c1ccccc1)Nc1ccccc1
CHEMBL3699622,C=CC(=O)Nc1cccc(Nc2nc(Nc3ccc(N4CCS(=O)(=O)CC4)cc3OC)ncc2C(F)(F)F)c1,ZUMAVVJXTLHREC-UHFFFAOYSA-N,8.259637310505756,True,O=S1(=O)CCN(c2ccc(Nc3nccc(Nc4ccccc4)n3)cc2)CC1
CHEMBL4097141,C=CC(=O)Nc1cc(Nc2nccc(-c3cn4c5c(cccc35)CCC4)n2)c(OC)cc1N1CC(N(C)C)C1,ZUMIEESYGRUWAS-UHFFFAOYSA-N,7.866461091629782,True,c1cc2c3c(c1)c(-c1ccnc(Nc4ccc(N5CCC5)cc4)n1)cn3CCC2
CHEMBL355330,Nc1ncnc2c1c(-c1cccc(O)c1)cn2C1CCC1,ZUMNLSFJINJANM-UHFFFAOYSA-N,6.522878745280337,True,c1ccc(-c2cn(C3CCC3)c3ncncc23)cc1
CHEMBL511637,Fc1ccc(Nc2ncnc3nc(Nc4ccc(CN5CCOCC5)cc4)sc23)cc1Cl,ZUSZRGNCVDXEAU-UHFFFAOYSA-N,7.920818753952375,True,c1ccc(Nc2ncnc3nc(Nc4ccc(CN5CCOCC5)cc4)sc23)cc1
CHEMBL593987,COc1cc2c(Nc3ccc(-c4nc5ccccc5s4)c(F)c3)ncnc2cc1OCCCN1CCN(C)CC1,ZUXFIRWLAQBCCS-UHFFFAOYSA-N,6.366531544420413,True,c1ccc2sc(-c3ccc(Nc4ncnc5cc(OCCCN6CCNCC6)ccc45)cc3)nc2c1
CHEMBL4094823,O=C(Nc1ccc2ncnc(Nc3cccc(Cl)c3)c2c1)C1CCC2(CC1)OOC1(O2)C2CC3CC(C2)CC1C3,ZUYTYXOKIWZBIE-UHFFFAOYSA-N,7.490125714995281,True,O=C(Nc1ccc2ncnc(Nc3ccccc3)c2c1)C1CCC2(CC1)OOC1(O2)C2CC3CC(C2)CC1C3
CHEMBL398793,CC1CNCCN(Cc2ccn3ncnc(Nc4ccc5c(cnn5Cc5cccc(F)c5)c4)c23)C1,ZVGNUEJXGIEGLJ-UHFFFAOYSA-N,6.886056647693163,True,c1ccc(Cn2ncc3cc(Nc4ncnn5ccc(CN6CCCNCC6)c45)ccc32)cc1
CHEMBL2437483,COc1ccc(Nc2ncc3ncc(=O)n(-c4ccc(NC(=O)/C=C/CN(C)C)cc4)c3n2)cc1,ZVPLRCNYKVNOMV-SNAWJCMRSA-N,7.504455662453552,True,O=c1cnc2cnc(Nc3ccccc3)nc2n1-c1ccccc1
CHEMBL601625,CCCCCCCCCCCCCCCCNC(=O)COc1cc(O)c2c(=O)cc(-c3ccccc3)oc2c1,ZWDVFZPEKBMXHF-UHFFFAOYSA-N,7.455931955649724,True,O=c1cc(-c2ccccc2)oc2ccccc12
CHEMBL255291,CON=Cc1c(N)ncnc1NCc1ccc(F)c(Cl)c1,ZWFYXFAJZVJGKQ-UHFFFAOYSA-N,5.949620243738542,False,c1ccc(CNc2ccncn2)cc1
CHEMBL1928311,O=C(c1cc2cc(O)ccc2[nH]1)c1cc2c(Nc3ccc(F)c(Cl)c3)ncnc2s1,ZWJABXBGZUCAAB-UHFFFAOYSA-N,7.0,True,O=C(c1cc2ccccc2[nH]1)c1cc2c(Nc3ccccc3)ncnc2s1
CHEMBL3806321,Cc1ccc(Nc2ncnc3cc(OC(C)C)c4c(c23)OCCO4)cc1C#N,ZWNCQIXWOVNQET-UHFFFAOYSA-N,6.380802284207053,True,c1ccc(Nc2ncnc3ccc4c(c23)OCCO4)cc1
CHEMBL169064,COc1cccc(-c2cn(C3CCN(CC(N)=O)CC3)c3ncnc(N)c23)c1,ZWOJEBVNAWIFMO-UHFFFAOYSA-N,6.455931955649724,True,c1ccc(-c2cn(C3CCNCC3)c3ncncc23)cc1
CHEMBL3937527,C[C@@H](Nc1ncnc2oc(-c3ccc(Br)cc3)cc12)c1ccccc1,ZWQDXBPIQJKHSL-CYBMUJFWSA-N,7.251811972993799,True,c1ccc(CNc2ncnc3oc(-c4ccccc4)cc23)cc1
CHEMBL602328,Oc1csc(=NN=Cc2cc(F)ccc2O)[nH]1,ZWTDGNAYZGJMGN-UHFFFAOYSA-N,6.013228265733755,False,C(=NN=c1[nH]ccs1)c1ccccc1
CHEMBL3092319,O=C(Nc1cc2c(Nc3ccc(F)c(Cl)c3)ncnc2cc1O[C@H]1CCOC1)N1CC(F)C1,ZWVMSTKIWUSDSK-AWEZNQCLSA-N,6.014573525916998,False,O=C(Nc1cc2c(Nc3ccccc3)ncnc2cc1O[C@H]1CCOC1)N1CCC1
CHEMBL401930,Cc1cc(N2CCOCC2)cc2[nH]c(-c3c(NC[C@@H](O)c4cccc(Cl)c4)cc[nH]c3=O)nc12,ZWVZORIKUNOTCS-OAQYLSRUSA-N,5.795880017344075,False,O=c1[nH]ccc(NCCc2ccccc2)c1-c1nc2ccc(N3CCOCC3)cc2[nH]1
CHEMBL50519,COc1ccc2ncnc(Nc3cccc(Br)c3)c2n1,ZXEVFSPNUIEQJL-UHFFFAOYSA-N,8.366531544420413,True,c1ccc(Nc2ncnc3cccnc23)cc1
CHEMBL4170916,O=C(CN1CCCC1)Nc1ccc2ncnc(Nc3ccc(OCc4cccc(F)c4)cc3)c2c1,ZXHDZUMGUKNNLF-UHFFFAOYSA-N,7.1487416512809245,True,O=C(CN1CCCC1)Nc1ccc2ncnc(Nc3ccc(OCc4ccccc4)cc3)c2c1
CHEMBL1242751,COc1cccc(-c2nn(C(C)C)c3ncnc(N)c23)c1OC,ZXLCCABWVQDAOS-UHFFFAOYSA-N,5.436518914605589,False,c1ccc(-c2n[nH]c3ncncc23)cc1
CHEMBL208240,Cc1cccc(Nc2ncnc3ccc(NC(=O)NCCCl)cc23)c1,ZXLPAHMADMWUCE-UHFFFAOYSA-N,6.170053304058364,False,c1ccc(Nc2ncnc3ccccc23)cc1
CHEMBL3655337,O=C(/C=C/CN1C2CCC1CC2)N1CCc2c(sc3ncnc(Nc4ccc(F)c(Cl)c4)c23)C1,ZXPWQTWHRXRMRM-OWOJBTEDSA-N,8.958607314841775,True,O=C(/C=C/CN1C2CCC1CC2)N1CCc2c(sc3ncnc(Nc4ccccc4)c23)C1
CHEMBL591050,O=[N+]([O-])c1cccc(/C=N/Nc2nc(O)cs2)c1,ZXQFVBGSFZGXFE-VZUCSPMQSA-N,4.574955125448612,False,C(=N\Nc1nccs1)/c1ccccc1
CHEMBL1928955,O=C(COc1ccccc1)Nc1cccc(Oc2cc(Nc3ccc(OCc4cccc(F)c4)c(Cl)c3)ncn2)c1,ZXVOSVKXPAHYGK-UHFFFAOYSA-N,7.187086643357144,True,O=C(COc1ccccc1)Nc1cccc(Oc2cc(Nc3ccc(OCc4ccccc4)cc3)ncn2)c1
CHEMBL514938,Fc1cccc(COc2ccc(Nc3ncnc4sc(-c5ccco5)cc34)cc2Cl)c1,ZXVPQQUYVOHTBO-UHFFFAOYSA-N,7.823908740944319,True,c1ccc(COc2ccc(Nc3ncnc4sc(-c5ccco5)cc34)cc2)cc1
CHEMBL90540,COc1cc2ncnc(NC3CC3c3ccccc3)c2cc1OC(C)=O,ZXXUUYKUUAWFJM-UHFFFAOYSA-N,7.075720713938118,True,c1ccc(C2CC2Nc2ncnc3ccccc23)cc1
CHEMBL3741424,C#Cc1cccc(Nc2ncnc3cc(OCCOC(=O)c4ccccc4OC(C)=O)c(OCCOC)cc23)c1,ZYAMJDNOVLMHHQ-UHFFFAOYSA-N,8.301029995663981,True,O=C(OCCOc1ccc2c(Nc3ccccc3)ncnc2c1)c1ccccc1
CHEMBL1830272,NC(=S)NN=C(C=Cc1ccccc1)c1ccccc1,ZYBFBSIRRZYCDS-UHFFFAOYSA-N,5.623423042943488,False,N=C(C=Cc1ccccc1)c1ccccc1
CHEMBL1077069,CC1=NC(Nc2ccc(S(=O)(=O)Nc3nc(C)cc(C)n3)cc2)=NC(c2ccc(O)cc2O)C1C(=O)Nc1cccc([N+](=O)[O-])c1,ZYCOWJKOPHQSOT-UHFFFAOYSA-N,4.09799710864927,False,O=C(Nc1ccccc1)C1C=NC(Nc2ccc(S(=O)(=O)Nc3ncccn3)cc2)=NC1c1ccccc1
CHEMBL1830260,COc1ccccc1C=CC(=NNC(N)=S)c1ccccc1,ZYDDEOOLLYRAPA-UHFFFAOYSA-N,4.481486060122113,False,N=C(C=Cc1ccccc1)c1ccccc1
CHEMBL3758376,CN(C)CCNC(=O)c1ccc(-c2cc3c(N[C@H](CO)c4ccccc4)ncnc3s2)cc1,ZYJYGLABXXBPIS-OAQYLSRUSA-N,8.698970004336019,True,c1ccc(CNc2ncnc3sc(-c4ccccc4)cc23)cc1
CHEMBL3219125,C=CC(=O)Nc1cccc(N2C(=O)CN(C)C(=O)c3cnc(Nc4ccc(N5CCN(C)CC5)cc4OC)nc32)c1,ZYNJBNKLMWIGBY-UHFFFAOYSA-N,8.03905380426617,True,O=C1NCC(=O)N(c2ccccc2)c2nc(Nc3ccc(N4CCNCC4)cc3)ncc21
CHEMBL2018755,COC(=O)Nc1ccc(Nc2ncnc3cc(OC)c(OC)cc23)cc1C,ZYQMWLIENUFZCY-UHFFFAOYSA-N,5.3979400086720375,False,c1ccc(Nc2ncnc3ccccc23)cc1
CHEMBL1614725,CC(C)(O)CC(=O)NCCn1ccc2ncnc(Nc3ccc(Oc4cccc(C(F)(F)F)c4)c(Cl)c3)c21,ZYQXEVJIFYIBHZ-UHFFFAOYSA-N,8.397940008672037,True,c1ccc(Oc2ccc(Nc3ncnc4cc[nH]c34)cc2)cc1
CHEMBL1928889,Clc1ccc(CNc2ccc3ncnc(Nc4cccc(Cl)c4)c3c2)cc1,ZYSWTZOKTXSGPL-UHFFFAOYSA-N,5.355561410532161,False,c1ccc(CNc2ccc3ncnc(Nc4ccccc4)c3c2)cc1
CHEMBL4092966,S=C(Nc1cncc(Cl)c1)Nc1ccc2ncnc(Nc3cccc(Cl)c3)c2c1,ZYURXOKTHGKGRC-UHFFFAOYSA-N,7.255707016877324,True,S=C(Nc1cccnc1)Nc1ccc2ncnc(Nc3ccccc3)c2c1
CHEMBL1821878,Brc1ccc(C2=NN(c3nc(-c4ccccc4)cs3)C(c3ccc(Br)cc3)C2)cc1,ZYXUKXJZNIAEBV-UHFFFAOYSA-N,5.048176964684088,False,c1ccc(C2=NN(c3nc(-c4ccccc4)cs3)C(c3ccccc3)C2)cc1
CHEMBL3353406,C=CC(=O)Nc1cc(Nc2ncc(C#N)c(-c3cn(C)c4ccccc34)n2)c(OC)cc1N(C)CCN(C)C,ZYZAJOCFJDOSLF-UHFFFAOYSA-N,6.045757490560675,False,c1ccc(Nc2nccc(-c3c[nH]c4ccccc34)n2)cc1
CHEMBL173498,Brc1cccc(Nc2ncnc3cc4nccnc4cc23)c1,ZZAZKOOJVIBTOP-UHFFFAOYSA-N,8.769551078621726,True,c1ccc(Nc2ncnc3cc4nccnc4cc23)cc1
CHEMBL382822,COc1cc2ncnc(Nc3cccc(Cl)c3F)c2cc1CN1CCCC1C(=O)N(C)C,ZZBAYSXOXCZQAE-UHFFFAOYSA-N,6.346787486224656,True,c1ccc(Nc2ncnc3ccc(CN4CCCC4)cc23)cc1
CHEMBL157952,O=C(NCc1ccccc1)C(O)Cc1c(SSc2[nH]c3ccccc3c2CC(O)C(=O)NCc2ccccc2)[nH]c2ccccc12,ZZEJZBLCZXHUBG-UHFFFAOYSA-N,4.853871964321762,False,O=C(CCc1c(SSc2[nH]c3ccccc3c2CCC(=O)NCc2ccccc2)[nH]c2ccccc12)NCc1ccccc1
CHEMBL2029432,C=CC(=O)Nc1cccc(N2C(=O)N(C)Cc3cnc(Nc4ccc(N5CCN(C)CC5)cc4C)nc32)c1,ZZGGOXMEIWLVTJ-UHFFFAOYSA-N,8.709965388637482,True,O=C1NCc2cnc(Nc3ccc(N4CCNCC4)cc3)nc2N1c1ccccc1
CHEMBL3040566,NS(=O)(=O)CCNCc1ccc(-c2ccc3ncnc(Nc4ccc(OCc5cccc(F)c5)c(Cl)c4)c3c2)o1,ZZKJYWJMKZJTKA-UHFFFAOYSA-N,8.266803476819323,True,c1ccc(COc2ccc(Nc3ncnc4ccc(-c5ccco5)cc34)cc2)cc1
CHEMBL383965,CCCS(=O)(=O)CCNCc1ccc(-c2ccc3ncnc(Nc4ccc(OCc5cccc(F)c5)c(Cl)c4)c3c2)o1,ZZOFSNIYKIWAIB-UHFFFAOYSA-N,7.67778070526608,True,c1ccc(COc2ccc(Nc3ncnc4ccc(-c5ccco5)cc34)cc2)cc1
CHEMBL293749,N#CC(=Cc1ccc(O)c(O)c1)C(=O)NCCc1ccccc1,ZZQHNBGRWRQWFI-UHFFFAOYSA-N,6.031517051446064,False,O=C(C=Cc1ccccc1)NCCc1ccccc1
CHEMBL247710,NC1CCN(Cc2ccn3ncnc(Nc4ccc(OCc5cccc(F)c5)c(Cl)c4)c23)CC1,ZZRGSHVUZJRFKX-UHFFFAOYSA-N,7.42021640338319,True,c1ccc(COc2ccc(Nc3ncnn4ccc(CN5CCCCC5)c34)cc2)cc1
CHEMBL2178349,CN1CCN(c2ccc(Nc3ncc4nc(Nc5ccccc5)n(C)c4n3)cc2)CC1,ZZSYRUGQSJWOAC-UHFFFAOYSA-N,7.920818753952375,True,c1ccc(Nc2nc3cnc(Nc4ccc(N5CCNCC5)cc4)nc3[nH]2)cc1
CHEMBL4094546,Cc1nc(C)c(C=C2CC(C)CC(=Cc3nc(C)c(C)nc3C)C2=NO)nc1C,ZZYYXBZDNMSOPZ-UHFFFAOYSA-N,5.619788758288394,False,N=C1C(=Cc2cnccn2)CCCC1=Cc1cnccn1
